Accession,Description
F6VME3,Myelin basic protein (Fragment) OS=Mus musculus GN=Mbp PE=1 SV=1 - [F6VME3_MOUSE]
F6TYB7,Myelin basic protein (Fragment) OS=Mus musculus GN=Mbp PE=1 SV=1 - [F6TYB7_MOUSE]
F7A0B0,Myelin basic protein (Fragment) OS=Mus musculus GN=Mbp PE=1 SV=1 - [F7A0B0_MOUSE]
P56480,"ATP synthase subunit beta, mitochondrial OS=Mus musculus GN=Atp5b PE=1 SV=2 - [ATPB_MOUSE]"
Q04447,Creatine kinase B-type OS=Mus musculus GN=Ckb PE=1 SV=1 - [KCRB_MOUSE]
P63260,"Actin, cytoplasmic 2 OS=Mus musculus GN=Actg1 PE=1 SV=1 - [ACTG_MOUSE]"
P17183,Gamma-enolase OS=Mus musculus GN=Eno2 PE=1 SV=2 - [ENOG_MOUSE]
D3Z6E4,Enolase OS=Mus musculus GN=Eno2 PE=3 SV=1 - [D3Z6E4_MOUSE]
P30275,"Creatine kinase U-type, mitochondrial OS=Mus musculus GN=Ckmt1 PE=1 SV=1 - [KCRU_MOUSE]"
A3KGU7,"Spectrin alpha chain, non-erythrocytic 1 OS=Mus musculus GN=Sptan1 PE=1 SV=1 - [A3KGU7_MOUSE]"
P08249,"Malate dehydrogenase, mitochondrial OS=Mus musculus GN=Mdh2 PE=1 SV=3 - [MDHM_MOUSE]"
Q99KI0,"Aconitate hydratase, mitochondrial OS=Mus musculus GN=Aco2 PE=1 SV=1 - [ACON_MOUSE]"
P63268,"Actin, gamma-enteric smooth muscle OS=Mus musculus GN=Actg2 PE=1 SV=1 - [ACTH_MOUSE]"
P63017,Heat shock cognate 71 kDa protein OS=Mus musculus GN=Hspa8 PE=1 SV=1 - [HSP7C_MOUSE]
O08553,Dihydropyrimidinase-related protein 2 OS=Mus musculus GN=Dpysl2 PE=1 SV=2 - [DPYL2_MOUSE]
P17182,Alpha-enolase OS=Mus musculus GN=Eno1 PE=1 SV=3 - [ENOA_MOUSE]
Q03265,"ATP synthase subunit alpha, mitochondrial OS=Mus musculus GN=Atp5a1 PE=1 SV=1 - [ATPA_MOUSE]"
P05063,Fructose-bisphosphate aldolase C OS=Mus musculus GN=Aldoc PE=1 SV=4 - [ALDOC_MOUSE]
A8DUK4,Beta-globin OS=Mus musculus GN=Hbbt1 PE=3 SV=1 - [A8DUK4_MOUSE]
Q8K2B3,"Succinate dehydrogenase [ubiquinone] flavoprotein subunit, mitochondrial OS=Mus musculus GN=Sdha PE=1 SV=1 - [SDHA_MOUSE]"
A6ZI44,Fructose-bisphosphate aldolase OS=Mus musculus GN=Aldoa PE=2 SV=1 - [A6ZI44_MOUSE]
P26443,"Glutamate dehydrogenase 1, mitochondrial OS=Mus musculus GN=Glud1 PE=1 SV=1 - [DHE3_MOUSE]"
P08553,Neurofilament medium polypeptide OS=Mus musculus GN=Nefm PE=1 SV=4 - [NFM_MOUSE]
O88935,Synapsin-1 OS=Mus musculus GN=Syn1 PE=1 SV=2 - [SYN1_MOUSE]
P08551,Neurofilament light polypeptide OS=Mus musculus GN=Nefl PE=1 SV=5 - [NFL_MOUSE]
D3Z6I8,Tropomyosin alpha-3 chain OS=Mus musculus GN=Tpm3 PE=3 SV=1 - [D3Z6I8_MOUSE]
E9Q7Q3,Tropomyosin alpha-3 chain OS=Mus musculus GN=Tpm3 PE=3 SV=1 - [E9Q7Q3_MOUSE]
P38647,"Stress-70 protein, mitochondrial OS=Mus musculus GN=Hspa9 PE=1 SV=3 - [GRP75_MOUSE]"
P52480,Pyruvate kinase PKM OS=Mus musculus GN=Pkm PE=1 SV=4 - [KPYM_MOUSE]
Q9DBJ1,Phosphoglycerate mutase 1 OS=Mus musculus GN=Pgam1 PE=1 SV=3 - [PGAM1_MOUSE]
P63038,"60 kDa heat shock protein, mitochondrial OS=Mus musculus GN=Hspd1 PE=1 SV=1 - [CH60_MOUSE]"
Q8BFZ3,Beta-actin-like protein 2 OS=Mus musculus GN=Actbl2 PE=1 SV=1 - [ACTBL_MOUSE]
Q62261,"Spectrin beta chain, non-erythrocytic 1 OS=Mus musculus GN=Sptbn1 PE=1 SV=2 - [SPTB2_MOUSE]"
P08228,Superoxide dismutase [Cu-Zn] OS=Mus musculus GN=Sod1 PE=1 SV=2 - [SODC_MOUSE]
P20029,78 kDa glucose-regulated protein OS=Mus musculus GN=Hspa5 PE=1 SV=3 - [GRP78_MOUSE]
Q9CZU6,"Citrate synthase, mitochondrial OS=Mus musculus GN=Cs PE=1 SV=1 - [CISY_MOUSE]"
Q64433,"10 kDa heat shock protein, mitochondrial OS=Mus musculus GN=Hspe1 PE=1 SV=2 - [CH10_MOUSE]"
Q80X68,Citrate synthase OS=Mus musculus GN=Csl PE=1 SV=1 - [Q80X68_MOUSE]
P17751,Triosephosphate isomerase OS=Mus musculus GN=Tpi1 PE=1 SV=4 - [TPIS_MOUSE]
Z4YJV4,"2-oxoglutarate dehydrogenase, mitochondrial OS=Mus musculus GN=Ogdh PE=1 SV=1 - [Z4YJV4_MOUSE]"
P03995,Glial fibrillary acidic protein OS=Mus musculus GN=Gfap PE=1 SV=4 - [GFAP_MOUSE]
P05202,"Aspartate aminotransferase, mitochondrial OS=Mus musculus GN=Got2 PE=1 SV=1 - [AATM_MOUSE]"
P00920,Carbonic anhydrase 2 OS=Mus musculus GN=Ca2 PE=1 SV=4 - [CAH2_MOUSE]
P15105,Glutamine synthetase OS=Mus musculus GN=Glul PE=1 SV=6 - [GLNA_MOUSE]
O08749,"Dihydrolipoyl dehydrogenase, mitochondrial OS=Mus musculus GN=Dld PE=1 SV=2 - [DLDH_MOUSE]"
P99029,"Peroxiredoxin-5, mitochondrial OS=Mus musculus GN=Prdx5 PE=1 SV=2 - [PRDX5_MOUSE]"
B7ZNL3,Tpm1 protein OS=Mus musculus GN=Tpm1 PE=2 SV=1 - [B7ZNL3_MOUSE]
P68372,Tubulin beta-4B chain OS=Mus musculus GN=Tubb4b PE=1 SV=1 - [TBB4B_MOUSE]
Q6P9K8,Caskin-1 OS=Mus musculus GN=Caskin1 PE=1 SV=2 - [CSKI1_MOUSE]
P46660,Alpha-internexin OS=Mus musculus GN=Ina PE=1 SV=3 - [AINX_MOUSE]
P17710,Hexokinase-1 OS=Mus musculus GN=Hk1 PE=1 SV=3 - [HXK1_MOUSE]
P61922,"4-aminobutyrate aminotransferase, mitochondrial OS=Mus musculus GN=Abat PE=1 SV=1 - [GABT_MOUSE]"
Q9D6F9,Tubulin beta-4A chain OS=Mus musculus GN=Tubb4a PE=1 SV=3 - [TBB4A_MOUSE]
D3YVN7,Elongation factor Tu OS=Mus musculus GN=Gm9755 PE=3 SV=1 - [D3YVN7_MOUSE]
Q01853,Transitional endoplasmic reticulum ATPase OS=Mus musculus GN=Vcp PE=1 SV=4 - [TERA_MOUSE]
Q7TMM9,Tubulin beta-2A chain OS=Mus musculus GN=Tubb2a PE=1 SV=1 - [TBB2A_MOUSE]
S4R249,Ankyrin-2 OS=Mus musculus GN=Ank2 PE=1 SV=1 - [S4R249_MOUSE]
P48678,Prelamin-A/C OS=Mus musculus GN=Lmna PE=1 SV=2 - [LMNA_MOUSE]
Q03517,Secretogranin-2 OS=Mus musculus GN=Scg2 PE=1 SV=1 - [SCG2_MOUSE]
P50396,Rab GDP dissociation inhibitor alpha OS=Mus musculus GN=Gdi1 PE=1 SV=3 - [GDIA_MOUSE]
P99024,Tubulin beta-5 chain OS=Mus musculus GN=Tubb5 PE=1 SV=1 - [TBB5_MOUSE]
Q9D051,"Pyruvate dehydrogenase E1 component subunit beta, mitochondrial OS=Mus musculus GN=Pdhb PE=1 SV=1 - [ODPB_MOUSE]"
P47708,Rabphilin-3A OS=Mus musculus GN=Rph3a PE=1 SV=2 - [RP3A_MOUSE]
P17156,Heat shock-related 70 kDa protein 2 OS=Mus musculus GN=Hspa2 PE=1 SV=2 - [HSP72_MOUSE]
Q9CWF2,Tubulin beta-2B chain OS=Mus musculus GN=Tubb2b PE=1 SV=1 - [TBB2B_MOUSE]
Q8QZT1,"Acetyl-CoA acetyltransferase, mitochondrial OS=Mus musculus GN=Acat1 PE=1 SV=1 - [THIL_MOUSE]"
Q9ERD7,Tubulin beta-3 chain OS=Mus musculus GN=Tubb3 PE=1 SV=1 - [TBB3_MOUSE]
P17742,Peptidyl-prolyl cis-trans isomerase A OS=Mus musculus GN=Ppia PE=1 SV=2 - [PPIA_MOUSE]
P97807,"Fumarate hydratase, mitochondrial OS=Mus musculus GN=Fh PE=1 SV=3 - [FUMH_MOUSE]"
Q99KJ8,Dynactin subunit 2 OS=Mus musculus GN=Dctn2 PE=1 SV=3 - [DCTN2_MOUSE]
Q9WV92,"Band 4,1-like protein 3 OS=Mus musculus GN=Epb41l3 PE=1 SV=1 - [E41L3_MOUSE]"
P05201,"Aspartate aminotransferase, cytoplasmic OS=Mus musculus GN=Got1 PE=1 SV=3 - [AATC_MOUSE]"
P21550,Beta-enolase OS=Mus musculus GN=Eno3 PE=1 SV=3 - [ENOB_MOUSE]
S4R291,Ankyrin-2 OS=Mus musculus GN=Ank2 PE=1 SV=1 - [S4R291_MOUSE]
P62814,"V-type proton ATPase subunit B, brain isoform OS=Mus musculus GN=Atp6v1b2 PE=1 SV=1 - [VATB2_MOUSE]"
A2AIM4,Tropomyosin beta chain OS=Mus musculus GN=Tpm2 PE=3 SV=1 - [A2AIM4_MOUSE]
P48036,Annexin A5 OS=Mus musculus GN=Anxa5 PE=1 SV=1 - [ANXA5_MOUSE]
O88569,Heterogeneous nuclear ribonucleoproteins A2/B1 OS=Mus musculus GN=Hnrnpa2b1 PE=1 SV=2 - [ROA2_MOUSE]
Q91VB8,Alpha globin 1 OS=Mus musculus GN=Hba-a1 PE=2 SV=1 - [Q91VB8_MOUSE]
F8WIT2,Annexin OS=Mus musculus GN=Anxa6 PE=1 SV=1 - [F8WIT2_MOUSE]
P68369,Tubulin alpha-1A chain OS=Mus musculus GN=Tuba1a PE=1 SV=1 - [TBA1A_MOUSE]
Q62188,Dihydropyrimidinase-related protein 3 OS=Mus musculus GN=Dpysl3 PE=1 SV=1 - [DPYL3_MOUSE]
P14152,"Malate dehydrogenase, cytoplasmic OS=Mus musculus GN=Mdh1 PE=1 SV=3 - [MDHC_MOUSE]"
P40142,Transketolase OS=Mus musculus GN=Tkt PE=1 SV=1 - [TKT_MOUSE]
O55042,Alpha-synuclein OS=Mus musculus GN=Snca PE=1 SV=2 - [SYUA_MOUSE]
P35486,"Pyruvate dehydrogenase E1 component subunit alpha, somatic form, mitochondrial OS=Mus musculus GN=Pdha1 PE=1 SV=1 - [ODPA_MOUSE]"
P62897,"Cytochrome c, somatic OS=Mus musculus GN=Cycs PE=1 SV=2 - [CYC_MOUSE]"
P27773,Protein disulfide-isomerase A3 OS=Mus musculus GN=Pdia3 PE=1 SV=2 - [PDIA3_MOUSE]
P19246,Neurofilament heavy polypeptide OS=Mus musculus GN=Nefh PE=1 SV=3 - [NFH_MOUSE]
Q91ZZ3,Beta-synuclein OS=Mus musculus GN=Sncb PE=1 SV=1 - [SYUB_MOUSE]
Q5EBP8,Heterogeneous nuclear ribonucleoprotein A1 OS=Mus musculus GN=Hnrnpa1 PE=2 SV=1 - [Q5EBP8_MOUSE]
Q9WTT4,V-type proton ATPase subunit G 2 OS=Mus musculus GN=Atp6v1g2 PE=2 SV=1 - [VATG2_MOUSE]
P35700,Peroxiredoxin-1 OS=Mus musculus GN=Prdx1 PE=1 SV=1 - [PRDX1_MOUSE]
Q9R1Q8,Transgelin-3 OS=Mus musculus GN=Tagln3 PE=1 SV=1 - [TAGL3_MOUSE]
A2ALV3,Endophilin-A1 OS=Mus musculus GN=Sh3gl2 PE=4 SV=1 - [A2ALV3_MOUSE]
Q4VWZ5,Acyl-CoA-binding protein OS=Mus musculus GN=Dbi PE=2 SV=1 - [Q4VWZ5_MOUSE]
Q99L13,"3-hydroxyisobutyrate dehydrogenase, mitochondrial OS=Mus musculus GN=Hibadh PE=1 SV=1 - [3HIDH_MOUSE]"
P60879,Synaptosomal-associated protein 25 OS=Mus musculus GN=Snap25 PE=1 SV=1 - [SNP25_MOUSE]
A2A5Y6,Microtubule-associated protein OS=Mus musculus GN=Mapt PE=1 SV=1 - [A2A5Y6_MOUSE]
Q3U2G2,Heat shock 70 kDa protein 4 OS=Mus musculus GN=Hspa4 PE=2 SV=1 - [Q3U2G2_MOUSE]
P48722,Heat shock 70 kDa protein 4L OS=Mus musculus GN=Hspa4l PE=1 SV=2 - [HS74L_MOUSE]
P51174,"Long-chain specific acyl-CoA dehydrogenase, mitochondrial OS=Mus musculus GN=Acadl PE=1 SV=2 - [ACADL_MOUSE]"
Q9CQX8,"28S ribosomal protein S36, mitochondrial OS=Mus musculus GN=Mrps36 PE=1 SV=1 - [RT36_MOUSE]"
Q02053,Ubiquitin-like modifier-activating enzyme 1 OS=Mus musculus GN=Uba1 PE=1 SV=1 - [UBA1_MOUSE]
O88952,Protein lin-7 homolog C OS=Mus musculus GN=Lin7c PE=1 SV=2 - [LIN7C_MOUSE]
P09411,Phosphoglycerate kinase 1 OS=Mus musculus GN=Pgk1 PE=1 SV=4 - [PGK1_MOUSE]
Q8BWT1,"3-ketoacyl-CoA thiolase, mitochondrial OS=Mus musculus GN=Acaa2 PE=1 SV=3 - [THIM_MOUSE]"
Q8BP92,Reticulocalbin-2 OS=Mus musculus GN=Rcn2 PE=2 SV=1 - [RCN2_MOUSE]
Q9CPV4,Glyoxalase domain-containing protein 4 OS=Mus musculus GN=Glod4 PE=1 SV=1 - [GLOD4_MOUSE]
E9Q7L0,Protein Ogdhl OS=Mus musculus GN=Ogdhl PE=4 SV=1 - [E9Q7L0_MOUSE]
D3Z4B2,Gamma-soluble NSF attachment protein (Fragment) OS=Mus musculus GN=Napg PE=4 SV=1 - [D3Z4B2_MOUSE]
A0A0A0MQF6,Glyceraldehyde-3-phosphate dehydrogenase OS=Mus musculus GN=Gapdh PE=4 SV=1 - [A0A0A0MQF6_MOUSE]
Q8BVI4,Dihydropteridine reductase OS=Mus musculus GN=Qdpr PE=1 SV=2 - [DHPR_MOUSE]
Q6IRU2,Tropomyosin alpha-4 chain OS=Mus musculus GN=Tpm4 PE=2 SV=3 - [TPM4_MOUSE]
Q8VIJ6,"Splicing factor, proline- and glutamine-rich OS=Mus musculus GN=Sfpq PE=1 SV=1 - [SFPQ_MOUSE]"
A0A0A0MQA5,Tubulin alpha-4A chain (Fragment) OS=Mus musculus GN=Tuba4a PE=4 SV=1 - [A0A0A0MQA5_MOUSE]
Q9R0P9,Ubiquitin carboxyl-terminal hydrolase isozyme L1 OS=Mus musculus GN=Uchl1 PE=1 SV=1 - [UCHL1_MOUSE]
P62962,Profilin-1 OS=Mus musculus GN=Pfn1 PE=1 SV=2 - [PROF1_MOUSE]
Q9QXV0,ProSAAS OS=Mus musculus GN=Pcsk1n PE=1 SV=2 - [PCSK1_MOUSE]
G5E8R3,Pyruvate carboxylase OS=Mus musculus GN=Pcx PE=4 SV=1 - [G5E8R3_MOUSE]
Q8JZS0,Protein lin-7 homolog A OS=Mus musculus GN=Lin7a PE=1 SV=2 - [LIN7A_MOUSE]
Q9D172,"ES1 protein homolog, mitochondrial OS=Mus musculus GN=D10Jhu81e PE=1 SV=1 - [ES1_MOUSE]"
P63101,14-3-3 protein zeta/delta OS=Mus musculus GN=Ywhaz PE=1 SV=1 - [1433Z_MOUSE]
Q8R0Y6,Cytosolic 10-formyltetrahydrofolate dehydrogenase OS=Mus musculus GN=Aldh1l1 PE=1 SV=1 - [AL1L1_MOUSE]
P10649,Glutathione S-transferase Mu 1 OS=Mus musculus GN=Gstm1 PE=1 SV=2 - [GSTM1_MOUSE]
P26041,Moesin OS=Mus musculus GN=Msn PE=1 SV=3 - [MOES_MOUSE]
P42125,"Enoyl-CoA delta isomerase 1, mitochondrial OS=Mus musculus GN=Eci1 PE=1 SV=2 - [ECI1_MOUSE]"
Q5EBJ4,Ermin OS=Mus musculus GN=Ermn PE=1 SV=1 - [ERMIN_MOUSE]
B1AQW2,Microtubule-associated protein OS=Mus musculus GN=Mapt PE=1 SV=1 - [B1AQW2_MOUSE]
P09671,"Superoxide dismutase [Mn], mitochondrial OS=Mus musculus GN=Sod2 PE=1 SV=3 - [SODM_MOUSE]"
P63040,Complexin-1 OS=Mus musculus GN=Cplx1 PE=1 SV=1 - [CPLX1_MOUSE]
P20152,Vimentin OS=Mus musculus GN=Vim PE=1 SV=3 - [VIME_MOUSE]
Q9Z0F7,Gamma-synuclein OS=Mus musculus GN=Sncg PE=1 SV=1 - [SYUG_MOUSE]
Q9DCW4,Electron transfer flavoprotein subunit beta OS=Mus musculus GN=Etfb PE=1 SV=3 - [ETFB_MOUSE]
P54227,Stathmin OS=Mus musculus GN=Stmn1 PE=1 SV=2 - [STMN1_MOUSE]
P16627,Heat shock 70 kDa protein 1-like OS=Mus musculus GN=Hspa1l PE=2 SV=4 - [HS71L_MOUSE]
P16330,"2',3'-cyclic-nucleotide 3'-phosphodiesterase OS=Mus musculus GN=Cnp PE=1 SV=3 - [CN37_MOUSE]"
D3YTV8,Ankyrin-1 OS=Mus musculus GN=Ank1 PE=1 SV=1 - [D3YTV8_MOUSE]
Q9CPY7,Cytosol aminopeptidase OS=Mus musculus GN=Lap3 PE=1 SV=3 - [AMPL_MOUSE]
Q9DB20,"ATP synthase subunit O, mitochondrial OS=Mus musculus GN=Atp5o PE=1 SV=1 - [ATPO_MOUSE]"
P50516,V-type proton ATPase catalytic subunit A OS=Mus musculus GN=Atp6v1a PE=1 SV=2 - [VATA_MOUSE]
Q9D0S9,"Histidine triad nucleotide-binding protein 2, mitochondrial OS=Mus musculus GN=Hint2 PE=1 SV=1 - [HINT2_MOUSE]"
Q6GT24,Peroxiredoxin 6 OS=Mus musculus GN=Prdx6 PE=2 SV=1 - [Q6GT24_MOUSE]
P63328,Serine/threonine-protein phosphatase 2B catalytic subunit alpha isoform OS=Mus musculus GN=Ppp3ca PE=1 SV=1 - [PP2BA_MOUSE]
P62259,14-3-3 protein epsilon OS=Mus musculus GN=Ywhae PE=1 SV=1 - [1433E_MOUSE]
Q9D6T9,"28S ribosomal protein S36, mitochondrial OS=Mus musculus GN=Mrps36 PE=2 SV=1 - [Q9D6T9_MOUSE]"
A0A087WPX3,Neurofascin OS=Mus musculus GN=Nfasc PE=4 SV=1 - [A0A087WPX3_MOUSE]
P46460,Vesicle-fusing ATPase OS=Mus musculus GN=Nsf PE=1 SV=2 - [NSF_MOUSE]
Q62418,Drebrin-like protein OS=Mus musculus GN=Dbnl PE=1 SV=2 - [DBNL_MOUSE]
Q61696,Heat shock 70 kDa protein 1A OS=Mus musculus GN=Hspa1a PE=1 SV=2 - [HS71A_MOUSE]
D3Z5M4,Ankyrin-1 OS=Mus musculus GN=Ank1 PE=1 SV=1 - [D3Z5M4_MOUSE]
Q7TQF7,Amphiphysin OS=Mus musculus GN=Amph PE=1 SV=1 - [AMPH_MOUSE]
Q8BWF0,"Succinate-semialdehyde dehydrogenase, mitochondrial OS=Mus musculus GN=Aldh5a1 PE=1 SV=1 - [SSDH_MOUSE]"
Q3TC72,Fumarylacetoacetate hydrolase domain-containing protein 2A OS=Mus musculus GN=Fahd2 PE=1 SV=1 - [FAHD2_MOUSE]
Q9D154,Leukocyte elastase inhibitor A OS=Mus musculus GN=Serpinb1a PE=1 SV=1 - [ILEUA_MOUSE]
Q61792,LIM and SH3 domain protein 1 OS=Mus musculus GN=Lasp1 PE=1 SV=1 - [LASP1_MOUSE]
Q61644,Protein kinase C and casein kinase substrate in neurons protein 1 OS=Mus musculus GN=Pacsin1 PE=1 SV=1 - [PACN1_MOUSE]
Q61598,Rab GDP dissociation inhibitor beta OS=Mus musculus GN=Gdi2 PE=1 SV=1 - [GDIB_MOUSE]
O08539,Myc box-dependent-interacting protein 1 OS=Mus musculus GN=Bin1 PE=1 SV=1 - [BIN1_MOUSE]
Q7TQD2,Tubulin polymerization-promoting protein OS=Mus musculus GN=Tppp PE=1 SV=1 - [TPPP_MOUSE]
Q62442,Vesicle-associated membrane protein 1 OS=Mus musculus GN=Vamp1 PE=1 SV=1 - [VAMP1_MOUSE]
D3YTU0,Vesicle-associated membrane protein 1 OS=Mus musculus GN=Vamp1 PE=4 SV=1 - [D3YTU0_MOUSE]
P52196,Thiosulfate sulfurtransferase OS=Mus musculus GN=Tst PE=1 SV=3 - [THTR_MOUSE]
P47738,"Aldehyde dehydrogenase, mitochondrial OS=Mus musculus GN=Aldh2 PE=1 SV=1 - [ALDH2_MOUSE]"
Q6P1B9,Bin1 protein OS=Mus musculus GN=Bin1 PE=2 SV=1 - [Q6P1B9_MOUSE]
Q8R5L1,"Complement component 1 Q subcomponent-binding protein, mitochondrial OS=Mus musculus GN=C1qbp PE=2 SV=1 - [Q8R5L1_MOUSE]"
Q0VGU4,MCG18019 OS=Mus musculus GN=Vgf PE=2 SV=1 - [Q0VGU4_MOUSE]
P50518,V-type proton ATPase subunit E 1 OS=Mus musculus GN=Atp6v1e1 PE=1 SV=2 - [VATE1_MOUSE]
Q99PT1,Rho GDP-dissociation inhibitor 1 OS=Mus musculus GN=Arhgdia PE=1 SV=3 - [GDIR1_MOUSE]
Q99P72,Reticulon-4 OS=Mus musculus GN=Rtn4 PE=1 SV=2 - [RTN4_MOUSE]
Q8BYI9,Tenascin-R OS=Mus musculus GN=Tnr PE=1 SV=2 - [TENR_MOUSE]
P18760,Cofilin-1 OS=Mus musculus GN=Cfl1 PE=1 SV=3 - [COF1_MOUSE]
P20108,"Thioredoxin-dependent peroxide reductase, mitochondrial OS=Mus musculus GN=Prdx3 PE=1 SV=1 - [PRDX3_MOUSE]"
Q8BG05,Heterogeneous nuclear ribonucleoprotein A3 OS=Mus musculus GN=Hnrnpa3 PE=1 SV=1 - [ROA3_MOUSE]
Q91ZA3,"Propionyl-CoA carboxylase alpha chain, mitochondrial OS=Mus musculus GN=Pcca PE=1 SV=2 - [PCCA_MOUSE]"
Q9D3D9,"ATP synthase subunit delta, mitochondrial OS=Mus musculus GN=Atp5d PE=1 SV=1 - [ATPD_MOUSE]"
Q8BH95,"Enoyl-CoA hydratase, mitochondrial OS=Mus musculus GN=Echs1 PE=1 SV=1 - [ECHM_MOUSE]"
P61982,14-3-3 protein gamma OS=Mus musculus GN=Ywhag PE=1 SV=2 - [1433G_MOUSE]
Q9CQA3,"Succinate dehydrogenase [ubiquinone] iron-sulfur subunit, mitochondrial OS=Mus musculus GN=Sdhb PE=1 SV=1 - [SDHB_MOUSE]"
Q99LC5,"Electron transfer flavoprotein subunit alpha, mitochondrial OS=Mus musculus GN=Etfa PE=1 SV=2 - [ETFA_MOUSE]"
Q9D1K2,V-type proton ATPase subunit F OS=Mus musculus GN=Atp6v1f PE=1 SV=2 - [VATF_MOUSE]
Q99LX0,Protein DJ-1 OS=Mus musculus GN=Park7 PE=1 SV=1 - [PARK7_MOUSE]
Q3ULD5,"Methylcrotonoyl-CoA carboxylase beta chain, mitochondrial OS=Mus musculus GN=Mccc2 PE=1 SV=1 - [MCCB_MOUSE]"
Q3U4W8,Ubiquitin carboxyl-terminal hydrolase OS=Mus musculus GN=Usp5 PE=2 SV=1 - [Q3U4W8_MOUSE]
Q8BMF4,"Dihydrolipoyllysine-residue acetyltransferase component of pyruvate dehydrogenase complex, mitochondrial OS=Mus musculus GN=Dlat PE=1 SV=2 - [ODP2_MOUSE]"
Q9D6J6,"NADH dehydrogenase [ubiquinone] flavoprotein 2, mitochondrial OS=Mus musculus GN=Ndufv2 PE=1 SV=2 - [NDUV2_MOUSE]"
Q61166,Microtubule-associated protein RP/EB family member 1 OS=Mus musculus GN=Mapre1 PE=1 SV=3 - [MARE1_MOUSE]
Q62048,Astrocytic phosphoprotein PEA-15 OS=Mus musculus GN=Pea15 PE=1 SV=1 - [PEA15_MOUSE]
Q8K183,Pyridoxal kinase OS=Mus musculus GN=Pdxk PE=1 SV=1 - [PDXK_MOUSE]
Q9CQV8,14-3-3 protein beta/alpha OS=Mus musculus GN=Ywhab PE=1 SV=3 - [1433B_MOUSE]
Q8C845,EF-hand domain-containing protein D2 OS=Mus musculus GN=Efhd2 PE=2 SV=1 - [Q8C845_MOUSE]
A2AFQ2,3-hydroxyacyl-CoA dehydrogenase type-2 OS=Mus musculus GN=Hsd17b10 PE=1 SV=1 - [A2AFQ2_MOUSE]
A0A087WPR1,Myelin-associated glycoprotein OS=Mus musculus GN=Mag PE=4 SV=1 - [A0A087WPR1_MOUSE]
Q64332,Synapsin-2 OS=Mus musculus GN=Syn2 PE=1 SV=2 - [SYN2_MOUSE]
O70318,"Band 4,1-like protein 2 OS=Mus musculus GN=Epb41l2 PE=1 SV=2 - [E41L2_MOUSE]"
P26043,Radixin OS=Mus musculus GN=Rdx PE=1 SV=3 - [RADI_MOUSE]
Q91VM9,"Inorganic pyrophosphatase 2, mitochondrial OS=Mus musculus GN=Ppa2 PE=1 SV=1 - [IPYR2_MOUSE]"
P16125,L-lactate dehydrogenase B chain OS=Mus musculus GN=Ldhb PE=1 SV=2 - [LDHB_MOUSE]
Q3UKW2,Calmodulin OS=Mus musculus GN=Calm1 PE=2 SV=1 - [Q3UKW2_MOUSE]
Q8VCE0,"ATPase, Na+/K+ transporting, alpha 3 polypeptide OS=Mus musculus GN=Atp1a3 PE=2 SV=1 - [Q8VCE0_MOUSE]"
P62761,Visinin-like protein 1 OS=Mus musculus GN=Vsnl1 PE=1 SV=2 - [VISL1_MOUSE]
P57780,Alpha-actinin-4 OS=Mus musculus GN=Actn4 PE=1 SV=1 - [ACTN4_MOUSE]
Q91V12,Cytosolic acyl coenzyme A thioester hydrolase OS=Mus musculus GN=Acot7 PE=1 SV=2 - [BACH_MOUSE]
Q6P1J1,Crmp1 protein OS=Mus musculus GN=Crmp1 PE=2 SV=1 - [Q6P1J1_MOUSE]
P28663,Beta-soluble NSF attachment protein OS=Mus musculus GN=Napb PE=1 SV=2 - [SNAB_MOUSE]
Q99K85,Phosphoserine aminotransferase OS=Mus musculus GN=Psat1 PE=1 SV=1 - [SERC_MOUSE]
S4R2K9,Ankyrin-3 (Fragment) OS=Mus musculus GN=Ank3 PE=4 SV=1 - [S4R2K9_MOUSE]
Q9WUM5,"Succinyl-CoA ligase [ADP/GDP-forming] subunit alpha, mitochondrial OS=Mus musculus GN=Suclg1 PE=1 SV=4 - [SUCA_MOUSE]"
Q9D0K2,"Succinyl-CoA:3-ketoacid coenzyme A transferase 1, mitochondrial OS=Mus musculus GN=Oxct1 PE=1 SV=1 - [SCOT1_MOUSE]"
D3YXH0,Immunoglobulin superfamily member 5 OS=Mus musculus GN=Igsf5 PE=4 SV=1 - [D3YXH0_MOUSE]
Q61171,Peroxiredoxin-2 OS=Mus musculus GN=Prdx2 PE=1 SV=3 - [PRDX2_MOUSE]
Q91YH6,"ATPase, H+ transporting, lysosomal V1 subunit B1 OS=Mus musculus GN=Atp6v1b1 PE=2 SV=1 - [Q91YH6_MOUSE]"
O09061,Proteasome subunit beta type-1 OS=Mus musculus GN=Psmb1 PE=1 SV=1 - [PSB1_MOUSE]
Q9WUB3,"Glycogen phosphorylase, muscle form OS=Mus musculus GN=Pygm PE=1 SV=3 - [PYGM_MOUSE]"
O88737,Protein bassoon OS=Mus musculus GN=Bsn PE=1 SV=4 - [BSN_MOUSE]
P52503,"NADH dehydrogenase [ubiquinone] iron-sulfur protein 6, mitochondrial OS=Mus musculus GN=Ndufs6 PE=1 SV=2 - [NDUS6_MOUSE]"
P15532,Nucleoside diphosphate kinase A OS=Mus musculus GN=Nme1 PE=1 SV=1 - [NDKA_MOUSE]
Q9CZ44,NSFL1 cofactor p47 OS=Mus musculus GN=Nsfl1c PE=1 SV=1 - [NSF1C_MOUSE]
Q9CWS0,"N(G),N(G)-dimethylarginine dimethylaminohydrolase 1 OS=Mus musculus GN=Ddah1 PE=1 SV=3 - [DDAH1_MOUSE]"
Q6PIE5,Sodium/potassium-transporting ATPase subunit alpha-2 OS=Mus musculus GN=Atp1a2 PE=1 SV=1 - [AT1A2_MOUSE]
P62858,40S ribosomal protein S28 OS=Mus musculus GN=Rps28 PE=2 SV=1 - [RS28_MOUSE]
Q9Z2Y8,Proline synthase co-transcribed bacterial homolog protein OS=Mus musculus GN=Prosc PE=1 SV=1 - [PROSC_MOUSE]
Q60864,Stress-induced-phosphoprotein 1 OS=Mus musculus GN=Stip1 PE=1 SV=1 - [STIP1_MOUSE]
Q60737,Casein kinase II subunit alpha OS=Mus musculus GN=Csnk2a1 PE=1 SV=2 - [CSK21_MOUSE]
Q9CQI3,Glia maturation factor beta OS=Mus musculus GN=Gmfb PE=1 SV=3 - [GMFB_MOUSE]
P11499,Heat shock protein HSP 90-beta OS=Mus musculus GN=Hsp90ab1 PE=1 SV=3 - [HS90B_MOUSE]
Q9QUM9,Proteasome subunit alpha type-6 OS=Mus musculus GN=Psma6 PE=1 SV=1 - [PSA6_MOUSE]
Q9EQ20,"Methylmalonate-semialdehyde dehydrogenase [acylating], mitochondrial OS=Mus musculus GN=Aldh6a1 PE=1 SV=1 - [MMSA_MOUSE]"
Q6R891,Neurabin-2 OS=Mus musculus GN=Ppp1r9b PE=1 SV=1 - [NEB2_MOUSE]
Q91VM5,"RNA binding motif protein, X-linked-like-1 OS=Mus musculus GN=Rbmxl1 PE=1 SV=1 - [RMXL1_MOUSE]"
P18872,Guanine nucleotide-binding protein G(o) subunit alpha OS=Mus musculus GN=Gnao1 PE=1 SV=3 - [GNAO_MOUSE]
Q9QZM0,Ubiquilin-2 OS=Mus musculus GN=Ubqln2 PE=1 SV=2 - [UBQL2_MOUSE]
P29758,"Ornithine aminotransferase, mitochondrial OS=Mus musculus GN=Oat PE=1 SV=1 - [OAT_MOUSE]"
Q02819,Nucleobindin-1 OS=Mus musculus GN=Nucb1 PE=1 SV=2 - [NUCB1_MOUSE]
P70663,SPARC-like protein 1 OS=Mus musculus GN=Sparcl1 PE=2 SV=3 - [SPRL1_MOUSE]
P07901,Heat shock protein HSP 90-alpha OS=Mus musculus GN=Hsp90aa1 PE=1 SV=4 - [HS90A_MOUSE]
P70296,Phosphatidylethanolamine-binding protein 1 OS=Mus musculus GN=Pebp1 PE=1 SV=3 - [PEBP1_MOUSE]
O08599,Syntaxin-binding protein 1 OS=Mus musculus GN=Stxbp1 PE=1 SV=2 - [STXB1_MOUSE]
P21619,Lamin-B2 OS=Mus musculus GN=Lmnb2 PE=1 SV=2 - [LMNB2_MOUSE]
P63028,Translationally-controlled tumor protein OS=Mus musculus GN=Tpt1 PE=1 SV=1 - [TCTP_MOUSE]
Q99JA0,Calcitonin gene-related peptide 1 OS=Mus musculus GN=Calca PE=2 SV=1 - [CALCA_MOUSE]
O70591,Prefoldin subunit 2 OS=Mus musculus GN=Pfdn2 PE=2 SV=2 - [PFD2_MOUSE]
P45952,"Medium-chain specific acyl-CoA dehydrogenase, mitochondrial OS=Mus musculus GN=Acadm PE=1 SV=1 - [ACADM_MOUSE]"
Q9WV02,"RNA-binding motif protein, X chromosome OS=Mus musculus GN=Rbmx PE=1 SV=1 - [RBMX_MOUSE]"
Q08331,Calretinin OS=Mus musculus GN=Calb2 PE=1 SV=3 - [CALB2_MOUSE]
P97427,Dihydropyrimidinase-related protein 1 OS=Mus musculus GN=Crmp1 PE=1 SV=1 - [DPYL1_MOUSE]
Q05816,"Fatty acid-binding protein, epidermal OS=Mus musculus GN=Fabp5 PE=1 SV=3 - [FABP5_MOUSE]"
Q8R317,Ubiquilin-1 OS=Mus musculus GN=Ubqln1 PE=1 SV=1 - [UBQL1_MOUSE]
Q8C5H8,"NAD kinase 2, mitochondrial OS=Mus musculus GN=Nadk2 PE=1 SV=2 - [NAKD2_MOUSE]"
Q68FD5,Clathrin heavy chain 1 OS=Mus musculus GN=Cltc PE=1 SV=3 - [CLH1_MOUSE]
Q3UH59,Myosin-10 OS=Mus musculus GN=Myh10 PE=2 SV=1 - [Q3UH59_MOUSE]
E9Q0U7,Heat shock protein 105 kDa OS=Mus musculus GN=Hsph1 PE=1 SV=1 - [E9Q0U7_MOUSE]
P47754,F-actin-capping protein subunit alpha-2 OS=Mus musculus GN=Capza2 PE=1 SV=3 - [CAZA2_MOUSE]
Q9WUK2,Eukaryotic translation initiation factor 4H OS=Mus musculus GN=Eif4h PE=1 SV=3 - [IF4H_MOUSE]
E9QNA7,Sorbin and SH3 domain-containing protein 1 OS=Mus musculus GN=Sorbs1 PE=1 SV=1 - [E9QNA7_MOUSE]
Q62417,Sorbin and SH3 domain-containing protein 1 OS=Mus musculus GN=Sorbs1 PE=1 SV=2 - [SRBS1_MOUSE]
O08807,Peroxiredoxin-4 OS=Mus musculus GN=Prdx4 PE=1 SV=1 - [PRDX4_MOUSE]
P62627,Dynein light chain roadblock-type 1 OS=Mus musculus GN=Dynlrb1 PE=1 SV=3 - [DLRB1_MOUSE]
Q6PH08,ERC protein 2 OS=Mus musculus GN=Erc2 PE=2 SV=2 - [ERC2_MOUSE]
P20357,Microtubule-associated protein 2 OS=Mus musculus GN=Map2 PE=1 SV=2 - [MTAP2_MOUSE]
Q9DCM0,"Persulfide dioxygenase ETHE1, mitochondrial OS=Mus musculus GN=Ethe1 PE=1 SV=2 - [ETHE1_MOUSE]"
F7C9G3,"4-aminobutyrate aminotransferase, mitochondrial (Fragment) OS=Mus musculus GN=Abat PE=1 SV=1 - [F7C9G3_MOUSE]"
Q3TMU8,Dihydropyrimidinase-like 4 OS=Mus musculus GN=Dpysl4 PE=2 SV=1 - [Q3TMU8_MOUSE]
Q9D2G2,"Dihydrolipoyllysine-residue succinyltransferase component of 2-oxoglutarate dehydrogenase complex, mitochondrial OS=Mus musculus GN=Dlst PE=1 SV=1 - [ODO2_MOUSE]"
P62073,Mitochondrial import inner membrane translocase subunit Tim10 OS=Mus musculus GN=Timm10 PE=1 SV=1 - [TIM10_MOUSE]
Q9QXS6,Drebrin OS=Mus musculus GN=Dbn1 PE=1 SV=4 - [DREB_MOUSE]
Q61330,Contactin-2 OS=Mus musculus GN=Cntn2 PE=1 SV=2 - [CNTN2_MOUSE]
Q8R464,Cell adhesion molecule 4 OS=Mus musculus GN=Cadm4 PE=1 SV=1 - [CADM4_MOUSE]
P06801,NADP-dependent malic enzyme OS=Mus musculus GN=Me1 PE=1 SV=2 - [MAOX_MOUSE]
P62075,Mitochondrial import inner membrane translocase subunit Tim13 OS=Mus musculus GN=Timm13 PE=1 SV=1 - [TIM13_MOUSE]
O08795,Glucosidase 2 subunit beta OS=Mus musculus GN=Prkcsh PE=1 SV=1 - [GLU2B_MOUSE]
Q63810,Calcineurin subunit B type 1 OS=Mus musculus GN=Ppp3r1 PE=1 SV=3 - [CANB1_MOUSE]
Q6IRU5,Clathrin light chain B OS=Mus musculus GN=Cltb PE=1 SV=1 - [CLCB_MOUSE]
Q8VDQ8,NAD-dependent protein deacetylase sirtuin-2 OS=Mus musculus GN=Sirt2 PE=1 SV=2 - [SIR2_MOUSE]
Q3TYJ3,Cytoplasmic dynein 1 intermediate chain 1 OS=Mus musculus GN=Dync1i1 PE=2 SV=1 - [Q3TYJ3_MOUSE]
Q9R0H0,Peroxisomal acyl-coenzyme A oxidase 1 OS=Mus musculus GN=Acox1 PE=1 SV=5 - [ACOX1_MOUSE]
Q80TB8,Synaptic vesicle membrane protein VAT-1 homolog-like OS=Mus musculus GN=Vat1l PE=2 SV=2 - [VAT1L_MOUSE]
O55125,Protein NipSnap homolog 1 OS=Mus musculus GN=Nipsnap1 PE=1 SV=1 - [NIPS1_MOUSE]
P09103,Protein disulfide-isomerase OS=Mus musculus GN=P4hb PE=1 SV=2 - [PDIA1_MOUSE]
P47857,"ATP-dependent 6-phosphofructokinase, muscle type OS=Mus musculus GN=Pfkm PE=1 SV=3 - [PFKAM_MOUSE]"
Q5SRX1,TOM1-like protein 2 OS=Mus musculus GN=Tom1l2 PE=2 SV=1 - [TM1L2_MOUSE]
Q99LB2,Dehydrogenase/reductase SDR family member 4 OS=Mus musculus GN=Dhrs4 PE=1 SV=3 - [DHRS4_MOUSE]
Q80X90,Filamin-B OS=Mus musculus GN=Flnb PE=1 SV=3 - [FLNB_MOUSE]
Q9D6R2,"Isocitrate dehydrogenase [NAD] subunit alpha, mitochondrial OS=Mus musculus GN=Idh3a PE=1 SV=1 - [IDH3A_MOUSE]"
P07356,Annexin A2 OS=Mus musculus GN=Anxa2 PE=1 SV=2 - [ANXA2_MOUSE]
F8WGT1,Adenosylhomocysteinase OS=Mus musculus GN=Ahcyl2 PE=1 SV=1 - [F8WGT1_MOUSE]
P39053,Dynamin-1 OS=Mus musculus GN=Dnm1 PE=1 SV=2 - [DYN1_MOUSE]
Q61292,Laminin subunit beta-2 OS=Mus musculus GN=Lamb2 PE=2 SV=2 - [LAMB2_MOUSE]
E9PZF0,Nucleoside diphosphate kinase OS=Mus musculus GN=Gm20390 PE=3 SV=1 - [E9PZF0_MOUSE]
Q91VD9,"NADH-ubiquinone oxidoreductase 75 kDa subunit, mitochondrial OS=Mus musculus GN=Ndufs1 PE=1 SV=2 - [NDUS1_MOUSE]"
Q9DCB8,"Iron-sulfur cluster assembly 2 homolog, mitochondrial OS=Mus musculus GN=Isca2 PE=2 SV=2 - [ISCA2_MOUSE]"
F6X9I3,Peptidyl-prolyl cis-trans isomerase (Fragment) OS=Mus musculus GN=Fkbp1a PE=1 SV=1 - [F6X9I3_MOUSE]
P61264,Syntaxin-1B OS=Mus musculus GN=Stx1b PE=1 SV=1 - [STX1B_MOUSE]
Q8VDN2,Sodium/potassium-transporting ATPase subunit alpha-1 OS=Mus musculus GN=Atp1a1 PE=1 SV=1 - [AT1A1_MOUSE]
F7AA26,Protein Pakap (Fragment) OS=Mus musculus GN=Pakap PE=4 SV=1 - [F7AA26_MOUSE]
P50544,"Very long-chain specific acyl-CoA dehydrogenase, mitochondrial OS=Mus musculus GN=Acadvl PE=1 SV=3 - [ACADV_MOUSE]"
Q9CWJ9,Bifunctional purine biosynthesis protein PURH OS=Mus musculus GN=Atic PE=1 SV=2 - [PUR9_MOUSE]
F7BX26,Serine/threonine-protein phosphatase (Fragment) OS=Mus musculus GN=Ppp5c PE=3 SV=1 - [F7BX26_MOUSE]
P63044,Vesicle-associated membrane protein 2 OS=Mus musculus GN=Vamp2 PE=1 SV=2 - [VAMP2_MOUSE]
B0QZN5,Vesicle-associated membrane protein 2 OS=Mus musculus GN=Vamp2 PE=4 SV=1 - [B0QZN5_MOUSE]
M0QWP1,Agrin OS=Mus musculus GN=Agrn PE=1 SV=1 - [M0QWP1_MOUSE]
Q9R0Y5,Adenylate kinase isoenzyme 1 OS=Mus musculus GN=Ak1 PE=1 SV=1 - [KAD1_MOUSE]
Q78ZA7,Nucleosome assembly protein 1-like 4 OS=Mus musculus GN=Nap1l4 PE=1 SV=1 - [NP1L4_MOUSE]
P48320,Glutamate decarboxylase 2 OS=Mus musculus GN=Gad2 PE=2 SV=1 - [DCE2_MOUSE]
P50247,Adenosylhomocysteinase OS=Mus musculus GN=Ahcy PE=1 SV=3 - [SAHH_MOUSE]
Q3THW5,"Histone H2A,V OS=Mus musculus GN=H2afv PE=1 SV=3 - [H2AV_MOUSE]"
P70441,Na(+)/H(+) exchange regulatory cofactor NHE-RF1 OS=Mus musculus GN=Slc9a3r1 PE=1 SV=3 - [NHRF1_MOUSE]
Q4VAA2,Protein CDV3 OS=Mus musculus GN=Cdv3 PE=1 SV=2 - [CDV3_MOUSE]
P52760,Ribonuclease UK114 OS=Mus musculus GN=Hrsp12 PE=1 SV=3 - [UK114_MOUSE]
P42669,Transcriptional activator protein Pur-alpha OS=Mus musculus GN=Pura PE=1 SV=1 - [PURA_MOUSE]
Q9CWE0,Mitochondrial fission regulator 1-like OS=Mus musculus GN=Mtfr1l PE=1 SV=1 - [MFR1L_MOUSE]
O88342,WD repeat-containing protein 1 OS=Mus musculus GN=Wdr1 PE=1 SV=3 - [WDR1_MOUSE]
Q9D8S9,BolA-like protein 1 OS=Mus musculus GN=Bola1 PE=1 SV=1 - [BOLA1_MOUSE]
A1BN54,Alpha actinin 1a OS=Mus musculus GN=Actn1 PE=2 SV=1 - [A1BN54_MOUSE]
P45878,Peptidyl-prolyl cis-trans isomerase FKBP2 OS=Mus musculus GN=Fkbp2 PE=1 SV=1 - [FKBP2_MOUSE]
Q3UHJ0,AP2-associated protein kinase 1 OS=Mus musculus GN=Aak1 PE=1 SV=2 - [AAK1_MOUSE]
Q8JZN5,"Acyl-CoA dehydrogenase family member 9, mitochondrial OS=Mus musculus GN=Acad9 PE=1 SV=2 - [ACAD9_MOUSE]"
Q9JKK7,Tropomodulin-2 OS=Mus musculus GN=Tmod2 PE=1 SV=2 - [TMOD2_MOUSE]
P12382,"ATP-dependent 6-phosphofructokinase, liver type OS=Mus musculus GN=Pfkl PE=1 SV=4 - [PFKAL_MOUSE]"
P07724,Serum albumin OS=Mus musculus GN=Alb PE=1 SV=3 - [ALBU_MOUSE]
P28656,Nucleosome assembly protein 1-like 1 OS=Mus musculus GN=Nap1l1 PE=1 SV=2 - [NP1L1_MOUSE]
P47753,F-actin-capping protein subunit alpha-1 OS=Mus musculus GN=Capza1 PE=1 SV=4 - [CAZA1_MOUSE]
A2ARP8,Microtubule-associated protein 1A OS=Mus musculus GN=Map1a PE=1 SV=1 - [A2ARP8_MOUSE]
E9Q4K0,Actin-binding LIM protein 2 OS=Mus musculus GN=Ablim2 PE=1 SV=1 - [E9Q4K0_MOUSE]
Q8QZS1,"3-hydroxyisobutyryl-CoA hydrolase, mitochondrial OS=Mus musculus GN=Hibch PE=1 SV=1 - [HIBCH_MOUSE]"
F6YY69,14-3-3 protein theta (Fragment) OS=Mus musculus GN=Ywhaq PE=4 SV=1 - [F6YY69_MOUSE]
Q80W21,Glutathione S-transferase Mu 7 OS=Mus musculus GN=Gstm7 PE=1 SV=1 - [GSTM7_MOUSE]
Q80TZ3,Putative tyrosine-protein phosphatase auxilin OS=Mus musculus GN=Dnajc6 PE=2 SV=2 - [AUXI_MOUSE]
Q91VW3,SH3 domain-binding glutamic acid-rich-like protein 3 OS=Mus musculus GN=Sh3bgrl3 PE=1 SV=1 - [SH3L3_MOUSE]
Q8K1Z0,"Ubiquinone biosynthesis protein COQ9, mitochondrial OS=Mus musculus GN=Coq9 PE=1 SV=1 - [COQ9_MOUSE]"
A2AUK8,"Band 4,1-like protein 1 OS=Mus musculus GN=Epb4,1l1 PE=4 SV=1 - [A2AUK8_MOUSE]"
P48758,Carbonyl reductase [NADPH] 1 OS=Mus musculus GN=Cbr1 PE=1 SV=3 - [CBR1_MOUSE]
Q8CBC8,Branched-chain-amino-acid aminotransferase OS=Mus musculus GN=Bcat1 PE=2 SV=1 - [Q8CBC8_MOUSE]
Q9JLZ3,"Methylglutaconyl-CoA hydratase, mitochondrial OS=Mus musculus GN=Auh PE=1 SV=1 - [AUHM_MOUSE]"
P58252,Elongation factor 2 OS=Mus musculus GN=Eef2 PE=1 SV=2 - [EF2_MOUSE]
P68510,14-3-3 protein eta OS=Mus musculus GN=Ywhah PE=1 SV=2 - [1433F_MOUSE]
A2AEW8,GRIP1-associated protein 1 OS=Mus musculus GN=Gripap1 PE=2 SV=1 - [A2AEW8_MOUSE]
P12787,"Cytochrome c oxidase subunit 5A, mitochondrial OS=Mus musculus GN=Cox5a PE=1 SV=2 - [COX5A_MOUSE]"
P63325,40S ribosomal protein S10 OS=Mus musculus GN=Rps10 PE=1 SV=1 - [RS10_MOUSE]
B1AWE0,Clathrin light chain A OS=Mus musculus GN=Clta PE=1 SV=1 - [B1AWE0_MOUSE]
E9Q3V6,Septin-2 OS=Mus musculus GN=Sept2 PE=1 SV=1 - [E9Q3V6_MOUSE]
Q9DCD0,"6-phosphogluconate dehydrogenase, decarboxylating OS=Mus musculus GN=Pgd PE=1 SV=3 - [6PGD_MOUSE]"
Q3TPJ8,Cytoplasmic dynein 1 intermediate chain 2 OS=Mus musculus GN=Dync1i2 PE=2 SV=1 - [Q3TPJ8_MOUSE]
P62806,Histone H4 OS=Mus musculus GN=Hist1h4a PE=1 SV=2 - [H4_MOUSE]
P60041,Somatostatin OS=Mus musculus GN=Sst PE=2 SV=1 - [SMS_MOUSE]
Q80T06,Elongation factor 1-delta OS=Mus musculus GN=Eef1d PE=2 SV=1 - [Q80T06_MOUSE]
P19157,Glutathione S-transferase P 1 OS=Mus musculus GN=Gstp1 PE=1 SV=2 - [GSTP1_MOUSE]
E9Q0W6,Actin-binding LIM protein 2 OS=Mus musculus GN=Ablim2 PE=1 SV=1 - [E9Q0W6_MOUSE]
E9QKC6,Tripartite motif-containing protein 2 OS=Mus musculus GN=Trim2 PE=4 SV=1 - [E9QKC6_MOUSE]
P15864,"Histone H1,2 OS=Mus musculus GN=Hist1h1c PE=1 SV=2 - [H12_MOUSE]"
P43277,"Histone H1,3 OS=Mus musculus GN=Hist1h1d PE=1 SV=2 - [H13_MOUSE]"
P48453,Serine/threonine-protein phosphatase 2B catalytic subunit beta isoform OS=Mus musculus GN=Ppp3cb PE=1 SV=2 - [PP2BB_MOUSE]
P24270,Catalase OS=Mus musculus GN=Cat PE=1 SV=4 - [CATA_MOUSE]
Q91VC7,Protein phosphatase 1 regulatory subunit 14A OS=Mus musculus GN=Ppp1r14a PE=2 SV=1 - [PP14A_MOUSE]
Q921L6,"Cortactin, isoform CRA_a OS=Mus musculus GN=Cttn PE=2 SV=1 - [Q921L6_MOUSE]"
P56812,Programmed cell death protein 5 OS=Mus musculus GN=Pdcd5 PE=1 SV=3 - [PDCD5_MOUSE]
Q60598,Src substrate cortactin OS=Mus musculus GN=Cttn PE=1 SV=2 - [SRC8_MOUSE]
Q8R0F8,"Acylpyruvase FAHD1, mitochondrial OS=Mus musculus GN=Fahd1 PE=1 SV=2 - [FAHD1_MOUSE]"
Q99MN9,"Propionyl-CoA carboxylase beta chain, mitochondrial OS=Mus musculus GN=Pccb PE=1 SV=2 - [PCCB_MOUSE]"
Q6PE15,"Mycophenolic acid acyl-glucuronide esterase, mitochondrial OS=Mus musculus GN=Abhd10 PE=2 SV=1 - [ABHDA_MOUSE]"
Q5NCM5,Epsin-2 OS=Mus musculus GN=Epn2 PE=1 SV=1 - [Q5NCM5_MOUSE]
Q99JY0,"Trifunctional enzyme subunit beta, mitochondrial OS=Mus musculus GN=Hadhb PE=1 SV=1 - [ECHB_MOUSE]"
Q8R164,Valacyclovir hydrolase OS=Mus musculus GN=Bphl PE=1 SV=1 - [BPHL_MOUSE]
P13020,Gelsolin OS=Mus musculus GN=Gsn PE=1 SV=3 - [GELS_MOUSE]
P60766,Cell division control protein 42 homolog OS=Mus musculus GN=Cdc42 PE=1 SV=2 - [CDC42_MOUSE]
Q9EQF6,Dihydropyrimidinase-related protein 5 OS=Mus musculus GN=Dpysl5 PE=1 SV=1 - [DPYL5_MOUSE]
O70251,Elongation factor 1-beta OS=Mus musculus GN=Eef1b PE=1 SV=5 - [EF1B_MOUSE]
Q7TSJ2,Microtubule-associated protein 6 OS=Mus musculus GN=Map6 PE=1 SV=2 - [MAP6_MOUSE]
O08585,Clathrin light chain A OS=Mus musculus GN=Clta PE=1 SV=2 - [CLCA_MOUSE]
Q9CR95,Adaptin ear-binding coat-associated protein 1 OS=Mus musculus GN=Necap1 PE=1 SV=2 - [NECP1_MOUSE]
Q9CR86,Calcium-regulated heat stable protein 1 OS=Mus musculus GN=Carhsp1 PE=1 SV=1 - [CHSP1_MOUSE]
O88696,"ATP-dependent Clp protease proteolytic subunit, mitochondrial OS=Mus musculus GN=Clpp PE=1 SV=1 - [CLPP_MOUSE]"
P14733,Lamin-B1 OS=Mus musculus GN=Lmnb1 PE=1 SV=3 - [LMNB1_MOUSE]
P09528,Ferritin heavy chain OS=Mus musculus GN=Fth1 PE=1 SV=2 - [FRIH_MOUSE]
Q9WVA4,Transgelin-2 OS=Mus musculus GN=Tagln2 PE=1 SV=4 - [TAGL2_MOUSE]
P55012,Solute carrier family 12 member 2 OS=Mus musculus GN=Slc12a2 PE=1 SV=2 - [S12A2_MOUSE]
Q8CHT0,"Delta-1-pyrroline-5-carboxylate dehydrogenase, mitochondrial OS=Mus musculus GN=Aldh4a1 PE=1 SV=3 - [AL4A1_MOUSE]"
P10126,Elongation factor 1-alpha 1 OS=Mus musculus GN=Eef1a1 PE=1 SV=3 - [EF1A1_MOUSE]
A2AUD5,Tumor protein D54 OS=Mus musculus GN=Tpd52l2 PE=1 SV=1 - [A2AUD5_MOUSE]
Q9CYZ2,Tumor protein D54 OS=Mus musculus GN=Tpd52l2 PE=1 SV=1 - [TPD54_MOUSE]
Q60902,Epidermal growth factor receptor substrate 15-like 1 OS=Mus musculus GN=Eps15l1 PE=1 SV=3 - [EP15R_MOUSE]
Q9D1A2,Cytosolic non-specific dipeptidase OS=Mus musculus GN=Cndp2 PE=1 SV=1 - [CNDP2_MOUSE]
Q3UNZ8,Quinone oxidoreductase-like protein 2 OS=Mus musculus PE=1 SV=1 - [QORL2_MOUSE]
Q3THS6,S-adenosylmethionine synthase isoform type-2 OS=Mus musculus GN=Mat2a PE=2 SV=2 - [METK2_MOUSE]
Q9WUM3,Coronin-1B OS=Mus musculus GN=Coro1b PE=1 SV=1 - [COR1B_MOUSE]
E9Q6U4,Prefoldin subunit 4 OS=Mus musculus GN=Pfdn4 PE=3 SV=1 - [E9Q6U4_MOUSE]
Q9R069,Basal cell adhesion molecule OS=Mus musculus GN=Bcam PE=2 SV=1 - [BCAM_MOUSE]
Q8BKZ9,"Pyruvate dehydrogenase protein X component, mitochondrial OS=Mus musculus GN=Pdhx PE=1 SV=1 - [ODPX_MOUSE]"
P62631,Elongation factor 1-alpha 2 OS=Mus musculus GN=Eef1a2 PE=1 SV=1 - [EF1A2_MOUSE]
Q9Z0P4,Paralemmin-1 OS=Mus musculus GN=Palm PE=1 SV=1 - [PALM_MOUSE]
Q8BL66,Early endosome antigen 1 OS=Mus musculus GN=Eea1 PE=1 SV=2 - [EEA1_MOUSE]
Q9D8Y0,EF-hand domain-containing protein D2 OS=Mus musculus GN=Efhd2 PE=1 SV=1 - [EFHD2_MOUSE]
Q9CR00,26S proteasome non-ATPase regulatory subunit 9 OS=Mus musculus GN=Psmd9 PE=1 SV=1 - [PSMD9_MOUSE]
Q9WTQ5,A-kinase anchor protein 12 OS=Mus musculus GN=Akap12 PE=1 SV=1 - [AKA12_MOUSE]
P57774,Pro-neuropeptide Y OS=Mus musculus GN=Npy PE=1 SV=2 - [NPY_MOUSE]
P23242,Gap junction alpha-1 protein OS=Mus musculus GN=Gja1 PE=1 SV=2 - [CXA1_MOUSE]
P62482,Voltage-gated potassium channel subunit beta-2 OS=Mus musculus GN=Kcnab2 PE=2 SV=1 - [KCAB2_MOUSE]
Q8BH04,"Phosphoenolpyruvate carboxykinase [GTP], mitochondrial OS=Mus musculus GN=Pck2 PE=1 SV=1 - [PCKGM_MOUSE]"
P23927,Alpha-crystallin B chain OS=Mus musculus GN=Cryab PE=1 SV=2 - [CRYAB_MOUSE]
O08917,Flotillin-1 OS=Mus musculus GN=Flot1 PE=1 SV=1 - [FLOT1_MOUSE]
P84086,Complexin-2 OS=Mus musculus GN=Cplx2 PE=1 SV=1 - [CPLX2_MOUSE]
P97315,Cysteine and glycine-rich protein 1 OS=Mus musculus GN=Csrp1 PE=1 SV=3 - [CSRP1_MOUSE]
Q8JZP2,Synapsin-3 OS=Mus musculus GN=Syn3 PE=1 SV=2 - [SYN3_MOUSE]
J3QQ30,Phosphatidylinositol transfer protein alpha isoform OS=Mus musculus GN=Pitpna PE=4 SV=1 - [J3QQ30_MOUSE]
P97927,Laminin subunit alpha-4 OS=Mus musculus GN=Lama4 PE=1 SV=2 - [LAMA4_MOUSE]
F8WGR0,Alpha-adducin OS=Mus musculus GN=Add1 PE=1 SV=1 - [F8WGR0_MOUSE]
P47934,Carnitine O-acetyltransferase OS=Mus musculus GN=Crat PE=1 SV=3 - [CACP_MOUSE]
Q9Z2U1,Proteasome subunit alpha type-5 OS=Mus musculus GN=Psma5 PE=1 SV=1 - [PSA5_MOUSE]
Q99L47,Hsc70-interacting protein OS=Mus musculus GN=St13 PE=1 SV=1 - [F10A1_MOUSE]
Q9D8B3,Charged multivesicular body protein 4b OS=Mus musculus GN=Chmp4b PE=1 SV=2 - [CHM4B_MOUSE]
Q9WUM4,Coronin-1C OS=Mus musculus GN=Coro1c PE=1 SV=2 - [COR1C_MOUSE]
P45591,Cofilin-2 OS=Mus musculus GN=Cfl2 PE=1 SV=1 - [COF2_MOUSE]
P62983,Ubiquitin-40S ribosomal protein S27a OS=Mus musculus GN=Rps27a PE=1 SV=2 - [RS27A_MOUSE]
Q63912,Oligodendrocyte-myelin glycoprotein OS=Mus musculus GN=Omg PE=1 SV=1 - [OMGP_MOUSE]
Q6GSS7,Histone H2A type 2-A OS=Mus musculus GN=Hist2h2aa1 PE=1 SV=3 - [H2A2A_MOUSE]
Q8R1M2,"Histone H2A,J OS=Mus musculus GN=H2afj PE=1 SV=1 - [H2AJ_MOUSE]"
P29595,NEDD8 OS=Mus musculus GN=Nedd8 PE=1 SV=2 - [NEDD8_MOUSE]
P43274,"Histone H1,4 OS=Mus musculus GN=Hist1h1e PE=1 SV=2 - [H14_MOUSE]"
P60487,Pyridoxal phosphate phosphatase OS=Mus musculus GN=Pdxp PE=1 SV=1 - [PLPP_MOUSE]
P99027,60S acidic ribosomal protein P2 OS=Mus musculus GN=Rplp2 PE=1 SV=3 - [RLA2_MOUSE]
Q9CPU0,Lactoylglutathione lyase OS=Mus musculus GN=Glo1 PE=1 SV=3 - [LGUL_MOUSE]
D3Z442,Mth938 domain-containing protein OS=Mus musculus GN=Aamdc PE=4 SV=1 - [D3Z442_MOUSE]
E9PWE0,Protein-L-isoaspartate O-methyltransferase OS=Mus musculus GN=Pcmt1 PE=3 SV=1 - [E9PWE0_MOUSE]
Q8R2K3,Single-stranded DNA-binding protein OS=Mus musculus GN=Ssbp1 PE=2 SV=1 - [Q8R2K3_MOUSE]
Q9DB15,"39S ribosomal protein L12, mitochondrial OS=Mus musculus GN=Mrpl12 PE=1 SV=2 - [RM12_MOUSE]"
P14602,Heat shock protein beta-1 OS=Mus musculus GN=Hspb1 PE=1 SV=3 - [HSPB1_MOUSE]
Q62443,Neuronal pentraxin-1 OS=Mus musculus GN=Nptx1 PE=2 SV=1 - [NPTX1_MOUSE]
P14211,Calreticulin OS=Mus musculus GN=Calr PE=1 SV=1 - [CALR_MOUSE]
Q9Z2U0,Proteasome subunit alpha type-7 OS=Mus musculus GN=Psma7 PE=1 SV=1 - [PSA7_MOUSE]
Q8R3P0,Aspartoacylase OS=Mus musculus GN=Aspa PE=1 SV=2 - [ACY2_MOUSE]
Q08642,Protein-arginine deiminase type-2 OS=Mus musculus GN=Padi2 PE=1 SV=2 - [PADI2_MOUSE]
Q8K406,Leucine-rich repeat LGI family member 3 OS=Mus musculus GN=Lgi3 PE=1 SV=1 - [LGI3_MOUSE]
P32921,"Tryptophan--tRNA ligase, cytoplasmic OS=Mus musculus GN=Wars PE=1 SV=2 - [SYWC_MOUSE]"
D3Z0K8,"Thioredoxin reductase 2, mitochondrial OS=Mus musculus GN=Txnrd2 PE=1 SV=1 - [D3Z0K8_MOUSE]"
P12960,Contactin-1 OS=Mus musculus GN=Cntn1 PE=1 SV=1 - [CNTN1_MOUSE]
P22315,"Ferrochelatase, mitochondrial OS=Mus musculus GN=Fech PE=1 SV=2 - [HEMH_MOUSE]"
Q8BVQ5,Protein phosphatase methylesterase 1 OS=Mus musculus GN=Ppme1 PE=1 SV=5 - [PPME1_MOUSE]
Q9WVA2,Mitochondrial import inner membrane translocase subunit Tim8 A OS=Mus musculus GN=Timm8a1 PE=1 SV=1 - [TIM8A_MOUSE]
Q9JIY5,"Serine protease HTRA2, mitochondrial OS=Mus musculus GN=Htra2 PE=1 SV=2 - [HTRA2_MOUSE]"
A2AMW0,"Capping protein (Actin filament) muscle Z-line, beta, isoform CRA_a OS=Mus musculus GN=Capzb PE=4 SV=1 - [A2AMW0_MOUSE]"
P47757,F-actin-capping protein subunit beta OS=Mus musculus GN=Capzb PE=1 SV=3 - [CAPZB_MOUSE]
Q61553,Fascin OS=Mus musculus GN=Fscn1 PE=1 SV=4 - [FSCN1_MOUSE]
G5E8N5,L-lactate dehydrogenase OS=Mus musculus GN=Ldha PE=3 SV=1 - [G5E8N5_MOUSE]
P08752,Guanine nucleotide-binding protein G(i) subunit alpha-2 OS=Mus musculus GN=Gnai2 PE=1 SV=5 - [GNAI2_MOUSE]
Q99PU5,Long-chain-fatty-acid--CoA ligase ACSBG1 OS=Mus musculus GN=Acsbg1 PE=1 SV=1 - [ACBG1_MOUSE]
Q8VDD5,Myosin-9 OS=Mus musculus GN=Myh9 PE=1 SV=4 - [MYH9_MOUSE]
Q9WV98,Mitochondrial import inner membrane translocase subunit Tim9 OS=Mus musculus GN=Timm9 PE=1 SV=1 - [TIM9_MOUSE]
K3W4M4,ATP-dependent (S)-NAD(P)H-hydrate dehydratase OS=Mus musculus GN=Carkd PE=1 SV=1 - [K3W4M4_MOUSE]
Q9JHI5,"Isovaleryl-CoA dehydrogenase, mitochondrial OS=Mus musculus GN=Ivd PE=1 SV=1 - [IVD_MOUSE]"
Q5SW88,Ras-related protein Rab-1A OS=Mus musculus GN=Rab1 PE=3 SV=1 - [Q5SW88_MOUSE]
Q9DA03,Complex III assembly factor LYRM7 OS=Mus musculus GN=Lyrm7 PE=2 SV=2 - [LYRM7_MOUSE]
Q8BIJ6,"Isoleucine--tRNA ligase, mitochondrial OS=Mus musculus GN=Iars2 PE=1 SV=1 - [SYIM_MOUSE]"
O35852,Preprodynorphin (Fragment) OS=Mus musculus GN=Pdyn PE=2 SV=1 - [O35852_MOUSE]
Q9CQ60,6-phosphogluconolactonase OS=Mus musculus GN=Pgls PE=2 SV=1 - [6PGL_MOUSE]
P13707,"Glycerol-3-phosphate dehydrogenase [NAD(+)], cytoplasmic OS=Mus musculus GN=Gpd1 PE=1 SV=3 - [GPDA_MOUSE]"
Q9JHL1,Na(+)/H(+) exchange regulatory cofactor NHE-RF2 OS=Mus musculus GN=Slc9a3r2 PE=1 SV=2 - [NHRF2_MOUSE]
F8WHQ1,Tumor protein D52 OS=Mus musculus GN=Tpd52 PE=4 SV=1 - [F8WHQ1_MOUSE]
Q8K0U4,Heat shock 70 kDa protein 12A OS=Mus musculus GN=Hspa12a PE=1 SV=1 - [HS12A_MOUSE]
P16332,"Methylmalonyl-CoA mutase, mitochondrial OS=Mus musculus GN=Mut PE=1 SV=2 - [MUTA_MOUSE]"
Q80Y17,Lethal(2) giant larvae protein homolog 1 OS=Mus musculus GN=Llgl1 PE=1 SV=1 - [L2GL1_MOUSE]
B9EKP8,Sorbin and SH3 domain-containing protein 2 OS=Mus musculus GN=Sorbs2 PE=2 SV=1 - [B9EKP8_MOUSE]
P55302,Alpha-2-macroglobulin receptor-associated protein OS=Mus musculus GN=Lrpap1 PE=1 SV=1 - [AMRP_MOUSE]
E9Q9C1,Actin-binding LIM protein 1 OS=Mus musculus GN=Ablim1 PE=1 SV=1 - [E9Q9C1_MOUSE]
Q9WV69,Dematin OS=Mus musculus GN=Dmtn PE=1 SV=1 - [DEMA_MOUSE]
A0A0A6YY91,Neural cell adhesion molecule 1 (Fragment) OS=Mus musculus GN=Ncam1 PE=4 SV=1 - [A0A0A6YY91_MOUSE]
P13595,Neural cell adhesion molecule 1 OS=Mus musculus GN=Ncam1 PE=1 SV=3 - [NCAM1_MOUSE]
P84228,"Histone H3,2 OS=Mus musculus GN=Hist1h3b PE=1 SV=2 - [H32_MOUSE]"
Q9QZ23,"NFU1 iron-sulfur cluster scaffold homolog, mitochondrial OS=Mus musculus GN=Nfu1 PE=1 SV=2 - [NFU1_MOUSE]"
Q6URW6,Myosin-14 OS=Mus musculus GN=Myh14 PE=1 SV=1 - [MYH14_MOUSE]
Q9Z1J3,"Cysteine desulfurase, mitochondrial OS=Mus musculus GN=Nfs1 PE=2 SV=3 - [NFS1_MOUSE]"
Q80VP1,Epsin-1 OS=Mus musculus GN=Epn1 PE=1 SV=3 - [EPN1_MOUSE]
P45376,Aldose reductase OS=Mus musculus GN=Akr1b1 PE=1 SV=3 - [ALDR_MOUSE]
Q9Z1P6,NADH dehydrogenase [ubiquinone] 1 alpha subcomplex subunit 7 OS=Mus musculus GN=Ndufa7 PE=1 SV=3 - [NDUA7_MOUSE]
P12658,Calbindin OS=Mus musculus GN=Calb1 PE=1 SV=2 - [CALB1_MOUSE]
Q9R0D8,WD repeat-containing protein 54 OS=Mus musculus GN=Wdr54 PE=2 SV=1 - [WDR54_MOUSE]
G3UW70,MCG21719 OS=Mus musculus GN=Lamtor5 PE=4 SV=1 - [G3UW70_MOUSE]
Q5SVJ0,"Calcium/calmodulin-dependent protein kinase II, beta, isoform CRA_b OS=Mus musculus GN=Camk2b PE=4 SV=1 - [Q5SVJ0_MOUSE]"
Q8R326,Paraspeckle component 1 OS=Mus musculus GN=Pspc1 PE=1 SV=1 - [PSPC1_MOUSE]
P35505,Fumarylacetoacetase OS=Mus musculus GN=Fah PE=1 SV=2 - [FAAA_MOUSE]
Q8R3B1,"1-phosphatidylinositol 4,5-bisphosphate phosphodiesterase delta-1 OS=Mus musculus GN=Plcd1 PE=2 SV=2 - [PLCD1_MOUSE]"
E9PV14,"Band 4,1-like protein 1 (Fragment) OS=Mus musculus GN=Epb4,1l1 PE=1 SV=1 - [E9PV14_MOUSE]"
Q9WTR5,Cadherin-13 OS=Mus musculus GN=Cdh13 PE=1 SV=2 - [CAD13_MOUSE]
Q8BHN3,Neutral alpha-glucosidase AB OS=Mus musculus GN=Ganab PE=1 SV=1 - [GANAB_MOUSE]
Q64010,Adapter molecule crk OS=Mus musculus GN=Crk PE=1 SV=1 - [CRK_MOUSE]
Q9CZ13,"Cytochrome b-c1 complex subunit 1, mitochondrial OS=Mus musculus GN=Uqcrc1 PE=1 SV=2 - [QCR1_MOUSE]"
O70176,Pituitary adenylate cyclase-activating polypeptide OS=Mus musculus GN=Adcyap1 PE=2 SV=1 - [PACA_MOUSE]
Q91WM2,Cat eye syndrome critical region protein 5 homolog OS=Mus musculus GN=Cecr5 PE=2 SV=1 - [CECR5_MOUSE]
E9PV44,"ATPase inhibitor, mitochondrial OS=Mus musculus GN=Atpif1 PE=1 SV=1 - [E9PV44_MOUSE]"
Q3UGR5,Haloacid dehalogenase-like hydrolase domain-containing protein 2 OS=Mus musculus GN=Hdhd2 PE=1 SV=2 - [HDHD2_MOUSE]
P16014,Secretogranin-1 OS=Mus musculus GN=Chgb PE=1 SV=2 - [SCG1_MOUSE]
Q8K411,"Presequence protease, mitochondrial OS=Mus musculus GN=Pitrm1 PE=1 SV=1 - [PREP_MOUSE]"
Q9QYB8,Beta-adducin OS=Mus musculus GN=Add2 PE=1 SV=4 - [ADDB_MOUSE]
Q99JW2,Aminoacylase-1 OS=Mus musculus GN=Acy1 PE=1 SV=1 - [ACY1_MOUSE]
Q9D1Q6,Endoplasmic reticulum resident protein 44 OS=Mus musculus GN=Erp44 PE=1 SV=1 - [ERP44_MOUSE]
Q8K2C6,"NAD-dependent protein deacylase sirtuin-5, mitochondrial OS=Mus musculus GN=Sirt5 PE=1 SV=1 - [SIR5_MOUSE]"
Q7TN29,Stromal membrane-associated protein 2 OS=Mus musculus GN=Smap2 PE=1 SV=1 - [SMAP2_MOUSE]
Q2TPA8,Hydroxysteroid dehydrogenase-like protein 2 OS=Mus musculus GN=Hsdl2 PE=1 SV=1 - [HSDL2_MOUSE]
Q9CRB6,Tubulin polymerization-promoting protein family member 3 OS=Mus musculus GN=Tppp3 PE=1 SV=1 - [TPPP3_MOUSE]
Q9QY76,Vesicle-associated membrane protein-associated protein B OS=Mus musculus GN=Vapb PE=2 SV=3 - [VAPB_MOUSE]
Q3UUI3,Acyl-coenzyme A thioesterase THEM4 OS=Mus musculus GN=Them4 PE=1 SV=1 - [THEM4_MOUSE]
P14873,Microtubule-associated protein 1B OS=Mus musculus GN=Map1b PE=1 SV=2 - [MAP1B_MOUSE]
P24549,Retinal dehydrogenase 1 OS=Mus musculus GN=Aldh1a1 PE=1 SV=5 - [AL1A1_MOUSE]
Q8R550,SH3 domain-containing kinase-binding protein 1 OS=Mus musculus GN=Sh3kbp1 PE=1 SV=1 - [SH3K1_MOUSE]
P08113,Endoplasmin OS=Mus musculus GN=Hsp90b1 PE=1 SV=2 - [ENPL_MOUSE]
Q99PJ0,Neurotrimin OS=Mus musculus GN=Ntm PE=2 SV=2 - [NTRI_MOUSE]
Q9QZ06,Toll-interacting protein OS=Mus musculus GN=Tollip PE=1 SV=1 - [TOLIP_MOUSE]
Q8BHA3,Probable D-tyrosyl-tRNA(Tyr) deacylase 2 OS=Mus musculus GN=Dtd2 PE=2 SV=1 - [DTD2_MOUSE]
Q8VBV7,COP9 signalosome complex subunit 8 OS=Mus musculus GN=Cops8 PE=1 SV=1 - [CSN8_MOUSE]
P14206,40S ribosomal protein SA OS=Mus musculus GN=Rpsa PE=1 SV=4 - [RSSA_MOUSE]
B9EHJ3,Tight junction protein ZO-1 OS=Mus musculus GN=Tjp1 PE=2 SV=1 - [B9EHJ3_MOUSE]
D6RIN4,"Dynein light chain 2, cytoplasmic OS=Mus musculus GN=Dynll2 PE=4 SV=1 - [D6RIN4_MOUSE]"
F8VQA4,Peptidyl-glycine alpha-amidating monooxygenase OS=Mus musculus GN=Pam PE=4 SV=1 - [F8VQA4_MOUSE]
Q9JII6,Alcohol dehydrogenase [NADP(+)] OS=Mus musculus GN=Akr1a1 PE=1 SV=3 - [AK1A1_MOUSE]
Q4KMM3,Oxidation resistance protein 1 OS=Mus musculus GN=Oxr1 PE=2 SV=3 - [OXR1_MOUSE]
Q62108,Disks large homolog 4 OS=Mus musculus GN=Dlg4 PE=1 SV=1 - [DLG4_MOUSE]
J3QNK8,Abl interactor 1 OS=Mus musculus GN=Abi1 PE=1 SV=1 - [J3QNK8_MOUSE]
Q6PDY2,2-aminoethanethiol dioxygenase OS=Mus musculus GN=Ado PE=1 SV=2 - [AEDO_MOUSE]
D3Z4J9,Echinoderm microtubule-associated protein-like 1 OS=Mus musculus GN=Eml1 PE=4 SV=1 - [D3Z4J9_MOUSE]
Q3V117,ATP-citrate synthase OS=Mus musculus GN=Acly PE=2 SV=1 - [Q3V117_MOUSE]
P97450,"ATP synthase-coupling factor 6, mitochondrial OS=Mus musculus GN=Atp5j PE=1 SV=1 - [ATP5J_MOUSE]"
F8WIA1,CAP-Gly domain-containing linker protein 1 OS=Mus musculus GN=Clip1 PE=1 SV=1 - [F8WIA1_MOUSE]
Q61081,Hsp90 co-chaperone Cdc37 OS=Mus musculus GN=Cdc37 PE=2 SV=1 - [CDC37_MOUSE]
Q3TML0,Protein disulfide-isomerase A6 OS=Mus musculus GN=Pdia6 PE=2 SV=1 - [Q3TML0_MOUSE]
Q9CZC8,Secernin-1 OS=Mus musculus GN=Scrn1 PE=1 SV=1 - [SCRN1_MOUSE]
Q8BR92,Paralemmin-2 OS=Mus musculus GN=Palm2 PE=1 SV=1 - [PALM2_MOUSE]
P27546,Microtubule-associated protein 4 OS=Mus musculus GN=Map4 PE=1 SV=3 - [MAP4_MOUSE]
Q9DC07,LIM zinc-binding domain-containing Nebulette OS=Mus musculus GN=Nebl PE=2 SV=1 - [LNEBL_MOUSE]
D3Z7P3,"Glutaminase kidney isoform, mitochondrial OS=Mus musculus GN=Gls PE=1 SV=1 - [GLSK_MOUSE]"
Q6PER3,Microtubule-associated protein RP/EB family member 3 OS=Mus musculus GN=Mapre3 PE=1 SV=1 - [MARE3_MOUSE]
Q03958,Prefoldin subunit 6 OS=Mus musculus GN=Pfdn6 PE=2 SV=1 - [PFD6_MOUSE]
Q7TMK9,Heterogeneous nuclear ribonucleoprotein Q OS=Mus musculus GN=Syncrip PE=1 SV=2 - [HNRPQ_MOUSE]
Q8VHP7,Leukocyte elastase inhibitor B OS=Mus musculus GN=Serpinb1b PE=1 SV=1 - [ILEUB_MOUSE]
Q80SW1,Putative adenosylhomocysteinase 2 OS=Mus musculus GN=Ahcyl1 PE=1 SV=1 - [SAHH2_MOUSE]
Q8BLK3,Limbic system-associated membrane protein OS=Mus musculus GN=Lsamp PE=1 SV=1 - [LSAMP_MOUSE]
Q8CHP8,Phosphoglycolate phosphatase OS=Mus musculus GN=Pgp PE=1 SV=1 - [PGP_MOUSE]
E9Q9F5,Septin-7 OS=Mus musculus GN=Sept7 PE=1 SV=2 - [E9Q9F5_MOUSE]
Q9DCS3,"Trans-2-enoyl-CoA reductase, mitochondrial OS=Mus musculus GN=Mecr PE=1 SV=2 - [MECR_MOUSE]"
Q9DB05,Alpha-soluble NSF attachment protein OS=Mus musculus GN=Napa PE=1 SV=1 - [SNAA_MOUSE]
P56389,Cytidine deaminase OS=Mus musculus GN=Cda PE=1 SV=2 - [CDD_MOUSE]
B1AX58,Plastin-3 OS=Mus musculus GN=Pls3 PE=4 SV=1 - [B1AX58_MOUSE]
F7DBB3,Protein Ahnak2 (Fragment) OS=Mus musculus GN=Ahnak2 PE=1 SV=1 - [F7DBB3_MOUSE]
Q9DAW9,Calponin-3 OS=Mus musculus GN=Cnn3 PE=1 SV=1 - [CNN3_MOUSE]
P30416,Peptidyl-prolyl cis-trans isomerase FKBP4 OS=Mus musculus GN=Fkbp4 PE=1 SV=5 - [FKBP4_MOUSE]
Q80UG5,Septin-9 OS=Mus musculus GN=Sept9 PE=1 SV=1 - [SEPT9_MOUSE]
P32848,Parvalbumin alpha OS=Mus musculus GN=Pvalb PE=1 SV=3 - [PRVA_MOUSE]
Q9D273,"Cob(I)yrinic acid a,c-diamide adenosyltransferase, mitochondrial OS=Mus musculus GN=Mmab PE=1 SV=1 - [MMAB_MOUSE]"
Q80Y14,"Glutaredoxin-related protein 5, mitochondrial OS=Mus musculus GN=Glrx5 PE=1 SV=2 - [GLRX5_MOUSE]"
Q9CZR8,"Elongation factor Ts, mitochondrial OS=Mus musculus GN=Tsfm PE=1 SV=1 - [EFTS_MOUSE]"
Q9JKB1,Ubiquitin carboxyl-terminal hydrolase isozyme L3 OS=Mus musculus GN=Uchl3 PE=1 SV=2 - [UCHL3_MOUSE]
Q9WTX5,S-phase kinase-associated protein 1 OS=Mus musculus GN=Skp1 PE=1 SV=3 - [SKP1_MOUSE]
Q8C6E0,Cilia- and flagella-associated protein 36 OS=Mus musculus GN=Cfap36 PE=2 SV=1 - [CFA36_MOUSE]
O89053,Coronin-1A OS=Mus musculus GN=Coro1a PE=1 SV=5 - [COR1A_MOUSE]
Q8VDN4,Coiled-coil domain-containing protein 92 OS=Mus musculus GN=Ccdc92 PE=2 SV=1 - [CCD92_MOUSE]
B2RPU8,MCG130675 OS=Mus musculus GN=Zbed5 PE=2 SV=1 - [B2RPU8_MOUSE]
P06745,Glucose-6-phosphate isomerase OS=Mus musculus GN=Gpi PE=1 SV=4 - [G6PI_MOUSE]
Q99LF4,tRNA-splicing ligase RtcB homolog OS=Mus musculus GN=Rtcb PE=2 SV=1 - [RTCB_MOUSE]
Q9QYS9,Protein quaking OS=Mus musculus GN=Qki PE=1 SV=1 - [QKI_MOUSE]
Q99K48,Non-POU domain-containing octamer-binding protein OS=Mus musculus GN=Nono PE=1 SV=3 - [NONO_MOUSE]
Q3URE1,"Acyl-CoA synthetase family member 3, mitochondrial OS=Mus musculus GN=Acsf3 PE=2 SV=2 - [ACSF3_MOUSE]"
Q3UDC3,Target of Myb protein 1 OS=Mus musculus GN=Tom1 PE=2 SV=1 - [Q3UDC3_MOUSE]
Q9CQ62,"2,4-dienoyl-CoA reductase, mitochondrial OS=Mus musculus GN=Decr1 PE=1 SV=1 - [DECR_MOUSE]"
B1ASE2,"ATP synthase subunit d, mitochondrial (Fragment) OS=Mus musculus GN=Atp5h PE=4 SV=1 - [B1ASE2_MOUSE]"
Q99JB8,Protein kinase C and casein kinase II substrate protein 3 OS=Mus musculus GN=Pacsin3 PE=1 SV=1 - [PACN3_MOUSE]
Q99LB7,"Sarcosine dehydrogenase, mitochondrial OS=Mus musculus GN=Sardh PE=1 SV=1 - [SARDH_MOUSE]"
Q99NB1,"Acetyl-coenzyme A synthetase 2-like, mitochondrial OS=Mus musculus GN=Acss1 PE=1 SV=1 - [ACS2L_MOUSE]"
Q9JHJ0,Tropomodulin-3 OS=Mus musculus GN=Tmod3 PE=2 SV=1 - [TMOD3_MOUSE]
O55126,Protein NipSnap homolog 2 OS=Mus musculus GN=Gbas PE=2 SV=1 - [NIPS2_MOUSE]
Q9QUR7,Peptidyl-prolyl cis-trans isomerase NIMA-interacting 1 OS=Mus musculus GN=Pin1 PE=1 SV=1 - [PIN1_MOUSE]
Q78JW9,Ubiquitin domain-containing protein UBFD1 OS=Mus musculus GN=Ubfd1 PE=1 SV=2 - [UBFD1_MOUSE]
Q99KR7,"Peptidyl-prolyl cis-trans isomerase F, mitochondrial OS=Mus musculus GN=Ppif PE=1 SV=1 - [PPIF_MOUSE]"
E9QK82,Myelin protein P0 OS=Mus musculus GN=Mpz PE=4 SV=1 - [E9QK82_MOUSE]
P24472,Glutathione S-transferase A4 OS=Mus musculus GN=Gsta4 PE=1 SV=3 - [GSTA4_MOUSE]
Q9R1P3,Proteasome subunit beta type-2 OS=Mus musculus GN=Psmb2 PE=1 SV=1 - [PSB2_MOUSE]
P35979,60S ribosomal protein L12 OS=Mus musculus GN=Rpl12 PE=1 SV=2 - [RL12_MOUSE]
O89112,LanC-like protein 1 OS=Mus musculus GN=Lancl1 PE=1 SV=1 - [LANC1_MOUSE]
P63005,Platelet-activating factor acetylhydrolase IB subunit alpha OS=Mus musculus GN=Pafah1b1 PE=1 SV=2 - [LIS1_MOUSE]
Q9Z0H8,CAP-Gly domain-containing linker protein 2 OS=Mus musculus GN=Clip2 PE=1 SV=2 - [CLIP2_MOUSE]
P60202,Myelin proteolipid protein OS=Mus musculus GN=Plp1 PE=1 SV=2 - [MYPR_MOUSE]
Q9Z2Q6,Septin-5 OS=Mus musculus GN=Sept5 PE=1 SV=2 - [SEPT5_MOUSE]
Q9DC51,Guanine nucleotide-binding protein G(k) subunit alpha OS=Mus musculus GN=Gnai3 PE=1 SV=3 - [GNAI3_MOUSE]
Q6R0H7,Guanine nucleotide-binding protein G(s) subunit alpha isoforms XLas OS=Mus musculus GN=Gnas PE=2 SV=1 - [GNAS1_MOUSE]
P34022,Ran-specific GTPase-activating protein OS=Mus musculus GN=Ranbp1 PE=1 SV=2 - [RANG_MOUSE]
Q8BUK6,Protein Hook homolog 3 OS=Mus musculus GN=Hook3 PE=1 SV=2 - [HOOK3_MOUSE]
Q9CQR2,40S ribosomal protein S21 OS=Mus musculus GN=Rps21 PE=2 SV=1 - [RS21_MOUSE]
Q8BGQ7,"Alanine--tRNA ligase, cytoplasmic OS=Mus musculus GN=Aars PE=1 SV=1 - [SYAC_MOUSE]"
A0A087WNV1,Arf-GAP domain and FG repeat-containing protein 1 OS=Mus musculus GN=Agfg1 PE=1 SV=1 - [A0A087WNV1_MOUSE]
Q60605,Myosin light polypeptide 6 OS=Mus musculus GN=Myl6 PE=1 SV=3 - [MYL6_MOUSE]
Q9D8S4,"Oligoribonuclease, mitochondrial OS=Mus musculus GN=Rexo2 PE=1 SV=2 - [ORN_MOUSE]"
P54071,"Isocitrate dehydrogenase [NADP], mitochondrial OS=Mus musculus GN=Idh2 PE=1 SV=3 - [IDHP_MOUSE]"
Q91VA7,"Isocitrate dehydrogenase [NAD] subunit, mitochondrial OS=Mus musculus GN=Idh3b PE=2 SV=1 - [Q91VA7_MOUSE]"
P97352,Protein S100-A13 OS=Mus musculus GN=S100a13 PE=1 SV=1 - [S10AD_MOUSE]
Q9QXT0,Protein canopy homolog 2 OS=Mus musculus GN=Cnpy2 PE=1 SV=1 - [CNPY2_MOUSE]
F8VQJ3,Laminin subunit gamma-1 OS=Mus musculus GN=Lamc1 PE=4 SV=1 - [F8VQJ3_MOUSE]
D3Z656,Synaptojanin-1 OS=Mus musculus GN=Synj1 PE=1 SV=1 - [D3Z656_MOUSE]
Q8CHC4,Synaptojanin-1 OS=Mus musculus GN=Synj1 PE=1 SV=3 - [SYNJ1_MOUSE]
V9GX26,Glycogenin-1 (Fragment) OS=Mus musculus GN=Gyg PE=4 SV=1 - [V9GX26_MOUSE]
G3UZ30,Protein phosphatase 1 regulatory subunit 11 (Fragment) OS=Mus musculus GN=Ppp1r11 PE=4 SV=2 - [G3UZ30_MOUSE]
Q61768,Kinesin-1 heavy chain OS=Mus musculus GN=Kif5b PE=1 SV=3 - [KINH_MOUSE]
Q9R1T4,Septin-6 OS=Mus musculus GN=Sept6 PE=1 SV=4 - [SEPT6_MOUSE]
A0A087WQS0,Protein Tns1 OS=Mus musculus GN=Tns1 PE=1 SV=1 - [A0A087WQS0_MOUSE]
Q6ZWY8,Thymosin beta-10 OS=Mus musculus GN=Tmsb10 PE=2 SV=3 - [TYB10_MOUSE]
Q60829,Protein phosphatase 1 regulatory subunit 1B OS=Mus musculus GN=Ppp1r1b PE=2 SV=2 - [PPR1B_MOUSE]
D3YYD5,Vacuolar protein sorting-associated protein 29 (Fragment) OS=Mus musculus GN=Vps29 PE=4 SV=1 - [D3YYD5_MOUSE]
P52825,"Carnitine O-palmitoyltransferase 2, mitochondrial OS=Mus musculus GN=Cpt2 PE=1 SV=2 - [CPT2_MOUSE]"
P55099,Tachykinin-3 OS=Mus musculus GN=Tac3 PE=2 SV=2 - [TKNK_MOUSE]
Q6P5E8,Diacylglycerol kinase theta OS=Mus musculus GN=Dgkq PE=2 SV=1 - [DGKQ_MOUSE]
Q8BVE3,V-type proton ATPase subunit H OS=Mus musculus GN=Atp6v1h PE=1 SV=1 - [VATH_MOUSE]
P56942,Pro-MCH OS=Mus musculus GN=Pmch PE=1 SV=2 - [MCH_MOUSE]
Q9Z0X1,"Apoptosis-inducing factor 1, mitochondrial OS=Mus musculus GN=Aifm1 PE=1 SV=1 - [AIFM1_MOUSE]"
Q9Z140,Copine-6 OS=Mus musculus GN=Cpne6 PE=2 SV=1 - [CPNE6_MOUSE]
Q11011,Puromycin-sensitive aminopeptidase OS=Mus musculus GN=Npepps PE=1 SV=2 - [PSA_MOUSE]
Q80XN0,"D-beta-hydroxybutyrate dehydrogenase, mitochondrial OS=Mus musculus GN=Bdh1 PE=1 SV=2 - [BDH_MOUSE]"
Q9JM96,Cdc42 effector protein 4 OS=Mus musculus GN=Cdc42ep4 PE=1 SV=1 - [BORG4_MOUSE]
Q9DCT8,Cysteine-rich protein 2 OS=Mus musculus GN=Crip2 PE=1 SV=1 - [CRIP2_MOUSE]
D3YV71,Pleckstrin homology domain-containing family B member 1 OS=Mus musculus GN=Plekhb1 PE=4 SV=1 - [D3YV71_MOUSE]
Q3U0I3,T-complex protein 1 subunit gamma OS=Mus musculus GN=Cct3 PE=2 SV=1 - [Q3U0I3_MOUSE]
F6SAC3,Glucose-6-phosphate isomerase OS=Mus musculus GN=Gm1840 PE=3 SV=1 - [F6SAC3_MOUSE]
E9Q0N0,Intersectin-1 OS=Mus musculus GN=Itsn1 PE=1 SV=1 - [E9Q0N0_MOUSE]
P99026,Proteasome subunit beta type-4 OS=Mus musculus GN=Psmb4 PE=1 SV=1 - [PSB4_MOUSE]
P41539,Protachykinin-1 OS=Mus musculus GN=Tac1 PE=2 SV=1 - [TKN1_MOUSE]
P32020,Non-specific lipid-transfer protein OS=Mus musculus GN=Scp2 PE=1 SV=3 - [NLTP_MOUSE]
Q9CR37,Pancreatic progenitor cell differentiation and proliferation factor OS=Mus musculus GN=Ppdpf PE=2 SV=1 - [PPDPF_MOUSE]
Q3U367,4-trimethylaminobutyraldehyde dehydrogenase OS=Mus musculus GN=Aldh9a1 PE=2 SV=1 - [Q3U367_MOUSE]
Q91YR1,Twinfilin-1 OS=Mus musculus GN=Twf1 PE=1 SV=2 - [TWF1_MOUSE]
Q8C2Q3,RNA-binding protein 14 OS=Mus musculus GN=Rbm14 PE=1 SV=1 - [RBM14_MOUSE]
P42932,T-complex protein 1 subunit theta OS=Mus musculus GN=Cct8 PE=1 SV=3 - [TCPQ_MOUSE]
Q9WTP7,"GTP:AMP phosphotransferase AK3, mitochondrial OS=Mus musculus GN=Ak3 PE=1 SV=3 - [KAD3_MOUSE]"
Q91XM9,Disks large homolog 2 OS=Mus musculus GN=Dlg2 PE=1 SV=2 - [DLG2_MOUSE]
D6REG4,Glyoxylate reductase/hydroxypyruvate reductase OS=Mus musculus GN=Grhpr PE=3 SV=1 - [D6REG4_MOUSE]
E9Q035,Protein Gm20425 OS=Mus musculus GN=Gm20425 PE=4 SV=1 - [E9Q035_MOUSE]
Q924D0,"Reticulon-4-interacting protein 1, mitochondrial OS=Mus musculus GN=Rtn4ip1 PE=1 SV=2 - [RT4I1_MOUSE]"
E9PX29,Protein Sptbn4 OS=Mus musculus GN=Sptbn4 PE=1 SV=1 - [E9PX29_MOUSE]
Q91W97,Putative hexokinase HKDC1 OS=Mus musculus GN=Hkdc1 PE=2 SV=1 - [HKDC1_MOUSE]
Q8BMF3,"NADP-dependent malic enzyme, mitochondrial OS=Mus musculus GN=Me3 PE=1 SV=2 - [MAON_MOUSE]"
B2M1R6,Heterogeneous nuclear ribonucleoprotein K OS=Mus musculus GN=Hnrnpk PE=2 SV=1 - [B2M1R6_MOUSE]
Q91W92,Cdc42 effector protein 1 OS=Mus musculus GN=Cdc42ep1 PE=1 SV=1 - [BORG5_MOUSE]
O88322,Nidogen-2 OS=Mus musculus GN=Nid2 PE=1 SV=2 - [NID2_MOUSE]
G3UY75,Protein-tyrosine-phosphatase OS=Mus musculus GN=Ptprd PE=4 SV=1 - [G3UY75_MOUSE]
Q9D1E6,Tubulin-folding cofactor B OS=Mus musculus GN=Tbcb PE=1 SV=2 - [TBCB_MOUSE]
E9PZC3,Flavin reductase (NADPH) OS=Mus musculus GN=Blvrb PE=4 SV=1 - [E9PZC3_MOUSE]
P01831,Thy-1 membrane glycoprotein OS=Mus musculus GN=Thy1 PE=1 SV=1 - [THY1_MOUSE]
P70362,Ubiquitin fusion degradation protein 1 homolog OS=Mus musculus GN=Ufd1l PE=1 SV=2 - [UFD1_MOUSE]
Q8CBY0,"Glutamyl-tRNA(Gln) amidotransferase subunit C, mitochondrial OS=Mus musculus GN=Gatc PE=2 SV=1 - [GATC_MOUSE]"
Q61548,Clathrin coat assembly protein AP180 OS=Mus musculus GN=Snap91 PE=1 SV=1 - [AP180_MOUSE]
E9Q9A3,Clathrin coat assembly protein AP180 OS=Mus musculus GN=Snap91 PE=1 SV=2 - [E9Q9A3_MOUSE]
O88844,Isocitrate dehydrogenase [NADP] cytoplasmic OS=Mus musculus GN=Idh1 PE=1 SV=2 - [IDHC_MOUSE]
Q8CAK1,"Putative transferase CAF17 homolog, mitochondrial OS=Mus musculus GN=Iba57 PE=1 SV=1 - [CAF17_MOUSE]"
P12367,cAMP-dependent protein kinase type II-alpha regulatory subunit OS=Mus musculus GN=Prkar2a PE=1 SV=2 - [KAP2_MOUSE]
P70349,Histidine triad nucleotide-binding protein 1 OS=Mus musculus GN=Hint1 PE=1 SV=3 - [HINT1_MOUSE]
E9QPX3,"NADH dehydrogenase [ubiquinone] iron-sulfur protein 4, mitochondrial OS=Mus musculus GN=Ndufs4 PE=4 SV=1 - [E9QPX3_MOUSE]"
Q99KB8,"Hydroxyacylglutathione hydrolase, mitochondrial OS=Mus musculus GN=Hagh PE=1 SV=2 - [GLO2_MOUSE]"
B1AQX9,SRC kinase-signaling inhibitor 1 OS=Mus musculus GN=Srcin1 PE=1 SV=1 - [B1AQX9_MOUSE]
Q9QYR9,"Acyl-coenzyme A thioesterase 2, mitochondrial OS=Mus musculus GN=Acot2 PE=1 SV=2 - [ACOT2_MOUSE]"
Q8R086,"Sulfite oxidase, mitochondrial OS=Mus musculus GN=Suox PE=2 SV=2 - [SUOX_MOUSE]"
Q9CRC6,UPF0693 protein C10orf32 homolog OS=Mus musculus PE=1 SV=1 - [CJ032_MOUSE]
Q9D8X2,Coiled-coil domain-containing protein 124 OS=Mus musculus GN=Ccdc124 PE=2 SV=1 - [CC124_MOUSE]
P50171,Estradiol 17-beta-dehydrogenase 8 OS=Mus musculus GN=Hsd17b8 PE=1 SV=2 - [DHB8_MOUSE]
Q8BH86,"UPF0317 protein C14orf159 homolog, mitochondrial OS=Mus musculus PE=1 SV=1 - [CN159_MOUSE]"
D3YZP9,Coiled-coil domain-containing protein 6 OS=Mus musculus GN=Ccdc6 PE=1 SV=1 - [CCDC6_MOUSE]
Q3TMH2,Secernin-3 OS=Mus musculus GN=Scrn3 PE=1 SV=1 - [SCRN3_MOUSE]
H3BKL5,"3-ketoacyl-CoA thiolase A, peroxisomal OS=Mus musculus GN=Acaa1a PE=1 SV=1 - [H3BKL5_MOUSE]"
Q64105,Sepiapterin reductase OS=Mus musculus GN=Spr PE=1 SV=1 - [SPRE_MOUSE]
P63242,Eukaryotic translation initiation factor 5A-1 OS=Mus musculus GN=Eif5a PE=1 SV=2 - [IF5A1_MOUSE]
Q6RHR9,"Membrane-associated guanylate kinase, WW and PDZ domain-containing protein 1 OS=Mus musculus GN=Magi1 PE=1 SV=1 - [MAGI1_MOUSE]"
Q9JKR6,Hypoxia up-regulated protein 1 OS=Mus musculus GN=Hyou1 PE=1 SV=1 - [HYOU1_MOUSE]
J3QPG5,Prosaposin OS=Mus musculus GN=Psap PE=4 SV=1 - [J3QPG5_MOUSE]
Q9DB34,Charged multivesicular body protein 2a OS=Mus musculus GN=Chmp2a PE=1 SV=1 - [CHM2A_MOUSE]
Q9JJV2,Profilin-2 OS=Mus musculus GN=Pfn2 PE=1 SV=3 - [PROF2_MOUSE]
Q9CXT8,Mitochondrial-processing peptidase subunit beta OS=Mus musculus GN=Pmpcb PE=2 SV=1 - [MPPB_MOUSE]
P40124,Adenylyl cyclase-associated protein 1 OS=Mus musculus GN=Cap1 PE=1 SV=4 - [CAP1_MOUSE]
Q9CQ75,NADH dehydrogenase [ubiquinone] 1 alpha subcomplex subunit 2 OS=Mus musculus GN=Ndufa2 PE=1 SV=3 - [NDUA2_MOUSE]
Q91WK0,Leucine-rich repeat flightless-interacting protein 2 OS=Mus musculus GN=Lrrfip2 PE=1 SV=1 - [LRRF2_MOUSE]
Q91W90,Thioredoxin domain-containing protein 5 OS=Mus musculus GN=Txndc5 PE=1 SV=2 - [TXND5_MOUSE]
P48774,Glutathione S-transferase Mu 5 OS=Mus musculus GN=Gstm5 PE=1 SV=1 - [GSTM5_MOUSE]
Q6ZWQ9,MCG5400 OS=Mus musculus GN=Myl12a PE=1 SV=1 - [Q6ZWQ9_MOUSE]
Q9R1P4,Proteasome subunit alpha type-1 OS=Mus musculus GN=Psma1 PE=1 SV=1 - [PSA1_MOUSE]
Q8VCW8,"Acyl-CoA synthetase family member 2, mitochondrial OS=Mus musculus GN=Acsf2 PE=1 SV=1 - [ACSF2_MOUSE]"
P70460,Vasodilator-stimulated phosphoprotein OS=Mus musculus GN=Vasp PE=1 SV=4 - [VASP_MOUSE]
F8WHW6,Phosphatidylinositol 4-phosphate 5-kinase type-1 gamma OS=Mus musculus GN=Pip5k1c PE=1 SV=1 - [F8WHW6_MOUSE]
Q91WK5,"Glycine cleavage system H protein, mitochondrial OS=Mus musculus GN=Gcsh PE=1 SV=2 - [GCSH_MOUSE]"
Q8R146,Acylamino-acid-releasing enzyme OS=Mus musculus GN=Apeh PE=2 SV=3 - [APEH_MOUSE]
Q9DCT2,"NADH dehydrogenase [ubiquinone] iron-sulfur protein 3, mitochondrial OS=Mus musculus GN=Ndufs3 PE=1 SV=2 - [NDUS3_MOUSE]"
Q9CR26,Vacuolar protein sorting-associated protein VTA1 homolog OS=Mus musculus GN=Vta1 PE=1 SV=1 - [VTA1_MOUSE]
Q91VR5,ATP-dependent RNA helicase DDX1 OS=Mus musculus GN=Ddx1 PE=1 SV=1 - [DDX1_MOUSE]
P56375,Acylphosphatase-2 OS=Mus musculus GN=Acyp2 PE=2 SV=2 - [ACYP2_MOUSE]
Q62433,Protein NDRG1 OS=Mus musculus GN=Ndrg1 PE=1 SV=1 - [NDRG1_MOUSE]
Q8R5C5,Beta-centractin OS=Mus musculus GN=Actr1b PE=1 SV=1 - [ACTY_MOUSE]
A2AKU9,ATP synthase subunit gamma OS=Mus musculus GN=Atp5c1 PE=1 SV=1 - [A2AKU9_MOUSE]
Q9JJU8,SH3 domain-binding glutamic acid-rich-like protein OS=Mus musculus GN=Sh3bgrl PE=3 SV=1 - [SH3L1_MOUSE]
E9PZ91,Bis(5'-adenosyl)-triphosphatase OS=Mus musculus GN=Fhit PE=4 SV=1 - [E9PZ91_MOUSE]
P10493,Nidogen-1 OS=Mus musculus GN=Nid1 PE=1 SV=2 - [NID1_MOUSE]
P15327,Bisphosphoglycerate mutase OS=Mus musculus GN=Bpgm PE=2 SV=2 - [PMGE_MOUSE]
Q7M750,Opalin OS=Mus musculus GN=Opalin PE=1 SV=1 - [OPALI_MOUSE]
P14094,Sodium/potassium-transporting ATPase subunit beta-1 OS=Mus musculus GN=Atp1b1 PE=1 SV=1 - [AT1B1_MOUSE]
Q9CX86,Heterogeneous nuclear ribonucleoprotein A0 OS=Mus musculus GN=Hnrnpa0 PE=1 SV=1 - [ROA0_MOUSE]
Q99KE1,"NAD-dependent malic enzyme, mitochondrial OS=Mus musculus GN=Me2 PE=2 SV=1 - [MAOM_MOUSE]"
Q9D0E3,LysM and putative peptidoglycan-binding domain-containing protein 1 OS=Mus musculus GN=Lysmd1 PE=2 SV=1 - [LYSM1_MOUSE]
Q8C167,Prolyl endopeptidase-like OS=Mus musculus GN=Prepl PE=2 SV=1 - [PPCEL_MOUSE]
E9QJT5,Acylphosphatase OS=Mus musculus GN=Acyp1 PE=3 SV=1 - [E9QJT5_MOUSE]
Q9CYW4,Haloacid dehalogenase-like hydrolase domain-containing protein 3 OS=Mus musculus GN=Hdhd3 PE=1 SV=1 - [HDHD3_MOUSE]
F8VPM7,ELKS/Rab6-interacting/CAST family member 1 OS=Mus musculus GN=Erc1 PE=4 SV=1 - [F8VPM7_MOUSE]
P62077,Mitochondrial import inner membrane translocase subunit Tim8 B OS=Mus musculus GN=Timm8b PE=3 SV=1 - [TIM8B_MOUSE]
Q9Z1S5,Neuronal-specific septin-3 OS=Mus musculus GN=Sept3 PE=1 SV=2 - [SEPT3_MOUSE]
Q8R105,Vacuolar protein sorting-associated protein 37C OS=Mus musculus GN=Vps37c PE=2 SV=1 - [VP37C_MOUSE]
P02089,Hemoglobin subunit beta-2 OS=Mus musculus GN=Hbb-b2 PE=1 SV=2 - [HBB2_MOUSE]
O08972,"Dimethylarginine dimethylaminohydrolase 2, isoform CRA_a OS=Mus musculus GN=Ddah2 PE=2 SV=1 - [O08972_MOUSE]"
P27573,Myelin protein P0 OS=Mus musculus GN=Mpz PE=1 SV=1 - [MYP0_MOUSE]
P62264,40S ribosomal protein S14 OS=Mus musculus GN=Rps14 PE=2 SV=3 - [RS14_MOUSE]
Q9D1G1,Ras-related protein Rab-1B OS=Mus musculus GN=Rab1b PE=1 SV=1 - [RAB1B_MOUSE]
Q8BK30,"NADH dehydrogenase [ubiquinone] flavoprotein 3, mitochondrial OS=Mus musculus GN=Ndufv3 PE=2 SV=1 - [NDUV3_MOUSE]"
Q3U422,"NADH dehydrogenase [ubiquinone] flavoprotein 3, mitochondrial OS=Mus musculus GN=Ndufv3 PE=2 SV=1 - [Q3U422_MOUSE]"
Q9JMH6,"Thioredoxin reductase 1, cytoplasmic OS=Mus musculus GN=Txnrd1 PE=1 SV=3 - [TRXR1_MOUSE]"
Q62422,Osteoclast-stimulating factor 1 OS=Mus musculus GN=Ostf1 PE=1 SV=2 - [OSTF1_MOUSE]
Q6PEV3,WAS/WASL-interacting protein family member 2 OS=Mus musculus GN=Wipf2 PE=2 SV=1 - [WIPF2_MOUSE]
Q8K298,Actin-binding protein anillin OS=Mus musculus GN=Anln PE=1 SV=2 - [ANLN_MOUSE]
P62835,Ras-related protein Rap-1A OS=Mus musculus GN=Rap1a PE=2 SV=1 - [RAP1A_MOUSE]
Q99JI6,Ras-related protein Rap-1b OS=Mus musculus GN=Rap1b PE=2 SV=2 - [RAP1B_MOUSE]
Q03157,Amyloid-like protein 1 OS=Mus musculus GN=Aplp1 PE=1 SV=1 - [APLP1_MOUSE]
O35864,COP9 signalosome complex subunit 5 OS=Mus musculus GN=Cops5 PE=1 SV=3 - [CSN5_MOUSE]
Q07417,"Short-chain specific acyl-CoA dehydrogenase, mitochondrial OS=Mus musculus GN=Acads PE=1 SV=2 - [ACADS_MOUSE]"
G3XA10,"Heterogeneous nuclear ribonucleoprotein U, isoform CRA_b OS=Mus musculus GN=Gm28062 PE=4 SV=1 - [G3XA10_MOUSE]"
Q3TTY5,"Keratin, type II cytoskeletal 2 epidermal OS=Mus musculus GN=Krt2 PE=1 SV=1 - [K22E_MOUSE]"
Q8BQ47,Protein canopy homolog 4 OS=Mus musculus GN=Cnpy4 PE=1 SV=1 - [CNPY4_MOUSE]
Q9CWK8,Sorting nexin-2 OS=Mus musculus GN=Snx2 PE=1 SV=2 - [SNX2_MOUSE]
Q9WUR9,"Adenylate kinase 4, mitochondrial OS=Mus musculus GN=Ak4 PE=1 SV=1 - [KAD4_MOUSE]"
Q8CBY8,Dynactin subunit 4 OS=Mus musculus GN=Dctn4 PE=1 SV=1 - [DCTN4_MOUSE]
E9Q8N8,Electrogenic sodium bicarbonate cotransporter 1 OS=Mus musculus GN=Slc4a4 PE=1 SV=1 - [E9Q8N8_MOUSE]
Q6PFB2,Rcc1 protein OS=Mus musculus GN=Rcc1 PE=2 SV=1 - [Q6PFB2_MOUSE]
Q8C0M9,Isoaspartyl peptidase/L-asparaginase OS=Mus musculus GN=Asrgl1 PE=1 SV=1 - [ASGL1_MOUSE]
Q6PGH2,Hematological and neurological expressed 1-like protein OS=Mus musculus GN=Hn1l PE=1 SV=1 - [HN1L_MOUSE]
Q9CQE5,Regulator of G-protein signaling 10 OS=Mus musculus GN=Rgs10 PE=2 SV=1 - [RGS10_MOUSE]
Q8BHG2,UPF0587 protein C1orf123 homolog OS=Mus musculus PE=2 SV=1 - [CA123_MOUSE]
B7FAU9,"Filamin, alpha OS=Mus musculus GN=Flna PE=4 SV=1 - [B7FAU9_MOUSE]"
Q9CPX6,Ubiquitin-like-conjugating enzyme ATG3 OS=Mus musculus GN=Atg3 PE=1 SV=1 - [ATG3_MOUSE]
A2AE27,AMP deaminase 2 OS=Mus musculus GN=Ampd2 PE=4 SV=1 - [A2AE27_MOUSE]
P47941,Crk-like protein OS=Mus musculus GN=Crkl PE=1 SV=2 - [CRKL_MOUSE]
P27661,Histone H2AX OS=Mus musculus GN=H2afx PE=1 SV=2 - [H2AX_MOUSE]
Q8R361,Rab11 family-interacting protein 5 OS=Mus musculus GN=Rab11fip5 PE=1 SV=2 - [RFIP5_MOUSE]
Q9WTP6,"Adenylate kinase 2, mitochondrial OS=Mus musculus GN=Ak2 PE=1 SV=5 - [KAD2_MOUSE]"
Q9D7S9,Charged multivesicular body protein 5 OS=Mus musculus GN=Chmp5 PE=2 SV=1 - [CHMP5_MOUSE]
Q62465,Synaptic vesicle membrane protein VAT-1 homolog OS=Mus musculus GN=Vat1 PE=1 SV=3 - [VAT1_MOUSE]
O55137,Acyl-coenzyme A thioesterase 1 OS=Mus musculus GN=Acot1 PE=1 SV=1 - [ACOT1_MOUSE]
P47212,Galanin peptides OS=Mus musculus GN=Gal PE=2 SV=1 - [GALA_MOUSE]
Q9QXS1,Plectin OS=Mus musculus GN=Plec PE=1 SV=3 - [PLEC_MOUSE]
P26040,Ezrin OS=Mus musculus GN=Ezr PE=1 SV=3 - [EZRI_MOUSE]
Q8R5H6,Wiskott-Aldrich syndrome protein family member 1 OS=Mus musculus GN=Wasf1 PE=1 SV=2 - [WASF1_MOUSE]
Q8BGN3,Ectonucleotide pyrophosphatase/phosphodiesterase family member 6 OS=Mus musculus GN=Enpp6 PE=2 SV=1 - [ENPP6_MOUSE]
Q9D6Y7,Mitochondrial peptide methionine sulfoxide reductase OS=Mus musculus GN=Msra PE=1 SV=1 - [MSRA_MOUSE]
O35685,Nuclear migration protein nudC OS=Mus musculus GN=Nudc PE=1 SV=1 - [NUDC_MOUSE]
Q8BGD9,Eukaryotic translation initiation factor 4B OS=Mus musculus GN=Eif4b PE=1 SV=1 - [IF4B_MOUSE]
Q9D2V7,Coronin-7 OS=Mus musculus GN=Coro7 PE=2 SV=2 - [CORO7_MOUSE]
D3Z285,"NFU1 iron-sulfur cluster scaffold homolog, mitochondrial (Fragment) OS=Mus musculus GN=Nfu1 PE=4 SV=1 - [D3Z285_MOUSE]"
P51150,Ras-related protein Rab-7a OS=Mus musculus GN=Rab7a PE=1 SV=2 - [RAB7A_MOUSE]
Q8K4Z3,NAD(P)H-hydrate epimerase OS=Mus musculus GN=Apoa1bp PE=1 SV=1 - [NNRE_MOUSE]
Q9D898,Actin-related protein 2/3 complex subunit 5-like protein OS=Mus musculus GN=Arpc5l PE=1 SV=1 - [ARP5L_MOUSE]
Q8CI94,"Glycogen phosphorylase, brain form OS=Mus musculus GN=Pygb PE=1 SV=3 - [PYGB_MOUSE]"
O08915,AH receptor-interacting protein OS=Mus musculus GN=Aip PE=1 SV=1 - [AIP_MOUSE]
O54833,Casein kinase II subunit alpha' OS=Mus musculus GN=Csnk2a2 PE=2 SV=1 - [CSK22_MOUSE]
Q9WU84,Copper chaperone for superoxide dismutase OS=Mus musculus GN=Ccs PE=2 SV=1 - [CCS_MOUSE]
Q9QXY6,EH domain-containing protein 3 OS=Mus musculus GN=Ehd3 PE=1 SV=2 - [EHD3_MOUSE]
Q3TWV4,AP-2 complex subunit mu OS=Mus musculus GN=Ap2m1 PE=2 SV=1 - [Q3TWV4_MOUSE]
Q9WUD1,STIP1 homology and U box-containing protein 1 OS=Mus musculus GN=Stub1 PE=1 SV=1 - [CHIP_MOUSE]
Q8R0N6,"Hydroxyacid-oxoacid transhydrogenase, mitochondrial OS=Mus musculus GN=Adhfe1 PE=1 SV=2 - [HOT_MOUSE]"
E9QK48,Echinoderm microtubule-associated protein-like 2 OS=Mus musculus GN=Eml2 PE=4 SV=1 - [E9QK48_MOUSE]
Q62059,Versican core protein OS=Mus musculus GN=Vcan PE=1 SV=2 - [CSPG2_MOUSE]
P61164,Alpha-centractin OS=Mus musculus GN=Actr1a PE=2 SV=1 - [ACTZ_MOUSE]
P19096,Fatty acid synthase OS=Mus musculus GN=Fasn PE=1 SV=2 - [FAS_MOUSE]
P00493,Hypoxanthine-guanine phosphoribosyltransferase OS=Mus musculus GN=Hprt1 PE=1 SV=3 - [HPRT_MOUSE]
A2AWI9,Endophilin-B2 OS=Mus musculus GN=Sh3glb2 PE=4 SV=1 - [A2AWI9_MOUSE]
Q8VHL1,Histone-lysine N-methyltransferase SETD7 OS=Mus musculus GN=Setd7 PE=2 SV=2 - [SETD7_MOUSE]
P62320,Small nuclear ribonucleoprotein Sm D3 OS=Mus musculus GN=Snrpd3 PE=1 SV=1 - [SMD3_MOUSE]
Q62426,Cystatin-B OS=Mus musculus GN=Cstb PE=1 SV=1 - [CYTB_MOUSE]
Q9CR98,Protein FAM136A OS=Mus musculus GN=Fam136a PE=2 SV=1 - [F136A_MOUSE]
P62823,Ras-related protein Rab-3C OS=Mus musculus GN=Rab3c PE=1 SV=1 - [RAB3C_MOUSE]
Q9D394,Protein RUFY3 OS=Mus musculus GN=Rufy3 PE=1 SV=1 - [RUFY3_MOUSE]
Q99LP6,"GrpE protein homolog 1, mitochondrial OS=Mus musculus GN=Grpel1 PE=1 SV=1 - [GRPE1_MOUSE]"
Q8VHM5,Heterogeneous nuclear ribonucleoprotein R OS=Mus musculus GN=Hnrnpr PE=2 SV=1 - [Q8VHM5_MOUSE]
Q91X97,Neurocalcin-delta OS=Mus musculus GN=Ncald PE=1 SV=4 - [NCALD_MOUSE]
E9PV73,Neuron-specific calcium-binding protein hippocalcin (Fragment) OS=Mus musculus GN=Hpca PE=4 SV=1 - [E9PV73_MOUSE]
Q9R0P5,Destrin OS=Mus musculus GN=Dstn PE=1 SV=3 - [DEST_MOUSE]
Q8BJU9,"Peptide chain release factor 1-like, mitochondrial OS=Mus musculus GN=Mtrf1l PE=2 SV=1 - [RF1ML_MOUSE]"
J3QPZ8,Eukaryotic translation initiation factor 1 (Fragment) OS=Mus musculus GN=Eif1 PE=4 SV=1 - [J3QPZ8_MOUSE]
Q3U1J4,DNA damage-binding protein 1 OS=Mus musculus GN=Ddb1 PE=1 SV=2 - [DDB1_MOUSE]
P28661,Septin-4 OS=Mus musculus GN=Sept4 PE=1 SV=1 - [SEPT4_MOUSE]
P57759,Endoplasmic reticulum resident protein 29 OS=Mus musculus GN=Erp29 PE=1 SV=2 - [ERP29_MOUSE]
Q80YN3,Breast carcinoma-amplified sequence 1 homolog OS=Mus musculus GN=Bcas1 PE=2 SV=3 - [BCAS1_MOUSE]
P80560,Receptor-type tyrosine-protein phosphatase N2 OS=Mus musculus GN=Ptprn2 PE=1 SV=2 - [PTPR2_MOUSE]
Q8QZR5,Alanine aminotransferase 1 OS=Mus musculus GN=Gpt PE=2 SV=3 - [ALAT1_MOUSE]
D3Z4T6,Neuronal growth regulator 1 OS=Mus musculus GN=Negr1 PE=4 SV=1 - [D3Z4T6_MOUSE]
Q9JI46,Diphosphoinositol polyphosphate phosphohydrolase 1 OS=Mus musculus GN=Nudt3 PE=1 SV=1 - [NUDT3_MOUSE]
Q9JKY5,Huntingtin-interacting protein 1-related protein OS=Mus musculus GN=Hip1r PE=1 SV=2 - [HIP1R_MOUSE]
B2RUJ5,Amyloid beta A4 precursor protein-binding family A member 1 OS=Mus musculus GN=Apba1 PE=1 SV=2 - [APBA1_MOUSE]
Q8JZX9,Cdc42 effector protein 2 OS=Mus musculus GN=Cdc42ep2 PE=2 SV=1 - [BORG1_MOUSE]
Q3TES0,IQ motif and SEC7 domain-containing protein 3 OS=Mus musculus GN=Iqsec3 PE=2 SV=1 - [IQEC3_MOUSE]
P51855,Glutathione synthetase OS=Mus musculus GN=Gss PE=2 SV=1 - [GSHB_MOUSE]
Q8R574,Phosphoribosyl pyrophosphate synthase-associated protein 2 OS=Mus musculus GN=Prpsap2 PE=1 SV=1 - [KPRB_MOUSE]
Q9CY46,"LSM4 homolog, U6 small nuclear RNA associated (S, cerevisiae), isoform CRA_b OS=Mus musculus GN=Lsm4 PE=2 SV=1 - [Q9CY46_MOUSE]"
D3YZG8,Probable bifunctional methylenetetrahydrofolate dehydrogenase/cyclohydrolase 2 OS=Mus musculus GN=Mthfd2l PE=3 SV=1 - [MTD2L_MOUSE]
Q78ZM0,Sorting nexin 3 OS=Mus musculus GN=Snx3 PE=2 SV=1 - [Q78ZM0_MOUSE]
P63011,Ras-related protein Rab-3A OS=Mus musculus GN=Rab3a PE=1 SV=1 - [RAB3A_MOUSE]
Q921H9,Cytochrome c oxidase assembly factor 7 OS=Mus musculus GN=Coa7 PE=2 SV=1 - [COA7_MOUSE]
Q9Z1Z2,Serine-threonine kinase receptor-associated protein OS=Mus musculus GN=Strap PE=1 SV=2 - [STRAP_MOUSE]
Q3UH68,LIM and calponin homology domains-containing protein 1 OS=Mus musculus GN=Limch1 PE=1 SV=2 - [LIMC1_MOUSE]
Q61233,Plastin-2 OS=Mus musculus GN=Lcp1 PE=1 SV=4 - [PLSL_MOUSE]
G5E8G0,"Heterogeneous nuclear ribonucleoprotein D, isoform CRA_b OS=Mus musculus GN=Hnrnpd PE=4 SV=1 - [G5E8G0_MOUSE]"
Q60668,Heterogeneous nuclear ribonucleoprotein D0 OS=Mus musculus GN=Hnrnpd PE=1 SV=2 - [HNRPD_MOUSE]
Q71RI9,Kynurenine--oxoglutarate transaminase 3 OS=Mus musculus GN=Ccbl2 PE=1 SV=1 - [KAT3_MOUSE]
O55234,Proteasome subunit beta type-5 OS=Mus musculus GN=Psmb5 PE=1 SV=3 - [PSB5_MOUSE]
Q9EPL2,Calsyntenin-1 OS=Mus musculus GN=Clstn1 PE=1 SV=1 - [CSTN1_MOUSE]
Q80V42,Carboxypeptidase M OS=Mus musculus GN=Cpm PE=2 SV=2 - [CBPM_MOUSE]
Q3UJP5,Protein C8orf37 homolog OS=Mus musculus PE=1 SV=1 - [CH037_MOUSE]
Q8VHK1,Caskin-2 OS=Mus musculus GN=Caskin2 PE=1 SV=3 - [CSKI2_MOUSE]
Q62523,Zyxin OS=Mus musculus GN=Zyx PE=1 SV=2 - [ZYX_MOUSE]
Q9QYX7,Protein piccolo OS=Mus musculus GN=Pclo PE=1 SV=4 - [PCLO_MOUSE]
Q99MR8,"Methylcrotonoyl-CoA carboxylase subunit alpha, mitochondrial OS=Mus musculus GN=Mccc1 PE=1 SV=2 - [MCCA_MOUSE]"
Q64525,Histone H2B type 2-B OS=Mus musculus GN=Hist2h2bb PE=1 SV=3 - [H2B2B_MOUSE]
Q8CGP0,Histone H2B type 3-B OS=Mus musculus GN=Hist3h2bb PE=1 SV=3 - [H2B3B_MOUSE]
Q61206,Platelet-activating factor acetylhydrolase IB subunit beta OS=Mus musculus GN=Pafah1b2 PE=1 SV=2 - [PA1B2_MOUSE]
Q9R1Z8,Vinexin OS=Mus musculus GN=Sorbs3 PE=1 SV=1 - [VINEX_MOUSE]
Q3U5Q7,"UMP-CMP kinase 2, mitochondrial OS=Mus musculus GN=Cmpk2 PE=2 SV=2 - [CMPK2_MOUSE]"
Q9CQA6,Coiled-coil-helix-coiled-coil-helix domain-containing protein 1 OS=Mus musculus GN=Chchd1 PE=3 SV=1 - [CHCH1_MOUSE]
P47809,Dual specificity mitogen-activated protein kinase kinase 4 OS=Mus musculus GN=Map2k4 PE=1 SV=2 - [MP2K4_MOUSE]
E9Q616,Protein Ahnak OS=Mus musculus GN=Ahnak PE=1 SV=1 - [E9Q616_MOUSE]
Q8VDC0,"Probable leucine--tRNA ligase, mitochondrial OS=Mus musculus GN=Lars2 PE=1 SV=1 - [SYLM_MOUSE]"
Q80WM4,Hyaluronan and proteoglycan link protein 4 OS=Mus musculus GN=Hapln4 PE=2 SV=2 - [HPLN4_MOUSE]
Q9CQ45,Neudesin OS=Mus musculus GN=Nenf PE=1 SV=1 - [NENF_MOUSE]
A0A0A6YY34,Glutathione peroxidase 1 OS=Mus musculus GN=Gpx1 PE=4 SV=1 - [A0A0A6YY34_MOUSE]
Q9D8U8,Sorting nexin-5 OS=Mus musculus GN=Snx5 PE=1 SV=1 - [SNX5_MOUSE]
Q6P5H2,Nestin OS=Mus musculus GN=Nes PE=1 SV=1 - [NEST_MOUSE]
Q70IV5,Synemin OS=Mus musculus GN=Synm PE=1 SV=2 - [SYNEM_MOUSE]
K3W4T3,V-type proton ATPase subunit a OS=Mus musculus GN=Atp6v0a1 PE=1 SV=1 - [K3W4T3_MOUSE]
P28738,Kinesin heavy chain isoform 5C OS=Mus musculus GN=Kif5c PE=1 SV=3 - [KIF5C_MOUSE]
P10639,Thioredoxin OS=Mus musculus GN=Txn PE=1 SV=3 - [THIO_MOUSE]
P60521,Gamma-aminobutyric acid receptor-associated protein-like 2 OS=Mus musculus GN=Gabarapl2 PE=1 SV=1 - [GBRL2_MOUSE]
O08583,THO complex subunit 4 OS=Mus musculus GN=Alyref PE=1 SV=3 - [THOC4_MOUSE]
D3YXG6,Actin-related protein 2/3 complex subunit 2 OS=Mus musculus GN=Arpc2 PE=4 SV=1 - [D3YXG6_MOUSE]
Q64442,Sorbitol dehydrogenase OS=Mus musculus GN=Sord PE=1 SV=3 - [DHSO_MOUSE]
Q5SUH6,Clathrin interactor 1 OS=Mus musculus GN=Clint1 PE=4 SV=1 - [Q5SUH6_MOUSE]
Q9JM14,"5'(3')-deoxyribonucleotidase, cytosolic type OS=Mus musculus GN=Nt5c PE=1 SV=1 - [NT5C_MOUSE]"
Q5M8N0,CB1 cannabinoid receptor-interacting protein 1 OS=Mus musculus GN=Cnrip1 PE=1 SV=1 - [CNRP1_MOUSE]
P62311,U6 snRNA-associated Sm-like protein LSm3 OS=Mus musculus GN=Lsm3 PE=3 SV=2 - [LSM3_MOUSE]
A2AFG8,Neural cell adhesion molecule L1 OS=Mus musculus GN=L1cam PE=4 SV=1 - [A2AFG8_MOUSE]
E9QA15,Protein Cald1 OS=Mus musculus GN=Cald1 PE=1 SV=1 - [E9QA15_MOUSE]
E9QA16,Protein Cald1 OS=Mus musculus GN=Cald1 PE=1 SV=1 - [E9QA16_MOUSE]
Q5NCU4,SPARC OS=Mus musculus GN=Sparc PE=4 SV=1 - [Q5NCU4_MOUSE]
Q3TVK3,Aspartyl aminopeptidase OS=Mus musculus GN=Dnpep PE=2 SV=1 - [Q3TVK3_MOUSE]
Q9DCL9,Multifunctional protein ADE2 OS=Mus musculus GN=Paics PE=1 SV=4 - [PUR6_MOUSE]
P49443,Protein phosphatase 1A OS=Mus musculus GN=Ppm1a PE=1 SV=1 - [PPM1A_MOUSE]
P56565,Protein S100-A1 OS=Mus musculus GN=S100a1 PE=1 SV=2 - [S10A1_MOUSE]
B7ZCF1,26S protease regulatory subunit 6A OS=Mus musculus GN=Psmc3 PE=3 SV=1 - [B7ZCF1_MOUSE]
P55284,Cadherin-5 OS=Mus musculus GN=Cdh5 PE=1 SV=2 - [CADH5_MOUSE]
Q9D8N0,Elongation factor 1-gamma OS=Mus musculus GN=Eef1g PE=1 SV=3 - [EF1G_MOUSE]
P08003,Protein disulfide-isomerase A4 OS=Mus musculus GN=Pdia4 PE=1 SV=3 - [PDIA4_MOUSE]
Q6NVE9,Protein phosphatase PTC7 homolog OS=Mus musculus GN=Pptc7 PE=2 SV=1 - [PPTC7_MOUSE]
G5E924,Heterogeneous nuclear ribonucleoprotein L (Fragment) OS=Mus musculus GN=Hnrnpl PE=4 SV=1 - [G5E924_MOUSE]
B7ZC46,Septin-8 OS=Mus musculus GN=Sept8 PE=1 SV=1 - [B7ZC46_MOUSE]
Q91W50,Cold shock domain-containing protein E1 OS=Mus musculus GN=Csde1 PE=2 SV=1 - [CSDE1_MOUSE]
Q99104,Unconventional myosin-Va OS=Mus musculus GN=Myo5a PE=1 SV=2 - [MYO5A_MOUSE]
Q761V0,Sodium- and chloride-dependent glycine transporter 2 OS=Mus musculus GN=Slc6a5 PE=2 SV=1 - [SC6A5_MOUSE]
Q99020,Heterogeneous nuclear ribonucleoprotein A/B OS=Mus musculus GN=Hnrnpab PE=1 SV=1 - [ROAA_MOUSE]
Q61885,Myelin-oligodendrocyte glycoprotein OS=Mus musculus GN=Mog PE=1 SV=1 - [MOG_MOUSE]
O08638,Myosin-11 OS=Mus musculus GN=Myh11 PE=1 SV=1 - [MYH11_MOUSE]
Q9CQE8,UPF0568 protein C14orf166 homolog OS=Mus musculus PE=2 SV=1 - [CN166_MOUSE]
O70443,Guanine nucleotide-binding protein G(z) subunit alpha OS=Mus musculus GN=Gnaz PE=2 SV=4 - [GNAZ_MOUSE]
Q8CIN4,Serine/threonine-protein kinase PAK 2 OS=Mus musculus GN=Pak2 PE=1 SV=1 - [PAK2_MOUSE]
Q61036,Serine/threonine-protein kinase PAK 3 OS=Mus musculus GN=Pak3 PE=1 SV=2 - [PAK3_MOUSE]
Q9JMD0,BUB3-interacting and GLEBS motif-containing protein ZNF207 OS=Mus musculus GN=Znf207 PE=2 SV=1 - [ZN207_MOUSE]
Q8C2Q7,Heterogeneous nuclear ribonucleoprotein H OS=Mus musculus GN=Hnrnph1 PE=2 SV=1 - [Q8C2Q7_MOUSE]
P70333,Heterogeneous nuclear ribonucleoprotein H2 OS=Mus musculus GN=Hnrnph2 PE=2 SV=1 - [HNRH2_MOUSE]
P80315,T-complex protein 1 subunit delta OS=Mus musculus GN=Cct4 PE=1 SV=3 - [TCPD_MOUSE]
P31324,cAMP-dependent protein kinase type II-beta regulatory subunit OS=Mus musculus GN=Prkar2b PE=1 SV=3 - [KAP3_MOUSE]
P21661,Neuroendocrine convertase 2 OS=Mus musculus GN=Pcsk2 PE=1 SV=1 - [NEC2_MOUSE]
Q3TDK6,Protein rogdi homolog OS=Mus musculus GN=Rogdi PE=2 SV=2 - [ROGDI_MOUSE]
O35381,Acidic leucine-rich nuclear phosphoprotein 32 family member A OS=Mus musculus GN=Anp32a PE=1 SV=1 - [AN32A_MOUSE]
E9PUL5,Proline-rich transmembrane protein 2 OS=Mus musculus GN=Prrt2 PE=1 SV=1 - [PRRT2_MOUSE]
Q9D8L5,Coiled-coil domain-containing protein 91 OS=Mus musculus GN=Ccdc91 PE=2 SV=2 - [CCD91_MOUSE]
O70400,PDZ and LIM domain protein 1 OS=Mus musculus GN=Pdlim1 PE=2 SV=4 - [PDLI1_MOUSE]
V9GXM1,ADP-ribosylation factor GTPase-activating protein 1 OS=Mus musculus GN=Arfgap1 PE=1 SV=1 - [V9GXM1_MOUSE]
E9PY39,Protein Gm20431 OS=Mus musculus GN=Gm20431 PE=4 SV=1 - [E9PY39_MOUSE]
Q9ER35,Fructosamine-3-kinase OS=Mus musculus GN=Fn3k PE=2 SV=1 - [FN3K_MOUSE]
P11531,Dystrophin OS=Mus musculus GN=Dmd PE=1 SV=3 - [DMD_MOUSE]
P68037,Ubiquitin-conjugating enzyme E2 L3 OS=Mus musculus GN=Ube2l3 PE=2 SV=1 - [UB2L3_MOUSE]
Q3UE92,"X-prolyl aminopeptidase (Aminopeptidase P) 1, soluble, isoform CRA_b OS=Mus musculus GN=Xpnpep1 PE=2 SV=1 - [Q3UE92_MOUSE]"
Q8BXK9,Chloride intracellular channel protein 5 OS=Mus musculus GN=Clic5 PE=1 SV=1 - [CLIC5_MOUSE]
Q8K1R3,"Polyribonucleotide nucleotidyltransferase 1, mitochondrial OS=Mus musculus GN=Pnpt1 PE=1 SV=1 - [PNPT1_MOUSE]"
E9PXV3,Calcium/calmodulin-dependent protein kinase type II subunit delta OS=Mus musculus GN=Camk2d PE=1 SV=1 - [E9PXV3_MOUSE]
O54786,DNA fragmentation factor subunit alpha OS=Mus musculus GN=Dffa PE=1 SV=2 - [DFFA_MOUSE]
Q99KH8,Serine/threonine-protein kinase 24 OS=Mus musculus GN=Stk24 PE=1 SV=1 - [STK24_MOUSE]
Q6DFY2,Opioid binding protein/cell adhesion molecule-like OS=Mus musculus GN=Opcml PE=2 SV=1 - [Q6DFY2_MOUSE]
Q9QUI0,Transforming protein RhoA OS=Mus musculus GN=Rhoa PE=1 SV=1 - [RHOA_MOUSE]
Q8K4F5,Alpha/beta hydrolase domain-containing protein 11 OS=Mus musculus GN=Abhd11 PE=1 SV=1 - [ABHDB_MOUSE]
Q62376,U1 small nuclear ribonucleoprotein 70 kDa OS=Mus musculus GN=Snrnp70 PE=1 SV=2 - [RU17_MOUSE]
Q93092,Transaldolase OS=Mus musculus GN=Taldo1 PE=1 SV=2 - [TALDO_MOUSE]
Q3TIU4,"2',5'-phosphodiesterase 12 OS=Mus musculus GN=Pde12 PE=2 SV=2 - [PDE12_MOUSE]"
P38060,"Hydroxymethylglutaryl-CoA lyase, mitochondrial OS=Mus musculus GN=Hmgcl PE=1 SV=2 - [HMGCL_MOUSE]"
E9QNR6,Protein AI837181 OS=Mus musculus GN=AI837181 PE=4 SV=1 - [E9QNR6_MOUSE]
Q62318,Transcription intermediary factor 1-beta OS=Mus musculus GN=Trim28 PE=1 SV=3 - [TIF1B_MOUSE]
Q9CQ40,"39S ribosomal protein L49, mitochondrial OS=Mus musculus GN=Mrpl49 PE=2 SV=1 - [RM49_MOUSE]"
P49722,Proteasome subunit alpha type-2 OS=Mus musculus GN=Psma2 PE=1 SV=3 - [PSA2_MOUSE]
Q3UH60,Disco-interacting protein 2 homolog B OS=Mus musculus GN=Dip2b PE=1 SV=1 - [DIP2B_MOUSE]
Q3SXD3,HD domain-containing protein 2 OS=Mus musculus GN=Hddc2 PE=2 SV=1 - [HDDC2_MOUSE]
P26339,Chromogranin-A OS=Mus musculus GN=Chga PE=1 SV=1 - [CMGA_MOUSE]
P62748,Hippocalcin-like protein 1 OS=Mus musculus GN=Hpcal1 PE=2 SV=2 - [HPCL1_MOUSE]
P40630,"Transcription factor A, mitochondrial OS=Mus musculus GN=Tfam PE=1 SV=2 - [TFAM_MOUSE]"
Q02105,Complement C1q subcomponent subunit C OS=Mus musculus GN=C1qc PE=2 SV=2 - [C1QC_MOUSE]
P63024,Vesicle-associated membrane protein 3 OS=Mus musculus GN=Vamp3 PE=1 SV=1 - [VAMP3_MOUSE]
Q9WUA3,"ATP-dependent 6-phosphofructokinase, platelet type OS=Mus musculus GN=Pfkp PE=1 SV=1 - [PFKAP_MOUSE]"
Q8R4N0,"Citrate lyase subunit beta-like protein, mitochondrial OS=Mus musculus GN=Clybl PE=1 SV=2 - [CLYBL_MOUSE]"
H3BK65,Epidermal growth factor receptor substrate 15 OS=Mus musculus GN=Eps15 PE=1 SV=1 - [H3BK65_MOUSE]
D3Z7X0,MCG142036 OS=Mus musculus GN=Acad12 PE=3 SV=1 - [D3Z7X0_MOUSE]
P61759,Prefoldin subunit 3 OS=Mus musculus GN=Vbp1 PE=2 SV=2 - [PFD3_MOUSE]
Q6NZD2,Sorting nexin 1 OS=Mus musculus GN=Snx1 PE=2 SV=1 - [Q6NZD2_MOUSE]
P12961,Neuroendocrine protein 7B2 OS=Mus musculus GN=Scg5 PE=1 SV=1 - [7B2_MOUSE]
Q6NXN1,SUZ domain-containing protein 1 OS=Mus musculus GN=Szrd1 PE=1 SV=1 - [SZRD1_MOUSE]
A2AN84,55 kDa erythrocyte membrane protein OS=Mus musculus GN=Mpp1 PE=1 SV=1 - [A2AN84_MOUSE]
Q8WTY4,Anamorsin OS=Mus musculus GN=Ciapin1 PE=1 SV=1 - [CPIN1_MOUSE]
Q8VHC3,Selenoprotein M OS=Mus musculus GN=Selm PE=1 SV=3 - [SELM_MOUSE]
P06837,Neuromodulin OS=Mus musculus GN=Gap43 PE=1 SV=1 - [NEUM_MOUSE]
Q9CR13,UPF0562 protein C7orf55 homolog OS=Mus musculus PE=3 SV=1 - [CG055_MOUSE]
Q62425,Cytochrome c oxidase subunit NDUFA4 OS=Mus musculus GN=Ndufa4 PE=1 SV=2 - [NDUA4_MOUSE]
Q6IR34,G-protein-signaling modulator 1 OS=Mus musculus GN=Gpsm1 PE=1 SV=3 - [GPSM1_MOUSE]
Q91VA6,Polymerase delta-interacting protein 2 OS=Mus musculus GN=Poldip2 PE=2 SV=1 - [PDIP2_MOUSE]
Q9WUL7,ADP-ribosylation factor-like protein 3 OS=Mus musculus GN=Arl3 PE=1 SV=1 - [ARL3_MOUSE]
P20065,Thymosin beta-4 OS=Mus musculus GN=Tmsb4x PE=1 SV=1 - [TYB4_MOUSE]
Q9CZ30,Obg-like ATPase 1 OS=Mus musculus GN=Ola1 PE=1 SV=1 - [OLA1_MOUSE]
P60867,40S ribosomal protein S20 OS=Mus musculus GN=Rps20 PE=1 SV=1 - [RS20_MOUSE]
P49813,Tropomodulin-1 OS=Mus musculus GN=Tmod1 PE=2 SV=2 - [TMOD1_MOUSE]
P28650,Adenylosuccinate synthetase isozyme 1 OS=Mus musculus GN=Adssl1 PE=1 SV=2 - [PURA1_MOUSE]
Q91VZ6,Stromal membrane-associated protein 1 OS=Mus musculus GN=Smap1 PE=1 SV=1 - [SMAP1_MOUSE]
P49442,Inositol polyphosphate 1-phosphatase OS=Mus musculus GN=Inpp1 PE=1 SV=2 - [INPP_MOUSE]
Q6WVG3,BTB/POZ domain-containing protein KCTD12 OS=Mus musculus GN=Kctd12 PE=1 SV=1 - [KCD12_MOUSE]
Q61189,Methylosome subunit pICln OS=Mus musculus GN=Clns1a PE=2 SV=1 - [ICLN_MOUSE]
Q6P8X1,Sorting nexin-6 OS=Mus musculus GN=Snx6 PE=1 SV=2 - [SNX6_MOUSE]
Q3TYA4,Syntaxin-binding protein 6 OS=Mus musculus GN=Stxbp6 PE=2 SV=1 - [Q3TYA4_MOUSE]
P35235,Tyrosine-protein phosphatase non-receptor type 11 OS=Mus musculus GN=Ptpn11 PE=1 SV=2 - [PTN11_MOUSE]
Q80TJ1,Calcium-dependent secretion activator 1 OS=Mus musculus GN=Cadps PE=1 SV=3 - [CAPS1_MOUSE]
Q60972,Histone-binding protein RBBP4 OS=Mus musculus GN=Rbbp4 PE=1 SV=5 - [RBBP4_MOUSE]
Q9QYG0,Protein NDRG2 OS=Mus musculus GN=Ndrg2 PE=1 SV=1 - [NDRG2_MOUSE]
P14231,Sodium/potassium-transporting ATPase subunit beta-2 OS=Mus musculus GN=Atp1b2 PE=1 SV=2 - [AT1B2_MOUSE]
Q9JK48,Endophilin-B1 OS=Mus musculus GN=Sh3glb1 PE=1 SV=1 - [SHLB1_MOUSE]
Q99NB8,Ubiquilin-4 OS=Mus musculus GN=Ubqln4 PE=1 SV=1 - [UBQL4_MOUSE]
P51125,Calpastatin OS=Mus musculus GN=Cast PE=1 SV=2 - [ICAL_MOUSE]
Q3USB7,Inactive phospholipase C-like protein 1 OS=Mus musculus GN=Plcl1 PE=1 SV=3 - [PLCL1_MOUSE]
Q61361,Brevican core protein OS=Mus musculus GN=Bcan PE=1 SV=2 - [PGCB_MOUSE]
Q9CR51,V-type proton ATPase subunit G 1 OS=Mus musculus GN=Atp6v1g1 PE=2 SV=3 - [VATG1_MOUSE]
Q9CR68,"Cytochrome b-c1 complex subunit Rieske, mitochondrial OS=Mus musculus GN=Uqcrfs1 PE=1 SV=1 - [UCRI_MOUSE]"
Q8CFR5,Dystrobrevin OS=Mus musculus GN=Dtna PE=2 SV=1 - [Q8CFR5_MOUSE]
Q9CWM4,Prefoldin subunit 1 OS=Mus musculus GN=Pfdn1 PE=2 SV=1 - [PFD1_MOUSE]
Q60692,Proteasome subunit beta type-6 OS=Mus musculus GN=Psmb6 PE=1 SV=3 - [PSB6_MOUSE]
Q6PDL0,Cytoplasmic dynein 1 light intermediate chain 2 OS=Mus musculus GN=Dync1li2 PE=1 SV=2 - [DC1L2_MOUSE]
P48455,Serine/threonine-protein phosphatase 2B catalytic subunit gamma isoform OS=Mus musculus GN=Ppp3cc PE=2 SV=1 - [PP2BC_MOUSE]
O88507,Ciliary neurotrophic factor receptor subunit alpha OS=Mus musculus GN=Cntfr PE=1 SV=2 - [CNTFR_MOUSE]
P50114,Protein S100-B OS=Mus musculus GN=S100b PE=2 SV=2 - [S100B_MOUSE]
Q64674,Spermidine synthase OS=Mus musculus GN=Srm PE=2 SV=1 - [SPEE_MOUSE]
Q9R1P0,Proteasome subunit alpha type-4 OS=Mus musculus GN=Psma4 PE=1 SV=1 - [PSA4_MOUSE]
Q9CQM5,Thioredoxin domain-containing protein 17 OS=Mus musculus GN=Txndc17 PE=1 SV=1 - [TXD17_MOUSE]
Q9JLB0,MAGUK p55 subfamily member 6 OS=Mus musculus GN=Mpp6 PE=1 SV=1 - [MPP6_MOUSE]
Q8BFQ8,Parkinson disease 7 domain-containing protein 1 OS=Mus musculus GN=Pddc1 PE=1 SV=1 - [PDDC1_MOUSE]
P80317,T-complex protein 1 subunit zeta OS=Mus musculus GN=Cct6a PE=1 SV=3 - [TCPZ_MOUSE]
Q3UYC0,Protein phosphatase 1H OS=Mus musculus GN=Ppm1h PE=1 SV=1 - [PPM1H_MOUSE]
Q8CDN6,Thioredoxin-like protein 1 OS=Mus musculus GN=Txnl1 PE=2 SV=3 - [TXNL1_MOUSE]
Q61337,Bcl2-associated agonist of cell death OS=Mus musculus GN=Bad PE=1 SV=1 - [BAD_MOUSE]
Q8K0T0,Reticulon-1 OS=Mus musculus GN=Rtn1 PE=1 SV=1 - [RTN1_MOUSE]
E9Q5B0,Calmodulin-regulated spectrin-associated protein 3 OS=Mus musculus GN=Camsap3 PE=2 SV=1 - [E9Q5B0_MOUSE]
H3BKH6,S-formylglutathione hydrolase OS=Mus musculus GN=Esd PE=1 SV=1 - [H3BKH6_MOUSE]
Q8CG76,Aflatoxin B1 aldehyde reductase member 2 OS=Mus musculus GN=Akr7a2 PE=1 SV=3 - [ARK72_MOUSE]
Q9DBC0,Selenoprotein O OS=Mus musculus GN=Selo PE=2 SV=4 - [SELO_MOUSE]
B1B0C7,Basement membrane-specific heparan sulfate proteoglycan core protein OS=Mus musculus GN=Hspg2 PE=4 SV=1 - [B1B0C7_MOUSE]
Q9D1X0,Nucleolar protein 3 OS=Mus musculus GN=Nol3 PE=1 SV=1 - [NOL3_MOUSE]
P47791,"Glutathione reductase, mitochondrial OS=Mus musculus GN=Gsr PE=1 SV=3 - [GSHR_MOUSE]"
E9Q1S3,Protein transport protein Sec23A OS=Mus musculus GN=Sec23a PE=4 SV=1 - [E9Q1S3_MOUSE]
Q9JHQ5,Leucine zipper transcription factor-like protein 1 OS=Mus musculus GN=Lztfl1 PE=1 SV=1 - [LZTL1_MOUSE]
Q9ERT9,Protein phosphatase 1 regulatory subunit 1A OS=Mus musculus GN=Ppp1r1a PE=2 SV=1 - [PPR1A_MOUSE]
Q9R257,Heme-binding protein 1 OS=Mus musculus GN=Hebp1 PE=1 SV=2 - [HEBP1_MOUSE]
P70404,"Isocitrate dehydrogenase [NAD] subunit gamma 1, mitochondrial OS=Mus musculus GN=Idh3g PE=1 SV=1 - [IDHG1_MOUSE]"
Q9Z0P5,Twinfilin-2 OS=Mus musculus GN=Twf2 PE=1 SV=1 - [TWF2_MOUSE]
Q7TQH0,Ataxin-2-like protein OS=Mus musculus GN=Atxn2l PE=1 SV=1 - [ATX2L_MOUSE]
Q60790,Ras GTPase-activating protein 3 OS=Mus musculus GN=Rasa3 PE=1 SV=2 - [RASA3_MOUSE]
Q61249,Immunoglobulin-binding protein 1 OS=Mus musculus GN=Igbp1 PE=1 SV=1 - [IGBP1_MOUSE]
B1APX2,Protein 5031439G07Rik OS=Mus musculus GN=5031439G07Rik PE=1 SV=1 - [B1APX2_MOUSE]
Q9Z0E0,Neurochondrin OS=Mus musculus GN=Ncdn PE=1 SV=1 - [NCDN_MOUSE]
Q91WU5,Arsenite methyltransferase OS=Mus musculus GN=As3mt PE=2 SV=2 - [AS3MT_MOUSE]
A0A023T672,RNA-binding protein 8A OS=Mus musculus GN=RBM8 PE=2 SV=1 - [A0A023T672_MOUSE]
Q6ZWM4,U6 snRNA-associated Sm-like protein LSm8 OS=Mus musculus GN=Lsm8 PE=3 SV=3 - [LSM8_MOUSE]
Q923X4,"Glutaredoxin-2, mitochondrial OS=Mus musculus GN=Glrx2 PE=1 SV=1 - [GLRX2_MOUSE]"
P22005,Proenkephalin-A OS=Mus musculus GN=Penk PE=2 SV=2 - [PENK_MOUSE]
Q07079,Insulin-like growth factor-binding protein 5 OS=Mus musculus GN=Igfbp5 PE=1 SV=1 - [IBP5_MOUSE]
E9PZ43,Microtubule-associated protein OS=Mus musculus GN=Map4 PE=1 SV=2 - [E9PZ43_MOUSE]
Q91XE4,N-acyl-aromatic-L-amino acid amidohydrolase (carboxylate-forming) OS=Mus musculus GN=Acy3 PE=1 SV=1 - [ACY3_MOUSE]
Q64727,Vinculin OS=Mus musculus GN=Vcl PE=1 SV=4 - [VINC_MOUSE]
P27612,Phospholipase A-2-activating protein OS=Mus musculus GN=Plaa PE=1 SV=4 - [PLAP_MOUSE]
Q8BGT8,Phytanoyl-CoA hydroxylase-interacting protein-like OS=Mus musculus GN=Phyhipl PE=2 SV=1 - [PHIPL_MOUSE]
O88951,Protein lin-7 homolog B OS=Mus musculus GN=Lin7b PE=1 SV=2 - [LIN7B_MOUSE]
Q8CC35,Synaptopodin OS=Mus musculus GN=Synpo PE=1 SV=2 - [SYNPO_MOUSE]
Q9R1V7,Disintegrin and metalloproteinase domain-containing protein 23 OS=Mus musculus GN=Adam23 PE=1 SV=1 - [ADA23_MOUSE]
O54962,Barrier-to-autointegration factor OS=Mus musculus GN=Banf1 PE=1 SV=1 - [BAF_MOUSE]
P01029,Complement C4-B OS=Mus musculus GN=C4b PE=1 SV=3 - [CO4B_MOUSE]
P15116,Cadherin-2 OS=Mus musculus GN=Cdh2 PE=1 SV=2 - [CADH2_MOUSE]
P62881,Guanine nucleotide-binding protein subunit beta-5 OS=Mus musculus GN=Gnb5 PE=1 SV=1 - [GBB5_MOUSE]
Q8VCI5,Peroxisomal biogenesis factor 19 OS=Mus musculus GN=Pex19 PE=1 SV=1 - [PEX19_MOUSE]
P11983,T-complex protein 1 subunit alpha OS=Mus musculus GN=Tcp1 PE=1 SV=3 - [TCPA_MOUSE]
O35295,Transcriptional activator protein Pur-beta OS=Mus musculus GN=Purb PE=1 SV=3 - [PURB_MOUSE]
P21460,Cystatin-C OS=Mus musculus GN=Cst3 PE=2 SV=2 - [CYTC_MOUSE]
P62774,Myotrophin OS=Mus musculus GN=Mtpn PE=1 SV=2 - [MTPN_MOUSE]
Q9Z2I2,Peptidyl-prolyl cis-trans isomerase FKBP1B OS=Mus musculus GN=Fkbp1b PE=1 SV=3 - [FKB1B_MOUSE]
Q3V3V9,Leucine-rich repeat-containing protein 16C OS=Mus musculus GN=Rltpr PE=2 SV=2 - [LR16C_MOUSE]
Q9JLV1,BAG family molecular chaperone regulator 3 OS=Mus musculus GN=Bag3 PE=1 SV=2 - [BAG3_MOUSE]
Q9QYB1,Chloride intracellular channel protein 4 OS=Mus musculus GN=Clic4 PE=1 SV=3 - [CLIC4_MOUSE]
E9PUD2,Dynamin-1-like protein OS=Mus musculus GN=Dnm1l PE=1 SV=1 - [E9PUD2_MOUSE]
Q9CQF0,"39S ribosomal protein L11, mitochondrial OS=Mus musculus GN=Mrpl11 PE=2 SV=1 - [RM11_MOUSE]"
Q8CEI1,BolA-like protein 3 OS=Mus musculus GN=Bola3 PE=2 SV=1 - [BOLA3_MOUSE]
Q9ERB0,Synaptosomal-associated protein 29 OS=Mus musculus GN=Snap29 PE=2 SV=1 - [SNP29_MOUSE]
Q9JJL8,"Serine--tRNA ligase, mitochondrial OS=Mus musculus GN=Sars2 PE=1 SV=2 - [SYSM_MOUSE]"
A0A087WNT1,Transcription elongation factor B polypeptide 1 OS=Mus musculus GN=Tceb1 PE=4 SV=1 - [A0A087WNT1_MOUSE]
Q640R3,Hepatocyte cell adhesion molecule OS=Mus musculus GN=Hepacam PE=1 SV=2 - [HECAM_MOUSE]
Q91VI7,Ribonuclease inhibitor OS=Mus musculus GN=Rnh1 PE=1 SV=1 - [RINI_MOUSE]
Q9CQU0,Thioredoxin domain-containing protein 12 OS=Mus musculus GN=Txndc12 PE=2 SV=1 - [TXD12_MOUSE]
Q9CYG7,Mitochondrial import receptor subunit TOM34 OS=Mus musculus GN=Tomm34 PE=2 SV=1 - [TOM34_MOUSE]
Q4V9Z5,Seizure 6-like protein 2 OS=Mus musculus GN=Sez6l2 PE=2 SV=1 - [SE6L2_MOUSE]
Q8VCE6,"5'(3')-deoxyribonucleotidase, mitochondrial OS=Mus musculus GN=Nt5m PE=2 SV=1 - [NT5M_MOUSE]"
Q9QZF2,Glypican-1 OS=Mus musculus GN=Gpc1 PE=1 SV=1 - [GPC1_MOUSE]
Q61704,Inter-alpha-trypsin inhibitor heavy chain H3 OS=Mus musculus GN=Itih3 PE=1 SV=3 - [ITIH3_MOUSE]
P51432,"1-phosphatidylinositol 4,5-bisphosphate phosphodiesterase beta-3 OS=Mus musculus GN=Plcb3 PE=2 SV=2 - [PLCB3_MOUSE]"
Q9D113,DNL-type zinc finger protein OS=Mus musculus GN=Dnlz PE=2 SV=1 - [DNLZ_MOUSE]
E9PY16,Protein Adap1 OS=Mus musculus GN=Adap1 PE=1 SV=1 - [E9PY16_MOUSE]
P84096,Rho-related GTP-binding protein RhoG OS=Mus musculus GN=Rhog PE=2 SV=1 - [RHOG_MOUSE]
Q9ES97,Reticulon-3 OS=Mus musculus GN=Rtn3 PE=1 SV=2 - [RTN3_MOUSE]
Q8BG73,SH3 domain-binding glutamic acid-rich-like protein 2 OS=Mus musculus GN=Sh3bgrl2 PE=1 SV=1 - [SH3L2_MOUSE]
Q99KY4,Cyclin-G-associated kinase OS=Mus musculus GN=Gak PE=1 SV=2 - [GAK_MOUSE]
Q9ER00,Syntaxin-12 OS=Mus musculus GN=Stx12 PE=1 SV=1 - [STX12_MOUSE]
Q8R3Q6,Coiled-coil domain-containing protein 58 OS=Mus musculus GN=Ccdc58 PE=2 SV=1 - [CCD58_MOUSE]
P63085,Mitogen-activated protein kinase 1 OS=Mus musculus GN=Mapk1 PE=1 SV=3 - [MK01_MOUSE]
Q63844,Mitogen-activated protein kinase 3 OS=Mus musculus GN=Mapk3 PE=1 SV=5 - [MK03_MOUSE]
E9PUM4,Talin-2 OS=Mus musculus GN=Tln2 PE=4 SV=1 - [E9PUM4_MOUSE]
Q922Q9,Chitinase domain-containing protein 1 OS=Mus musculus GN=Chid1 PE=2 SV=1 - [CHID1_MOUSE]
Q9D892,Inosine triphosphate pyrophosphatase OS=Mus musculus GN=Itpa PE=1 SV=2 - [ITPA_MOUSE]
A0A0A0MQD5,SH3 and multiple ankyrin repeat domains protein 3 OS=Mus musculus GN=Shank3 PE=4 SV=1 - [A0A0A0MQD5_MOUSE]
Q8C8N2,Protein SCAI OS=Mus musculus GN=Scai PE=1 SV=2 - [SCAI_MOUSE]
P70697,Uroporphyrinogen decarboxylase OS=Mus musculus GN=Urod PE=1 SV=2 - [DCUP_MOUSE]
P63248,cAMP-dependent protein kinase inhibitor alpha OS=Mus musculus GN=Pkia PE=1 SV=2 - [IPKA_MOUSE]
P27048,Small nuclear ribonucleoprotein-associated protein B OS=Mus musculus GN=Snrpb PE=1 SV=1 - [RSMB_MOUSE]
O35633,Vesicular inhibitory amino acid transporter OS=Mus musculus GN=Slc32a1 PE=1 SV=3 - [VIAAT_MOUSE]
Q8K010,5-oxoprolinase OS=Mus musculus GN=Oplah PE=2 SV=1 - [OPLA_MOUSE]
P21279,Guanine nucleotide-binding protein G(q) subunit alpha OS=Mus musculus GN=Gnaq PE=1 SV=4 - [GNAQ_MOUSE]
G3XA48,Isopentenyl-diphosphate Delta-isomerase 1 OS=Mus musculus GN=Idi1 PE=4 SV=1 - [G3XA48_MOUSE]
Q63ZW7,InaD-like protein OS=Mus musculus GN=Inadl PE=1 SV=2 - [INADL_MOUSE]
O35887,Calumenin OS=Mus musculus GN=Calu PE=1 SV=1 - [CALU_MOUSE]
Q6XLQ8,Calumenin OS=Mus musculus GN=Calu PE=2 SV=1 - [Q6XLQ8_MOUSE]
Q9D8Z2,TP53-regulated inhibitor of apoptosis 1 OS=Mus musculus GN=Triap1 PE=2 SV=1 - [TRIA1_MOUSE]
Q9WVQ1,"Membrane-associated guanylate kinase, WW and PDZ domain-containing protein 2 OS=Mus musculus GN=Magi2 PE=1 SV=2 - [MAGI2_MOUSE]"
Q9CQI6,Coactosin-like protein OS=Mus musculus GN=Cotl1 PE=1 SV=3 - [COTL1_MOUSE]
A2AJQ0,"[Pyruvate dehydrogenase [acetyl-transferring]]-phosphatase 1, mitochondrial OS=Mus musculus GN=Pdp1 PE=3 SV=2 - [A2AJQ0_MOUSE]"
P19783,"Cytochrome c oxidase subunit 4 isoform 1, mitochondrial OS=Mus musculus GN=Cox4i1 PE=1 SV=2 - [COX41_MOUSE]"
A2ALU4,Protein Shroom2 OS=Mus musculus GN=Shroom2 PE=1 SV=1 - [SHRM2_MOUSE]
Q9JIS5,Synaptic vesicle glycoprotein 2A OS=Mus musculus GN=Sv2a PE=1 SV=1 - [SV2A_MOUSE]
Q9ERG0,LIM domain and actin-binding protein 1 OS=Mus musculus GN=Lima1 PE=1 SV=3 - [LIMA1_MOUSE]
Q64387,Prepronociceptin OS=Mus musculus GN=Pnoc PE=2 SV=1 - [PNOC_MOUSE]
P14685,26S proteasome non-ATPase regulatory subunit 3 OS=Mus musculus GN=Psmd3 PE=1 SV=3 - [PSMD3_MOUSE]
Q9CPP6,NADH dehydrogenase [ubiquinone] 1 alpha subcomplex subunit 5 OS=Mus musculus GN=Ndufa5 PE=1 SV=3 - [NDUA5_MOUSE]
O35639,Annexin A3 OS=Mus musculus GN=Anxa3 PE=1 SV=4 - [ANXA3_MOUSE]
P17426,AP-2 complex subunit alpha-1 OS=Mus musculus GN=Ap2a1 PE=1 SV=1 - [AP2A1_MOUSE]
Q3UVT7,Palmdelphin OS=Mus musculus GN=Palmd PE=2 SV=1 - [Q3UVT7_MOUSE]
Q501J7,Phosphatase and actin regulator 4 OS=Mus musculus GN=Phactr4 PE=1 SV=2 - [PHAR4_MOUSE]
E9Q852,Afadin OS=Mus musculus GN=Mllt4 PE=1 SV=2 - [E9Q852_MOUSE]
Q9D0M3,"Cytochrome c1, heme protein, mitochondrial OS=Mus musculus GN=Cyc1 PE=1 SV=1 - [CY1_MOUSE]"
G5E8Q5,DCN1-like protein OS=Mus musculus GN=Dcun1d2 PE=4 SV=1 - [G5E8Q5_MOUSE]
Q9Z1A1,Protein Tfg OS=Mus musculus GN=Tfg PE=2 SV=1 - [Q9Z1A1_MOUSE]
P35282,Ras-related protein Rab-21 OS=Mus musculus GN=Rab21 PE=1 SV=4 - [RAB21_MOUSE]
Q99N28,Cell adhesion molecule 3 OS=Mus musculus GN=Cadm3 PE=1 SV=1 - [CADM3_MOUSE]
Q8HW98,IgLON family member 5 OS=Mus musculus GN=Iglon5 PE=2 SV=2 - [IGLO5_MOUSE]
Q8BP47,"Asparagine--tRNA ligase, cytoplasmic OS=Mus musculus GN=Nars PE=1 SV=2 - [SYNC_MOUSE]"
O35621,Phosphomannomutase 1 OS=Mus musculus GN=Pmm1 PE=1 SV=1 - [PMM1_MOUSE]
Q9D8T7,"SRA stem-loop-interacting RNA-binding protein, mitochondrial OS=Mus musculus GN=Slirp PE=1 SV=2 - [SLIRP_MOUSE]"
B0R030,Synaptosomal-associated protein (Fragment) OS=Mus musculus GN=Snap23 PE=1 SV=4 - [B0R030_MOUSE]
O09044,Synaptosomal-associated protein 23 OS=Mus musculus GN=Snap23 PE=1 SV=1 - [SNP23_MOUSE]
F8VQ95,Transforming acidic coiled-coil-containing protein 1 OS=Mus musculus GN=Tacc1 PE=1 SV=1 - [F8VQ95_MOUSE]
Q8CAY6,"Acetyl-CoA acetyltransferase, cytosolic OS=Mus musculus GN=Acat2 PE=1 SV=2 - [THIC_MOUSE]"
Q9WU63,Heme-binding protein 2 OS=Mus musculus GN=Hebp2 PE=1 SV=1 - [HEBP2_MOUSE]
Q60866,Phosphotriesterase-related protein OS=Mus musculus GN=Pter PE=2 SV=1 - [PTER_MOUSE]
Q9CQ89,Protein CutA OS=Mus musculus GN=Cuta PE=2 SV=3 - [CUTA_MOUSE]
Q6PAN7,Proline-rich protein 18 OS=Mus musculus GN=Prr18 PE=2 SV=2 - [PRR18_MOUSE]
M0QWG6,"Retinal rod rhodopsin-sensitive cGMP 3',5'-cyclic phosphodiesterase subunit delta OS=Mus musculus GN=Pde6d PE=4 SV=1 - [M0QWG6_MOUSE]"
P62315,Small nuclear ribonucleoprotein Sm D1 OS=Mus musculus GN=Snrpd1 PE=2 SV=1 - [SMD1_MOUSE]
P55821,Stathmin-2 OS=Mus musculus GN=Stmn2 PE=1 SV=1 - [STMN2_MOUSE]
P24547,Inosine-5'-monophosphate dehydrogenase 2 OS=Mus musculus GN=Impdh2 PE=1 SV=2 - [IMDH2_MOUSE]
B8QI34,Liprin-alpha 2 OS=Mus musculus GN=Ppfia2 PE=2 SV=1 - [B8QI34_MOUSE]
Q8BSS9,Liprin-alpha-2 OS=Mus musculus GN=Ppfia2 PE=1 SV=2 - [LIPA2_MOUSE]
Q9ET26,E3 ubiquitin-protein ligase RNF114 OS=Mus musculus GN=Rnf114 PE=2 SV=2 - [RN114_MOUSE]
Q9D0E1,Heterogeneous nuclear ribonucleoprotein M OS=Mus musculus GN=Hnrnpm PE=1 SV=3 - [HNRPM_MOUSE]
O35226,26S proteasome non-ATPase regulatory subunit 4 OS=Mus musculus GN=Psmd4 PE=1 SV=1 - [PSMD4_MOUSE]
G5E884,Non-specific serine/threonine protein kinase OS=Mus musculus GN=Pak1 PE=4 SV=1 - [G5E884_MOUSE]
A2A7S7,Tyrosine--tRNA ligase OS=Mus musculus GN=Yars PE=3 SV=1 - [A2A7S7_MOUSE]
Q8R366,Immunoglobulin superfamily member 8 OS=Mus musculus GN=Igsf8 PE=1 SV=2 - [IGSF8_MOUSE]
Q8K0S0,Phytanoyl-CoA hydroxylase-interacting protein OS=Mus musculus GN=Phyhip PE=1 SV=1 - [PHYIP_MOUSE]
P97379,Ras GTPase-activating protein-binding protein 2 OS=Mus musculus GN=G3bp2 PE=1 SV=2 - [G3BP2_MOUSE]
P62746,Rho-related GTP-binding protein RhoB OS=Mus musculus GN=Rhob PE=1 SV=1 - [RHOB_MOUSE]
Q8VHI6,Wiskott-Aldrich syndrome protein family member 3 OS=Mus musculus GN=Wasf3 PE=2 SV=1 - [WASF3_MOUSE]
B1AQF4,Dual-specificity protein phosphatase 3 OS=Mus musculus GN=Dusp3 PE=4 SV=1 - [B1AQF4_MOUSE]
Q3B7Z2,Oxysterol-binding protein 1 OS=Mus musculus GN=Osbp PE=1 SV=3 - [OSBP1_MOUSE]
Q9WVE8,Protein kinase C and casein kinase substrate in neurons protein 2 OS=Mus musculus GN=Pacsin2 PE=1 SV=1 - [PACN2_MOUSE]
Q91WG2,Rab GTPase-binding effector protein 2 OS=Mus musculus GN=Rabep2 PE=2 SV=3 - [RABE2_MOUSE]
Q61301,Catenin alpha-2 OS=Mus musculus GN=Ctnna2 PE=1 SV=3 - [CTNA2_MOUSE]
Q8CCS6,Polyadenylate-binding protein 2 OS=Mus musculus GN=Pabpn1 PE=2 SV=3 - [PABP2_MOUSE]
Q8CJG1,Protein argonaute-1 OS=Mus musculus GN=Ago1 PE=1 SV=2 - [AGO1_MOUSE]
Q5SUD5,"Protein SCO1 homolog, mitochondrial OS=Mus musculus GN=Sco1 PE=4 SV=1 - [Q5SUD5_MOUSE]"
Q8BVU5,"ADP-ribose pyrophosphatase, mitochondrial OS=Mus musculus GN=Nudt9 PE=2 SV=1 - [NUDT9_MOUSE]"
O08739,AMP deaminase 3 OS=Mus musculus GN=Ampd3 PE=2 SV=2 - [AMPD3_MOUSE]
Q8R066,Complement C1q tumor necrosis factor-related protein 4 OS=Mus musculus GN=C1qtnf4 PE=1 SV=1 - [C1QT4_MOUSE]
Q920M5,Coronin-6 OS=Mus musculus GN=Coro6 PE=2 SV=1 - [CORO6_MOUSE]
Q9D832,DnaJ homolog subfamily B member 4 OS=Mus musculus GN=Dnajb4 PE=2 SV=1 - [DNJB4_MOUSE]
Q9CPX4,Ferritin OS=Mus musculus GN=Ftl1 PE=2 SV=1 - [Q9CPX4_MOUSE]
P60761,Neurogranin OS=Mus musculus GN=Nrgn PE=1 SV=1 - [NEUG_MOUSE]
Q8VCQ3,Nuclear receptor-binding factor 2 OS=Mus musculus GN=Nrbf2 PE=1 SV=1 - [NRBF2_MOUSE]
Q62165,Dystroglycan OS=Mus musculus GN=Dag1 PE=1 SV=4 - [DAG1_MOUSE]
P63073,Eukaryotic translation initiation factor 4E OS=Mus musculus GN=Eif4e PE=1 SV=1 - [IF4E_MOUSE]
Q8VD75,Huntingtin-interacting protein 1 OS=Mus musculus GN=Hip1 PE=1 SV=2 - [HIP1_MOUSE]
P46414,Cyclin-dependent kinase inhibitor 1B OS=Mus musculus GN=Cdkn1b PE=1 SV=2 - [CDN1B_MOUSE]
D3YXZ3,Kinesin light chain 2 OS=Mus musculus GN=Klc2 PE=4 SV=1 - [D3YXZ3_MOUSE]
P08905,Lysozyme C-2 OS=Mus musculus GN=Lyz2 PE=1 SV=2 - [LYZ2_MOUSE]
Q61733,"28S ribosomal protein S31, mitochondrial OS=Mus musculus GN=Mrps31 PE=2 SV=1 - [RT31_MOUSE]"
Q6ZPS6,Ankyrin repeat and IBR domain-containing protein 1 OS=Mus musculus GN=Ankib1 PE=1 SV=2 - [AKIB1_MOUSE]
E9Q6B2,Coiled-coil domain-containing protein 85C OS=Mus musculus GN=Ccdc85c PE=2 SV=1 - [CC85C_MOUSE]
Q61584,Fragile X mental retardation syndrome-related protein 1 OS=Mus musculus GN=Fxr1 PE=1 SV=2 - [FXR1_MOUSE]
E9Q5D9,Insulin-like growth factor-binding protein 7 OS=Mus musculus GN=Igfbp7 PE=4 SV=1 - [E9Q5D9_MOUSE]
O08919,Numb-like protein OS=Mus musculus GN=Numbl PE=1 SV=3 - [NUMBL_MOUSE]
Q3V2H3,Sorting nexin-12 OS=Mus musculus GN=Snx12 PE=2 SV=1 - [Q3V2H3_MOUSE]
Q8K0Z7,Translational activator of cytochrome c oxidase 1 OS=Mus musculus GN=Taco1 PE=1 SV=1 - [TACO1_MOUSE]
E0CYM8,Tyrosine-protein phosphatase non-receptor type substrate 1 OS=Mus musculus GN=Sirpa PE=4 SV=1 - [E0CYM8_MOUSE]
Q3UHX2,28 kDa heat- and acid-stable phosphoprotein OS=Mus musculus GN=Pdap1 PE=1 SV=1 - [HAP28_MOUSE]
E9PV22,Leucine-rich repeat-containing protein 47 OS=Mus musculus GN=Lrrc47 PE=4 SV=1 - [E9PV22_MOUSE]
P54728,UV excision repair protein RAD23 homolog B OS=Mus musculus GN=Rad23b PE=1 SV=2 - [RD23B_MOUSE]
O09174,Alpha-methylacyl-CoA racemase OS=Mus musculus GN=Amacr PE=1 SV=4 - [AMACR_MOUSE]
Q9Z1Q5,Chloride intracellular channel protein 1 OS=Mus musculus GN=Clic1 PE=1 SV=3 - [CLIC1_MOUSE]
Q9CR53,Neuromedin-B OS=Mus musculus GN=Nmb PE=2 SV=1 - [NMB_MOUSE]
Q9JHW2,Omega-amidase NIT2 OS=Mus musculus GN=Nit2 PE=1 SV=1 - [NIT2_MOUSE]
H7BWZ1,Ubiquitin-fold modifier 1 OS=Mus musculus GN=Ufm1 PE=4 SV=1 - [H7BWZ1_MOUSE]
F8SLQ1,PEX5-related protein OS=Mus musculus GN=Pex5l PE=2 SV=1 - [F8SLQ1_MOUSE]
Q9DAZ9,Abscission/NoCut checkpoint regulator OS=Mus musculus GN=Zfyve19 PE=1 SV=2 - [ANCHR_MOUSE]
Q99JF5,Diphosphomevalonate decarboxylase OS=Mus musculus GN=Mvd PE=1 SV=2 - [MVD1_MOUSE]
Q99M71,Mammalian ependymin-related protein 1 OS=Mus musculus GN=Epdr1 PE=2 SV=1 - [EPDR1_MOUSE]
Q9QZS3,Protein numb homolog OS=Mus musculus GN=Numb PE=1 SV=1 - [NUMB_MOUSE]
Q810U4,Neuronal cell adhesion molecule OS=Mus musculus GN=Nrcam PE=1 SV=2 - [NRCAM_MOUSE]
Q78PY7,Staphylococcal nuclease domain-containing protein 1 OS=Mus musculus GN=Snd1 PE=1 SV=1 - [SND1_MOUSE]
Q9WV54,Acid ceramidase OS=Mus musculus GN=Asah1 PE=1 SV=1 - [ASAH1_MOUSE]
Q6NVF7,Periaxin OS=Mus musculus GN=Prx PE=2 SV=1 - [Q6NVF7_MOUSE]
Q3UW66,Sulfurtransferase OS=Mus musculus GN=Mpst PE=2 SV=1 - [Q3UW66_MOUSE]
Q9Z1G3,V-type proton ATPase subunit C 1 OS=Mus musculus GN=Atp6v1c1 PE=1 SV=4 - [VATC1_MOUSE]
P63330,Serine/threonine-protein phosphatase 2A catalytic subunit alpha isoform OS=Mus musculus GN=Ppp2ca PE=1 SV=1 - [PP2AA_MOUSE]
P62715,Serine/threonine-protein phosphatase 2A catalytic subunit beta isoform OS=Mus musculus GN=Ppp2cb PE=1 SV=1 - [PP2AB_MOUSE]
P50428,Arylsulfatase A OS=Mus musculus GN=Arsa PE=2 SV=2 - [ARSA_MOUSE]
E9Q0H6,"Fatty acid-binding protein, brain OS=Mus musculus GN=Fabp7 PE=3 SV=1 - [E9Q0H6_MOUSE]"
Q8K3A0,"Iron-sulfur cluster co-chaperone protein HscB, mitochondrial OS=Mus musculus GN=Hscb PE=2 SV=2 - [HSC20_MOUSE]"
E9QMP6,Serine/threonine-protein kinase MARK2 OS=Mus musculus GN=Mark2 PE=4 SV=2 - [E9QMP6_MOUSE]
O88834,SH2 domain-containing adapter protein D OS=Mus musculus GN=Shd PE=1 SV=1 - [SHD_MOUSE]
A2AU91,Tumor suppressor p53-binding protein 1 OS=Mus musculus GN=Trp53bp1 PE=1 SV=1 - [A2AU91_MOUSE]
Q80X50,Ubiquitin-associated protein 2-like OS=Mus musculus GN=Ubap2l PE=1 SV=1 - [UBP2L_MOUSE]
Q9JJK2,LanC-like protein 2 OS=Mus musculus GN=Lancl2 PE=1 SV=1 - [LANC2_MOUSE]
Q91WD5,"NADH dehydrogenase [ubiquinone] iron-sulfur protein 2, mitochondrial OS=Mus musculus GN=Ndufs2 PE=1 SV=1 - [NDUS2_MOUSE]"
Q91XL9,Oxysterol-binding protein-related protein 1 OS=Mus musculus GN=Osbpl1a PE=1 SV=2 - [OSBL1_MOUSE]
Q7TSQ8,"Pyruvate dehydrogenase phosphatase regulatory subunit, mitochondrial OS=Mus musculus GN=Pdpr PE=2 SV=1 - [PDPR_MOUSE]"
O35551,Rab GTPase-binding effector protein 1 OS=Mus musculus GN=Rabep1 PE=1 SV=2 - [RABE1_MOUSE]
Q9WV55,Vesicle-associated membrane protein-associated protein A OS=Mus musculus GN=Vapa PE=1 SV=2 - [VAPA_MOUSE]
O54991,Contactin-associated protein 1 OS=Mus musculus GN=Cntnap1 PE=2 SV=2 - [CNTP1_MOUSE]
Q8CAF4,NHS-like protein 1 OS=Mus musculus GN=Nhsl1 PE=1 SV=3 - [NHSL1_MOUSE]
F7BJK1,Protein Pcdh1 (Fragment) OS=Mus musculus GN=Pcdh1 PE=1 SV=1 - [F7BJK1_MOUSE]
Q3UGX2,Spectrin beta 1 OS=Mus musculus GN=Sptb PE=2 SV=1 - [Q3UGX2_MOUSE]
Q9CQ26,STAM-binding protein OS=Mus musculus GN=Stambp PE=2 SV=1 - [STABP_MOUSE]
P80314,T-complex protein 1 subunit beta OS=Mus musculus GN=Cct2 PE=1 SV=4 - [TCPB_MOUSE]
O88986,"2-amino-3-ketobutyrate coenzyme A ligase, mitochondrial OS=Mus musculus GN=Gcat PE=1 SV=2 - [KBL_MOUSE]"
Q68ED7,CREB-regulated transcription coactivator 1 OS=Mus musculus GN=Crtc1 PE=1 SV=1 - [CRTC1_MOUSE]
Q9D554,Splicing factor 3A subunit 3 OS=Mus musculus GN=Sf3a3 PE=2 SV=2 - [SF3A3_MOUSE]
Q8JZL3,Thiamine-triphosphatase OS=Mus musculus GN=Thtpa PE=1 SV=3 - [THTPA_MOUSE]
Q8VEJ9,Vacuolar protein sorting-associated protein 4A OS=Mus musculus GN=Vps4a PE=1 SV=1 - [VPS4A_MOUSE]
Q9QYJ3,DnaJ homolog subfamily B member 1 OS=Mus musculus GN=Dnajb1 PE=2 SV=3 - [DNJB1_MOUSE]
Q14BB9,MAP6 domain-containing protein 1 OS=Mus musculus GN=Map6d1 PE=1 SV=1 - [MA6D1_MOUSE]
D3Z3N4,"MCG11326, isoform CRA_a OS=Mus musculus GN=Hnrnph3 PE=4 SV=1 - [D3Z3N4_MOUSE]"
Q9DC61,Mitochondrial-processing peptidase subunit alpha OS=Mus musculus GN=Pmpca PE=1 SV=1 - [MPPA_MOUSE]
G5E846,Peripherin OS=Mus musculus GN=Prph PE=3 SV=1 - [G5E846_MOUSE]
O54984,ATPase Asna1 OS=Mus musculus GN=Asna1 PE=1 SV=2 - [ASNA_MOUSE]
Q922D8,"C-1-tetrahydrofolate synthase, cytoplasmic OS=Mus musculus GN=Mthfd1 PE=1 SV=4 - [C1TC_MOUSE]"
Q8BGH7,CDC42 small effector protein 2 OS=Mus musculus GN=Cdc42se2 PE=1 SV=1 - [C42S2_MOUSE]
F7DEU6,Inosine-5'-monophosphate dehydrogenase (Fragment) OS=Mus musculus GN=Impdh1 PE=3 SV=1 - [F7DEU6_MOUSE]
Q8BGT6,MICAL-like protein 1 OS=Mus musculus GN=Micall1 PE=1 SV=3 - [MILK1_MOUSE]
Q9CQR4,Acyl-coenzyme A thioesterase 13 OS=Mus musculus GN=Acot13 PE=1 SV=1 - [ACO13_MOUSE]
P53395,"Lipoamide acyltransferase component of branched-chain alpha-keto acid dehydrogenase complex, mitochondrial OS=Mus musculus GN=Dbt PE=1 SV=2 - [ODB2_MOUSE]"
P61089,Ubiquitin-conjugating enzyme E2 N OS=Mus musculus GN=Ube2n PE=1 SV=1 - [UBE2N_MOUSE]
P51863,V-type proton ATPase subunit d 1 OS=Mus musculus GN=Atp6v0d1 PE=1 SV=2 - [VA0D1_MOUSE]
P97825,Hematological and neurological expressed 1 protein OS=Mus musculus GN=Hn1 PE=1 SV=3 - [HN1_MOUSE]
O55241,Orexin OS=Mus musculus GN=Hcrt PE=2 SV=1 - [OREX_MOUSE]
Q76MZ3,Serine/threonine-protein phosphatase 2A 65 kDa regulatory subunit A alpha isoform OS=Mus musculus GN=Ppp2r1a PE=1 SV=3 - [2AAA_MOUSE]
Q8C788,Sorting nexin OS=Mus musculus GN=Snx18 PE=2 SV=1 - [Q8C788_MOUSE]
Q6ZWN5,40S ribosomal protein S9 OS=Mus musculus GN=Rps9 PE=1 SV=3 - [RS9_MOUSE]
Q8VBY2,Calcium/calmodulin-dependent protein kinase kinase 1 OS=Mus musculus GN=Camkk1 PE=1 SV=1 - [KKCC1_MOUSE]
Q99LC3,"NADH dehydrogenase [ubiquinone] 1 alpha subcomplex subunit 10, mitochondrial OS=Mus musculus GN=Ndufa10 PE=1 SV=1 - [NDUAA_MOUSE]"
D3Z4N0,Pleckstrin homology-like domain family B member 1 OS=Mus musculus GN=Phldb1 PE=1 SV=1 - [D3Z4N0_MOUSE]
E9QKI5,Proline-rich AKT1 substrate 1 OS=Mus musculus GN=Akt1s1 PE=1 SV=1 - [E9QKI5_MOUSE]
P62317,Small nuclear ribonucleoprotein Sm D2 OS=Mus musculus GN=Snrpd2 PE=2 SV=1 - [SMD2_MOUSE]
Q9QZB7,Actin-related protein 10 OS=Mus musculus GN=Actr10 PE=1 SV=2 - [ARP10_MOUSE]
P50429,Arylsulfatase B OS=Mus musculus GN=Arsb PE=2 SV=3 - [ARSB_MOUSE]
Q9Z127,Large neutral amino acids transporter small subunit 1 OS=Mus musculus GN=Slc7a5 PE=1 SV=2 - [LAT1_MOUSE]
Q9DBG5,Perilipin-3 OS=Mus musculus GN=Plin3 PE=1 SV=1 - [PLIN3_MOUSE]
P51660,Peroxisomal multifunctional enzyme type 2 OS=Mus musculus GN=Hsd17b4 PE=1 SV=3 - [DHB4_MOUSE]
Q8BG13,Putative RNA-binding protein 3 OS=Mus musculus GN=Rbm3 PE=2 SV=1 - [Q8BG13_MOUSE]
B9EI38,RALBP1 associated Eps domain containing protein 2 OS=Mus musculus GN=Reps2 PE=2 SV=1 - [B9EI38_MOUSE]
P50136,"2-oxoisovalerate dehydrogenase subunit alpha, mitochondrial OS=Mus musculus GN=Bckdha PE=1 SV=1 - [ODBA_MOUSE]"
Q811D0,Disks large homolog 1 OS=Mus musculus GN=Dlg1 PE=1 SV=1 - [DLG1_MOUSE]
E9Q9H0,Disks large homolog 1 OS=Mus musculus GN=Dlg1 PE=1 SV=1 - [E9Q9H0_MOUSE]
Q9D9V3,Ethylmalonyl-CoA decarboxylase OS=Mus musculus GN=Echdc1 PE=1 SV=2 - [ECHD1_MOUSE]
P61028,Ras-related protein Rab-8B OS=Mus musculus GN=Rab8b PE=1 SV=1 - [RAB8B_MOUSE]
D3Z456,"39S ribosomal protein L3, mitochondrial OS=Mus musculus GN=Mrpl3 PE=3 SV=1 - [D3Z456_MOUSE]"
Q8BGS2,BolA-like protein 2 OS=Mus musculus GN=Bola2 PE=1 SV=1 - [BOLA2_MOUSE]
Q9CPS6,Histidine triad nucleotide-binding protein 3 OS=Mus musculus GN=Hint3 PE=2 SV=1 - [HINT3_MOUSE]
P19137,Laminin subunit alpha-1 OS=Mus musculus GN=Lama1 PE=1 SV=1 - [LAMA1_MOUSE]
Q91VR7,Microtubule-associated proteins 1A/1B light chain 3A OS=Mus musculus GN=Map1lc3a PE=1 SV=1 - [MLP3A_MOUSE]
Q8R1G6,PDZ and LIM domain protein 2 OS=Mus musculus GN=Pdlim2 PE=1 SV=1 - [PDLI2_MOUSE]
Q69Z98,Serine/threonine-protein kinase BRSK2 OS=Mus musculus GN=Brsk2 PE=1 SV=2 - [BRSK2_MOUSE]
Q91YN9,BAG family molecular chaperone regulator 2 OS=Mus musculus GN=Bag2 PE=1 SV=1 - [BAG2_MOUSE]
Q8CCN5,Breast carcinoma-amplified sequence 3 homolog OS=Mus musculus GN=Bcas3 PE=1 SV=2 - [BCAS3_MOUSE]
Q3TB24,DnaJ homolog subfamily B member 2 OS=Mus musculus GN=Dnajb2 PE=2 SV=1 - [Q3TB24_MOUSE]
Q8CFQ9,"Fusion, derived from t(1216) malignant liposarcoma (Human) OS=Mus musculus GN=Fus PE=2 SV=1 - [Q8CFQ9_MOUSE]"
P61021,Ras-related protein Rab-5B OS=Mus musculus GN=Rab5b PE=1 SV=1 - [RAB5B_MOUSE]
P12023,Amyloid beta A4 protein OS=Mus musculus GN=App PE=1 SV=3 - [A4_MOUSE]
P61963,DDB1- and CUL4-associated factor 7 OS=Mus musculus GN=Dcaf7 PE=2 SV=1 - [DCAF7_MOUSE]
Q9JIA1,Leucine-rich glioma-inactivated protein 1 OS=Mus musculus GN=Lgi1 PE=1 SV=1 - [LGI1_MOUSE]
Q9CQ19,Myosin regulatory light polypeptide 9 OS=Mus musculus GN=Myl9 PE=1 SV=3 - [MYL9_MOUSE]
F7DCH5,CLIP-associating protein 2 OS=Mus musculus GN=Clasp2 PE=1 SV=1 - [F7DCH5_MOUSE]
P60840,Alpha-endosulfine OS=Mus musculus GN=Ensa PE=1 SV=1 - [ENSA_MOUSE]
E9Q827,cAMP-regulated phosphoprotein 19 OS=Mus musculus GN=Arpp19 PE=4 SV=1 - [E9Q827_MOUSE]
F7BX42,Neuronal pentraxin receptor OS=Mus musculus GN=Nptxr PE=4 SV=1 - [F7BX42_MOUSE]
Q61165,Sodium/hydrogen exchanger 1 OS=Mus musculus GN=Slc9a1 PE=1 SV=1 - [SL9A1_MOUSE]
Q99JW4,LIM and senescent cell antigen-like-containing domain protein 1 OS=Mus musculus GN=Lims1 PE=1 SV=3 - [LIMS1_MOUSE]
O35943,"Frataxin, mitochondrial OS=Mus musculus GN=Fxn PE=1 SV=1 - [FRDA_MOUSE]"
Q6ZQ38,Cullin-associated NEDD8-dissociated protein 1 OS=Mus musculus GN=Cand1 PE=2 SV=2 - [CAND1_MOUSE]
Q91V76,Ester hydrolase C11orf54 homolog OS=Mus musculus PE=2 SV=1 - [CK054_MOUSE]
D3YVV3,Protein Ankrd29 OS=Mus musculus GN=Ankrd29 PE=4 SV=1 - [D3YVV3_MOUSE]
P48428,Tubulin-specific chaperone A OS=Mus musculus GN=Tbca PE=2 SV=3 - [TBCA_MOUSE]
Q9JK42,"[Pyruvate dehydrogenase (acetyl-transferring)] kinase isozyme 2, mitochondrial OS=Mus musculus GN=Pdk2 PE=1 SV=2 - [PDK2_MOUSE]"
Q6QWF9,Calcium/calmodulin-dependent protein kinase II inhibitor 1 OS=Mus musculus GN=Camk2n1 PE=1 SV=1 - [CK2N1_MOUSE]
Q99KC8,von Willebrand factor A domain-containing protein 5A OS=Mus musculus GN=Vwa5a PE=1 SV=2 - [VMA5A_MOUSE]
P26039,Talin-1 OS=Mus musculus GN=Tln1 PE=1 SV=2 - [TLN1_MOUSE]
Q06890,Clusterin OS=Mus musculus GN=Clu PE=1 SV=1 - [CLUS_MOUSE]
Q62421,Endophilin-A3 OS=Mus musculus GN=Sh3gl3 PE=2 SV=1 - [SH3G3_MOUSE]
P97493,"Thioredoxin, mitochondrial OS=Mus musculus GN=Txn2 PE=1 SV=1 - [THIOM_MOUSE]"
P51881,ADP/ATP translocase 2 OS=Mus musculus GN=Slc25a5 PE=1 SV=3 - [ADT2_MOUSE]
Q07076,Annexin A7 OS=Mus musculus GN=Anxa7 PE=2 SV=2 - [ANXA7_MOUSE]
Q9WVL0,Maleylacetoacetate isomerase OS=Mus musculus GN=Gstz1 PE=1 SV=1 - [MAAI_MOUSE]
Q9CPW2,"Adrenodoxin-like protein, mitochondrial OS=Mus musculus GN=Fdx1l PE=2 SV=1 - [ADXL_MOUSE]"
Q62415,Apoptosis-stimulating of p53 protein 1 OS=Mus musculus GN=Ppp1r13b PE=2 SV=2 - [ASPP1_MOUSE]
Q8K3C3,Protein LZIC OS=Mus musculus GN=Lzic PE=1 SV=1 - [LZIC_MOUSE]
Q8K1J6,"CCA tRNA nucleotidyltransferase 1, mitochondrial OS=Mus musculus GN=Trnt1 PE=1 SV=1 - [TRNT1_MOUSE]"
A2AKD7,Alpha-1-syntrophin OS=Mus musculus GN=Snta1 PE=1 SV=1 - [A2AKD7_MOUSE]
D3YUM1,"NADH dehydrogenase [ubiquinone] flavoprotein 1, mitochondrial OS=Mus musculus GN=Ndufv1 PE=1 SV=1 - [D3YUM1_MOUSE]"
E9Q912,Protein Rap1gds1 OS=Mus musculus GN=Rap1gds1 PE=4 SV=1 - [E9Q912_MOUSE]
Q61191,Host cell factor 1 OS=Mus musculus GN=Hcfc1 PE=1 SV=2 - [HCFC1_MOUSE]
Q3UZP4,Small VCP/p97-interacting protein OS=Mus musculus GN=Svip PE=2 SV=1 - [SVIP_MOUSE]
Q3TCN2,Putative phospholipase B-like 2 OS=Mus musculus GN=Plbd2 PE=1 SV=2 - [PLBL2_MOUSE]
Q561M1,Acp1 protein OS=Mus musculus GN=Acp1 PE=2 SV=1 - [Q561M1_MOUSE]
P24369,Peptidyl-prolyl cis-trans isomerase B OS=Mus musculus GN=Ppib PE=1 SV=2 - [PPIB_MOUSE]
Q8K0E8,Fibrinogen beta chain OS=Mus musculus GN=Fgb PE=2 SV=1 - [FIBB_MOUSE]
Q9D7P6,"Iron-sulfur cluster assembly enzyme ISCU, mitochondrial OS=Mus musculus GN=Iscu PE=1 SV=1 - [ISCU_MOUSE]"
Q9D967,Magnesium-dependent phosphatase 1 OS=Mus musculus GN=Mdp1 PE=1 SV=1 - [MGDP1_MOUSE]
D3Z1F7,Protein 4833439L19Rik OS=Mus musculus GN=4833439L19Rik PE=4 SV=1 - [D3Z1F7_MOUSE]
P35564,Calnexin OS=Mus musculus GN=Canx PE=1 SV=1 - [CALX_MOUSE]
Q9QX60,"Deoxyguanosine kinase, mitochondrial OS=Mus musculus GN=Dguok PE=2 SV=3 - [DGUOK_MOUSE]"
Q7TSV4,Phosphoglucomutase-2 OS=Mus musculus GN=Pgm2 PE=1 SV=1 - [PGM2_MOUSE]
Q80TL4,Protein KIAA1045 OS=Mus musculus GN=Kiaa1045 PE=2 SV=2 - [K1045_MOUSE]
Q9DBP5,UMP-CMP kinase OS=Mus musculus GN=Cmpk1 PE=1 SV=1 - [KCY_MOUSE]
O35459,"Delta(3,5)-Delta(2,4)-dienoyl-CoA isomerase, mitochondrial OS=Mus musculus GN=Ech1 PE=1 SV=1 - [ECH1_MOUSE]"
Q8BH55,Threonine synthase-like 1 OS=Mus musculus GN=Thnsl1 PE=2 SV=1 - [THNS1_MOUSE]
Q9D4J1,EF-hand domain-containing protein D1 OS=Mus musculus GN=Efhd1 PE=2 SV=1 - [EFHD1_MOUSE]
D3Z576,Filamin-C OS=Mus musculus GN=Flnc PE=1 SV=1 - [D3Z576_MOUSE]
A0A0A6YVU8,MCG119397 OS=Mus musculus GN=mCG_119397 PE=4 SV=1 - [A0A0A6YVU8_MOUSE]
Q91ZR1,Ras-related protein Rab-4B OS=Mus musculus GN=Rab4b PE=2 SV=2 - [RAB4B_MOUSE]
Q8CGU1,Calcium-binding and coiled-coil domain-containing protein 1 OS=Mus musculus GN=Calcoco1 PE=1 SV=2 - [CACO1_MOUSE]
P70372,ELAV-like protein 1 OS=Mus musculus GN=Elavl1 PE=1 SV=2 - [ELAV1_MOUSE]
Q9Z2Y3,Homer protein homolog 1 OS=Mus musculus GN=Homer1 PE=1 SV=2 - [HOME1_MOUSE]
Q91Z38,Tetratricopeptide repeat protein 1 OS=Mus musculus GN=Ttc1 PE=2 SV=1 - [TTC1_MOUSE]
Q9JK81,"UPF0160 protein MYG1, mitochondrial OS=Mus musculus GN=Myg1 PE=1 SV=1 - [MYG1_MOUSE]"
P46664,Adenylosuccinate synthetase isozyme 2 OS=Mus musculus GN=Adss PE=1 SV=2 - [PURA2_MOUSE]
Q8BIQ5,Cleavage stimulation factor subunit 2 OS=Mus musculus GN=Cstf2 PE=1 SV=2 - [CSTF2_MOUSE]
Q60770,Syntaxin-binding protein 3 OS=Mus musculus GN=Stxbp3 PE=1 SV=1 - [STXB3_MOUSE]
Q9Z0U1,Tight junction protein ZO-2 OS=Mus musculus GN=Tjp2 PE=1 SV=2 - [ZO2_MOUSE]
Q80UW2,F-box only protein 2 OS=Mus musculus GN=Fbxo2 PE=1 SV=1 - [FBX2_MOUSE]
P61226,Ras-related protein Rap-2b OS=Mus musculus GN=Rap2b PE=1 SV=1 - [RAP2B_MOUSE]
Q921W0,Charged multivesicular body protein 1a OS=Mus musculus GN=Chmp1a PE=1 SV=1 - [CHM1A_MOUSE]
Q7TPM6,Fibronectin type III and SPRY domain-containing protein 1 OS=Mus musculus GN=Fsd1 PE=2 SV=1 - [FSD1_MOUSE]
P70202,Latexin OS=Mus musculus GN=Lxn PE=1 SV=2 - [LXN_MOUSE]
Q99LB6,Methionine adenosyltransferase 2 subunit beta OS=Mus musculus GN=Mat2b PE=2 SV=1 - [MAT2B_MOUSE]
P46096,Synaptotagmin-1 OS=Mus musculus GN=Syt1 PE=1 SV=1 - [SYT1_MOUSE]
Q9JMA1,Ubiquitin carboxyl-terminal hydrolase 14 OS=Mus musculus GN=Usp14 PE=1 SV=3 - [UBP14_MOUSE]
Q5SVG5,AP-1 complex subunit beta-1 OS=Mus musculus GN=Ap1b1 PE=1 SV=1 - [Q5SVG5_MOUSE]
Q9DBG3,AP-2 complex subunit beta OS=Mus musculus GN=Ap2b1 PE=1 SV=1 - [AP2B1_MOUSE]
Q8BIP0,"Aspartate--tRNA ligase, mitochondrial OS=Mus musculus GN=Dars2 PE=2 SV=1 - [SYDM_MOUSE]"
P18242,Cathepsin D OS=Mus musculus GN=Ctsd PE=1 SV=1 - [CATD_MOUSE]
Q91X96,Guanine nucleotide exchange factor MSS4 OS=Mus musculus GN=Rabif PE=2 SV=1 - [MSS4_MOUSE]
P11798,Calcium/calmodulin-dependent protein kinase type II subunit alpha OS=Mus musculus GN=Camk2a PE=1 SV=2 - [KCC2A_MOUSE]
Q9D881,"Cytochrome c oxidase subunit 5B, mitochondrial OS=Mus musculus GN=Cox5b PE=2 SV=1 - [Q9D881_MOUSE]"
Q9JKF7,"39S ribosomal protein L39, mitochondrial OS=Mus musculus GN=Mrpl39 PE=2 SV=4 - [RM39_MOUSE]"
Q3UM45,Protein phosphatase 1 regulatory subunit 7 OS=Mus musculus GN=Ppp1r7 PE=1 SV=2 - [PP1R7_MOUSE]
Q9CQ65,S-methyl-5'-thioadenosine phosphorylase OS=Mus musculus GN=Mtap PE=1 SV=1 - [MTAP_MOUSE]
Q3TW96,UDP-N-acetylhexosamine pyrophosphorylase-like protein 1 OS=Mus musculus GN=Uap1l1 PE=2 SV=1 - [UAP1L_MOUSE]
Q9CRC3,UPF0235 protein C15orf40 homolog OS=Mus musculus PE=2 SV=1 - [CO040_MOUSE]
Q9EQH3,Vacuolar protein sorting-associated protein 35 OS=Mus musculus GN=Vps35 PE=1 SV=1 - [VPS35_MOUSE]
P63323,40S ribosomal protein S12 OS=Mus musculus GN=Rps12 PE=1 SV=2 - [RS12_MOUSE]
A0A087WSR2,Alpha/beta hydrolase domain-containing protein 14B (Fragment) OS=Mus musculus GN=Abhd14b PE=4 SV=1 - [A0A087WSR2_MOUSE]
J3QMV5,Cytokine receptor-like factor 3 OS=Mus musculus GN=Crlf3 PE=4 SV=1 - [J3QMV5_MOUSE]
Q9Z204,Heterogeneous nuclear ribonucleoproteins C1/C2 OS=Mus musculus GN=Hnrnpc PE=1 SV=1 - [HNRPC_MOUSE]
Q61035,"Histidine--tRNA ligase, cytoplasmic OS=Mus musculus GN=Hars PE=2 SV=2 - [SYHC_MOUSE]"
Q80XI4,Phosphatidylinositol 5-phosphate 4-kinase type-2 beta OS=Mus musculus GN=Pip4k2b PE=1 SV=1 - [PI42B_MOUSE]
Q3V038,Tetratricopeptide repeat protein 9A OS=Mus musculus GN=Ttc9 PE=2 SV=1 - [TTC9A_MOUSE]
Q9JL62,Glycolipid transfer protein OS=Mus musculus GN=Gltp PE=2 SV=3 - [GLTP_MOUSE]
Q9QYY0,GRB2-associated-binding protein 1 OS=Mus musculus GN=Gab1 PE=1 SV=2 - [GAB1_MOUSE]
Q9D0J8,Parathymosin OS=Mus musculus GN=Ptms PE=1 SV=3 - [PTMS_MOUSE]
Q8K1A6,Coiled-coil and C2 domain-containing protein 1A OS=Mus musculus GN=Cc2d1a PE=1 SV=2 - [C2D1A_MOUSE]
O08997,Copper transport protein ATOX1 OS=Mus musculus GN=Atox1 PE=1 SV=1 - [ATOX1_MOUSE]
Q8C522,Endonuclease domain-containing 1 protein OS=Mus musculus GN=Endod1 PE=1 SV=2 - [ENDD1_MOUSE]
A2ABY3,Ethanolamine-phosphate cytidylyltransferase OS=Mus musculus GN=Pcyt2 PE=4 SV=1 - [A2ABY3_MOUSE]
Q9QUP5,Hyaluronan and proteoglycan link protein 1 OS=Mus musculus GN=Hapln1 PE=2 SV=1 - [HPLN1_MOUSE]
Q99KX1,Myeloid leukemia factor 2 OS=Mus musculus GN=Mlf2 PE=1 SV=1 - [MLF2_MOUSE]
Q8CG72,Poly(ADP-ribose) glycohydrolase ARH3 OS=Mus musculus GN=Adprhl2 PE=1 SV=1 - [ARHL2_MOUSE]
B9EKR1,Receptor-type tyrosine-protein phosphatase zeta OS=Mus musculus GN=Ptprz1 PE=1 SV=1 - [PRPTZ_MOUSE]
P62309,Small nuclear ribonucleoprotein G OS=Mus musculus GN=Snrpg PE=1 SV=1 - [RUXG_MOUSE]
Q6PGL7,WASH complex subunit FAM21 OS=Mus musculus GN=Fam21 PE=1 SV=1 - [FAM21_MOUSE]
Q9CPW4,Actin-related protein 2/3 complex subunit 5 OS=Mus musculus GN=Arpc5 PE=2 SV=3 - [ARPC5_MOUSE]
P56391,Cytochrome c oxidase subunit 6B1 OS=Mus musculus GN=Cox6b1 PE=1 SV=2 - [CX6B1_MOUSE]
A2AQ41,Formin-binding protein 1 OS=Mus musculus GN=Fnbp1 PE=1 SV=1 - [A2AQ41_MOUSE]
Q9CZA6,Nuclear distribution protein nudE homolog 1 OS=Mus musculus GN=Nde1 PE=1 SV=1 - [NDE1_MOUSE]
Q9QYB5,Gamma-adducin OS=Mus musculus GN=Add3 PE=1 SV=2 - [ADDG_MOUSE]
P62137,Serine/threonine-protein phosphatase PP1-alpha catalytic subunit OS=Mus musculus GN=Ppp1ca PE=1 SV=1 - [PP1A_MOUSE]
Q922H2,"[Pyruvate dehydrogenase (acetyl-transferring)] kinase isozyme 3, mitochondrial OS=Mus musculus GN=Pdk3 PE=1 SV=1 - [PDK3_MOUSE]"
Q8VCR4,0610038D11Rik protein OS=Mus musculus GN=Trmt112 PE=2 SV=1 - [Q8VCR4_MOUSE]
Q99JT9,"1,2-dihydroxy-3-keto-5-methylthiopentene dioxygenase OS=Mus musculus GN=Adi1 PE=1 SV=1 - [MTND_MOUSE]"
Q9DCT1,"1,5-anhydro-D-fructose reductase OS=Mus musculus GN=Akr1e2 PE=1 SV=1 - [AKCL2_MOUSE]"
Q9DAK9,14 kDa phosphohistidine phosphatase OS=Mus musculus GN=Phpt1 PE=2 SV=1 - [PHP14_MOUSE]
P58871,182 kDa tankyrase-1-binding protein OS=Mus musculus GN=Tnks1bp1 PE=1 SV=2 - [TB182_MOUSE]
Q9D517,1-acyl-sn-glycerol-3-phosphate acyltransferase gamma OS=Mus musculus GN=Agpat3 PE=1 SV=2 - [PLCC_MOUSE]
Q8CIH5,"1-phosphatidylinositol 4,5-bisphosphate phosphodiesterase gamma-2 OS=Mus musculus GN=Plcg2 PE=1 SV=1 - [PLCG2_MOUSE]"
P62334,26S protease regulatory subunit 10B OS=Mus musculus GN=Psmc6 PE=1 SV=1 - [PRS10_MOUSE]
P62192,26S protease regulatory subunit 4 OS=Mus musculus GN=Psmc1 PE=1 SV=1 - [PRS4_MOUSE]
P62196,26S protease regulatory subunit 8 OS=Mus musculus GN=Psmc5 PE=1 SV=1 - [PRS8_MOUSE]
Q8BG32,26S proteasome non-ATPase regulatory subunit 11 OS=Mus musculus GN=Psmd11 PE=1 SV=3 - [PSD11_MOUSE]
Q99JI4,26S proteasome non-ATPase regulatory subunit 6 OS=Mus musculus GN=Psmd6 PE=1 SV=1 - [PSMD6_MOUSE]
Q80ZS3,"28S ribosomal protein S26, mitochondrial OS=Mus musculus GN=Mrps26 PE=1 SV=1 - [RT26_MOUSE]"
Q8BK72,"28S ribosomal protein S27, mitochondrial OS=Mus musculus GN=Mrps27 PE=2 SV=2 - [RT27_MOUSE]"
Q9CY16,"28S ribosomal protein S28, mitochondrial OS=Mus musculus GN=Mrps28 PE=1 SV=1 - [RT28_MOUSE]"
G3X9M0,"28S ribosomal protein S29, mitochondrial OS=Mus musculus GN=Dap3 PE=4 SV=1 - [G3X9M0_MOUSE]"
Q9D0G0,"28S ribosomal protein S30, mitochondrial OS=Mus musculus GN=Mrps30 PE=2 SV=1 - [RT30_MOUSE]"
Q9D1P0,"39S ribosomal protein L13, mitochondrial OS=Mus musculus GN=Mrpl13 PE=2 SV=1 - [RM13_MOUSE]"
Q9CPR5,"39S ribosomal protein L15, mitochondrial OS=Mus musculus GN=Mrpl15 PE=2 SV=1 - [RM15_MOUSE]"
Q99N93,"39S ribosomal protein L16, mitochondrial OS=Mus musculus GN=Mrpl16 PE=2 SV=1 - [RM16_MOUSE]"
Q9CQL5,"39S ribosomal protein L18, mitochondrial OS=Mus musculus GN=Mrpl18 PE=2 SV=1 - [RM18_MOUSE]"
Q9D338,"39S ribosomal protein L19, mitochondrial OS=Mus musculus GN=Mrpl19 PE=2 SV=1 - [RM19_MOUSE]"
B1B1D7,"39S ribosomal protein L2, mitochondrial OS=Mus musculus GN=Mrpl2 PE=4 SV=1 - [B1B1D7_MOUSE]"
Q921S7,"39S ribosomal protein L37, mitochondrial OS=Mus musculus GN=Mrpl37 PE=2 SV=1 - [RM37_MOUSE]"
Q8K2M0,"39S ribosomal protein L38, mitochondrial OS=Mus musculus GN=Mrpl38 PE=2 SV=2 - [RM38_MOUSE]"
Q9Z2Q5,"39S ribosomal protein L40, mitochondrial OS=Mus musculus GN=Mrpl40 PE=2 SV=2 - [RM40_MOUSE]"
Q9CY73,"39S ribosomal protein L44, mitochondrial OS=Mus musculus GN=Mrpl44 PE=2 SV=3 - [RM44_MOUSE]"
Q9CPY1,"39S ribosomal protein L51, mitochondrial OS=Mus musculus GN=Mrpl51 PE=2 SV=1 - [RM51_MOUSE]"
Q9CPW3,"39S ribosomal protein L54, mitochondrial OS=Mus musculus GN=Mrpl54 PE=2 SV=1 - [RM54_MOUSE]"
Q99N94,"39S ribosomal protein L9, mitochondrial OS=Mus musculus GN=Mrpl9 PE=2 SV=2 - [RM09_MOUSE]"
Q9D404,"3-oxoacyl-[acyl-carrier-protein] synthase, mitochondrial OS=Mus musculus GN=Oxsm PE=1 SV=1 - [OXSM_MOUSE]"
F2Z3X6,3-phosphoinositide-dependent protein kinase 1 OS=Mus musculus GN=Pdpk1 PE=1 SV=1 - [F2Z3X6_MOUSE]
P62245,40S ribosomal protein S15a OS=Mus musculus GN=Rps15a PE=1 SV=2 - [RS15A_MOUSE]
P63276,40S ribosomal protein S17 OS=Mus musculus GN=Rps17 PE=1 SV=2 - [RS17_MOUSE]
Q9CZX8,40S ribosomal protein S19 OS=Mus musculus GN=Rps19 PE=1 SV=3 - [RS19_MOUSE]
P62852,40S ribosomal protein S25 OS=Mus musculus GN=Rps25 PE=1 SV=1 - [RS25_MOUSE]
P62274,40S ribosomal protein S29 OS=Mus musculus GN=Rps29 PE=2 SV=2 - [RS29_MOUSE]
Q642K5,40S ribosomal protein S30 OS=Mus musculus GN=Fau PE=2 SV=1 - [Q642K5_MOUSE]
P97461,40S ribosomal protein S5 OS=Mus musculus GN=Rps5 PE=1 SV=3 - [RS5_MOUSE]
P62754,40S ribosomal protein S6 OS=Mus musculus GN=Rps6 PE=1 SV=1 - [RS6_MOUSE]
P62082,40S ribosomal protein S7 OS=Mus musculus GN=Rps7 PE=2 SV=1 - [RS7_MOUSE]
Q61112,45 kDa calcium-binding protein OS=Mus musculus GN=Sdf4 PE=2 SV=1 - [CAB45_MOUSE]
P10852,4F2 cell-surface antigen heavy chain OS=Mus musculus GN=Slc3a2 PE=1 SV=1 - [4F2_MOUSE]
Q3UHB1,5'-nucleotidase domain-containing protein 3 OS=Mus musculus GN=Nt5dc3 PE=2 SV=1 - [NT5D3_MOUSE]
P56379,"6,8 kDa mitochondrial proteolipid OS=Mus musculus GN=Mp68 PE=2 SV=1 - [68MP_MOUSE]"
Q9CXW4,60S ribosomal protein L11 OS=Mus musculus GN=Rpl11 PE=1 SV=4 - [RL11_MOUSE]
P35980,60S ribosomal protein L18 OS=Mus musculus GN=Rpl18 PE=2 SV=3 - [RL18_MOUSE]
P62717,60S ribosomal protein L18a OS=Mus musculus GN=Rpl18a PE=1 SV=1 - [RL18A_MOUSE]
P27659,60S ribosomal protein L3 OS=Mus musculus GN=Rpl3 PE=1 SV=3 - [RL3_MOUSE]
P62918,60S ribosomal protein L8 OS=Mus musculus GN=Rpl8 PE=1 SV=2 - [RL8_MOUSE]
P51410,60S ribosomal protein L9 OS=Mus musculus GN=Rpl9 PE=1 SV=2 - [RL9_MOUSE]
Q9R1Z7,6-pyruvoyl tetrahydrobiopterin synthase OS=Mus musculus GN=Pts PE=2 SV=2 - [PTPS_MOUSE]
P58459,A disintegrin and metalloproteinase with thrombospondin motifs 10 OS=Mus musculus GN=Adamts10 PE=2 SV=3 - [ATS10_MOUSE]
P59384,A disintegrin and metalloproteinase with thrombospondin motifs 15 OS=Mus musculus GN=Adamts15 PE=2 SV=2 - [ATS15_MOUSE]
Q4JIM5,Abelson tyrosine-protein kinase 2 OS=Mus musculus GN=Abl2 PE=1 SV=1 - [ABL2_MOUSE]
Q9Z1Q2,Abhydrolase domain-containing protein 16A OS=Mus musculus GN=Abhd16a PE=1 SV=3 - [ABHGA_MOUSE]
Q8BYZ1,ABI gene family member 3 OS=Mus musculus GN=Abi3 PE=2 SV=3 - [ABI3_MOUSE]
Q6AXH6,Abi2 protein OS=Mus musculus GN=Abi2 PE=2 SV=1 - [Q6AXH6_MOUSE]
Q8CJ27,Abnormal spindle-like microcephaly-associated protein homolog OS=Mus musculus GN=Aspm PE=2 SV=2 - [ASPM_MOUSE]
P04760,Acetylcholine receptor subunit gamma OS=Mus musculus GN=Chrng PE=2 SV=1 - [ACHG_MOUSE]
A2AQN4,"Acetyl-coenzyme A synthetase, cytoplasmic OS=Mus musculus GN=Acss2 PE=1 SV=1 - [A2AQN4_MOUSE]"
Q80WP8,Acidic amino acid decarboxylase GADL1 OS=Mus musculus GN=Gadl1 PE=1 SV=3 - [GADL1_MOUSE]
Q9EST5,Acidic leucine-rich nuclear phosphoprotein 32 family member B OS=Mus musculus GN=Anp32b PE=1 SV=1 - [AN32B_MOUSE]
P97822,Acidic leucine-rich nuclear phosphoprotein 32 family member E OS=Mus musculus GN=Anp32e PE=1 SV=2 - [AN32E_MOUSE]
Q69ZX8,Actin-binding LIM protein 3 OS=Mus musculus GN=Ablim3 PE=1 SV=2 - [ABLM3_MOUSE]
Q9R0Q6,Actin-related protein 2/3 complex subunit 1A OS=Mus musculus GN=Arpc1a PE=1 SV=1 - [ARC1A_MOUSE]
Q9JM76,Actin-related protein 2/3 complex subunit 3 OS=Mus musculus GN=Arpc3 PE=1 SV=3 - [ARPC3_MOUSE]
P59999,Actin-related protein 2/3 complex subunit 4 OS=Mus musculus GN=Arpc4 PE=1 SV=3 - [ARPC4_MOUSE]
Q99JY9,Actin-related protein 3 OS=Mus musculus GN=Actr3 PE=1 SV=3 - [ARP3_MOUSE]
Q8R2S9,Actin-related protein 8 OS=Mus musculus GN=Actr8 PE=2 SV=1 - [ARP8_MOUSE]
O54967,Activated CDC42 kinase 1 OS=Mus musculus GN=Tnk2 PE=1 SV=2 - [ACK1_MOUSE]
A2AH22,Activating molecule in BECN1-regulated autophagy protein 1 OS=Mus musculus GN=Ambra1 PE=1 SV=1 - [AMRA1_MOUSE]
Q8BK64,Activator of 90 kDa heat shock protein ATPase homolog 1 OS=Mus musculus GN=Ahsa1 PE=2 SV=2 - [AHSA1_MOUSE]
Q9WV31,Activity-regulated cytoskeleton-associated protein OS=Mus musculus GN=Arc PE=1 SV=1 - [ARC_MOUSE]
Q9CR21,"Acyl carrier protein, mitochondrial OS=Mus musculus GN=Ndufab1 PE=1 SV=1 - [ACPM_MOUSE]"
Q80XL6,Acyl-CoA dehydrogenase family member 11 OS=Mus musculus GN=Acad11 PE=1 SV=2 - [ACD11_MOUSE]
Q80WC9,Acyl-CoA synthetase family member 4 OS=Mus musculus GN=Aasdh PE=2 SV=1 - [ACSF4_MOUSE]
Q9D061,Acyl-CoA-binding domain-containing protein 6 OS=Mus musculus GN=Acbd6 PE=2 SV=2 - [ACBD6_MOUSE]
Q9R0X4,"Acyl-coenzyme A thioesterase 9, mitochondrial OS=Mus musculus GN=Acot9 PE=1 SV=1 - [ACOT9_MOUSE]"
D3Z689,"ADAMTS-like 5, isoform CRA_c OS=Mus musculus GN=Adamtsl5 PE=4 SV=1 - [D3Z689_MOUSE]"
Q9D1J1,Adaptin ear-binding coat-associated protein 2 OS=Mus musculus GN=Necap2 PE=1 SV=1 - [NECP2_MOUSE]
P08030,Adenine phosphoribosyltransferase OS=Mus musculus GN=Aprt PE=1 SV=2 - [APT_MOUSE]
B2RUG9,Adenomatosis polyposis coli OS=Mus musculus GN=Apc PE=2 SV=1 - [B2RUG9_MOUSE]
D3YTR0,Adenomatous polyposis coli protein 2 OS=Mus musculus GN=Apc2 PE=4 SV=1 - [D3YTR0_MOUSE]
P55264,Adenosine kinase OS=Mus musculus GN=Adk PE=1 SV=2 - [ADK_MOUSE]
P84309,Adenylate cyclase type 5 OS=Mus musculus GN=Adcy5 PE=1 SV=2 - [ADCY5_MOUSE]
P48962,ADP/ATP translocase 1 OS=Mus musculus GN=Slc25a4 PE=1 SV=4 - [ADT1_MOUSE]
P61205,ADP-ribosylation factor 3 OS=Mus musculus GN=Arf3 PE=2 SV=2 - [ARF3_MOUSE]
Q99K28,ADP-ribosylation factor GTPase-activating protein 2 OS=Mus musculus GN=Arfgap2 PE=1 SV=1 - [ARFG2_MOUSE]
F6QKK2,ADP-ribosylation factor-like protein 8A (Fragment) OS=Mus musculus GN=Arl8a PE=4 SV=1 - [F6QKK2_MOUSE]
Q9JKX6,ADP-sugar pyrophosphatase OS=Mus musculus GN=Nudt5 PE=1 SV=1 - [NUDT5_MOUSE]
P46656,"Adrenodoxin, mitochondrial OS=Mus musculus GN=Fdx1 PE=1 SV=1 - [ADX_MOUSE]"
O88398,Advillin OS=Mus musculus GN=Avil PE=1 SV=2 - [AVIL_MOUSE]
Q920A7,AFG3-like protein 1 OS=Mus musculus GN=Afg3l1 PE=2 SV=2 - [AFG31_MOUSE]
Q61282,Aggrecan core protein OS=Mus musculus GN=Acan PE=1 SV=2 - [PGCA_MOUSE]
H3BIV5,A-kinase anchor protein 5 OS=Mus musculus GN=Akap5 PE=4 SV=1 - [H3BIV5_MOUSE]
Q7TN79,A-kinase anchor protein 7 isoform gamma OS=Mus musculus GN=Akap7 PE=1 SV=2 - [AKA7G_MOUSE]
Q8BGT5,Alanine aminotransferase 2 OS=Mus musculus GN=Gpt2 PE=1 SV=1 - [ALAT2_MOUSE]
P28474,Alcohol dehydrogenase class-3 OS=Mus musculus GN=Adh5 PE=1 SV=3 - [ADHX_MOUSE]
Q9CZS1,"Aldehyde dehydrogenase X, mitochondrial OS=Mus musculus GN=Aldh1b1 PE=1 SV=1 - [AL1B1_MOUSE]"
P97793,ALK tyrosine kinase receptor OS=Mus musculus GN=Alk PE=1 SV=2 - [ALK_MOUSE]
A2AL50,"Alkyldihydroxyacetonephosphate synthase, peroxisomal OS=Mus musculus GN=Agps PE=1 SV=1 - [A2AL50_MOUSE]"
Q64FW2,"All-trans-retinol 13,14-reductase OS=Mus musculus GN=Retsat PE=1 SV=3 - [RETST_MOUSE]"
Q9DBE8,"Alpha-1,3/1,6-mannosyltransferase ALG2 OS=Mus musculus GN=Alg2 PE=2 SV=2 - [ALG2_MOUSE]"
Q812G0,"Alpha-1,3-mannosyl-glycoprotein 4-beta-N-acetylglucosaminyltransferase A OS=Mus musculus GN=Mgat4a PE=2 SV=1 - [MGT4A_MOUSE]"
P22599,Alpha-1-antitrypsin 1-2 OS=Mus musculus GN=Serpina1b PE=1 SV=2 - [A1AT2_MOUSE]
Q6GQT1,Alpha-2-macroglobulin-P OS=Mus musculus GN=A2mp PE=2 SV=2 - [A2MP_MOUSE]
O88990,Alpha-actinin-3 OS=Mus musculus GN=Actn3 PE=2 SV=1 - [ACTN3_MOUSE]
Q9DBF1,Alpha-aminoadipic semialdehyde dehydrogenase OS=Mus musculus GN=Aldh7a1 PE=1 SV=4 - [AL7A1_MOUSE]
Q99K67,"Alpha-aminoadipic semialdehyde synthase, mitochondrial OS=Mus musculus GN=Aass PE=1 SV=1 - [AASS_MOUSE]"
Q8K1E6,Alpha-ketoglutarate-dependent dioxygenase alkB homolog 3 OS=Mus musculus GN=Alkbh3 PE=1 SV=1 - [ALKB3_MOUSE]
Q9QZ39,"Alpha-N-acetylgalactosaminide alpha-2,6-sialyltransferase 1 OS=Mus musculus GN=St6galnac1 PE=2 SV=2 - [SIA7A_MOUSE]"
Q8K4E0,Alstrom syndrome protein 1 homolog OS=Mus musculus GN=Alms1 PE=2 SV=2 - [ALMS1_MOUSE]
Q64133,Amine oxidase [flavin-containing] A OS=Mus musculus GN=Maoa PE=1 SV=3 - [AOFA_MOUSE]
Q8CFA2,"Aminomethyltransferase, mitochondrial OS=Mus musculus GN=Amt PE=1 SV=1 - [GCST_MOUSE]"
Q80ZD9,Amphoterin-induced protein 2 OS=Mus musculus GN=Amigo2 PE=1 SV=1 - [AMGO2_MOUSE]
Q8C2S7,Amphoterin-induced protein 3 OS=Mus musculus GN=Amigo3 PE=1 SV=1 - [AMGO3_MOUSE]
O88888,Amyloid beta A4 precursor protein-binding family A member 3 OS=Mus musculus GN=Apba3 PE=2 SV=1 - [APBA3_MOUSE]
Q3TIZ5,Amyloid beta A4 precursor protein-binding family B member 2 OS=Mus musculus GN=Apbb2 PE=2 SV=1 - [Q3TIZ5_MOUSE]
Q60709,Amyloid-like protein 2 OS=Mus musculus GN=Aplp2 PE=2 SV=1 - [Q60709_MOUSE]
Q3UTR7,Angiotensinogen OS=Mus musculus GN=Agt PE=2 SV=1 - [Q3UTR7_MOUSE]
P07146,Anionic trypsin-2 OS=Mus musculus GN=Prss2 PE=2 SV=1 - [TRY2_MOUSE]
A2RT91,Ankyrin and armadillo repeat-containing protein OS=Mus musculus GN=Ankar PE=2 SV=1 - [ANKAR_MOUSE]
Q99LJ2,Ankyrin repeat and BTB/POZ domain-containing protein 1 OS=Mus musculus GN=Abtb1 PE=2 SV=1 - [ABTB1_MOUSE]
Q14DN9,Ankyrin repeat and death domain-containing protein 1B OS=Mus musculus GN=Ankdd1b PE=2 SV=3 - [AKD1B_MOUSE]
Q3UHP6,Ankyrin repeat and SAM domain-containing protein 1A OS=Mus musculus GN=Anks1 PE=2 SV=1 - [Q3UHP6_MOUSE]
Q6PD24,Ankyrin repeat domain-containing protein 13D OS=Mus musculus GN=Ankrd13d PE=2 SV=2 - [AN13D_MOUSE]
Q80VM7,Ankyrin repeat domain-containing protein 24 OS=Mus musculus GN=Ankrd24 PE=2 SV=4 - [ANR24_MOUSE]
Q8BZW2,Ankyrin repeat domain-containing protein SOWAHB OS=Mus musculus GN=Sowahb PE=1 SV=1 - [SWAHB_MOUSE]
Q8VD46,"Ankyrin repeat, SAM and basic leucine zipper domain-containing protein 1 OS=Mus musculus GN=Asz1 PE=1 SV=2 - [ASZ1_MOUSE]"
P97429,Annexin A4 OS=Mus musculus GN=Anxa4 PE=2 SV=4 - [ANXA4_MOUSE]
P62743,AP-2 complex subunit sigma OS=Mus musculus GN=Ap2s1 PE=1 SV=1 - [AP2S1_MOUSE]
Q9JME5,AP-3 complex subunit beta-2 OS=Mus musculus GN=Ap3b2 PE=1 SV=2 - [AP3B2_MOUSE]
Q9DCR2,AP-3 complex subunit sigma-1 OS=Mus musculus GN=Ap3s1 PE=1 SV=2 - [AP3S1_MOUSE]
E9Q1Y3,Apolipoprotein B-100 (Fragment) OS=Mus musculus GN=Apob PE=4 SV=1 - [E9Q1Y3_MOUSE]
P51910,Apolipoprotein D OS=Mus musculus GN=Apod PE=2 SV=1 - [APOD_MOUSE]
P08226,Apolipoprotein E OS=Mus musculus GN=Apoe PE=1 SV=2 - [APOE_MOUSE]
O54926,Apoptosis regulatory protein Siva OS=Mus musculus GN=Siva1 PE=1 SV=1 - [SIVA_MOUSE]
Q8CG79,Apoptosis-stimulating of p53 protein 2 OS=Mus musculus GN=Tp53bp2 PE=1 SV=3 - [ASPP2_MOUSE]
Q9D842,Aprataxin and PNK-like factor OS=Mus musculus GN=Aplf PE=2 SV=2 - [APLF_MOUSE]
P55088,Aquaporin-4 OS=Mus musculus GN=Aqp4 PE=2 SV=2 - [AQP4_MOUSE]
P39654,Arachidonate 15-lipoxygenase OS=Mus musculus GN=Alox15 PE=1 SV=4 - [LOX15_MOUSE]
Q68FF6,ARF GTPase-activating protein GIT1 OS=Mus musculus GN=Git1 PE=1 SV=1 - [GIT1_MOUSE]
H3BJY2,"Arf-GAP with SH3 domain, ANK repeat and PH domain-containing protein 1 OS=Mus musculus GN=Asap1 PE=1 SV=1 - [H3BJY2_MOUSE]"
Q61176,Arginase-1 OS=Mus musculus GN=Arg1 PE=1 SV=1 - [ARGI1_MOUSE]
Q3TMX5,"Arginine-rich, mutated in early stage tumors, isoform CRA_b OS=Mus musculus GN=Manf PE=2 SV=1 - [Q3TMX5_MOUSE]"
A2AU72,Armadillo repeat-containing protein 3 OS=Mus musculus GN=Armc3 PE=2 SV=1 - [ARMC3_MOUSE]
O88533,Aromatic-L-amino-acid decarboxylase OS=Mus musculus GN=Ddc PE=2 SV=1 - [DDC_MOUSE]
Q9D0A3,Arpin OS=Mus musculus GN=Arpin PE=1 SV=1 - [ARPIN_MOUSE]
Q99KN1,Arrestin domain-containing protein 1 OS=Mus musculus GN=Arrdc1 PE=2 SV=2 - [ARRD1_MOUSE]
Q99PG0,Arylacetamide deacetylase OS=Mus musculus GN=Aadac PE=1 SV=3 - [AAAD_MOUSE]
Q3TYD4,Arylsulfatase G OS=Mus musculus GN=Arsg PE=2 SV=1 - [ARSG_MOUSE]
O70305,Ataxin-2 OS=Mus musculus GN=Atxn2 PE=1 SV=1 - [ATX2_MOUSE]
E9QM77,Ataxin-2 OS=Mus musculus GN=Atxn2 PE=1 SV=1 - [E9QM77_MOUSE]
Q6PAL7,AT-hook DNA-binding motif-containing protein 1 OS=Mus musculus GN=Ahdc1 PE=1 SV=1 - [AHDC1_MOUSE]
Q811I0,ATP synthase mitochondrial F1 complex assembly factor 1 OS=Mus musculus GN=Atpaf1 PE=2 SV=1 - [ATPF1_MOUSE]
Q06185,"ATP synthase subunit e, mitochondrial OS=Mus musculus GN=Atp5i PE=1 SV=2 - [ATP5I_MOUSE]"
P56382,"ATP synthase subunit epsilon, mitochondrial OS=Mus musculus GN=Atp5e PE=1 SV=2 - [ATP5E_MOUSE]"
Q8K268,ATP-binding cassette sub-family F member 3 OS=Mus musculus GN=Abcf3 PE=1 SV=1 - [ABCF3_MOUSE]
Q62167,ATP-dependent RNA helicase DDX3X OS=Mus musculus GN=Ddx3x PE=1 SV=3 - [DDX3X_MOUSE]
Q8VHK9,ATP-dependent RNA helicase DHX36 OS=Mus musculus GN=Dhx36 PE=1 SV=2 - [DHX36_MOUSE]
Q924H9,ATP-dependent RNA helicase DQX1 OS=Mus musculus GN=Dqx1 PE=2 SV=1 - [DQX1_MOUSE]
Q9JM63,ATP-sensitive inward rectifier potassium channel 10 OS=Mus musculus GN=Kcnj10 PE=1 SV=1 - [KCJ10_MOUSE]
P18293,Atrial natriuretic peptide receptor 1 OS=Mus musculus GN=Npr1 PE=2 SV=2 - [ANPRA_MOUSE]
Q6VVW5,Atrial natriuretic peptide receptor 2 OS=Mus musculus GN=Npr2 PE=2 SV=2 - [ANPRB_MOUSE]
Q8BM75,AT-rich interactive domain-containing protein 5B OS=Mus musculus GN=Arid5b PE=1 SV=3 - [ARI5B_MOUSE]
Q8CGT2,Baculoviral IAP repeat-containing protein 1e OS=Mus musculus GN=Naip5 PE=2 SV=1 - [Q8CGT2_MOUSE]
F6TCF9,BAG family molecular chaperone regulator 1 OS=Mus musculus GN=Bag1 PE=4 SV=1 - [F6TCF9_MOUSE]
Q5SUD9,Bardet-Biedl syndrome 12 protein homolog OS=Mus musculus GN=Bbs12 PE=2 SV=2 - [BBS12_MOUSE]
Q8C1Z7,Bardet-Biedl syndrome 4 protein homolog OS=Mus musculus GN=Bbs4 PE=1 SV=1 - [BBS4_MOUSE]
A0A087WQS2,Basic leucine zipper and W2 domain-containing protein 1 OS=Mus musculus GN=Bzw1 PE=1 SV=1 - [A0A087WQS2_MOUSE]
P18572,Basigin OS=Mus musculus GN=Bsg PE=1 SV=2 - [BASI_MOUSE]
Q67FY2,B-cell CLL/lymphoma 9-like protein OS=Mus musculus GN=Bcl9l PE=1 SV=1 - [BCL9L_MOUSE]
P59017,Bcl-2-like protein 13 OS=Mus musculus GN=Bcl2l13 PE=1 SV=2 - [B2L13_MOUSE]
Q99NF1,"Beta,beta-carotene 9',10'-oxygenase OS=Mus musculus GN=Bco2 PE=1 SV=1 - [BCDO2_MOUSE]"
Q09200,"Beta-1,4 N-acetylgalactosaminyltransferase 1 OS=Mus musculus GN=B4galnt1 PE=2 SV=1 - [B4GN1_MOUSE]"
Q01339,Beta-2-glycoprotein 1 OS=Mus musculus GN=Apoh PE=1 SV=1 - [APOH_MOUSE]
P01887,Beta-2-microglobulin OS=Mus musculus GN=B2m PE=1 SV=2 - [B2MG_MOUSE]
J3QNU6,Beta-arrestin-1 OS=Mus musculus GN=Arrb1 PE=1 SV=1 - [J3QNU6_MOUSE]
Q80WS1,Beta-citrylglutamate synthase B OS=Mus musculus GN=Rimklb PE=1 SV=1 - [RIMKB_MOUSE]
P20060,Beta-hexosaminidase subunit beta OS=Mus musculus GN=Hexb PE=2 SV=2 - [HEXB_MOUSE]
Q9JL18,Beta-secretase 2 OS=Mus musculus GN=Bace2 PE=2 SV=1 - [BACE2_MOUSE]
Q60967,Bifunctional 3'-phosphoadenosine 5'-phosphosulfate synthase 1 OS=Mus musculus GN=Papss1 PE=1 SV=1 - [PAPS1_MOUSE]
E9Q9A5,Bifunctional polynucleotide phosphatase/kinase OS=Mus musculus GN=Pnkp PE=1 SV=1 - [E9Q9A5_MOUSE]
P28653,Biglycan OS=Mus musculus GN=Bgn PE=2 SV=1 - [PGS1_MOUSE]
J3QNY6,Bile salt export pump OS=Mus musculus GN=Abcb11 PE=1 SV=1 - [J3QNY6_MOUSE]
Q920N2,Biotin--protein ligase OS=Mus musculus GN=Hlcs PE=2 SV=1 - [BPL1_MOUSE]
Q8R016,Bleomycin hydrolase OS=Mus musculus GN=Blmh PE=1 SV=1 - [BLMH_MOUSE]
H3BLP6,BPI fold-containing family A member 3 (Fragment) OS=Mus musculus GN=Bpifa3 PE=4 SV=1 - [H3BLP6_MOUSE]
Q91XV3,Brain acid soluble protein 1 OS=Mus musculus GN=Basp1 PE=1 SV=3 - [BASP1_MOUSE]
O35855,"Branched-chain-amino-acid aminotransferase, mitochondrial OS=Mus musculus GN=Bcat2 PE=2 SV=2 - [BCAT2_MOUSE]"
O70445,BRCA1-associated RING domain protein 1 OS=Mus musculus GN=Bard1 PE=2 SV=1 - [BARD1_MOUSE]
Q6PAJ1,Breakpoint cluster region protein OS=Mus musculus GN=Bcr PE=1 SV=3 - [BCR_MOUSE]
Q61140,Breast cancer anti-estrogen resistance protein 1 OS=Mus musculus GN=Bcar1 PE=1 SV=2 - [BCAR1_MOUSE]
P97929,Breast cancer type 2 susceptibility protein homolog OS=Mus musculus GN=Brca2 PE=1 SV=2 - [BRCA2_MOUSE]
Q8K2Q7,BRO1 domain-containing protein BROX OS=Mus musculus GN=Brox PE=2 SV=1 - [BROX_MOUSE]
A2AHJ4,Bromodomain and WD repeat-containing protein 3 OS=Mus musculus GN=Brwd3 PE=2 SV=1 - [BRWD3_MOUSE]
Q7JJ13,Bromodomain-containing protein 2 OS=Mus musculus GN=Brd2 PE=1 SV=1 - [BRD2_MOUSE]
Q80Y55,BSD domain-containing protein 1 OS=Mus musculus GN=Bsdc1 PE=2 SV=1 - [BSDC1_MOUSE]
Q80X66,BTB/POZ domain-containing protein 10 OS=Mus musculus GN=Btbd10 PE=1 SV=1 - [BTBDA_MOUSE]
Q9DB72,BTB/POZ domain-containing protein 17 OS=Mus musculus GN=Btbd17 PE=2 SV=1 - [BTBDH_MOUSE]
E9Q6T9,BTB/POZ domain-containing protein KCTD1 OS=Mus musculus GN=Kctd1 PE=4 SV=1 - [E9Q6T9_MOUSE]
Q562E2,BTB/POZ domain-containing protein KCTD19 OS=Mus musculus GN=Kctd19 PE=2 SV=2 - [KCD19_MOUSE]
Q9D7X1,BTB/POZ domain-containing protein KCTD4 OS=Mus musculus GN=Kctd4 PE=2 SV=1 - [KCTD4_MOUSE]
Q9R0M0,Cadherin EGF LAG seven-pass G-type receptor 2 OS=Mus musculus GN=Celsr2 PE=1 SV=2 - [CELR2_MOUSE]
P97326,Cadherin-6 OS=Mus musculus GN=Cdh6 PE=1 SV=2 - [CADH6_MOUSE]
P61022,Calcineurin B homologous protein 1 OS=Mus musculus GN=Chp1 PE=1 SV=2 - [CHP1_MOUSE]
G3X8Q1,"Calcineurin binding protein 1, isoform CRA_a OS=Mus musculus GN=Cabin1 PE=4 SV=1 - [G3X8Q1_MOUSE]"
Q7TNY3,Calcipressin 1 large isoform OS=Mus musculus GN=Rcan1 PE=2 SV=1 - [Q7TNY3_MOUSE]
Q9JKK0,Calcipressin-3 OS=Mus musculus GN=Rcan3 PE=2 SV=1 - [RCAN3_MOUSE]
S4R2N3,Calcitonin gene-related peptide 2 OS=Mus musculus GN=Calcb PE=4 SV=1 - [S4R2N3_MOUSE]
Q3UMR5,"Calcium uniporter protein, mitochondrial OS=Mus musculus GN=Mcu PE=1 SV=2 - [MCU_MOUSE]"
Q8BW96,Calcium/calmodulin-dependent protein kinase type 1D OS=Mus musculus GN=Camk1d PE=1 SV=2 - [KCC1D_MOUSE]
D3Z1M4,Calcium-binding protein 1 OS=Mus musculus GN=Cabp1 PE=2 SV=1 - [D3Z1M4_MOUSE]
Q06138,Calcium-binding protein 39 OS=Mus musculus GN=Cab39 PE=1 SV=2 - [CAB39_MOUSE]
S4R1C4,Calcium-transporting ATPase OS=Mus musculus GN=Atp2b2 PE=3 SV=1 - [S4R1C4_MOUSE]
Q0VF55,Calcium-transporting ATPase OS=Mus musculus GN=Atp2b3 PE=2 SV=1 - [Q0VF55_MOUSE]
E9Q828,Calcium-transporting ATPase OS=Mus musculus GN=Atp2b4 PE=1 SV=1 - [E9Q828_MOUSE]
Q9CXW3,Calcyclin-binding protein OS=Mus musculus GN=Cacybp PE=1 SV=1 - [CYBP_MOUSE]
Q8C5W0,Calmin OS=Mus musculus GN=Clmn PE=1 SV=2 - [CLMN_MOUSE]
A2A891,Calmodulin-binding transcription activator 1 OS=Mus musculus GN=Camta1 PE=2 SV=1 - [CMTA1_MOUSE]
B0QZH6,Calmodulin-binding transcription activator 2 OS=Mus musculus GN=Camta2 PE=4 SV=1 - [B0QZH6_MOUSE]
Q9CPY2,"Calpain 10, isoform CRA_a OS=Mus musculus GN=Capn10 PE=2 SV=1 - [Q9CPY2_MOUSE]"
O88456,Calpain small subunit 1 OS=Mus musculus GN=Capns1 PE=2 SV=1 - [CPNS1_MOUSE]
O35350,Calpain-1 catalytic subunit OS=Mus musculus GN=Capn1 PE=1 SV=1 - [CAN1_MOUSE]
O08529,Calpain-2 catalytic subunit OS=Mus musculus GN=Capn2 PE=2 SV=4 - [CAN2_MOUSE]
A0A0A6YVU9,Calpain-8 OS=Mus musculus GN=Capn8 PE=4 SV=1 - [A0A0A6YVU9_MOUSE]
Q3UHL1,CaM kinase-like vesicle-associated protein OS=Mus musculus GN=Camkv PE=1 SV=2 - [CAMKV_MOUSE]
P68181,cAMP-dependent protein kinase catalytic subunit beta OS=Mus musculus GN=Prkacb PE=1 SV=2 - [KAPCB_MOUSE]
P12849,cAMP-dependent protein kinase type I-beta regulatory subunit OS=Mus musculus GN=Prkar1b PE=2 SV=2 - [KAP1_MOUSE]
Q3UEI1,"cAMP-specific 3',5'-cyclic phosphodiesterase 4C OS=Mus musculus GN=Pde4c PE=1 SV=1 - [PDE4C_MOUSE]"
Q8VI47,Canalicular multispecific organic anion transporter 1 OS=Mus musculus GN=Abcc2 PE=2 SV=2 - [MRP2_MOUSE]
J3QML2,Canalicular multispecific organic anion transporter 2 OS=Mus musculus GN=Abcc3 PE=1 SV=1 - [J3QML2_MOUSE]
Q60865,Caprin-1 OS=Mus musculus GN=Caprin1 PE=1 SV=2 - [CAPR1_MOUSE]
Q99MZ3,Carbohydrate-responsive element-binding protein OS=Mus musculus GN=Mlxipl PE=1 SV=1 - [MLXPL_MOUSE]
Q9WVT6,Carbonic anhydrase 14 OS=Mus musculus GN=Ca14 PE=1 SV=1 - [CAH14_MOUSE]
Q9QZA0,"Carbonic anhydrase 5B, mitochondrial OS=Mus musculus GN=Ca5b PE=2 SV=2 - [CAH5B_MOUSE]"
Q8K354,Carbonyl reductase [NADPH] 3 OS=Mus musculus GN=Cbr3 PE=2 SV=1 - [CBR3_MOUSE]
Q64176,Carboxylesterase 1E OS=Mus musculus GN=Ces1e PE=1 SV=1 - [EST1E_MOUSE]
Q00493,Carboxypeptidase E OS=Mus musculus GN=Cpe PE=1 SV=2 - [CBPE_MOUSE]
G3X8T3,Carboxypeptidase OS=Mus musculus GN=Ctsa PE=3 SV=1 - [G3X8T3_MOUSE]
Q9DC28,Casein kinase I isoform delta OS=Mus musculus GN=Csnk1d PE=1 SV=2 - [KC1D_MOUSE]
Q9JMK2,Casein kinase I isoform epsilon OS=Mus musculus GN=Csnk1e PE=1 SV=2 - [KC1E_MOUSE]
P67871,Casein kinase II subunit beta OS=Mus musculus GN=Csnk2b PE=1 SV=1 - [CSK2B_MOUSE]
G3X9U0,"Casitas B-lineage lymphoma c, isoform CRA_b OS=Mus musculus GN=Cblc PE=4 SV=1 - [G3X9U0_MOUSE]"
Q9WUF3,CASP8-associated protein 2 OS=Mus musculus GN=Casp8ap2 PE=1 SV=2 - [C8AP2_MOUSE]
E9Q8Z5,Catenin delta-1 OS=Mus musculus GN=Ctnnd1 PE=1 SV=1 - [E9Q8Z5_MOUSE]
E9QKH8,Catenin delta-2 OS=Mus musculus GN=Ctnnd2 PE=1 SV=1 - [E9QKH8_MOUSE]
P10605,Cathepsin B OS=Mus musculus GN=Ctsb PE=1 SV=2 - [CATB_MOUSE]
Q8BM88,Cathepsin O OS=Mus musculus GN=Ctso PE=2 SV=1 - [CATO_MOUSE]
Q9WUU7,Cathepsin Z OS=Mus musculus GN=Ctsz PE=2 SV=1 - [CATZ_MOUSE]
Q07113,Cation-independent mannose-6-phosphate receptor OS=Mus musculus GN=Igf2r PE=1 SV=1 - [MPRI_MOUSE]
Q8BHE3,Caytaxin OS=Mus musculus GN=Atcay PE=1 SV=1 - [ATCAY_MOUSE]
P53566,CCAAT/enhancer-binding protein alpha OS=Mus musculus GN=Cebpa PE=1 SV=2 - [CEBPA_MOUSE]
Q8C5L3,CCR4-NOT transcription complex subunit 2 OS=Mus musculus GN=Cnot2 PE=2 SV=2 - [CNOT2_MOUSE]
Q80VX2,CD200 antigen OS=Mus musculus GN=Cd200 PE=2 SV=1 - [Q80VX2_MOUSE]
Q8CJ91,CD209 antigen-like protein B OS=Mus musculus GN=Cd209b PE=1 SV=2 - [C209B_MOUSE]
Q9JLQ0,CD2-associated protein OS=Mus musculus GN=Cd2ap PE=1 SV=3 - [CD2AP_MOUSE]
P40240,CD9 antigen OS=Mus musculus GN=Cd9 PE=1 SV=2 - [CD9_MOUSE]
Q9DBN8,Cdc25b protein OS=Mus musculus GN=Cdc25b PE=2 SV=1 - [Q9DBN8_MOUSE]
Q8BTW8,CDK5 regulatory subunit-associated protein 1 OS=Mus musculus GN=Cdk5rap1 PE=2 SV=2 - [CK5P1_MOUSE]
G3UZM4,Cell adhesion molecule 2 (Fragment) OS=Mus musculus GN=Cadm2 PE=4 SV=1 - [G3UZM4_MOUSE]
Q9JKC6,Cell cycle exit and neuronal differentiation protein 1 OS=Mus musculus GN=Cend1 PE=1 SV=1 - [CEND_MOUSE]
P41209,Centrin-1 OS=Mus musculus GN=Cetn1 PE=1 SV=1 - [CETN1_MOUSE]
Q8CB62,Centrobin OS=Mus musculus GN=Cntrob PE=2 SV=2 - [CNTRB_MOUSE]
Q9CXS4,Centromere protein V OS=Mus musculus GN=Cenpv PE=2 SV=2 - [CENPV_MOUSE]
Q62036,Centrosomal protein of 131 kDa OS=Mus musculus GN=Cep131 PE=1 SV=2 - [CP131_MOUSE]
Q6A065,Centrosomal protein of 170 kDa OS=Mus musculus GN=Cep170 PE=1 SV=2 - [CE170_MOUSE]
E9Q9M0,Centrosomal protein of 290 kDa OS=Mus musculus GN=Cep290 PE=4 SV=1 - [E9Q9M0_MOUSE]
Q9D3R3,Centrosomal protein of 72 kDa OS=Mus musculus GN=Cep72 PE=2 SV=3 - [CEP72_MOUSE]
B2RX88,Centrosome and spindle pole associated protein 1 OS=Mus musculus GN=Cspp1 PE=1 SV=2 - [CSPP1_MOUSE]
E9Q5A8,Centrosome-associated protein CEP250 OS=Mus musculus GN=Cep250 PE=4 SV=1 - [E9Q5A8_MOUSE]
Q8BGU2,Cerebellin-2 OS=Mus musculus GN=Cbln2 PE=1 SV=1 - [CBLN2_MOUSE]
Q60936,"Chaperone activity of bc1 complex-like, mitochondrial OS=Mus musculus GN=Adck3 PE=1 SV=2 - [ADCK3_MOUSE]"
Q99LU0,Charged multivesicular body protein 1b-1 OS=Mus musculus GN=Chmp1b1 PE=1 SV=1 - [CH1B1_MOUSE]
Q8BJF9,Charged multivesicular body protein 2b OS=Mus musculus GN=Chmp2b PE=1 SV=1 - [CHM2B_MOUSE]
Q64347,Chloride channel protein 1 OS=Mus musculus GN=Clcn1 PE=1 SV=3 - [CLCN1_MOUSE]
Q9R0A1,Chloride channel protein 2 OS=Mus musculus GN=Clcn2 PE=2 SV=2 - [CLCN2_MOUSE]
Q9WUB7,Chloride channel protein ClC-Ka OS=Mus musculus GN=Clcnka PE=1 SV=2 - [CLCKA_MOUSE]
P09240,Cholecystokinin OS=Mus musculus GN=Cck PE=1 SV=3 - [CCKN_MOUSE]
Q8VHY0,Chondroitin sulfate proteoglycan 4 OS=Mus musculus GN=Cspg4 PE=1 SV=3 - [CSPG4_MOUSE]
Q920C1,Chordin-like protein 1 OS=Mus musculus GN=Chrdl1 PE=1 SV=1 - [CRDL1_MOUSE]
Q9D0N7,Chromatin assembly factor 1 subunit B OS=Mus musculus GN=Chaf1b PE=2 SV=1 - [CAF1B_MOUSE]
Q9CY57,Chromatin target of PRMT1 protein OS=Mus musculus GN=Chtop PE=1 SV=2 - [CHTOP_MOUSE]
E9QAS4,Chromodomain-helicase-DNA-binding protein 4 OS=Mus musculus GN=Chd4 PE=1 SV=1 - [E9QAS4_MOUSE]
P05208,Chymotrypsin-like elastase family member 2A OS=Mus musculus GN=Cela2a PE=2 SV=1 - [CEL2A_MOUSE]
A9Q751,Cilia- and flagella-associated protein 221 OS=Mus musculus GN=Cfap221 PE=1 SV=1 - [PCDP1_MOUSE]
D3YUW7,Cingulin OS=Mus musculus GN=Cgn PE=1 SV=1 - [D3YUW7_MOUSE]
P49025,Citron Rho-interacting kinase OS=Mus musculus GN=Cit PE=1 SV=3 - [CTRO_MOUSE]
J3QNR6,C-Jun-amino-terminal kinase-interacting protein 3 OS=Mus musculus GN=Mapk8ip3 PE=1 SV=1 - [J3QNR6_MOUSE]
Q58A65,C-Jun-amino-terminal kinase-interacting protein 4 OS=Mus musculus GN=Spag9 PE=1 SV=2 - [JIP4_MOUSE]
Q8CJ61,CKLF-like MARVEL transmembrane domain-containing protein 4 OS=Mus musculus GN=Cmtm4 PE=2 SV=1 - [CKLF4_MOUSE]
Q8C6A8,Class E basic helix-loop-helix protein 22 OS=Mus musculus GN=Bhlhe22 PE=1 SV=1 - [BHE22_MOUSE]
H3BJW3,Cleavage and polyadenylation-specificity factor subunit 6 OS=Mus musculus GN=Cpsf6 PE=4 SV=1 - [H3BJW3_MOUSE]
Q8R0W1,CLOCK-interacting pacemaker OS=Mus musculus GN=Cipc PE=1 SV=4 - [CIPC_MOUSE]
B2RRC9,Coagulation factor VIII OS=Mus musculus GN=F8 PE=2 SV=1 - [B2RRC9_MOUSE]
Q8CIE6,Coatomer subunit alpha OS=Mus musculus GN=Copa PE=1 SV=2 - [COPA_MOUSE]
Q5XJY5,Coatomer subunit delta OS=Mus musculus GN=Arcn1 PE=1 SV=2 - [COPD_MOUSE]
P56388,Cocaine- and amphetamine-regulated transcript protein OS=Mus musculus GN=Cartpt PE=2 SV=2 - [CART_MOUSE]
Q8BRN9,Coiled-coil and C2 domain-containing protein 1B OS=Mus musculus GN=Cc2d1b PE=2 SV=1 - [C2D1B_MOUSE]
Q3UHY7,Coiled-coil domain containing 32 OS=Mus musculus GN=Ccdc32 PE=2 SV=1 - [Q3UHY7_MOUSE]
D3YUZ0,"Coiled-coil domain containing 83, isoform CRA_c OS=Mus musculus GN=Ccdc83 PE=4 SV=1 - [D3YUZ0_MOUSE]"
Q8BIS8,Coiled-coil domain-containing protein 126 OS=Mus musculus GN=Ccdc126 PE=2 SV=1 - [CC126_MOUSE]
Q3TC33,Coiled-coil domain-containing protein 127 OS=Mus musculus GN=Ccdc127 PE=2 SV=2 - [CC127_MOUSE]
Q8CE13,Coiled-coil domain-containing protein 17 OS=Mus musculus GN=Ccdc17 PE=2 SV=1 - [CCD17_MOUSE]
Q3UHB8,Coiled-coil domain-containing protein 177 OS=Mus musculus GN=Ccdc177 PE=1 SV=1 - [CC177_MOUSE]
Q80ZU5,Coiled-coil domain-containing protein 181 OS=Mus musculus GN=Ccdc181 PE=2 SV=1 - [CC181_MOUSE]
Q9D5Y1,Coiled-coil domain-containing protein 39 OS=Mus musculus GN=Ccdc39 PE=2 SV=1 - [CCD39_MOUSE]
Q8VEG0,Coiled-coil domain-containing protein 71 OS=Mus musculus GN=Ccdc71 PE=2 SV=1 - [CCD71_MOUSE]
Q8CDM4,Coiled-coil domain-containing protein 73 OS=Mus musculus GN=Ccdc73 PE=2 SV=2 - [CCD73_MOUSE]
D3YZV8,Coiled-coil domain-containing protein 8 homolog OS=Mus musculus GN=Ccdc8 PE=3 SV=2 - [CCDC8_MOUSE]
D3YW42,Coiled-coil domain-containing protein 9 OS=Mus musculus GN=Ccdc9 PE=4 SV=2 - [D3YW42_MOUSE]
Q9D6J3,Coiled-coil domain-containing protein 94 OS=Mus musculus GN=Ccdc94 PE=1 SV=1 - [CCD94_MOUSE]
Q91YQ3,Cold shock domain-containing protein C2 OS=Mus musculus GN=Csdc2 PE=2 SV=2 - [CSDC2_MOUSE]
P60824,Cold-inducible RNA-binding protein OS=Mus musculus GN=Cirbp PE=1 SV=1 - [CIRBP_MOUSE]
P11087,Collagen alpha-1(I) chain OS=Mus musculus GN=Col1a1 PE=1 SV=4 - [CO1A1_MOUSE]
O88207,Collagen alpha-1(V) chain OS=Mus musculus GN=Col5a1 PE=2 SV=2 - [CO5A1_MOUSE]
Q04857,Collagen alpha-1(VI) chain OS=Mus musculus GN=Col6a1 PE=2 SV=1 - [CO6A1_MOUSE]
Q60847,Collagen alpha-1(XII) chain OS=Mus musculus GN=Col12a1 PE=2 SV=3 - [COCA1_MOUSE]
D3Z7B9,Collagen alpha-1(XIII) chain OS=Mus musculus GN=Col13a1 PE=4 SV=1 - [D3Z7B9_MOUSE]
Q8BLX7,Collagen alpha-1(XVI) chain OS=Mus musculus GN=Col16a1 PE=2 SV=2 - [COGA1_MOUSE]
Q07563,Collagen alpha-1(XVII) chain OS=Mus musculus GN=Col17a1 PE=1 SV=3 - [COHA1_MOUSE]
Q8K4G2,Collagen alpha-1(XXIII) chain OS=Mus musculus GN=Col23a1 PE=2 SV=2 - [CONA1_MOUSE]
Q5QNQ9,Collagen alpha-1(XXVII) chain OS=Mus musculus GN=Col27a1 PE=2 SV=1 - [CORA1_MOUSE]
I7HJR1,Collagen alpha-2(IX) chain OS=Mus musculus GN=Col9a2 PE=4 SV=1 - [I7HJR1_MOUSE]
Q3U962,Collagen alpha-2(V) chain OS=Mus musculus GN=Col5a2 PE=1 SV=1 - [CO5A2_MOUSE]
Q9QZS0,Collagen alpha-3(IV) chain OS=Mus musculus GN=Col4a3 PE=1 SV=2 - [CO4A3_MOUSE]
P33435,Collagenase 3 OS=Mus musculus GN=Mmp13 PE=1 SV=1 - [MMP13_MOUSE]
Q63829,COMM domain-containing protein 3 OS=Mus musculus GN=Commd3 PE=2 SV=1 - [COMD3_MOUSE]
P98086,Complement C1q subcomponent subunit A OS=Mus musculus GN=C1qa PE=1 SV=2 - [C1QA_MOUSE]
P14106,Complement C1q subcomponent subunit B OS=Mus musculus GN=C1qb PE=1 SV=2 - [C1QB_MOUSE]
Q8CFG8,Complement C1s-B subcomponent OS=Mus musculus GN=C1sb PE=2 SV=1 - [CS1B_MOUSE]
P01027,Complement C3 OS=Mus musculus GN=C3 PE=1 SV=3 - [CO3_MOUSE]
P06684,Complement C5 OS=Mus musculus GN=C5 PE=1 SV=2 - [CO5_MOUSE]
P06683,Complement component C9 OS=Mus musculus GN=C9 PE=1 SV=2 - [CO9_MOUSE]
Q6DFV1,Condensin-2 complex subunit G2 OS=Mus musculus GN=Ncapg2 PE=2 SV=2 - [CNDG2_MOUSE]
Q80YA9,Connector enhancer of kinase suppressor of ras 2 OS=Mus musculus GN=Cnksr2 PE=1 SV=1 - [CNKR2_MOUSE]
Q8R1U1,Conserved oligomeric Golgi complex subunit 4 OS=Mus musculus GN=Cog4 PE=2 SV=1 - [COG4_MOUSE]
Q9CPW0,Contactin-associated protein-like 2 OS=Mus musculus GN=Cntnap2 PE=1 SV=2 - [CNTP2_MOUSE]
Q99P47,Contactin-associated protein-like 4 OS=Mus musculus GN=Cntnap4 PE=1 SV=2 - [CNTP4_MOUSE]
P61202,COP9 signalosome complex subunit 2 OS=Mus musculus GN=Cops2 PE=1 SV=1 - [CSN2_MOUSE]
O88544,COP9 signalosome complex subunit 4 OS=Mus musculus GN=Cops4 PE=1 SV=1 - [CSN4_MOUSE]
Q9CZ04,COP9 signalosome complex subunit 7a OS=Mus musculus GN=Cops7a PE=1 SV=2 - [CSN7A_MOUSE]
Q8C166,Copine-1 OS=Mus musculus GN=Cpne1 PE=1 SV=1 - [CPNE1_MOUSE]
Q8BT60,Copine-3 OS=Mus musculus GN=Cpne3 PE=2 SV=2 - [CPNE3_MOUSE]
Q3UMF0,Cordon-bleu protein-like 1 OS=Mus musculus GN=Cobll1 PE=1 SV=2 - [COBL1_MOUSE]
Q9QZQ8,"Core histone macro-H2A,1 OS=Mus musculus GN=H2afy PE=1 SV=3 - [H2AY_MOUSE]"
Q8BH44,Coronin-2B OS=Mus musculus GN=Coro2b PE=2 SV=2 - [COR2B_MOUSE]
B9EJA2,Cortactin-binding protein 2 OS=Mus musculus GN=Cttnbp2 PE=1 SV=2 - [CTTB2_MOUSE]
E9QMV2,Costars family protein ABRACL OS=Mus musculus GN=Abracl PE=4 SV=1 - [E9QMV2_MOUSE]
Q8K199,COX assembly mitochondrial protein 2 homolog OS=Mus musculus GN=Cmc2 PE=2 SV=1 - [COXM2_MOUSE]
Q9CPZ8,COX assembly mitochondrial protein homolog OS=Mus musculus GN=Cmc1 PE=3 SV=1 - [COXM1_MOUSE]
P07310,Creatine kinase M-type OS=Mus musculus GN=Ckm PE=1 SV=1 - [KCRM_MOUSE]
Q3LR78,CtBP-interacting BTB zinc finger protein OS=Mus musculus GN=Zbtb38 PE=2 SV=1 - [Q3LR78_MOUSE]
O88712,C-terminal-binding protein 1 OS=Mus musculus GN=Ctbp1 PE=1 SV=2 - [CTBP1_MOUSE]
Q99LJ0,CTTNBP2 N-terminal-like protein OS=Mus musculus GN=Cttnbp2nl PE=1 SV=1 - [CT2NL_MOUSE]
Q7TSQ1,C-type lectin domain family 18 member A OS=Mus musculus GN=Clec18a PE=2 SV=1 - [CL18A_MOUSE]
Q9CXX9,CUE domain-containing protein 2 OS=Mus musculus GN=Cuedc2 PE=2 SV=1 - [CUED2_MOUSE]
V9GX43,CUGBP Elav-like family member 2 (Fragment) OS=Mus musculus GN=Celf2 PE=4 SV=1 - [V9GX43_MOUSE]
Q7TN33,CUGBP Elav-like family member 6 OS=Mus musculus GN=Celf6 PE=2 SV=1 - [CELF6_MOUSE]
G3X914,Cullin 5 OS=Mus musculus GN=Cul5 PE=3 SV=1 - [G3X914_MOUSE]
E9QP09,Cullin-9 OS=Mus musculus GN=Cul9 PE=3 SV=1 - [E9QP09_MOUSE]
Q6ZQ73,Cullin-associated NEDD8-dissociated protein 2 OS=Mus musculus GN=Cand2 PE=1 SV=2 - [CAND2_MOUSE]
P24788,Cyclin-dependent kinase 11B OS=Mus musculus GN=Cdk11b PE=1 SV=2 - [CD11B_MOUSE]
O35926,Cyclin-dependent kinase 5 activator 2 OS=Mus musculus GN=Cdk5r2 PE=3 SV=2 - [CD5R2_MOUSE]
P49615,Cyclin-dependent-like kinase 5 OS=Mus musculus GN=Cdk5 PE=1 SV=1 - [CDK5_MOUSE]
Q8BGU5,Cyclin-Y OS=Mus musculus GN=Ccny PE=1 SV=1 - [CCNY_MOUSE]
Q91WT9,Cystathionine beta-synthase OS=Mus musculus GN=Cbs PE=2 SV=3 - [CBS_MOUSE]
P97314,Cysteine and glycine-rich protein 2 OS=Mus musculus GN=Csrp2 PE=1 SV=3 - [CSRP2_MOUSE]
Q9D1P4,Cysteine and histidine-rich domain-containing protein 1 OS=Mus musculus GN=Chordc1 PE=1 SV=1 - [CHRD1_MOUSE]
Q8CBW7,Cysteine-rich hydrophobic domain-containing protein 1 OS=Mus musculus GN=Chic1 PE=2 SV=2 - [CHIC1_MOUSE]
Q9JLL0,Cysteine-rich motor neuron 1 protein OS=Mus musculus GN=Crim1 PE=2 SV=2 - [CRIM1_MOUSE]
Q9CPX8,Cytochrome b-c1 complex subunit 10 OS=Mus musculus GN=Uqcr11 PE=2 SV=1 - [QCR10_MOUSE]
Q9DB77,"Cytochrome b-c1 complex subunit 2, mitochondrial OS=Mus musculus GN=Uqcrc2 PE=1 SV=1 - [QCR2_MOUSE]"
Q9CQB4,Cytochrome b-c1 complex subunit 7 OS=Mus musculus GN=Uqcrb PE=2 SV=1 - [Q9CQB4_MOUSE]
P00405,Cytochrome c oxidase subunit 2 OS=Mus musculus GN=Mtco2 PE=1 SV=1 - [COX2_MOUSE]
Q9CPQ1,Cytochrome c oxidase subunit 6C OS=Mus musculus GN=Cox6c PE=1 SV=3 - [COX6C_MOUSE]
Q8BKE6,Cytochrome P450 20A1 OS=Mus musculus GN=Cyp20a1 PE=2 SV=1 - [CP20A_MOUSE]
Q9DBW0,Cytochrome P450 4V2 OS=Mus musculus GN=Cyp4v2 PE=1 SV=1 - [CP4V2_MOUSE]
B2RXA7,"Cytochrome P450, family 26, subfamily c, polypeptide 1 OS=Mus musculus GN=Cyp26c1 PE=2 SV=1 - [B2RXA7_MOUSE]"
Q3TZ02,Cytohesin-1 OS=Mus musculus GN=Cyth1 PE=2 SV=1 - [Q3TZ02_MOUSE]
P28271,Cytoplasmic aconitate hydratase OS=Mus musculus GN=Aco1 PE=1 SV=3 - [ACOC_MOUSE]
Q9JHU4,Cytoplasmic dynein 1 heavy chain 1 OS=Mus musculus GN=Dync1h1 PE=1 SV=2 - [DYHC1_MOUSE]
Q8R1Q8,Cytoplasmic dynein 1 light intermediate chain 1 OS=Mus musculus GN=Dync1li1 PE=1 SV=1 - [DC1L1_MOUSE]
Q99M51,Cytoplasmic protein NCK1 OS=Mus musculus GN=Nck1 PE=1 SV=1 - [NCK1_MOUSE]
O55033,Cytoplasmic protein NCK2 OS=Mus musculus GN=Nck2 PE=1 SV=1 - [NCK2_MOUSE]
Q91YE9,Cytosolic 5'-nucleotidase 1B OS=Mus musculus GN=Nt5c1b PE=2 SV=2 - [5NT1B_MOUSE]
Q2KN98,Cytospin-A OS=Mus musculus GN=Specc1l PE=1 SV=1 - [CYTSA_MOUSE]
Q5SXY1,Cytospin-B OS=Mus musculus GN=Specc1 PE=1 SV=2 - [CYTSB_MOUSE]
E9QN44,"D-2-hydroxyglutarate dehydrogenase, mitochondrial OS=Mus musculus GN=D2hgdh PE=1 SV=1 - [E9QN44_MOUSE]"
Q61753,D-3-phosphoglycerate dehydrogenase OS=Mus musculus GN=Phgdh PE=1 SV=3 - [SERA_MOUSE]
Q8K3H0,DCC-interacting protein 13-alpha OS=Mus musculus GN=Appl1 PE=1 SV=1 - [DP13A_MOUSE]
Q9QZ73,DCN1-like protein 1 OS=Mus musculus GN=Dcun1d1 PE=2 SV=1 - [DCNL1_MOUSE]
Q9QY93,dCTP pyrophosphatase 1 OS=Mus musculus GN=Dctpp1 PE=1 SV=1 - [DCTP1_MOUSE]
Q80WW9,DDRGK domain-containing protein 1 OS=Mus musculus GN=Ddrgk1 PE=1 SV=2 - [DDRGK_MOUSE]
Q80X98,DEAH (Asp-Glu-Ala-His) box polypeptide 38 OS=Mus musculus GN=Dhx38 PE=2 SV=1 - [Q80X98_MOUSE]
Q8BIK4,Dedicator of cytokinesis protein 9 OS=Mus musculus GN=Dock9 PE=2 SV=2 - [DOCK9_MOUSE]
Q8C4S8,DENN domain-containing protein 2A OS=Mus musculus GN=Dennd2a PE=1 SV=1 - [DEN2A_MOUSE]
A6H8H2,DENN domain-containing protein 4C OS=Mus musculus GN=Dennd4c PE=1 SV=1 - [DEN4C_MOUSE]
Q6PAL8,DENN domain-containing protein 5A OS=Mus musculus GN=Dennd5a PE=1 SV=1 - [DEN5A_MOUSE]
Q99LN9,Deoxyhypusine hydroxylase OS=Mus musculus GN=Dohh PE=2 SV=2 - [DOHH_MOUSE]
Q99LB0,Deoxynucleotidyltransferase terminal-interacting protein 1 OS=Mus musculus GN=Dnttip1 PE=2 SV=1 - [TDIF1_MOUSE]
Q8VCG1,"Deoxyuridine triphosphatase, isoform CRA_b OS=Mus musculus GN=Dut PE=2 SV=1 - [Q8VCG1_MOUSE]"
E9Q557,Desmoplakin OS=Mus musculus GN=Dsp PE=1 SV=1 - [DESP_MOUSE]
Q3TCG9,Desumoylating isopeptidase 1 OS=Mus musculus GN=Desi1 PE=2 SV=1 - [Q3TCG9_MOUSE]
Q9JIQ3,"Diablo homolog, mitochondrial OS=Mus musculus GN=Diablo PE=1 SV=2 - [DBLOH_MOUSE]"
E9PUQ8,Diacylglycerol kinase OS=Mus musculus GN=Dgkd PE=3 SV=1 - [E9PUQ8_MOUSE]
O54908,Dickkopf-related protein 1 OS=Mus musculus GN=Dkk1 PE=1 SV=2 - [DKK1_MOUSE]
P00375,Dihydrofolate reductase OS=Mus musculus GN=Dhfr PE=1 SV=3 - [DYR_MOUSE]
Q9EQF5,Dihydropyrimidinase OS=Mus musculus GN=Dpys PE=1 SV=2 - [DPYS_MOUSE]
P97501,Dimethylaniline monooxygenase [N-oxide-forming] 3 OS=Mus musculus GN=Fmo3 PE=1 SV=1 - [FMO3_MOUSE]
E9PWX1,Dipeptidyl aminopeptidase-like protein 6 OS=Mus musculus GN=Dpp6 PE=4 SV=1 - [E9PWX1_MOUSE]
Q80YA7,Dipeptidyl peptidase 8 OS=Mus musculus GN=Dpp8 PE=2 SV=1 - [DPP8_MOUSE]
P0C027,Diphosphoinositol polyphosphate phosphohydrolase 3-alpha OS=Mus musculus GN=Nudt10 PE=1 SV=1 - [NUD10_MOUSE]
Q8CI75,DIS3-like exonuclease 2 OS=Mus musculus GN=Dis3l2 PE=1 SV=1 - [DI3L2_MOUSE]
Q9R1V4,Disintegrin and metalloproteinase domain-containing protein 11 OS=Mus musculus GN=Adam11 PE=1 SV=2 - [ADA11_MOUSE]
P70175,Disks large homolog 3 OS=Mus musculus GN=Dlg3 PE=1 SV=1 - [DLG3_MOUSE]
Q52KF7,Disks large homolog 3 OS=Mus musculus GN=Dlg3 PE=2 SV=1 - [Q52KF7_MOUSE]
B1AZP2,Disks large-associated protein 4 OS=Mus musculus GN=Dlgap4 PE=1 SV=1 - [DLGP4_MOUSE]
B0V2P5,DmX-like protein 2 OS=Mus musculus GN=Dmxl2 PE=1 SV=1 - [B0V2P5_MOUSE]
B1AT03,DNA ligase OS=Mus musculus GN=Lig3 PE=3 SV=1 - [B1AT03_MOUSE]
Q61493,DNA polymerase zeta catalytic subunit OS=Mus musculus GN=Rev3l PE=1 SV=3 - [DPOLZ_MOUSE]
Q9QZD4,DNA repair endonuclease XPF OS=Mus musculus GN=Ercc4 PE=2 SV=3 - [XPF_MOUSE]
E9QAG0,DNA repair protein RAD51 homolog 4 OS=Mus musculus GN=Rad51d PE=4 SV=1 - [E9QAG0_MOUSE]
Q9CZ15,DNA replication complex GINS protein PSF1 OS=Mus musculus GN=Gins1 PE=2 SV=1 - [PSF1_MOUSE]
Q8R4U6,"DNA topoisomerase I, mitochondrial OS=Mus musculus GN=Top1mt PE=2 SV=1 - [TOP1M_MOUSE]"
P41136,DNA-binding protein inhibitor ID-2 OS=Mus musculus GN=Id2 PE=1 SV=3 - [ID2_MOUSE]
O35134,DNA-directed RNA polymerase I subunit RPA1 OS=Mus musculus GN=Polr1a PE=1 SV=2 - [RPA1_MOUSE]
P60898,DNA-directed RNA polymerase II subunit RPB9 OS=Mus musculus GN=Polr2i PE=2 SV=1 - [RPB9_MOUSE]
Q8R0C0,DNA-directed RNA polymerase III subunit RPC7-like OS=Mus musculus GN=Polr3gl PE=2 SV=2 - [RPC7L_MOUSE]
B2RXC6,DNA-directed RNA polymerase OS=Mus musculus GN=Polr3a PE=2 SV=1 - [B2RXC6_MOUSE]
Q9D1M1,DNA-directed RNA polymerases I and III subunit RPAC2 OS=Mus musculus GN=Polr1d PE=2 SV=1 - [Q9D1M1_MOUSE]
Q8BFX0,"DNA-directed RNA polymerases I, II, and III subunit RPABC4 OS=Mus musculus GN=Polr2k PE=2 SV=1 - [Q8BFX0_MOUSE]"
P63037,DnaJ homolog subfamily A member 1 OS=Mus musculus GN=Dnaja1 PE=1 SV=1 - [DNJA1_MOUSE]
Q9QYJ0,DnaJ homolog subfamily A member 2 OS=Mus musculus GN=Dnaja2 PE=1 SV=1 - [DNJA2_MOUSE]
Q99M87,"DnaJ homolog subfamily A member 3, mitochondrial OS=Mus musculus GN=Dnaja3 PE=1 SV=1 - [DNJA3_MOUSE]"
Q921R4,DnaJ homolog subfamily C member 14 OS=Mus musculus GN=Dnajc14 PE=2 SV=2 - [DJC14_MOUSE]
Q91ZF0,DnaJ homolog subfamily C member 24 OS=Mus musculus GN=Dnajc24 PE=1 SV=3 - [DJC24_MOUSE]
Q91YW3,DnaJ homolog subfamily C member 3 OS=Mus musculus GN=Dnajc3 PE=1 SV=1 - [DNJC3_MOUSE]
Q9QZK7,Docking protein 3 OS=Mus musculus GN=Dok3 PE=1 SV=1 - [DOK3_MOUSE]
A2AU37,Double-strand-break repair protein rad21-like protein 1 OS=Mus musculus GN=Rad21l1 PE=1 SV=2 - [RD21L_MOUSE]
Q9ERC8,Down syndrome cell adhesion molecule homolog OS=Mus musculus GN=Dscam PE=1 SV=1 - [DSCAM_MOUSE]
Q9D311,Dual oxidase maturation factor 2 OS=Mus musculus GN=Duoxa2 PE=2 SV=1 - [DOXA2_MOUSE]
P31938,Dual specificity mitogen-activated protein kinase kinase 1 OS=Mus musculus GN=Map2k1 PE=1 SV=2 - [MP2K1_MOUSE]
O08788,Dynactin subunit 1 OS=Mus musculus GN=Dctn1 PE=1 SV=3 - [DCTN1_MOUSE]
E9Q919,Dynactin subunit 3 OS=Mus musculus GN=Dctn3 PE=4 SV=1 - [E9Q919_MOUSE]
Q9QZB9,Dynactin subunit 5 OS=Mus musculus GN=Dctn5 PE=1 SV=1 - [DCTN5_MOUSE]
Q9WUB4,Dynactin subunit 6 OS=Mus musculus GN=Dctn6 PE=1 SV=1 - [DCTN6_MOUSE]
G3X9G4,Dynamin-2 OS=Mus musculus GN=Dnm2 PE=1 SV=1 - [G3X9G4_MOUSE]
Q8BZ98,Dynamin-3 OS=Mus musculus GN=Dnm3 PE=1 SV=1 - [DYN3_MOUSE]
H7BX01,"Dynamin-like 120 kDa protein, mitochondrial OS=Mus musculus GN=Opa1 PE=4 SV=1 - [H7BX01_MOUSE]"
Q3V0Q1,"Dynein heavy chain 12, axonemal OS=Mus musculus GN=Dnah12 PE=1 SV=2 - [DYH12_MOUSE]"
K3W4R0,"Dynein heavy chain 17, axonemal OS=Mus musculus GN=Dnah17 PE=4 SV=1 - [K3W4R0_MOUSE]"
D3Z667,"Dynein heavy chain 2, axonemal OS=Mus musculus GN=Dnah2 PE=4 SV=1 - [D3Z667_MOUSE]"
Q05A62,"Dynein light chain 1, axonemal OS=Mus musculus GN=Dnal1 PE=2 SV=2 - [DNAL1_MOUSE]"
P63168,"Dynein light chain 1, cytoplasmic OS=Mus musculus GN=Dynll1 PE=1 SV=1 - [DYL1_MOUSE]"
Q9CRD4,Dysbindin domain-containing protein 2 OS=Mus musculus GN=Dbndd2 PE=2 SV=1 - [DBND2_MOUSE]
S4R1P5,Dystonin OS=Mus musculus GN=Dst PE=1 SV=1 - [S4R1P5_MOUSE]
Q810L3,E3 ubiquitin-protein ligase CHFR OS=Mus musculus GN=Chfr PE=1 SV=1 - [CHFR_MOUSE]
Q69ZR2,E3 ubiquitin-protein ligase HECTD1 OS=Mus musculus GN=Hectd1 PE=1 SV=2 - [HECD1_MOUSE]
Q7TMY8,E3 ubiquitin-protein ligase HUWE1 OS=Mus musculus GN=Huwe1 PE=1 SV=5 - [HUWE1_MOUSE]
Q80UY2,E3 ubiquitin-protein ligase KCMF1 OS=Mus musculus GN=Kcmf1 PE=2 SV=1 - [KCMF1_MOUSE]
Q69ZF8,E3 ubiquitin-protein ligase MSL2 OS=Mus musculus GN=Msl2 PE=2 SV=2 - [MSL2_MOUSE]
Q8CFI0,E3 ubiquitin-protein ligase NEDD4-like OS=Mus musculus GN=Nedd4l PE=1 SV=2 - [NED4L_MOUSE]
Q8BST6,E3 ubiquitin-protein ligase pellino homolog 2 OS=Mus musculus GN=Peli2 PE=1 SV=2 - [PELI2_MOUSE]
Q80U04,E3 ubiquitin-protein ligase Praja-2 OS=Mus musculus GN=Pja2 PE=1 SV=2 - [PJA2_MOUSE]
Q5SVR5,E3 ubiquitin-protein ligase RNF130 OS=Mus musculus GN=Rnf130 PE=4 SV=1 - [Q5SVR5_MOUSE]
D3YUJ1,E3 ubiquitin-protein ligase RNF181 OS=Mus musculus GN=Rnf181 PE=4 SV=1 - [D3YUJ1_MOUSE]
Q6PCX9,E3 ubiquitin-protein ligase TRIM37 OS=Mus musculus GN=Trim37 PE=1 SV=1 - [TRI37_MOUSE]
Q6WKZ8,E3 ubiquitin-protein ligase UBR2 OS=Mus musculus GN=Ubr2 PE=1 SV=2 - [UBR2_MOUSE]
Q9R1E6,Ectonucleotide pyrophosphatase/phosphodiesterase family member 2 OS=Mus musculus GN=Enpp2 PE=1 SV=3 - [ENPP2_MOUSE]
Q6PCQ6,EF-hand calcium-binding domain-containing protein 14 OS=Mus musculus GN=Efcab14 PE=2 SV=1 - [Q6PCQ6_MOUSE]
Q3UP38,EF-hand calcium-binding domain-containing protein 4B OS=Mus musculus GN=Cracr2a PE=2 SV=1 - [EFC4B_MOUSE]
Q8BYW9,EGF domain-specific O-linked N-acetylglucosamine transferase OS=Mus musculus GN=Eogt PE=1 SV=1 - [EOGT_MOUSE]
Q91YE3,Egl nine homolog 1 OS=Mus musculus GN=Egln1 PE=2 SV=2 - [EGLN1_MOUSE]
Q8K0D5,"Elongation factor G, mitochondrial OS=Mus musculus GN=Gfm1 PE=2 SV=1 - [EFGM_MOUSE]"
Q99L85,Elongator complex protein 5 OS=Mus musculus GN=Elp5 PE=2 SV=1 - [ELP5_MOUSE]
P70429,Ena/VASP-like protein OS=Mus musculus GN=Evl PE=1 SV=2 - [EVL_MOUSE]
O08600,"Endonuclease G, mitochondrial OS=Mus musculus GN=Endog PE=2 SV=1 - [NUCG_MOUSE]"
Q9JMG1,Endothelial differentiation-related factor 1 OS=Mus musculus GN=Edf1 PE=1 SV=1 - [EDF1_MOUSE]
Q9JMI0,Endothelin-converting enzyme-like 1 OS=Mus musculus GN=Ecel1 PE=2 SV=2 - [ECEL1_MOUSE]
Q8BHL5,Engulfment and cell motility protein 2 OS=Mus musculus GN=Elmo2 PE=1 SV=1 - [ELMO2_MOUSE]
Q8C0I4,Enhancer of polycomb homolog 2 OS=Mus musculus GN=Epc2 PE=2 SV=2 - [EPC2_MOUSE]
G3UW85,Enhancer of rudimentary homolog OS=Mus musculus GN=Erh PE=4 SV=1 - [G3UW85_MOUSE]
Q8BGB7,Enolase-phosphatase E1 OS=Mus musculus GN=Enoph1 PE=2 SV=1 - [ENOPH_MOUSE]
D3YWN7,Ensconsin OS=Mus musculus GN=Map7 PE=4 SV=2 - [D3YWN7_MOUSE]
Q9D952,Envoplakin OS=Mus musculus GN=Evpl PE=2 SV=3 - [EVPL_MOUSE]
Q6X7S9,EP300-interacting inhibitor of differentiation 2 OS=Mus musculus GN=Eid2 PE=1 SV=1 - [EID2_MOUSE]
O09127,Ephrin type-A receptor 8 OS=Mus musculus GN=Epha8 PE=1 SV=2 - [EPHA8_MOUSE]
O35393,Ephrin-B3 OS=Mus musculus GN=Efnb3 PE=1 SV=1 - [EFNB3_MOUSE]
Q08509,Epidermal growth factor receptor kinase substrate 8 OS=Mus musculus GN=Eps8 PE=1 SV=2 - [EPS8_MOUSE]
Q6GUQ1,Epidermal growth factor-like protein 8 OS=Mus musculus GN=Egfl8 PE=2 SV=2 - [EGFL8_MOUSE]
Q5M8N4,Epimerase family protein SDR39U1 OS=Mus musculus GN=Sdr39u1 PE=2 SV=1 - [D39U1_MOUSE]
Q8R180,ERO1-like protein alpha OS=Mus musculus GN=Ero1l PE=1 SV=2 - [ERO1A_MOUSE]
Q6GQV7,Erythroid differentiation-related factor 1 OS=Mus musculus GN=Edrf1 PE=2 SV=1 - [EDRF1_MOUSE]
V9GXK9,ETS-related transcription factor Elf-2 OS=Mus musculus GN=Elf2 PE=4 SV=1 - [V9GXK9_MOUSE]
Q8R050,Eukaryotic peptide chain release factor GTP-binding subunit ERF3A OS=Mus musculus GN=Gspt1 PE=1 SV=2 - [ERF3A_MOUSE]
Q60872,Eukaryotic translation initiation factor 1A OS=Mus musculus GN=Eif1a PE=2 SV=3 - [IF1A_MOUSE]
Q6ZWX6,Eukaryotic translation initiation factor 2 subunit 1 OS=Mus musculus GN=Eif2s1 PE=1 SV=3 - [IF2A_MOUSE]
Q9QZ05,Eukaryotic translation initiation factor 2-alpha kinase 4 OS=Mus musculus GN=Eif2ak4 PE=1 SV=2 - [E2AK4_MOUSE]
Q9EST3,Eukaryotic translation initiation factor 4E transporter OS=Mus musculus GN=Eif4enif1 PE=1 SV=2 - [4ET_MOUSE]
O55135,Eukaryotic translation initiation factor 6 OS=Mus musculus GN=Eif6 PE=1 SV=2 - [IF6_MOUSE]
Q0VAV2,Exophilin-5 OS=Mus musculus GN=Exph5 PE=1 SV=1 - [EXPH5_MOUSE]
Q8VBV3,Exosome complex component RRP4 OS=Mus musculus GN=Exosc2 PE=2 SV=1 - [EXOS2_MOUSE]
P70428,Exostosin-2 OS=Mus musculus GN=Ext2 PE=1 SV=2 - [EXT2_MOUSE]
Q9WVL6,Exostosin-like 3 OS=Mus musculus GN=Extl3 PE=2 SV=2 - [EXTL3_MOUSE]
Q9CRT8,Exportin-T OS=Mus musculus GN=Xpot PE=2 SV=3 - [XPOT_MOUSE]
O09164,Extracellular superoxide dismutase [Cu-Zn] OS=Mus musculus GN=Sod3 PE=1 SV=1 - [SODE_MOUSE]
Q920B9,FACT complex subunit SPT16 OS=Mus musculus GN=Supt16h PE=1 SV=2 - [SP16H_MOUSE]
P56213,FAD-linked sulfhydryl oxidase ALR OS=Mus musculus GN=Gfer PE=2 SV=2 - [ALR_MOUSE]
Q78TU8,"Family with sequence similarity 107, member A OS=Mus musculus GN=Fam107a PE=2 SV=1 - [Q78TU8_MOUSE]"
A2ATK9,"Family with sequence similarity 171, member A1 OS=Mus musculus GN=Fam171a1 PE=2 SV=1 - [A2ATK9_MOUSE]"
Q61160,FAS-associated death domain protein OS=Mus musculus GN=Fadd PE=1 SV=1 - [FADD_MOUSE]
Q8K0X8,Fasciculation and elongation protein zeta-1 OS=Mus musculus GN=Fez1 PE=1 SV=2 - [FEZ1_MOUSE]
Q7TMV3,FAST kinase domain-containing protein 5 OS=Mus musculus GN=Fastkd5 PE=2 SV=1 - [FAKD5_MOUSE]
P11404,"Fatty acid-binding protein, heart OS=Mus musculus GN=Fabp3 PE=1 SV=5 - [FABPH_MOUSE]"
Q8C7B6,F-box and leucine-rich protein 22 OS=Mus musculus GN=Fbxl22 PE=1 SV=1 - [FXL22_MOUSE]
Q78JE5,F-box only protein 22 OS=Mus musculus GN=Fbxo22 PE=2 SV=2 - [FBX22_MOUSE]
Q9CPU7,F-box only protein 32 OS=Mus musculus GN=Fbxo32 PE=2 SV=1 - [FBX32_MOUSE]
P62932,F-box only protein 40 OS=Mus musculus GN=Fbxo40 PE=2 SV=1 - [FBX40_MOUSE]
Q6NS60,F-box only protein 41 OS=Mus musculus GN=Fbxo41 PE=1 SV=3 - [FBX41_MOUSE]
Q5SUS0,F-box/WD repeat-containing protein 10 OS=Mus musculus GN=Fbxw10 PE=2 SV=1 - [FBW10_MOUSE]
Q3USJ8,FCH and double SH3 domains protein 2 OS=Mus musculus GN=Fchsd2 PE=1 SV=2 - [FCSD2_MOUSE]
A3KGK3,Fer-1-like protein 4 OS=Mus musculus GN=Fer1l4 PE=2 SV=3 - [FR1L4_MOUSE]
P0DM40,Fer-1-like protein 5 OS=Mus musculus GN=Fer1l5 PE=1 SV=1 - [FR1L5_MOUSE]
H3BIZ7,FERM domain-containing protein 4A OS=Mus musculus GN=Frmd4a PE=1 SV=1 - [H3BIZ7_MOUSE]
F6UTB8,FGFR1 oncogene partner (Fragment) OS=Mus musculus GN=Fgfr1op PE=4 SV=1 - [F6UTB8_MOUSE]
E9PV24,Fibrinogen alpha chain OS=Mus musculus GN=Fga PE=2 SV=1 - [FIBA_MOUSE]
Q8VCM7,Fibrinogen gamma chain OS=Mus musculus GN=Fgg PE=1 SV=1 - [FIBG_MOUSE]
P61148,Fibroblast growth factor 1 OS=Mus musculus GN=Fgf1 PE=2 SV=1 - [FGF1_MOUSE]
E9QNJ9,Fibroblast growth factor receptor OS=Mus musculus GN=Fgfr3 PE=3 SV=1 - [E9QNJ9_MOUSE]
Q8BLU0,Fibronectin leucine rich transmembrane protein 2 OS=Mus musculus GN=Flrt2 PE=1 SV=1 - [Q8BLU0_MOUSE]
A2ARZ3,Fibrous sheath-interacting protein 2 OS=Mus musculus GN=Fsip2 PE=1 SV=3 - [FSIP2_MOUSE]
G3X9U9,"Fission 1 (Mitochondrial outer membrane) homolog (Yeast), isoform CRA_c OS=Mus musculus GN=Fis1 PE=4 SV=1 - [G3X9U9_MOUSE]"
Q6P9Q6,FK506-binding protein 15 OS=Mus musculus GN=Fkbp15 PE=1 SV=2 - [FKB15_MOUSE]
Q5SS83,"Flotillin 2, isoform CRA_a OS=Mus musculus GN=Flot2 PE=4 SV=1 - [Q5SS83_MOUSE]"
Q5STE3,Follistatin-related protein 4 OS=Mus musculus GN=Fstl4 PE=2 SV=1 - [FSTL4_MOUSE]
Q9R1E0,Forkhead box protein O1 OS=Mus musculus GN=Foxo1 PE=1 SV=2 - [FOXO1_MOUSE]
E9PUK3,Formin-binding protein 1-like OS=Mus musculus GN=Fnbp1l PE=1 SV=1 - [E9PUK3_MOUSE]
A2AEX8,"Four and a half LIM domains 1, isoform CRA_b OS=Mus musculus GN=Fhl1 PE=4 SV=1 - [A2AEX8_MOUSE]"
P35922,Fragile X mental retardation protein 1 homolog OS=Mus musculus GN=Fmr1 PE=1 SV=1 - [FMR1_MOUSE]
Q9WVR4,Fragile X mental retardation syndrome-related protein 2 OS=Mus musculus GN=Fxr2 PE=1 SV=1 - [FXR2_MOUSE]
Q6NVD0,FRAS1-related extracellular matrix protein 2 OS=Mus musculus GN=Frem2 PE=2 SV=2 - [FREM2_MOUSE]
Q61091,Frizzled-8 OS=Mus musculus GN=Fzd8 PE=1 SV=2 - [FZD8_MOUSE]
Q8VDC1,FYVE and coiled-coil domain-containing protein 1 OS=Mus musculus GN=Fyco1 PE=1 SV=1 - [FYCO1_MOUSE]
Q91ZT5,"FYVE, RhoGEF and PH domain-containing protein 4 OS=Mus musculus GN=Fgd4 PE=2 SV=1 - [FGD4_MOUSE]"
E9QKY4,"FYVE, RhoGEF and PH domain-containing protein 5 OS=Mus musculus GN=Fgd5 PE=1 SV=1 - [E9QKY4_MOUSE]"
Q69ZL1,"FYVE, RhoGEF and PH domain-containing protein 6 OS=Mus musculus GN=Fgd6 PE=1 SV=2 - [FGD6_MOUSE]"
Q3UNH4,G protein-regulated inducer of neurite outgrowth 1 OS=Mus musculus GN=Gprin1 PE=1 SV=2 - [GRIN1_MOUSE]
Q8BWS5,G protein-regulated inducer of neurite outgrowth 3 OS=Mus musculus GN=Gprin3 PE=1 SV=1 - [GRIN3_MOUSE]
P61315,Galactose-3-O-sulfotransferase 3 OS=Mus musculus GN=Gal3st3 PE=2 SV=1 - [G3ST3_MOUSE]
P16045,Galectin-1 OS=Mus musculus GN=Lgals1 PE=1 SV=3 - [LEG1_MOUSE]
Q8VED9,Galectin-related protein OS=Mus musculus GN=Lgalsl PE=2 SV=1 - [LEGL_MOUSE]
Q6K1E7,Gametogenetin-binding protein 1 OS=Mus musculus GN=Ggnbp1 PE=1 SV=2 - [GGNB1_MOUSE]
Q9D6F4,Gamma-aminobutyric acid receptor subunit alpha-4 OS=Mus musculus GN=Gabra4 PE=2 SV=1 - [GBRA4_MOUSE]
P63137,Gamma-aminobutyric acid receptor subunit beta-2 OS=Mus musculus GN=Gabrb2 PE=1 SV=2 - [GBRB2_MOUSE]
P63080,Gamma-aminobutyric acid receptor subunit beta-3 OS=Mus musculus GN=Gabrb3 PE=2 SV=1 - [GBRB3_MOUSE]
P56476,Gamma-aminobutyric acid receptor subunit rho-2 OS=Mus musculus GN=Gabrr2 PE=2 SV=4 - [GBRR2_MOUSE]
Q8R3R8,Gamma-aminobutyric acid receptor-associated protein-like 1 OS=Mus musculus GN=Gabarapl1 PE=1 SV=2 - [GBRL1_MOUSE]
Q60928,Gamma-glutamyltranspeptidase 1 OS=Mus musculus GN=Ggt1 PE=1 SV=1 - [GGT1_MOUSE]
Q9D4F8,Gamma-tubulin complex component 4 OS=Mus musculus GN=Tubgcp4 PE=2 SV=2 - [GCP4_MOUSE]
Q60648,Ganglioside GM2 activator OS=Mus musculus GN=Gm2a PE=1 SV=2 - [SAP3_MOUSE]
P52787,Gastric intrinsic factor OS=Mus musculus GN=Gif PE=2 SV=2 - [IF_MOUSE]
Q8R1I2,Gastrin-releasing peptide OS=Mus musculus GN=Grp PE=1 SV=1 - [GRP_MOUSE]
Q3TLS3,GDP-D-glucose phosphorylase 1 OS=Mus musculus GN=Gdpgp1 PE=2 SV=2 - [GDPP1_MOUSE]
P23591,GDP-L-fucose synthase OS=Mus musculus GN=Tsta3 PE=2 SV=3 - [FCL_MOUSE]
Q8K0C9,"GDP-mannose 4,6 dehydratase OS=Mus musculus GN=Gmds PE=2 SV=1 - [GMDS_MOUSE]"
Q3ULG3,"Gene model 694, (NCBI) OS=Mus musculus GN=Gm694 PE=2 SV=1 - [Q3ULG3_MOUSE]"
Q3TML4,"Gene model 773, (NCBI) OS=Mus musculus GN=Gm773 PE=2 SV=1 - [Q3TML4_MOUSE]"
Q8R2T8,General transcription factor 3C polypeptide 5 OS=Mus musculus GN=Gtf3c5 PE=2 SV=2 - [TF3C5_MOUSE]
Q8BUV3,Gephyrin OS=Mus musculus GN=Gphn PE=1 SV=2 - [GEPH_MOUSE]
A0JNY3,Gephyrin OS=Mus musculus GN=Gphn PE=2 SV=1 - [A0JNY3_MOUSE]
Q9JHK4,Geranylgeranyl transferase type-2 subunit alpha OS=Mus musculus GN=Rabggta PE=2 SV=1 - [PGTA_MOUSE]
Q3TVF4,Geranylgeranyl transferase type-2 subunit beta OS=Mus musculus GN=Rabggtb PE=2 SV=1 - [Q3TVF4_MOUSE]
Q9WUU9,Germinal-center associated nuclear protein OS=Mus musculus GN=Mcm3ap PE=1 SV=2 - [GANP_MOUSE]
Q7TPG0,GI:13385330 OS=Mus musculus GN=1700010I14Rik PE=4 SV=1 - [Q7TPG0_MOUSE]
Q00612,Glucose-6-phosphate 1-dehydrogenase X OS=Mus musculus GN=G6pdx PE=1 SV=3 - [G6PD1_MOUSE]
P17439,Glucosylceramidase OS=Mus musculus GN=Gba PE=1 SV=1 - [GLCM_MOUSE]
P48318,Glutamate decarboxylase 1 OS=Mus musculus GN=Gad1 PE=2 SV=2 - [DCE1_MOUSE]
P23818,Glutamate receptor 1 OS=Mus musculus GN=Gria1 PE=1 SV=1 - [GRIA1_MOUSE]
P23819,Glutamate receptor 2 OS=Mus musculus GN=Gria2 PE=1 SV=3 - [GRIA2_MOUSE]
Q9Z2W8,Glutamate receptor 4 OS=Mus musculus GN=Gria4 PE=1 SV=2 - [GRIA4_MOUSE]
Q60934,"Glutamate receptor ionotropic, kainate 1 OS=Mus musculus GN=Grik1 PE=2 SV=2 - [GRIK1_MOUSE]"
P35438,"Glutamate receptor ionotropic, NMDA 1 OS=Mus musculus GN=Grin1 PE=1 SV=1 - [NMDZ1_MOUSE]"
Q03391,"Glutamate receptor ionotropic, NMDA 2D OS=Mus musculus GN=Grin2d PE=2 SV=3 - [NMDE4_MOUSE]"
F7ARC5,"Glutamate receptor ionotropic, NMDA 3B (Fragment) OS=Mus musculus GN=Grin3b PE=4 SV=1 - [F7ARC5_MOUSE]"
Q925T6,Glutamate receptor-interacting protein 1 OS=Mus musculus GN=Grip1 PE=1 SV=1 - [GRIP1_MOUSE]
P97494,Glutamate--cysteine ligase catalytic subunit OS=Mus musculus GN=Gclc PE=2 SV=4 - [GSH1_MOUSE]
O09172,Glutamate--cysteine ligase regulatory subunit OS=Mus musculus GN=Gclm PE=2 SV=1 - [GSH0_MOUSE]
Q810D6,Glutamate-rich WD repeat-containing protein 1 OS=Mus musculus GN=Grwd1 PE=2 SV=2 - [GRWD1_MOUSE]
Q9QUH0,Glutaredoxin-1 OS=Mus musculus GN=Glrx PE=1 SV=3 - [GLRX1_MOUSE]
Q9CQM9,Glutaredoxin-3 OS=Mus musculus GN=Glrx3 PE=1 SV=1 - [GLRX3_MOUSE]
Q9CWB7,Glutaredoxin-like protein C5orf63 homolog OS=Mus musculus PE=1 SV=1 - [YD286_MOUSE]
A0A0A0MQ68,"Glutaryl-CoA dehydrogenase, mitochondrial OS=Mus musculus GN=Gcdh PE=4 SV=1 - [A0A0A0MQ68_MOUSE]"
Q76LV0,Glutathione peroxidase OS=Mus musculus GN=Gpx4 PE=2 SV=2 - [Q76LV0_MOUSE]
Q9DCM2,Glutathione S-transferase kappa 1 OS=Mus musculus GN=Gstk1 PE=1 SV=3 - [GSTK1_MOUSE]
O09131,Glutathione S-transferase omega-1 OS=Mus musculus GN=Gsto1 PE=2 SV=2 - [GSTO1_MOUSE]
Q3ULJ0,Glycerol-3-phosphate dehydrogenase 1-like protein OS=Mus musculus GN=Gpd1l PE=1 SV=2 - [GPD1L_MOUSE]
Q640M6,Glycerophosphodiester phosphodiesterase domain-containing protein 5 OS=Mus musculus GN=Gdpd5 PE=2 SV=1 - [GDPD5_MOUSE]
Q9D964,"Glycine amidinotransferase, mitochondrial OS=Mus musculus GN=Gatm PE=1 SV=1 - [GATM_MOUSE]"
Q7TNC8,Glycine receptor subunit alpha-2 OS=Mus musculus GN=Glra2 PE=2 SV=1 - [GLRA2_MOUSE]
Q9CZD3,Glycine--tRNA ligase OS=Mus musculus GN=Gars PE=1 SV=1 - [SYG_MOUSE]
Q9Z1E4,"Glycogen [starch] synthase, muscle OS=Mus musculus GN=Gys1 PE=1 SV=2 - [GYS1_MOUSE]"
D3Z7E5,Glycogen synthase kinase-3 alpha OS=Mus musculus GN=Gsk3a PE=4 SV=1 - [D3Z7E5_MOUSE]
E9QAQ5,Glycogen synthase kinase-3 beta OS=Mus musculus GN=Gsk3b PE=1 SV=1 - [E9QAQ5_MOUSE]
O70310,Glycylpeptide N-tetradecanoyltransferase 1 OS=Mus musculus GN=Nmt1 PE=1 SV=1 - [NMT1_MOUSE]
Q8CFK1,Glycylpeptide N-tetradecanoyltransferase OS=Mus musculus GN=Nmt2 PE=2 SV=1 - [Q8CFK1_MOUSE]
Q8R3X6,Glypican 6 OS=Mus musculus GN=Gpc6 PE=2 SV=1 - [Q8R3X6_MOUSE]
H3BJQ8,Glypican-5 OS=Mus musculus GN=Gpc5 PE=3 SV=1 - [H3BJQ8_MOUSE]
Q9DCZ1,GMP reductase 1 OS=Mus musculus GN=Gmpr PE=2 SV=1 - [GMPR1_MOUSE]
Q99L27,GMP reductase 2 OS=Mus musculus GN=Gmpr2 PE=2 SV=2 - [GMPR2_MOUSE]
Q3THK7,GMP synthase [glutamine-hydrolyzing] OS=Mus musculus GN=Gmps PE=1 SV=2 - [GUAA_MOUSE]
Q9QYE6,Golgin subfamily A member 5 OS=Mus musculus GN=Golga5 PE=1 SV=2 - [GOGA5_MOUSE]
Q8R2X8,Golgin-45 OS=Mus musculus GN=Blzf1 PE=2 SV=2 - [GO45_MOUSE]
E9Q507,GON-4-like protein OS=Mus musculus GN=Gon4l PE=4 SV=1 - [E9Q507_MOUSE]
Q562G0,GPI ethanolamine phosphate transferase 3 OS=Mus musculus GN=Pigo PE=2 SV=1 - [Q562G0_MOUSE]
F6U4X6,GPI transamidase component PIG-T (Fragment) OS=Mus musculus GN=Pigt PE=4 SV=1 - [F6U4X6_MOUSE]
Q8K209,G-protein coupled receptor 56 OS=Mus musculus GN=Gpr56 PE=1 SV=1 - [GPR56_MOUSE]
Q8VHN7,G-protein coupled receptor 98 OS=Mus musculus GN=Gpr98 PE=2 SV=1 - [GPR98_MOUSE]
Q923Z0,G-protein coupled receptor family C group 5 member B OS=Mus musculus GN=Gprc5b PE=2 SV=1 - [GPC5B_MOUSE]
Q5U4C1,G-protein coupled receptor-associated sorting protein 1 OS=Mus musculus GN=Gprasp1 PE=1 SV=1 - [GASP1_MOUSE]
Q3U9N4,Granulins OS=Mus musculus GN=Grn PE=2 SV=1 - [Q3U9N4_MOUSE]
Q9Z1S8,GRB2-associated-binding protein 2 OS=Mus musculus GN=Gab2 PE=1 SV=2 - [GAB2_MOUSE]
Q8C5Q4,G-rich sequence factor 1 OS=Mus musculus GN=Grsf1 PE=1 SV=2 - [GRSF1_MOUSE]
Q9D4H2,GRIP and coiled-coil domain-containing protein 1 OS=Mus musculus GN=Gcc1 PE=1 SV=2 - [GCC1_MOUSE]
Q8CHG3,GRIP and coiled-coil domain-containing protein 2 OS=Mus musculus GN=Gcc2 PE=1 SV=2 - [GCC2_MOUSE]
Q9CR59,Growth arrest and DNA damage-inducible proteins-interacting protein 1 OS=Mus musculus GN=Gadd45gip1 PE=2 SV=1 - [G45IP_MOUSE]
B1ATI9,Growth arrest-specific protein 7 OS=Mus musculus GN=Gas7 PE=4 SV=1 - [B1ATI9_MOUSE]
B1AT92,Growth factor receptor-bound protein 2 OS=Mus musculus GN=Grb2 PE=4 SV=1 - [B1AT92_MOUSE]
Q61411,GTPase HRas OS=Mus musculus GN=Hras PE=1 SV=2 - [RASH_MOUSE]
P08556,GTPase NRas OS=Mus musculus GN=Nras PE=2 SV=1 - [RASN_MOUSE]
P62827,GTP-binding nuclear protein Ran OS=Mus musculus GN=Ran PE=1 SV=3 - [RAN_MOUSE]
Q9R111,Guanine deaminase OS=Mus musculus GN=Gda PE=1 SV=1 - [GUAD_MOUSE]
Q9R0C8,Guanine nucleotide exchange factor VAV3 OS=Mus musculus GN=Vav3 PE=1 SV=2 - [VAV3_MOUSE]
P61953,Guanine nucleotide-binding protein G(I)/G(S)/G(O) subunit gamma-11 OS=Mus musculus GN=Gng11 PE=1 SV=1 - [GBG11_MOUSE]
Q9DAS9,Guanine nucleotide-binding protein G(I)/G(S)/G(O) subunit gamma-12 OS=Mus musculus GN=Gng12 PE=1 SV=3 - [GBG12_MOUSE]
P63213,Guanine nucleotide-binding protein G(I)/G(S)/G(O) subunit gamma-2 OS=Mus musculus GN=Gng2 PE=2 SV=2 - [GBG2_MOUSE]
P62874,Guanine nucleotide-binding protein G(I)/G(S)/G(T) subunit beta-1 OS=Mus musculus GN=Gnb1 PE=1 SV=3 - [GBB1_MOUSE]
P30677,Guanine nucleotide-binding protein subunit alpha-14 OS=Mus musculus GN=Gna14 PE=1 SV=2 - [GNA14_MOUSE]
P68040,Guanine nucleotide-binding protein subunit beta-2-like 1 OS=Mus musculus GN=Gnb2l1 PE=1 SV=3 - [GBLP_MOUSE]
P29387,Guanine nucleotide-binding protein subunit beta-4 OS=Mus musculus GN=Gnb4 PE=2 SV=4 - [GBB4_MOUSE]
G3X9Q2,Guanine nucleotide-binding protein subunit gamma OS=Mus musculus GN=Gng7 PE=3 SV=1 - [G3X9Q2_MOUSE]
F6VFS9,Guanylate cyclase OS=Mus musculus GN=Gucy2d PE=3 SV=1 - [F6VFS9_MOUSE]
Q564G0,Guanylate kinase OS=Mus musculus GN=Guk1 PE=2 SV=1 - [Q564G0_MOUSE]
O70496,H(+)/Cl(-) exchange transporter 7 OS=Mus musculus GN=Clcn7 PE=1 SV=1 - [CLCN7_MOUSE]
Q9QWV1,H2-O alpha OS=Mus musculus GN=H2-Oa PE=2 SV=1 - [Q9QWV1_MOUSE]
Q9EP53,Hamartin OS=Mus musculus GN=Tsc1 PE=1 SV=1 - [TSC1_MOUSE]
Q3TC93,HCLS1-binding protein 3 OS=Mus musculus GN=Hs1bp3 PE=1 SV=2 - [H1BP3_MOUSE]
Q8BM72,Heat shock 70 kDa protein 13 OS=Mus musculus GN=Hspa13 PE=2 SV=1 - [HSP13_MOUSE]
Q5ND04,Heat shock factor protein 5 OS=Mus musculus GN=Hsf5 PE=2 SV=1 - [HSF5_MOUSE]
Q9CQZ1,Heat shock factor-binding protein 1 OS=Mus musculus GN=Hsbp1 PE=2 SV=1 - [HSBP1_MOUSE]
Q5EBG6,Heat shock protein beta-6 OS=Mus musculus GN=Hspb6 PE=2 SV=1 - [HSPB6_MOUSE]
O70252,Heme oxygenase 2 OS=Mus musculus GN=Hmox2 PE=2 SV=1 - [HMOX2_MOUSE]
Q6SKR2,"HemK methyltransferase family member 2, isoform CRA_c OS=Mus musculus GN=N6amt1 PE=2 SV=1 - [Q6SKR2_MOUSE]"
B1ATZ0,Hepatocyte growth factor-regulated tyrosine kinase substrate OS=Mus musculus GN=Hgs PE=1 SV=1 - [B1ATZ0_MOUSE]
P51859,Hepatoma-derived growth factor OS=Mus musculus GN=Hdgf PE=1 SV=2 - [HDGF_MOUSE]
D3YTQ3,Heterogeneous nuclear ribonucleoprotein D-like OS=Mus musculus GN=Hnrnpdl PE=4 SV=1 - [D3YTQ3_MOUSE]
Q00PI9,Heterogeneous nuclear ribonucleoprotein U-like protein 2 OS=Mus musculus GN=Hnrnpul2 PE=1 SV=2 - [HNRL2_MOUSE]
D6RH57,"High affinity cGMP-specific 3',5'-cyclic phosphodiesterase 9A OS=Mus musculus GN=Pde9a PE=4 SV=1 - [D6RH57_MOUSE]"
Q8BGY9,High affinity choline transporter 1 OS=Mus musculus GN=Slc5a7 PE=1 SV=1 - [SC5A7_MOUSE]
Q9JL35,High mobility group nucleosome-binding domain-containing protein 5 OS=Mus musculus GN=Hmgn5 PE=1 SV=2 - [HMGN5_MOUSE]
P63158,High mobility group protein B1 OS=Mus musculus GN=Hmgb1 PE=1 SV=2 - [HMGB1_MOUSE]
P17095,High mobility group protein HMG-I/HMG-Y OS=Mus musculus GN=Hmga1 PE=1 SV=4 - [HMGA1_MOUSE]
Q91VF2,Histamine N-methyltransferase OS=Mus musculus GN=Hnmt PE=1 SV=1 - [HNMT_MOUSE]
P35492,Histidine ammonia-lyase OS=Mus musculus GN=Hal PE=1 SV=1 - [HUTH_MOUSE]
Q91WA3,Histone deacetylase 11 OS=Mus musculus GN=Hdac11 PE=1 SV=1 - [HDA11_MOUSE]
E9Q529,Histone deacetylase complex subunit SAP25 OS=Mus musculus GN=Sap25 PE=4 SV=1 - [E9Q529_MOUSE]
P10922,"Histone H1,0 OS=Mus musculus GN=H1f0 PE=2 SV=4 - [H10_MOUSE]"
P43276,"Histone H1,5 OS=Mus musculus GN=Hist1h1b PE=1 SV=2 - [H15_MOUSE]"
A2AFI9,Histone-binding protein RBBP7 OS=Mus musculus GN=Rbbp7 PE=1 SV=1 - [A2AFI9_MOUSE]
E9QAE4,Histone-lysine N-methyltransferase OS=Mus musculus GN=Nsd1 PE=4 SV=1 - [E9QAE4_MOUSE]
G5E8N3,Histone-lysine N-methyltransferase SETDB1 OS=Mus musculus GN=Setdb1 PE=4 SV=1 - [G5E8N3_MOUSE]
Q8R316,HMG box-containing protein 1 OS=Mus musculus GN=Hbp1 PE=1 SV=1 - [HBP1_MOUSE]
H3BK67,"Homeobox containing 1, isoform CRA_a OS=Mus musculus GN=Hmbox1 PE=4 SV=1 - [H3BK67_MOUSE]"
Q64317,Homeobox protein DLX-1 OS=Mus musculus GN=Dlx1 PE=2 SV=1 - [DLX1_MOUSE]
P42581,Homeobox protein HMX3 OS=Mus musculus GN=Hmx3 PE=1 SV=3 - [HMX3_MOUSE]
P09021,Homeobox protein Hox-A5 OS=Mus musculus GN=Hoxa5 PE=1 SV=1 - [HXA5_MOUSE]
Q9QWW1,Homer protein homolog 2 OS=Mus musculus GN=Homer2 PE=1 SV=1 - [HOME2_MOUSE]
Q99JP6,Homer protein homolog 3 OS=Mus musculus GN=Homer3 PE=1 SV=2 - [HOME3_MOUSE]
O35668,Huntingtin-associated protein 1 OS=Mus musculus GN=Hap1 PE=1 SV=1 - [HAP1_MOUSE]
Q9CR41,Huntingtin-interacting protein K OS=Mus musculus GN=Hypk PE=2 SV=2 - [HYPK_MOUSE]
Q9ESM3,Hyaluronan and proteoglycan link protein 2 OS=Mus musculus GN=Hapln2 PE=1 SV=1 - [HPLN2_MOUSE]
Q812F3,Hyaluronidase OS=Mus musculus GN=Hyal5 PE=2 SV=1 - [Q812F3_MOUSE]
Q61425,"Hydroxyacyl-coenzyme A dehydrogenase, mitochondrial OS=Mus musculus GN=Hadh PE=1 SV=2 - [HCDH_MOUSE]"
Q9DB32,Hydroxyacylglutathione hydrolase-like protein OS=Mus musculus GN=Haghl PE=2 SV=1 - [HAGHL_MOUSE]
Q8JZK9,"Hydroxymethylglutaryl-CoA synthase, cytoplasmic OS=Mus musculus GN=Hmgcs1 PE=1 SV=1 - [HMCS1_MOUSE]"
Q8BLR9,Hypoxia-inducible factor 1-alpha inhibitor OS=Mus musculus GN=Hif1an PE=1 SV=2 - [HIF1N_MOUSE]
Q8VIM9,Immunity-related GTPase family Q protein OS=Mus musculus GN=Irgq PE=2 SV=1 - [IRGQ_MOUSE]
O35343,Importin subunit alpha-3 OS=Mus musculus GN=Kpna4 PE=1 SV=1 - [IMA3_MOUSE]
O35345,Importin subunit alpha-7 OS=Mus musculus GN=Kpna6 PE=1 SV=2 - [IMA7_MOUSE]
Q9EPL8,Importin-7 OS=Mus musculus GN=Ipo7 PE=1 SV=2 - [IPO7_MOUSE]
Q8BKG3,Inactive tyrosine-protein kinase 7 OS=Mus musculus GN=Ptk7 PE=1 SV=1 - [PTK7_MOUSE]
Q7TSS3,Inhibitor of kappaB kinase gamma OS=Mus musculus GN=Ikbkg PE=2 SV=1 - [Q7TSS3_MOUSE]
Q9D819,Inorganic pyrophosphatase OS=Mus musculus GN=Ppa1 PE=1 SV=1 - [IPYR_MOUSE]
Q924B0,Inositol (Myo)-1(Or 4)-monophosphatase 1 OS=Mus musculus GN=Impa1 PE=2 SV=1 - [Q924B0_MOUSE]
Q8C5L6,Inositol polyphosphate 5-phosphatase K OS=Mus musculus GN=Inpp5k PE=2 SV=2 - [INP5K_MOUSE]
O54718,"Insulin receptor substrate 3, isoform CRA_a (Fragment) OS=Mus musculus GN=Irs3 PE=2 SV=1 - [O54718_MOUSE]"
Q9JHR7,Insulin-degrading enzyme OS=Mus musculus GN=Ide PE=1 SV=1 - [IDE_MOUSE]
Q9D168,Integrator complex subunit 12 OS=Mus musculus GN=Ints12 PE=1 SV=1 - [INT12_MOUSE]
Q62470,Integrin alpha-3 OS=Mus musculus GN=Itga3 PE=1 SV=1 - [ITA3_MOUSE]
Q61739,Integrin alpha-6 OS=Mus musculus GN=Itga6 PE=1 SV=3 - [ITA6_MOUSE]
Q60677,Integrin alpha-E OS=Mus musculus GN=Itgae PE=2 SV=2 - [ITAE_MOUSE]
P09055,Integrin beta-1 OS=Mus musculus GN=Itgb1 PE=1 SV=1 - [ITB1_MOUSE]
Q91WI7,Integrin-alpha FG-GAP repeat-containing protein 2 OS=Mus musculus GN=Itfg2 PE=2 SV=1 - [ITFG2_MOUSE]
Q8R0F6,Integrin-linked kinase-associated serine/threonine phosphatase 2C OS=Mus musculus GN=Ilkap PE=2 SV=1 - [ILKAP_MOUSE]
P23611,Interferon regulatory factor 8 OS=Mus musculus GN=Irf8 PE=1 SV=1 - [IRF8_MOUSE]
D3Z720,Interferon-gamma-inducible GTPase Ifgge protein OS=Mus musculus GN=Irgc1 PE=4 SV=1 - [D3Z720_MOUSE]
L7N451,Interferon-induced very large GTPase 1 OS=Mus musculus GN=Gvin1 PE=4 SV=1 - [L7N451_MOUSE]
Q9QZ85,Interferon-inducible GTPase 1 OS=Mus musculus GN=Iigp1 PE=1 SV=2 - [IIGP1_MOUSE]
Q3U1G5,Interferon-stimulated 20 kDa exonuclease-like 2 OS=Mus musculus GN=Isg20l2 PE=2 SV=2 - [I20L2_MOUSE]
Q8CFA1,Interleukin-1 receptor-associated kinase-like 2 OS=Mus musculus GN=Irak2 PE=2 SV=2 - [IRAK2_MOUSE]
Q64385,Interleukin-11 receptor subunit alpha-1 OS=Mus musculus GN=Il11ra1 PE=1 SV=1 - [I11RA_MOUSE]
Q8BH06,Interleukin-17 receptor E OS=Mus musculus GN=Il17re PE=1 SV=1 - [I17RE_MOUSE]
Q6PHB0,Interleukin-20 receptor subunit alpha OS=Mus musculus GN=Il20ra PE=2 SV=2 - [I20RA_MOUSE]
E9QNG1,Intersectin-2 OS=Mus musculus GN=Itsn2 PE=1 SV=1 - [E9QNG1_MOUSE]
E9QKB2,Intracellular hyaluronan-binding protein 4 OS=Mus musculus GN=Habp4 PE=1 SV=1 - [E9QKB2_MOUSE]
Q9DAI2,Intraflagellar transport protein 22 homolog OS=Mus musculus GN=Ift22 PE=1 SV=1 - [IFT22_MOUSE]
A2AQA7,Intron-binding protein aquarius OS=Mus musculus GN=Aqr PE=4 SV=1 - [A2AQA7_MOUSE]
O89019,Inversin OS=Mus musculus GN=Invs PE=1 SV=2 - [INVS_MOUSE]
E9PUA3,IQ motif and SEC7 domain-containing protein 1 OS=Mus musculus GN=Iqsec1 PE=1 SV=1 - [E9PUA3_MOUSE]
Q9DB29,Isoamyl acetate-hydrolyzing esterase 1 homolog OS=Mus musculus GN=Iah1 PE=1 SV=1 - [IAH1_MOUSE]
Q9D7B6,"Isobutyryl-CoA dehydrogenase, mitochondrial OS=Mus musculus GN=Acad8 PE=1 SV=2 - [ACAD8_MOUSE]"
Q91V64,Isochorismatase domain-containing protein 1 OS=Mus musculus GN=Isoc1 PE=1 SV=1 - [ISOC1_MOUSE]
P85094,"Isochorismatase domain-containing protein 2A, mitochondrial OS=Mus musculus GN=Isoc2a PE=1 SV=1 - [ISC2A_MOUSE]"
Q8BU30,"Isoleucine--tRNA ligase, cytoplasmic OS=Mus musculus GN=Iars PE=2 SV=2 - [SYIC_MOUSE]"
Q9CX00,IST1 homolog OS=Mus musculus GN=Ist1 PE=2 SV=1 - [IST1_MOUSE]
D3Z4U5,Janus kinase and microtubule-interacting protein 1 OS=Mus musculus GN=Jakmip1 PE=4 SV=1 - [D3Z4U5_MOUSE]
Q5DTX6,Junctional protein associated with coronary artery disease OS=Mus musculus GN=Jcad PE=1 SV=2 - [JCAD_MOUSE]
A2CG49,Kalirin OS=Mus musculus GN=Kalrn PE=1 SV=1 - [KALRN_MOUSE]
Q91Y82,"Kallikrein 6, isoform CRA_a OS=Mus musculus GN=Klk6 PE=2 SV=1 - [Q91Y82_MOUSE]"
Q8K0T4,Katanin p60 ATPase-containing subunit A-like 1 OS=Mus musculus GN=Katnal1 PE=1 SV=1 - [KATL1_MOUSE]
Q69ZS8,Kazrin OS=Mus musculus GN=Kazn PE=2 SV=2 - [KAZRN_MOUSE]
Q3USL1,Kelch domain-containing protein 9 OS=Mus musculus GN=Klhdc9 PE=2 SV=1 - [KLDC9_MOUSE]
Q8BNW9,Kelch repeat and BTB domain-containing protein 11 OS=Mus musculus GN=Kbtbd11 PE=1 SV=3 - [KBTBB_MOUSE]
Q3UQV5,Kelch repeat and BTB domain-containing protein 8 OS=Mus musculus GN=Kbtbd8 PE=2 SV=1 - [KBTB8_MOUSE]
Q9CZ49,Kelch-like protein 35 OS=Mus musculus GN=Klhl35 PE=2 SV=2 - [KLH35_MOUSE]
B1AQ75,"Keratin, type I cuticular Ha6 OS=Mus musculus GN=Krt36 PE=1 SV=1 - [KRT36_MOUSE]"
Q61781,"Keratin, type I cytoskeletal 14 OS=Mus musculus GN=Krt14 PE=1 SV=2 - [K1C14_MOUSE]"
Q9Z331,"Keratin, type II cytoskeletal 6B OS=Mus musculus GN=Krt6b PE=1 SV=3 - [K2C6B_MOUSE]"
Q9DCV7,"Keratin, type II cytoskeletal 7 OS=Mus musculus GN=Krt7 PE=1 SV=1 - [K2C7_MOUSE]"
Q60749,"KH domain-containing, RNA-binding, signal transduction-associated protein 1 OS=Mus musculus GN=Khdrbs1 PE=1 SV=2 - [KHDR1_MOUSE]"
Q61595,Kinectin OS=Mus musculus GN=Ktn1 PE=2 SV=1 - [KTN1_MOUSE]
Q8CD76,Kinesin light chain 1 OS=Mus musculus GN=Klc1 PE=1 SV=1 - [Q8CD76_MOUSE]
P28740,Kinesin-like protein KIF2A OS=Mus musculus GN=Kif2a PE=1 SV=2 - [KIF2A_MOUSE]
O35066,Kinesin-like protein KIF3C OS=Mus musculus GN=Kif3c PE=1 SV=3 - [KIF3C_MOUSE]
Q6TA13,Kinesin-like protein OS=Mus musculus GN=Kif1a PE=2 SV=1 - [Q6TA13_MOUSE]
E9Q0J5,Kinesin-like protein OS=Mus musculus GN=Kif21a PE=1 SV=2 - [E9Q0J5_MOUSE]
E9PX57,Kinesin-like protein OS=Mus musculus GN=Kif6 PE=3 SV=1 - [E9PX57_MOUSE]
Q6P9J5,KN motif and ankyrin repeat domain-containing protein 4 OS=Mus musculus GN=Kank4 PE=2 SV=1 - [KANK4_MOUSE]
Q60980,Krueppel-like factor 3 OS=Mus musculus GN=Klf3 PE=1 SV=1 - [KLF3_MOUSE]
Q9JJ57,Kv channel-interacting protein 1 OS=Mus musculus GN=Kcnip1 PE=2 SV=2 - [KCIP1_MOUSE]
Q66VB7,Lacrein OS=Mus musculus GN=Gm1553 PE=2 SV=1 - [Q66VB7_MOUSE]
Q60675,Laminin subunit alpha-2 OS=Mus musculus GN=Lama2 PE=1 SV=2 - [LAMA2_MOUSE]
E9Q339,Laminin subunit beta-1 (Fragment) OS=Mus musculus GN=Lamb1 PE=4 SV=1 - [E9Q339_MOUSE]
Q8CD19,LanC-like protein 3 OS=Mus musculus GN=Lancl3 PE=2 SV=2 - [LANC3_MOUSE]
Q3UF95,Large proline-rich protein BAG6 OS=Mus musculus GN=Bag6 PE=2 SV=1 - [Q3UF95_MOUSE]
E9QNQ3,Latent-transforming growth factor beta-binding protein 2 OS=Mus musculus GN=Ltbp2 PE=4 SV=1 - [E9QNQ3_MOUSE]
Q9JI60,Lecithin retinol acyltransferase OS=Mus musculus GN=Lrat PE=1 SV=1 - [LRAT_MOUSE]
O89017,Legumain OS=Mus musculus GN=Lgmn PE=1 SV=1 - [LGMN_MOUSE]
F8VPR1,Leiomodin-1 OS=Mus musculus GN=Lmod1 PE=4 SV=1 - [F8VPR1_MOUSE]
Q3TJ91,Lethal(2) giant larvae protein homolog 2 OS=Mus musculus GN=Llgl2 PE=1 SV=2 - [L2GL2_MOUSE]
A2RTH5,Leucine carboxyl methyltransferase 1 OS=Mus musculus GN=Lcmt1 PE=2 SV=1 - [A2RTH5_MOUSE]
Q8R4U7,Leucine zipper protein 1 OS=Mus musculus GN=Luzp1 PE=1 SV=2 - [LUZP1_MOUSE]
Q8BGY3,Leucine zipper protein 2 OS=Mus musculus GN=Luzp2 PE=2 SV=1 - [LUZP2_MOUSE]
Q8BLY3,Leucine-rich repeat and fibronectin type-III domain-containing protein 3 OS=Mus musculus GN=Lrfn3 PE=1 SV=1 - [LRFN3_MOUSE]
A9DA50,Leucine-rich repeat and immunoglobulin-like domain-containing nogo receptor-interacting protein 1 OS=Mus musculus GN=Lingo1 PE=2 SV=1 - [A9DA50_MOUSE]
A6H6A4,Leucine-rich repeat and IQ domain-containing protein 4 OS=Mus musculus GN=Lrriq4 PE=2 SV=1 - [LRIQ4_MOUSE]
Q8BUI3,Leucine-rich repeat and WD repeat-containing protein 1 OS=Mus musculus GN=LRWD1 PE=2 SV=1 - [LRWD1_MOUSE]
A0A087WSF5,Leucine-rich repeat flightless-interacting protein 1 (Fragment) OS=Mus musculus GN=Lrrfip1 PE=1 SV=1 - [A0A087WSF5_MOUSE]
Q8K4Z0,Leucine-rich repeat LGI family member 2 OS=Mus musculus GN=Lgi2 PE=2 SV=1 - [LGI2_MOUSE]
O88520,Leucine-rich repeat protein SHOC-2 OS=Mus musculus GN=Shoc2 PE=2 SV=2 - [SHOC2_MOUSE]
Q5S006,Leucine-rich repeat serine/threonine-protein kinase 2 OS=Mus musculus GN=Lrrk2 PE=1 SV=2 - [LRRK2_MOUSE]
Q3UVD5,Leucine-rich repeat-containing G-protein coupled receptor 6 OS=Mus musculus GN=Lgr6 PE=2 SV=1 - [LGR6_MOUSE]
Q3UJB3,Leucine-rich repeat-containing protein 14B OS=Mus musculus GN=Lrrc14b PE=2 SV=1 - [LR14B_MOUSE]
Q8K1C9,Leucine-rich repeat-containing protein 41 OS=Mus musculus GN=Lrrc41 PE=1 SV=3 - [LRC41_MOUSE]
E9Q8C9,Leucine-rich repeat-containing protein 49 OS=Mus musculus GN=Lrrc49 PE=4 SV=1 - [E9Q8C9_MOUSE]
Q8K375,Leucine-rich repeat-containing protein 56 OS=Mus musculus GN=Lrrc56 PE=2 SV=1 - [LRC56_MOUSE]
G3X8V0,Leucine-rich repeat-containing protein 63 OS=Mus musculus GN=Lrrc63 PE=4 SV=1 - [G3X8V0_MOUSE]
Q80TE7,Leucine-rich repeat-containing protein 7 OS=Mus musculus GN=Lrrc7 PE=1 SV=2 - [LRRC7_MOUSE]
Q8BMJ2,"Leucine--tRNA ligase, cytoplasmic OS=Mus musculus GN=Lars PE=1 SV=2 - [SYLC_MOUSE]"
Q5SV42,Leukocyte elastase inhibitor C OS=Mus musculus GN=Serpinb1c PE=2 SV=1 - [ILEUC_MOUSE]
Q9DB98,Leukocyte receptor cluster member 1 homolog OS=Mus musculus GN=Leng1 PE=2 SV=1 - [LENG1_MOUSE]
P24527,Leukotriene A-4 hydrolase OS=Mus musculus GN=Lta4h PE=1 SV=4 - [LKHA4_MOUSE]
Q7TPB0,Lipid phosphate phosphatase-related protein type 3 OS=Mus musculus GN=Lppr3 PE=2 SV=1 - [LPPR3_MOUSE]
Q8BFW7,Lipoma-preferred partner homolog OS=Mus musculus GN=Lpp PE=1 SV=1 - [LPP_MOUSE]
E9Q3Y4,Lipopolysaccharide-responsive and beige-like anchor protein OS=Mus musculus GN=Lrba PE=1 SV=1 - [E9Q3Y4_MOUSE]
C8YR32,Lipoxygenase homology domain-containing protein 1 OS=Mus musculus GN=Loxhd1 PE=2 SV=1 - [LOXH1_MOUSE]
Q99M04,"Lipoyl synthase, mitochondrial OS=Mus musculus GN=Lias PE=2 SV=1 - [LIAS_MOUSE]"
B8QI35,Liprin-alpha 3 OS=Mus musculus GN=Ppfia3 PE=2 SV=1 - [B8QI35_MOUSE]
B8QI36,Liprin-alpha 4 OS=Mus musculus GN=Ppfia4 PE=2 SV=1 - [B8QI36_MOUSE]
P60469,Liprin-alpha-3 OS=Mus musculus GN=Ppfia3 PE=1 SV=1 - [LIPA3_MOUSE]
E9Q286,Little elongation complex subunit 1 OS=Mus musculus GN=Ice1 PE=2 SV=1 - [ICE1_MOUSE]
Q9DBN5,"Lon protease homolog 2, peroxisomal OS=Mus musculus GN=Lonp2 PE=2 SV=1 - [LONP2_MOUSE]"
Q8CGK3,"Lon protease homolog, mitochondrial OS=Mus musculus GN=Lonp1 PE=1 SV=2 - [LONM_MOUSE]"
Q2XU92,Long-chain-fatty-acid--CoA ligase ACSBG2 OS=Mus musculus GN=Acsbg2 PE=1 SV=1 - [ACBG2_MOUSE]
G5E8E5,LRP2-binding protein OS=Mus musculus GN=Lrp2bp PE=4 SV=1 - [G5E8E5_MOUSE]
Q8K3F7,"L-threonine 3-dehydrogenase, mitochondrial OS=Mus musculus GN=Tdh PE=2 SV=1 - [TDH_MOUSE]"
Q6XPS7,L-threonine aldolase OS=Mus musculus GN=Tha1 PE=2 SV=1 - [Q6XPS7_MOUSE]
Q8BVP6,Ly6/PLAUR domain-containing protein 4 OS=Mus musculus GN=Lypd4 PE=2 SV=1 - [LYPD4_MOUSE]
Q8K1T5,Lymphocyte antigen 6 complex locus protein G5c OS=Mus musculus GN=Ly6g5c PE=1 SV=1 - [LY65C_MOUSE]
Q8K356,"Lymphocyte antigen 6 complex, locus H OS=Mus musculus GN=Ly6h PE=2 SV=1 - [Q8K356_MOUSE]"
Q8K215,LYR motif-containing protein 4 OS=Mus musculus GN=Lyrm4 PE=1 SV=1 - [LYRM4_MOUSE]
Q3UN90,LYR motif-containing protein 9 OS=Mus musculus GN=Lyrm9 PE=3 SV=1 - [LYRM9_MOUSE]
Q8VCD7,Lysine-specific demethylase 4C OS=Mus musculus GN=Kdm4c PE=1 SV=1 - [KDM4C_MOUSE]
Q3UXZ9,Lysine-specific demethylase 5A OS=Mus musculus GN=Kdm5a PE=1 SV=2 - [KDM5A_MOUSE]
Q8R2P8,Lysine--tRNA ligase OS=Mus musculus GN=Kars PE=2 SV=1 - [Q8R2P8_MOUSE]
G3X915,LysM and putative peptidoglycan-binding domain-containing protein 2 OS=Mus musculus GN=Lysmd2 PE=4 SV=1 - [G3X915_MOUSE]
Q8BP40,Lysophosphatidic acid phosphatase type 6 OS=Mus musculus GN=Acp6 PE=2 SV=1 - [PPA6_MOUSE]
P70699,Lysosomal alpha-glucosidase OS=Mus musculus GN=Gaa PE=1 SV=2 - [LYAG_MOUSE]
O09159,Lysosomal alpha-mannosidase OS=Mus musculus GN=Man2b1 PE=2 SV=4 - [MA2B1_MOUSE]
P34884,Macrophage migration inhibitory factor OS=Mus musculus GN=Mif PE=1 SV=2 - [MIF_MOUSE]
P24452,Macrophage-capping protein OS=Mus musculus GN=Capg PE=1 SV=2 - [CAPG_MOUSE]
Q6T340,MAGEA3 OS=Mus musculus GN=Magea3 PE=2 SV=1 - [Q6T340_MOUSE]
Q9WV34,MAGUK p55 subfamily member 2 OS=Mus musculus GN=Mpp2 PE=1 SV=1 - [MPP2_MOUSE]
Q6XE40,MAGUK p55 subfamily member 3 OS=Mus musculus GN=Mpp3 PE=2 SV=1 - [Q6XE40_MOUSE]
E9Q3X0,Major vault protein OS=Mus musculus GN=Mvp PE=4 SV=1 - [E9Q3X0_MOUSE]
Q8R3F5,"Malonyl-CoA-acyl carrier protein transacylase, mitochondrial OS=Mus musculus GN=Mcat PE=1 SV=3 - [FABD_MOUSE]"
Q8BTZ7,Mannose-1-phosphate guanyltransferase beta OS=Mus musculus GN=Gmppb PE=2 SV=1 - [GMPPB_MOUSE]
A2AG50,MAP7 domain-containing protein 2 OS=Mus musculus GN=Map7d2 PE=1 SV=1 - [MA7D2_MOUSE]
Q9WVS4,MAPK/MAK/MRK overlapping kinase OS=Mus musculus GN=Mok PE=1 SV=1 - [MOK_MOUSE]
P28667,MARCKS-related protein OS=Mus musculus GN=Marcksl1 PE=1 SV=2 - [MRP_MOUSE]
Q3UG50,Mas-related G-protein coupled receptor member X2 OS=Mus musculus GN=Mrgprx2 PE=2 SV=2 - [MRGX2_MOUSE]
P15089,Mast cell carboxypeptidase A OS=Mus musculus GN=Cpa3 PE=2 SV=1 - [CBPA3_MOUSE]
Q6T264,Mastermind-like protein 1 OS=Mus musculus GN=Maml1 PE=1 SV=2 - [MAML1_MOUSE]
O08746,Matrilin-2 OS=Mus musculus GN=Matn2 PE=2 SV=2 - [MATN2_MOUSE]
Q9R0S3,Matrix metalloproteinase-17 OS=Mus musculus GN=Mmp17 PE=1 SV=3 - [MMP17_MOUSE]
G5E902,"MCG10343, isoform CRA_b OS=Mus musculus GN=Slc25a3 PE=3 SV=1 - [G5E902_MOUSE]"
G5E8T1,"MCG10381, isoform CRA_c OS=Mus musculus GN=Ankle1 PE=4 SV=1 - [G5E8T1_MOUSE]"
E9PXW3,"MCG123425, isoform CRA_b OS=Mus musculus GN=Ttc14 PE=4 SV=2 - [E9PXW3_MOUSE]"
Q9Z1R9,MCG124046 OS=Mus musculus GN=Prss1 PE=2 SV=1 - [Q9Z1R9_MOUSE]
G3UW81,MCG125472 OS=Mus musculus GN=Cyp4f40 PE=3 SV=1 - [G3UW81_MOUSE]
D3Z3A0,"MCG126099, isoform CRA_b OS=Mus musculus GN=Ppp1r2 PE=4 SV=1 - [D3Z3A0_MOUSE]"
A2AJ72,MCG130458 OS=Mus musculus GN=Fubp3 PE=4 SV=1 - [A2AJ72_MOUSE]
Q8BJL9,MCG131372 OS=Mus musculus GN=Ugt2b35 PE=2 SV=1 - [Q8BJL9_MOUSE]
Q8R272,MCG142230 OS=Mus musculus GN=Vmn1r220 PE=4 SV=1 - [Q8R272_MOUSE]
G5E895,"MCG142264, isoform CRA_b OS=Mus musculus GN=Akr1b10 PE=4 SV=1 - [G5E895_MOUSE]"
Q8R273,MCG142317 OS=Mus musculus GN=Vmn1r203 PE=4 SV=1 - [Q8R273_MOUSE]
Q8CAG4,MCG147194 OS=Mus musculus GN=A230065N10Rik PE=2 SV=1 - [Q8CAG4_MOUSE]
Q3UWE6,"MCG14935, isoform CRA_a OS=Mus musculus GN=Wdr20 PE=2 SV=1 - [Q3UWE6_MOUSE]"
G3UVV3,"MCG1556, isoform CRA_b OS=Mus musculus GN=Zfp407 PE=4 SV=1 - [G3UVV3_MOUSE]"
Q3ULQ2,MCG20568 OS=Mus musculus GN=Pin1rt1 PE=2 SV=1 - [Q3ULQ2_MOUSE]
Q3TMX0,"MCG4375, isoform CRA_b OS=Mus musculus GN=Sdcbp PE=2 SV=1 - [Q3TMX0_MOUSE]"
Q9D1H1,MCG4778 OS=Mus musculus GN=Muc16 PE=1 SV=1 - [Q9D1H1_MOUSE]
I3ITR1,MCG50313 OS=Mus musculus GN=AK157302 PE=4 SV=1 - [I3ITR1_MOUSE]
D3Z0W3,MCG56563 OS=Mus musculus GN=Zfp648 PE=4 SV=1 - [D3Z0W3_MOUSE]
Q8BJS8,Mdm2-binding protein OS=Mus musculus GN=Mtbp PE=1 SV=1 - [MTBP_MOUSE]
Q5PSV9,Mediator of DNA damage checkpoint protein 1 OS=Mus musculus GN=Mdc1 PE=1 SV=1 - [MDC1_MOUSE]
Q925J9,Mediator of RNA polymerase II transcription subunit 1 OS=Mus musculus GN=Med1 PE=1 SV=2 - [MED1_MOUSE]
A2ABV5,Mediator of RNA polymerase II transcription subunit 14 OS=Mus musculus GN=Med14 PE=1 SV=1 - [MED14_MOUSE]
Q9CQI9,Mediator of RNA polymerase II transcription subunit 30 OS=Mus musculus GN=Med30 PE=1 SV=1 - [MED30_MOUSE]
Q9CWV4,Melanoma-associated antigen B16 OS=Mus musculus GN=Mageb16 PE=2 SV=1 - [MAGBG_MOUSE]
A2A9G7,Membrane protein FAM159A OS=Mus musculus GN=Fam159a PE=3 SV=1 - [F159A_MOUSE]
E9QP87,Membrane protein MLC1 OS=Mus musculus GN=Mlc1 PE=4 SV=1 - [E9QP87_MOUSE]
Q6ZPQ6,Membrane-associated phosphatidylinositol transfer protein 2 OS=Mus musculus GN=Pitpnm2 PE=1 SV=2 - [PITM2_MOUSE]
Q3UHE1,Membrane-associated phosphatidylinositol transfer protein 3 OS=Mus musculus GN=Pitpnm3 PE=2 SV=2 - [PITM3_MOUSE]
Q68EF4,Metabotropic glutamate receptor 4 OS=Mus musculus GN=Grm4 PE=2 SV=2 - [GRM4_MOUSE]
Q3UVX5,Metabotropic glutamate receptor 5 OS=Mus musculus GN=Grm5 PE=1 SV=2 - [GRM5_MOUSE]
Q5NCH9,Metabotropic glutamate receptor 6 OS=Mus musculus GN=Grm6 PE=1 SV=1 - [GRM6_MOUSE]
Q68ED2,Metabotropic glutamate receptor 7 OS=Mus musculus GN=Grm7 PE=2 SV=1 - [GRM7_MOUSE]
Q9CPW9,"Methionine aminopeptidase 1D, mitochondrial OS=Mus musculus GN=Metap1d PE=2 SV=1 - [MAP12_MOUSE]"
Q78J03,"Methionine-R-sulfoxide reductase B2, mitochondrial OS=Mus musculus GN=Msrb2 PE=1 SV=1 - [MSRB2_MOUSE]"
Q8BU85,"Methionine-R-sulfoxide reductase B3, mitochondrial OS=Mus musculus GN=Msrb3 PE=1 SV=2 - [MSRB3_MOUSE]"
E9QB02,"Methionine--tRNA ligase, cytoplasmic OS=Mus musculus GN=Mars PE=3 SV=1 - [E9QB02_MOUSE]"
Q3TY92,Methyl-CpG-binding domain protein 6 OS=Mus musculus GN=Mbd6 PE=2 SV=2 - [MBD6_MOUSE]
Q8C7H1,"Methylmalonic aciduria type A homolog, mitochondrial OS=Mus musculus GN=Mmaa PE=2 SV=1 - [MMAA_MOUSE]"
Q9D1I5,"Methylmalonyl-CoA epimerase, mitochondrial OS=Mus musculus GN=Mcee PE=1 SV=1 - [MCEE_MOUSE]"
Q8BMK1,Methyltransferase-like protein 2 OS=Mus musculus GN=Mettl2 PE=2 SV=2 - [METL2_MOUSE]
E9PVY8,Microtubule-actin cross-linking factor 1 OS=Mus musculus GN=Macf1 PE=1 SV=2 - [E9PVY8_MOUSE]
Q8C052,Microtubule-associated protein 1S OS=Mus musculus GN=Map1s PE=1 SV=2 - [MAP1S_MOUSE]
D3YYK8,Microtubule-associated protein RP/EB family member 2 (Fragment) OS=Mus musculus GN=Mapre2 PE=1 SV=1 - [D3YYK8_MOUSE]
Q9CQV6,Microtubule-associated proteins 1A/1B light chain 3B OS=Mus musculus GN=Map1lc3b PE=1 SV=3 - [MLP3B_MOUSE]
Q9CQ20,Mid1-interacting protein 1 OS=Mus musculus GN=Mid1ip1 PE=1 SV=1 - [M1IP1_MOUSE]
A2A7Y5,Migration and invasion-inhibitory protein OS=Mus musculus GN=Miip PE=2 SV=1 - [MIIP_MOUSE]
Q59J78,"Mimitin, mitochondrial OS=Mus musculus GN=Ndufaf2 PE=2 SV=1 - [MIMIT_MOUSE]"
Q9DCL2,MIP18 family protein FAM96A OS=Mus musculus GN=Fam96a PE=2 SV=1 - [FA96A_MOUSE]
Q9JM52,Misshapen-like kinase 1 OS=Mus musculus GN=Mink1 PE=1 SV=3 - [MINK1_MOUSE]
Q0P557,Mitochondria-eating protein OS=Mus musculus GN=Spata18 PE=2 SV=2 - [MIEAP_MOUSE]
Q791T5,Mitochondrial carrier homolog 1 OS=Mus musculus GN=Mtch1 PE=2 SV=1 - [MTCH1_MOUSE]
Q9QZD8,Mitochondrial dicarboxylate carrier OS=Mus musculus GN=Slc25a10 PE=1 SV=2 - [DIC_MOUSE]
O35857,Mitochondrial import inner membrane translocase subunit TIM44 OS=Mus musculus GN=Timm44 PE=1 SV=2 - [TIM44_MOUSE]
Q8BGA9,Mitochondrial inner membrane protein OXA1L OS=Mus musculus GN=Oxa1l PE=2 SV=1 - [OXA1L_MOUSE]
Q8VEA4,Mitochondrial intermembrane space import and assembly protein 40 OS=Mus musculus GN=Chchd4 PE=1 SV=1 - [MIA40_MOUSE]
Q9WTU6,Mitogen-activated protein kinase 9 OS=Mus musculus GN=Mapk9 PE=1 SV=2 - [MK09_MOUSE]
Q80XI6,Mitogen-activated protein kinase kinase kinase 11 OS=Mus musculus GN=Map3k11 PE=1 SV=1 - [M3K11_MOUSE]
Q1HKZ5,Mitogen-activated protein kinase kinase kinase 13 OS=Mus musculus GN=Map3k13 PE=2 SV=1 - [M3K13_MOUSE]
O08648,Mitogen-activated protein kinase kinase kinase 4 OS=Mus musculus GN=Map3k4 PE=1 SV=2 - [M3K4_MOUSE]
E9QN59,Mitogen-activated protein kinase OS=Mus musculus GN=Mapk10 PE=4 SV=1 - [E9QN59_MOUSE]
Q9D187,Mitotic spindle-associated MMXD complex subunit MIP18 OS=Mus musculus GN=Fam96b PE=2 SV=1 - [MIP18_MOUSE]
Q9Z224,Molybdopterin synthase sulfur carrier subunit OS=Mus musculus GN=Mocs2 PE=2 SV=1 - [MOC2A_MOUSE]
O70324,Monocarboxylate transporter 8 OS=Mus musculus GN=Slc16a2 PE=2 SV=2 - [MOT8_MOUSE]
Q8BMD7,MORC family CW-type zinc finger protein 4 OS=Mus musculus GN=Morc4 PE=2 SV=2 - [MORC4_MOUSE]
P70340,Mothers against decapentaplegic homolog 1 OS=Mus musculus GN=Smad1 PE=1 SV=2 - [SMAD1_MOUSE]
O35182,Mothers against decapentaplegic homolog 6 OS=Mus musculus GN=Smad6 PE=1 SV=1 - [SMAD6_MOUSE]
Q62504,Msx2-interacting protein OS=Mus musculus GN=Spen PE=1 SV=2 - [MINT_MOUSE]
Q6P9S0,MTSS1-like protein OS=Mus musculus GN=Mtss1l PE=1 SV=1 - [MTSSL_MOUSE]
Q0VAV1,Muc6 protein OS=Mus musculus GN=Muc6 PE=2 SV=1 - [Q0VAV1_MOUSE]
E9Q7Q0,Mucin-4 OS=Mus musculus GN=Muc4 PE=4 SV=1 - [E9Q7Q0_MOUSE]
Q9R1S7,Multidrug resistance-associated protein 6 OS=Mus musculus GN=Abcc6 PE=1 SV=3 - [MRP6_MOUSE]
Q8C854,Myelin expression factor 2 OS=Mus musculus GN=Myef2 PE=1 SV=1 - [MYEF2_MOUSE]
P24526,Myelin P2 protein OS=Mus musculus GN=Pmp2 PE=2 SV=2 - [MYP2_MOUSE]
Q9D2P8,Myelin-associated oligodendrocyte basic protein OS=Mus musculus GN=Mobp PE=1 SV=1 - [MOBP_MOUSE]
S4R1L6,"Myeloid zinc finger 1, isoform CRA_d OS=Mus musculus GN=Mzf1 PE=4 SV=1 - [S4R1L6_MOUSE]"
P70331,MyoD family inhibitor OS=Mus musculus GN=Mdfi PE=1 SV=1 - [MDFI_MOUSE]
Q69ZN7,Myoferlin OS=Mus musculus GN=Myof PE=1 SV=2 - [MYOF_MOUSE]
Q8CI43,Myosin light chain 6B OS=Mus musculus GN=Myl6b PE=2 SV=1 - [MYL6B_MOUSE]
B1B1A8,"Myosin light chain kinase, smooth muscle OS=Mus musculus GN=Mylk PE=2 SV=1 - [B1B1A8_MOUSE]"
D3YUI7,"Myosin regulatory light chain 2, ventricular/cardiac muscle isoform (Fragment) OS=Mus musculus GN=Myl2 PE=4 SV=1 - [D3YUI7_MOUSE]"
Q5SX39,Myosin-4 OS=Mus musculus GN=Myh4 PE=1 SV=1 - [MYH4_MOUSE]
Q9Z2C5,Myotubularin OS=Mus musculus GN=Mtm1 PE=1 SV=2 - [MTM1_MOUSE]
I7HJQ9,Myotubularin-related protein 1 OS=Mus musculus GN=Mtmr1 PE=4 SV=1 - [I7HJQ9_MOUSE]
D3Z1C1,Myotubularin-related protein 14 (Fragment) OS=Mus musculus GN=Mtmr14 PE=4 SV=1 - [D3Z1C1_MOUSE]
Q9Z2D1,Myotubularin-related protein 2 OS=Mus musculus GN=Mtmr2 PE=1 SV=3 - [MTMR2_MOUSE]
Q8VE11,Myotubularin-related protein 6 OS=Mus musculus GN=Mtmr6 PE=1 SV=1 - [MTMR6_MOUSE]
P26645,Myristoylated alanine-rich C-kinase substrate OS=Mus musculus GN=Marcks PE=1 SV=2 - [MARCS_MOUSE]
Q9D997,N-acetyl-D-glucosamine kinase OS=Mus musculus GN=Nagk PE=2 SV=1 - [Q9D997_MOUSE]
Q68FH4,N-acetylgalactosamine kinase OS=Mus musculus GN=Galk2 PE=1 SV=1 - [GALK2_MOUSE]
Q8BFR4,N-acetylglucosamine-6-sulfatase OS=Mus musculus GN=Gns PE=2 SV=1 - [GNS_MOUSE]
Q99J77,N-acetylneuraminic acid synthase (Sialic acid synthase) OS=Mus musculus GN=Nans PE=2 SV=1 - [Q99J77_MOUSE]
Q66X05,"NACHT, LRR and PYD domains-containing protein 4F OS=Mus musculus GN=Nlrp4f PE=2 SV=1 - [NAL4F_MOUSE]"
Q99KK2,N-acylneuraminate cytidylyltransferase OS=Mus musculus GN=Cmas PE=1 SV=2 - [NEUA_MOUSE]
Q9JKL4,NADH dehydrogenase [ubiquinone] 1 alpha subcomplex assembly factor 3 OS=Mus musculus GN=Ndufaf3 PE=2 SV=1 - [NDUF3_MOUSE]
A2APY7,NADH dehydrogenase [ubiquinone] 1 alpha subcomplex assembly factor 5 OS=Mus musculus GN=Ndufaf5 PE=2 SV=1 - [NDUF5_MOUSE]
Q7TMF3,NADH dehydrogenase [ubiquinone] 1 alpha subcomplex subunit 12 OS=Mus musculus GN=Ndufa12 PE=2 SV=2 - [NDUAC_MOUSE]
Q9CQZ5,NADH dehydrogenase [ubiquinone] 1 alpha subcomplex subunit 6 OS=Mus musculus GN=Ndufa6 PE=1 SV=1 - [NDUA6_MOUSE]
Q9DCJ5,NADH dehydrogenase [ubiquinone] 1 alpha subcomplex subunit 8 OS=Mus musculus GN=Ndufa8 PE=1 SV=3 - [NDUA8_MOUSE]
Q9DC69,"NADH dehydrogenase [ubiquinone] 1 alpha subcomplex subunit 9, mitochondrial OS=Mus musculus GN=Ndufa9 PE=1 SV=2 - [NDUA9_MOUSE]"
Q9CQZ6,NADH dehydrogenase [ubiquinone] 1 beta subcomplex subunit 3 OS=Mus musculus GN=Ndufb3 PE=1 SV=1 - [NDUB3_MOUSE]
Q3UIU2,NADH dehydrogenase [ubiquinone] 1 beta subcomplex subunit 6 OS=Mus musculus GN=Ndufb6 PE=1 SV=3 - [NDUB6_MOUSE]
Q99LY9,NADH dehydrogenase [ubiquinone] iron-sulfur protein 5 OS=Mus musculus GN=Ndufs5 PE=1 SV=3 - [NDUS5_MOUSE]
Q61578,"NADPH:adrenodoxin oxidoreductase, mitochondrial OS=Mus musculus GN=Fdxr PE=2 SV=1 - [ADRO_MOUSE]"
P70670,"Nascent polypeptide-associated complex subunit alpha, muscle-specific form OS=Mus musculus GN=Naca PE=1 SV=2 - [NACAM_MOUSE]"
Q6GQX2,Nck-associated protein 5-like OS=Mus musculus GN=Nckap5l PE=2 SV=1 - [NCK5L_MOUSE]
Q9ESJ4,NCK-interacting protein with SH3 domain OS=Mus musculus GN=Nckipsd PE=2 SV=2 - [SPN90_MOUSE]
E9Q641,Nebulin-related-anchoring protein OS=Mus musculus GN=Nrap PE=4 SV=1 - [E9Q641_MOUSE]
Q9JKF6,Nectin-1 OS=Mus musculus GN=Pvrl1 PE=1 SV=3 - [PVRL1_MOUSE]
Q8BZZ3,NEDD4-like E3 ubiquitin-protein ligase WWP1 OS=Mus musculus GN=Wwp1 PE=1 SV=2 - [WWP1_MOUSE]
Q3TL72,NEDD8-activating enzyme E1 catalytic subunit OS=Mus musculus GN=Uba3 PE=2 SV=1 - [Q3TL72_MOUSE]
P61082,NEDD8-conjugating enzyme Ubc12 OS=Mus musculus GN=Ube2m PE=2 SV=1 - [UBC12_MOUSE]
Q8BG30,Negative elongation factor A OS=Mus musculus GN=Nelfa PE=2 SV=1 - [NELFA_MOUSE]
Q922L6,Negative elongation factor D OS=Mus musculus GN=Nelfcd PE=2 SV=2 - [NELFD_MOUSE]
Q7TNH6,Nephrocystin-3 OS=Mus musculus GN=Nphp3 PE=1 SV=2 - [NPHP3_MOUSE]
Q6ZWR6,Nesprin-1 OS=Mus musculus GN=Syne1 PE=1 SV=2 - [SYNE1_MOUSE]
O35136,Neural cell adhesion molecule 2 OS=Mus musculus GN=Ncam2 PE=2 SV=1 - [NCAM2_MOUSE]
P70232,Neural cell adhesion molecule L1-like protein OS=Mus musculus GN=Chl1 PE=1 SV=2 - [NCHL1_MOUSE]
Q91YD9,Neural Wiskott-Aldrich syndrome protein OS=Mus musculus GN=Wasl PE=1 SV=1 - [WASL_MOUSE]
H3BK72,Neuralized-like protein 4 OS=Mus musculus GN=Neurl4 PE=4 SV=1 - [H3BK72_MOUSE]
Q9CS84,Neurexin-1 OS=Mus musculus GN=Nrxn1 PE=1 SV=3 - [NRX1A_MOUSE]
Q6P9K9,Neurexin-3 OS=Mus musculus GN=Nrxn3 PE=1 SV=2 - [NRX3A_MOUSE]
Q9EPN1,Neurobeachin OS=Mus musculus GN=Nbea PE=2 SV=1 - [NBEA_MOUSE]
P55066,Neurocan core protein OS=Mus musculus GN=Ncan PE=2 SV=1 - [NCAN_MOUSE]
P63239,Neuroendocrine convertase 1 OS=Mus musculus GN=Pcsk1 PE=1 SV=1 - [NEC1_MOUSE]
Q04690,Neurofibromin OS=Mus musculus GN=Nf1 PE=1 SV=1 - [NF1_MOUSE]
O35516,Neurogenic locus notch homolog protein 2 OS=Mus musculus GN=Notch2 PE=1 SV=1 - [NOTC2_MOUSE]
Q6GTH9,Neurogenin 2 OS=Mus musculus GN=Neurog2 PE=2 SV=1 - [Q6GTH9_MOUSE]
Q9ER97,Neuroglobin OS=Mus musculus GN=Ngb PE=1 SV=1 - [NGB_MOUSE]
Q8BYM5,Neuroligin-3 OS=Mus musculus GN=Nlgn3 PE=1 SV=2 - [NLGN3_MOUSE]
Q8BNY6,Neuronal calcium sensor 1 OS=Mus musculus GN=Ncs1 PE=2 SV=3 - [NCS1_MOUSE]
P05480,Neuronal proto-oncogene tyrosine-protein kinase Src OS=Mus musculus GN=Src PE=1 SV=4 - [SRC_MOUSE]
O35375,Neuropilin-2 OS=Mus musculus GN=Nrp2 PE=2 SV=2 - [NRP2_MOUSE]
P97300,Neuroplastin OS=Mus musculus GN=Nptn PE=1 SV=3 - [NPTN_MOUSE]
Q7TPW1,Nexilin OS=Mus musculus GN=Nexn PE=2 SV=3 - [NEXN_MOUSE]
Q9CR56,NF-kappa-B inhibitor-interacting Ras-like protein 2 OS=Mus musculus GN=Nkiras2 PE=2 SV=1 - [KBRS2_MOUSE]
E9Q0V6,NHS-like protein 2 OS=Mus musculus GN=Nhsl2 PE=4 SV=1 - [E9Q0V6_MOUSE]
D3YU17,Nicalin OS=Mus musculus GN=Ncln PE=3 SV=1 - [D3YU17_MOUSE]
Q8VDK1,Nitrilase homolog 1 OS=Mus musculus GN=Nit1 PE=2 SV=2 - [NIT1_MOUSE]
Q8VIJ8,Nitrogen permease regulator 3-like protein OS=Mus musculus GN=Nprl3 PE=2 SV=1 - [NPRL3_MOUSE]
P30415,NK-tumor recognition protein OS=Mus musculus GN=Nktr PE=1 SV=4 - [NKTR_MOUSE]
Q9CWY3,N-lysine methyltransferase SETD6 OS=Mus musculus GN=Setd6 PE=1 SV=1 - [SETD6_MOUSE]
Q8R5A0,N-lysine methyltransferase SMYD2 OS=Mus musculus GN=Smyd2 PE=1 SV=1 - [SMYD2_MOUSE]
D3YU12,NmrA-like family domain-containing protein 1 OS=Mus musculus GN=Nmral1 PE=4 SV=1 - [D3YU12_MOUSE]
F6W687,Non-histone chromosomal protein HMG-17 (Fragment) OS=Mus musculus GN=Hmgn2 PE=1 SV=1 - [F6W687_MOUSE]
Q6WKZ7,Nostrin OS=Mus musculus GN=Nostrin PE=1 SV=2 - [NOSTN_MOUSE]
Q8BG18,N-terminal EF-hand calcium-binding protein 1 OS=Mus musculus GN=Necab1 PE=1 SV=1 - [NECA1_MOUSE]
Q9ERR1,Nuclear distribution protein nudE-like 1 OS=Mus musculus GN=Ndel1 PE=1 SV=2 - [NDEL1_MOUSE]
Q8R480,Nuclear pore complex protein Nup85 OS=Mus musculus GN=Nup85 PE=1 SV=1 - [NUP85_MOUSE]
E9PW14,Nuclear protein MDM1 OS=Mus musculus GN=Mdm1 PE=4 SV=1 - [E9PW14_MOUSE]
B7ZC24,Nuclear receptor coactivator 5 OS=Mus musculus GN=Ncoa5 PE=4 SV=1 - [B7ZC24_MOUSE]
D3Z2J5,Nuclear receptor corepressor 2 (Fragment) OS=Mus musculus GN=Ncor2 PE=4 SV=1 - [D3Z2J5_MOUSE]
P49117,Nuclear receptor subfamily 2 group C member 2 OS=Mus musculus GN=Nr2c2 PE=1 SV=1 - [NR2C2_MOUSE]
P45448,Nuclear receptor subfamily 5 group A member 2 OS=Mus musculus GN=Nr5a2 PE=1 SV=3 - [NR5A2_MOUSE]
E9QAD1,Nuclear receptor-interacting protein 2 (Fragment) OS=Mus musculus GN=Nrip2 PE=4 SV=1 - [E9QAD1_MOUSE]
P61971,Nuclear transport factor 2 OS=Mus musculus GN=Nutf2 PE=2 SV=1 - [NTF2_MOUSE]
P62960,Nuclease-sensitive element-binding protein 1 OS=Mus musculus GN=Ybx1 PE=1 SV=3 - [YBOX1_MOUSE]
P81117,Nucleobindin-2 OS=Mus musculus GN=Nucb2 PE=1 SV=2 - [NUCB2_MOUSE]
Q571H0,Nucleolar pre-ribosomal-associated protein 1 OS=Mus musculus GN=Urb1 PE=2 SV=2 - [NPA1P_MOUSE]
Q5RJG1,Nucleolar protein 10 OS=Mus musculus GN=Nol10 PE=2 SV=1 - [NOL10_MOUSE]
A2AWT7,Nucleolar transcription factor 1 OS=Mus musculus GN=Ubtf PE=4 SV=1 - [A2AWT7_MOUSE]
P09405,Nucleolin OS=Mus musculus GN=Ncl PE=1 SV=2 - [NUCL_MOUSE]
Q5SQB0,Nucleophosmin OS=Mus musculus GN=Npm1 PE=1 SV=1 - [Q5SQB0_MOUSE]
Q8R4R6,Nucleoporin NUP53 OS=Mus musculus GN=Nup35 PE=1 SV=2 - [NUP53_MOUSE]
O88425,Nucleoside diphosphate kinase 6 OS=Mus musculus GN=Nme6 PE=2 SV=1 - [NDK6_MOUSE]
Q9CWD3,Nucleoside diphosphate-linked moiety X motif 17 OS=Mus musculus GN=Nudt17 PE=2 SV=1 - [NUD17_MOUSE]
Q9JJF0,Nucleosome assembly protein 1-like 5 OS=Mus musculus GN=Nap1l5 PE=2 SV=1 - [NP1L5_MOUSE]
Q922B1,O-acetyl-ADP-ribose deacetylase MACROD1 OS=Mus musculus GN=Macrod1 PE=1 SV=2 - [MACD1_MOUSE]
Q3UYG8,O-acetyl-ADP-ribose deacetylase MACROD2 OS=Mus musculus GN=Macrod2 PE=2 SV=1 - [MACD2_MOUSE]
A2AAJ9,Obscurin OS=Mus musculus GN=Obscn PE=2 SV=2 - [OBSCN_MOUSE]
C3S7Q5,Ojoplano variant A OS=Mus musculus GN=Ofcc1 PE=2 SV=1 - [C3S7Q5_MOUSE]
Q8VFK1,Olfactory receptor 1009 OS=Mus musculus GN=Olfr1009 PE=2 SV=1 - [O1009_MOUSE]
Q8VFK5,Olfactory receptor OS=Mus musculus GN=Olfr1033 PE=2 SV=1 - [Q8VFK5_MOUSE]
A2ARZ0,Olfactory receptor OS=Mus musculus GN=Olfr1049 PE=3 SV=1 - [A2ARZ0_MOUSE]
Q7TR38,Olfactory receptor OS=Mus musculus GN=Olfr152 PE=3 SV=1 - [Q7TR38_MOUSE]
Q8VEZ6,Olfactory receptor OS=Mus musculus GN=Olfr397 PE=2 SV=1 - [Q8VEZ6_MOUSE]
E9Q5F1,Olfactory receptor OS=Mus musculus GN=Olfr430 PE=3 SV=1 - [E9Q5F1_MOUSE]
E9Q544,Olfactory receptor OS=Mus musculus GN=Olfr550 PE=3 SV=1 - [E9Q544_MOUSE]
Q8VGY4,Olfactory receptor OS=Mus musculus GN=Olfr615 PE=3 SV=1 - [Q8VGY4_MOUSE]
Q8VGX3,Olfactory receptor OS=Mus musculus GN=Olfr686 PE=2 SV=1 - [Q8VGX3_MOUSE]
Q8VGX1,Olfactory receptor OS=Mus musculus GN=Olfr829 PE=3 SV=1 - [Q8VGX1_MOUSE]
Q8VFJ1,Olfactory receptor OS=Mus musculus GN=Olfr862 PE=2 SV=1 - [Q8VFJ1_MOUSE]
Q7TRF0,Olfactory receptor OS=Mus musculus GN=Olfr871 PE=2 SV=1 - [Q7TRF0_MOUSE]
Q9JKN5,Oligodendrocyte transcription factor 1 OS=Mus musculus GN=Olig1 PE=1 SV=2 - [OLIG1_MOUSE]
Q6P6M7,O-phosphoseryl-tRNA(Sec) selenium transferase OS=Mus musculus GN=Sepsecs PE=1 SV=2 - [SPCS_MOUSE]
A2AEG2,Oral-facial-digital syndrome 1 gene homolog (Human) OS=Mus musculus GN=Ofd1 PE=4 SV=1 - [A2AEG2_MOUSE]
A0A0A0MQF5,OTU domain-containing protein 6B OS=Mus musculus GN=Otud6b PE=4 SV=1 - [A0A0A0MQF5_MOUSE]
Q8R554,OTU domain-containing protein 7A OS=Mus musculus GN=Otud7a PE=2 SV=1 - [OTU7A_MOUSE]
Q62010,Oviduct-specific glycoprotein OS=Mus musculus GN=Ovgp1 PE=2 SV=1 - [OVGP1_MOUSE]
Q9D722,Oxidative stress-responsive serine-rich protein 1 OS=Mus musculus GN=Oser1 PE=2 SV=1 - [OSER1_MOUSE]
Q9CR10,Oxidoreductase-like domain-containing protein 1 OS=Mus musculus GN=Oxld1 PE=2 SV=1 - [OXLD1_MOUSE]
P36552,"Oxygen-dependent coproporphyrinogen-III oxidase, mitochondrial OS=Mus musculus GN=Cpox PE=1 SV=2 - [HEM6_MOUSE]"
Q8BX94,Oxysterol-binding protein-related protein 2 OS=Mus musculus GN=Osbpl2 PE=2 SV=1 - [OSBL2_MOUSE]
Q9CPV9,P2Y purinoceptor 12 OS=Mus musculus GN=P2ry12 PE=2 SV=1 - [P2Y12_MOUSE]
Q3UA06,Pachytene checkpoint protein 2 homolog OS=Mus musculus GN=Trip13 PE=2 SV=1 - [PCH2_MOUSE]
Q60520,Paired amphipathic helix protein Sin3a OS=Mus musculus GN=Sin3a PE=1 SV=3 - [SIN3A_MOUSE]
P47242,Paired box protein Pax-9 OS=Mus musculus GN=Pax9 PE=2 SV=1 - [PAX9_MOUSE]
O88531,Palmitoyl-protein thioesterase 1 OS=Mus musculus GN=Ppt1 PE=2 SV=2 - [PPT1_MOUSE]
Q8VDZ4,Palmitoyltransferase ZDHHC5 OS=Mus musculus GN=Zdhhc5 PE=1 SV=1 - [ZDHC5_MOUSE]
Q8R4K8,Pappalysin-1 OS=Mus musculus GN=Pappa PE=2 SV=2 - [PAPP1_MOUSE]
A0A087WPQ2,Parafibromin (Fragment) OS=Mus musculus GN=Cdc73 PE=4 SV=1 - [A0A087WPQ2_MOUSE]
A2TJV2,Paralemmin-3 OS=Mus musculus GN=Palm3 PE=2 SV=1 - [PALM3_MOUSE]
F6S7Z1,Partitioning defective 3 homolog (Fragment) OS=Mus musculus GN=Pard3 PE=1 SV=1 - [F6S7Z1_MOUSE]
Q8CHP5,Partner of Y14 and mago OS=Mus musculus GN=Wibg PE=2 SV=2 - [WIBG_MOUSE]
P70271,PDZ and LIM domain protein 4 OS=Mus musculus GN=Pdlim4 PE=1 SV=3 - [PDLI4_MOUSE]
Q8CI51,PDZ and LIM domain protein 5 OS=Mus musculus GN=Pdlim5 PE=1 SV=4 - [PDLI5_MOUSE]
Q3TJD7,PDZ and LIM domain protein 7 OS=Mus musculus GN=Pdlim7 PE=2 SV=1 - [PDLI7_MOUSE]
Q9Z0G0,PDZ domain-containing protein GIPC1 OS=Mus musculus GN=Gipc1 PE=1 SV=1 - [GIPC1_MOUSE]
Q9Z2H7,PDZ domain-containing protein GIPC2 OS=Mus musculus GN=Gipc2 PE=1 SV=1 - [GIPC2_MOUSE]
Q8R5M0,PDZ domain-containing protein GIPC3 OS=Mus musculus GN=Gipc3 PE=1 SV=1 - [GIPC3_MOUSE]
Q9QYC1,Pecanex-like protein 1 OS=Mus musculus GN=Pcnx PE=2 SV=3 - [PCX1_MOUSE]
Q8VI59,Pecanex-like protein 3 OS=Mus musculus GN=Pcnxl3 PE=1 SV=2 - [PCX3_MOUSE]
Q9CR16,Peptidyl-prolyl cis-trans isomerase D OS=Mus musculus GN=Ppid PE=1 SV=3 - [PPID_MOUSE]
Q62446,Peptidyl-prolyl cis-trans isomerase FKBP3 OS=Mus musculus GN=Fkbp3 PE=1 SV=2 - [FKBP3_MOUSE]
Q8CEC6,Peptidylprolyl isomerase domain and WD repeat-containing protein 1 OS=Mus musculus GN=Ppwd1 PE=2 SV=2 - [PPWD1_MOUSE]
Q8CGN5,Perilipin-1 OS=Mus musculus GN=Plin1 PE=1 SV=2 - [PLIN1_MOUSE]
O70589,Peripheral plasma membrane protein CASK OS=Mus musculus GN=Cask PE=1 SV=2 - [CSKP_MOUSE]
Q7TNF8,Peripheral-type benzodiazepine receptor-associated protein 1 OS=Mus musculus GN=Bzrap1 PE=2 SV=2 - [RIMB1_MOUSE]
Q8K2H1,Periphilin-1 OS=Mus musculus GN=Pphln1 PE=1 SV=1 - [PPHLN_MOUSE]
Q9DBM2,Peroxisomal bifunctional enzyme OS=Mus musculus GN=Ehhadh PE=1 SV=4 - [ECHP_MOUSE]
Q8C0L6,Peroxisomal N(1)-acetyl-spermine/spermidine oxidase OS=Mus musculus GN=Paox PE=1 SV=3 - [PAOX_MOUSE]
F8WI88,PEST proteolytic signal-containing nuclear protein OS=Mus musculus GN=Pcnp PE=1 SV=1 - [F8WI88_MOUSE]
Q6P1I6,PH and SEC7 domain-containing protein 2 OS=Mus musculus GN=Psd2 PE=2 SV=1 - [PSD2_MOUSE]
A6H619,PHD and RING finger domain-containing protein 1 OS=Mus musculus GN=Phrf1 PE=2 SV=2 - [PHRF1_MOUSE]
P83870,PHD finger-like domain-containing protein 5A OS=Mus musculus GN=Phf5a PE=1 SV=1 - [PHF5A_MOUSE]
Q9WUA2,Phenylalanine--tRNA ligase beta subunit OS=Mus musculus GN=Farsb PE=2 SV=2 - [SYFB_MOUSE]
Q0VBU9,Phosphatidate phosphatase PPAPDC1A OS=Mus musculus GN=Ppapdc1a PE=2 SV=1 - [PPC1A_MOUSE]
Q9D9G2,Phosphatidylethanolamine-binding protein 4 OS=Mus musculus GN=Pebp4 PE=2 SV=1 - [PEBP4_MOUSE]
O08586,"Phosphatidylinositol 3,4,5-trisphosphate 3-phosphatase and dual-specificity protein phosphatase PTEN OS=Mus musculus GN=Pten PE=1 SV=1 - [PTEN_MOUSE]"
P26450,Phosphatidylinositol 3-kinase regulatory subunit alpha OS=Mus musculus GN=Pik3r1 PE=1 SV=2 - [P85A_MOUSE]
Q61194,Phosphatidylinositol 4-phosphate 3-kinase C2 domain-containing subunit alpha OS=Mus musculus GN=Pik3c2a PE=1 SV=2 - [P3C2A_MOUSE]
P70182,Phosphatidylinositol 4-phosphate 5-kinase type-1 alpha OS=Mus musculus GN=Pip5k1a PE=1 SV=2 - [PI51A_MOUSE]
O70172,Phosphatidylinositol 5-phosphate 4-kinase type-2 alpha OS=Mus musculus GN=Pip4k2a PE=1 SV=1 - [PI42A_MOUSE]
Q8K0A8,"Phosphodiesterase 6A, cGMP-specific, rod, alpha OS=Mus musculus GN=Pde6a PE=2 SV=1 - [Q8K0A8_MOUSE]"
Q8R2H9,Phosphoethanolamine/phosphocholine phosphatase OS=Mus musculus GN=Phospho1 PE=2 SV=1 - [PHOP1_MOUSE]
A2CEK3,Phosphoglucomutase-2 OS=Mus musculus GN=Pgm2 PE=1 SV=1 - [A2CEK3_MOUSE]
Q9EQ32,Phosphoinositide 3-kinase adapter protein 1 OS=Mus musculus GN=Pik3ap1 PE=1 SV=1 - [BCAP_MOUSE]
Q8BG07,Phospholipase D4 OS=Mus musculus GN=Pld4 PE=2 SV=1 - [PLD4_MOUSE]
F6Q8D3,Phospholipid-translocating ATPase OS=Mus musculus GN=Atp11c PE=4 SV=1 - [F6Q8D3_MOUSE]
E9QAL4,Phospholipid-translocating ATPase OS=Mus musculus GN=Atp8b2 PE=4 SV=1 - [E9QAL4_MOUSE]
Q9D7I5,Phospholysine phosphohistidine inorganic pyrophosphate phosphatase OS=Mus musculus GN=Lhpp PE=2 SV=1 - [LHPP_MOUSE]
Q8BZB2,Phosphopantothenoylcysteine decarboxylase OS=Mus musculus GN=Ppcdc PE=2 SV=1 - [COAC_MOUSE]
Q5SUR0,Phosphoribosylformylglycinamidine synthase OS=Mus musculus GN=Pfas PE=2 SV=1 - [PUR4_MOUSE]
P07934,"Phosphorylase b kinase gamma catalytic chain, skeletal muscle/heart isoform OS=Mus musculus GN=Phkg1 PE=2 SV=3 - [PHKG1_MOUSE]"
A2AHQ7,"Phosphorylase b kinase regulatory subunit alpha, liver isoform OS=Mus musculus GN=Phka2 PE=1 SV=1 - [A2AHQ7_MOUSE]"
F6RPD4,Phosphorylated adapter RNA export protein (Fragment) OS=Mus musculus GN=Phax PE=4 SV=1 - [F6RPD4_MOUSE]
Q8BQ30,Phostensin OS=Mus musculus GN=Ppp1r18 PE=1 SV=1 - [PPR18_MOUSE]
Q9D711,Pirin OS=Mus musculus GN=Pir PE=2 SV=1 - [PIR_MOUSE]
Q8BWR2,PITH domain-containing protein 1 OS=Mus musculus GN=Pithd1 PE=2 SV=1 - [PITH1_MOUSE]
P22777,Plasminogen activator inhibitor 1 OS=Mus musculus GN=Serpine1 PE=1 SV=1 - [PAI1_MOUSE]
Q9CY58,Plasminogen activator inhibitor 1 RNA-binding protein OS=Mus musculus GN=Serbp1 PE=1 SV=2 - [PAIRB_MOUSE]
P12388,"Plasminogen activator inhibitor 2, macrophage OS=Mus musculus GN=Serpinb2 PE=2 SV=1 - [PAI2_MOUSE]"
P20918,Plasminogen OS=Mus musculus GN=Plg PE=1 SV=3 - [PLMN_MOUSE]
Q9Z126,Platelet factor 4 OS=Mus musculus GN=Pf4 PE=2 SV=1 - [PLF4_MOUSE]
Q61205,Platelet-activating factor acetylhydrolase IB subunit gamma OS=Mus musculus GN=Pafah1b3 PE=1 SV=1 - [PA1B3_MOUSE]
Q60963,Platelet-activating factor acetylhydrolase OS=Mus musculus GN=Pla2g7 PE=2 SV=2 - [PAFA_MOUSE]
Q8CI19,Platelet-derived growth factor C OS=Mus musculus GN=Pdgfc PE=1 SV=2 - [PDGFC_MOUSE]
Q7TQG1,Pleckstrin homology domain-containing family A member 6 OS=Mus musculus GN=Plekha6 PE=1 SV=1 - [PKHA6_MOUSE]
A2ADE0,Pleckstrin homology domain-containing family M member 2 OS=Mus musculus GN=Plekhm2 PE=4 SV=1 - [A2ADE0_MOUSE]
Q8K124,Pleckstrin homology domain-containing family O member 2 OS=Mus musculus GN=Plekho2 PE=1 SV=1 - [PKHO2_MOUSE]
Q80UG2,Plexin-A4 OS=Mus musculus GN=Plxna4 PE=1 SV=3 - [PLXA4_MOUSE]
B2RXS4,Plexin-B2 OS=Mus musculus GN=Plxnb2 PE=1 SV=1 - [PLXB2_MOUSE]
Q3UH93,Plexin-D1 OS=Mus musculus GN=Plxnd1 PE=1 SV=1 - [PLXD1_MOUSE]
Q7TQ62,Podocan OS=Mus musculus GN=Podn PE=2 SV=1 - [PODN_MOUSE]
Q921K2,"Poly (ADP-ribose) polymerase family, member 1 OS=Mus musculus GN=Parp1 PE=2 SV=1 - [Q921K2_MOUSE]"
Q8VDG3,Poly(A)-specific ribonuclease PARN OS=Mus musculus GN=Parn PE=1 SV=1 - [PARN_MOUSE]
P60335,Poly(rC)-binding protein 1 OS=Mus musculus GN=Pcbp1 PE=1 SV=1 - [PCBP1_MOUSE]
P29341,Polyadenylate-binding protein 1 OS=Mus musculus GN=Pabpc1 PE=1 SV=2 - [PABP1_MOUSE]
P23798,Polycomb group RING finger protein 2 OS=Mus musculus GN=Pcgf2 PE=1 SV=2 - [PCGF2_MOUSE]
O35245,Polycystin-2 OS=Mus musculus GN=Pkd2 PE=1 SV=2 - [PKD2_MOUSE]
Q91VJ5,Polyglutamine-binding protein 1 OS=Mus musculus GN=Pqbp1 PE=1 SV=1 - [PQBP1_MOUSE]
Q8BG81,Polymerase delta-interacting protein 3 OS=Mus musculus GN=Poldip3 PE=1 SV=1 - [PDIP3_MOUSE]
Q91WF7,Polyphosphoinositide phosphatase OS=Mus musculus GN=Fig4 PE=1 SV=1 - [FIG4_MOUSE]
Q91Z31,Polypyrimidine tract-binding protein 2 OS=Mus musculus GN=Ptbp2 PE=1 SV=2 - [PTBP2_MOUSE]
Q99LI9,Polyribonucleotide 5'-hydroxyl-kinase Clp1 OS=Mus musculus GN=Clp1 PE=1 SV=1 - [CLP1_MOUSE]
Q5SW25,POM121-like protein 2 OS=Mus musculus GN=Pom121l2 PE=3 SV=1 - [P12L2_MOUSE]
P16388,Potassium voltage-gated channel subfamily A member 1 OS=Mus musculus GN=Kcna1 PE=1 SV=1 - [KCNA1_MOUSE]
D3YZV2,Potassium voltage-gated channel subfamily C member 3 OS=Mus musculus GN=Kcnc3 PE=1 SV=1 - [D3YZV2_MOUSE]
E9Q9F1,Potassium voltage-gated channel subfamily KQT member 5 OS=Mus musculus GN=Kcnq5 PE=4 SV=1 - [E9Q9F1_MOUSE]
A2A5F7,"Potassium voltage-gated channel, subfamily H (Eag-related), member 4 OS=Mus musculus GN=Kcnh4 PE=2 SV=1 - [A2A5F7_MOUSE]"
O88704,Potassium/sodium hyperpolarization-activated cyclic nucleotide-gated channel 1 OS=Mus musculus GN=Hcn1 PE=1 SV=1 - [HCN1_MOUSE]
O88703,Potassium/sodium hyperpolarization-activated cyclic nucleotide-gated channel 2 OS=Mus musculus GN=Hcn2 PE=1 SV=1 - [HCN2_MOUSE]
O88705,Potassium/sodium hyperpolarization-activated cyclic nucleotide-gated channel 3 OS=Mus musculus GN=Hcn3 PE=1 SV=1 - [HCN3_MOUSE]
Q99NF7,Ppm1b protein OS=Mus musculus GN=Ppm1b PE=2 SV=1 - [Q99NF7_MOUSE]
D3YYD1,PR domain zinc finger protein 10 OS=Mus musculus GN=Prdm10 PE=1 SV=1 - [D3YYD1_MOUSE]
Q9JIG8,PRA1 family protein 2 OS=Mus musculus GN=Praf2 PE=2 SV=1 - [PRAF2_MOUSE]
Q9WU28,Prefoldin subunit 5 OS=Mus musculus GN=Pfdn5 PE=1 SV=1 - [PFD5_MOUSE]
D3Z619,Pre-mRNA 3'-end-processing factor FIP1 OS=Mus musculus GN=Fip1l1 PE=1 SV=1 - [D3Z619_MOUSE]
Q9R1C7,Pre-mRNA-processing factor 40 homolog A OS=Mus musculus GN=Prpf40a PE=1 SV=1 - [PR40A_MOUSE]
Q99PV0,Pre-mRNA-processing-splicing factor 8 OS=Mus musculus GN=Prpf8 PE=1 SV=2 - [PRP8_MOUSE]
Q69ZQ2,Pre-mRNA-splicing factor ISY1 homolog OS=Mus musculus GN=Isy1 PE=1 SV=2 - [ISY1_MOUSE]
Q9CQF9,Prenylcysteine oxidase OS=Mus musculus GN=Pcyox1 PE=1 SV=1 - [PCYOX_MOUSE]
H7BWY8,Pre-rRNA-processing protein TSR2 homolog OS=Mus musculus GN=Tsr2 PE=4 SV=1 - [H7BWY8_MOUSE]
A2ATU0,"Probable 2-oxoglutarate dehydrogenase E1 component DHKTD1, mitochondrial OS=Mus musculus GN=Dhtkd1 PE=1 SV=1 - [DHTK1_MOUSE]"
Q6NSR8,Probable aminopeptidase NPEPL1 OS=Mus musculus GN=Npepl1 PE=2 SV=1 - [PEPL1_MOUSE]
Q501J6,Probable ATP-dependent RNA helicase DDX17 OS=Mus musculus GN=Ddx17 PE=1 SV=1 - [DDX17_MOUSE]
Q9DBN9,Probable ATP-dependent RNA helicase DDX59 OS=Mus musculus GN=Ddx59 PE=2 SV=1 - [DDX59_MOUSE]
Q8C165,Probable carboxypeptidase PM20D1 OS=Mus musculus GN=Pm20d1 PE=2 SV=1 - [P20D1_MOUSE]
Q8BYM8,"Probable cysteine--tRNA ligase, mitochondrial OS=Mus musculus GN=Cars2 PE=2 SV=2 - [SYCM_MOUSE]"
Q99KN2,Probable cytosolic iron-sulfur protein assembly protein CIAO1 OS=Mus musculus GN=Ciao1 PE=2 SV=1 - [CIAO1_MOUSE]
Q7TNG8,"Probable D-lactate dehydrogenase, mitochondrial OS=Mus musculus GN=Ldhd PE=1 SV=1 - [LDHD_MOUSE]"
E9Q3J1,Probable E3 ubiquitin-protein ligase DTX3 OS=Mus musculus GN=Dtx3 PE=4 SV=1 - [E9Q3J1_MOUSE]
Q8R089,Probable fibrosin-1 OS=Mus musculus GN=Fbrs PE=1 SV=2 - [FBRS_MOUSE]
H3BLH0,Probable global transcription activator SNF2L2 OS=Mus musculus GN=Smarca2 PE=1 SV=1 - [H3BLH0_MOUSE]
Q8C419,Probable G-protein coupled receptor 158 OS=Mus musculus GN=Gpr158 PE=1 SV=2 - [GP158_MOUSE]
P0C5I1,Probable G-protein coupled receptor 25 OS=Mus musculus GN=Gpr25 PE=3 SV=1 - [GPR25_MOUSE]
Q9DAA4,Probable inactive serine protease 37 OS=Mus musculus GN=Prss37 PE=2 SV=1 - [PRS37_MOUSE]
E9PUL7,Probable N-acetyltransferase CML1 OS=Mus musculus GN=Cml1 PE=4 SV=1 - [E9PUL7_MOUSE]
Q14AK4,Probable palmitoyltransferase ZDHHC11 OS=Mus musculus GN=Zdhhc11 PE=2 SV=2 - [ZDH11_MOUSE]
A8Y5T6,"Probable proline--tRNA ligase, mitochondrial OS=Mus musculus GN=Pars2 PE=3 SV=1 - [A8Y5T6_MOUSE]"
Q9R0E2,"Procollagen-lysine,2-oxoglutarate 5-dioxygenase 1 OS=Mus musculus GN=Plod1 PE=1 SV=1 - [PLOD1_MOUSE]"
Q9WVA8,Pro-FMRFamide-related neuropeptide FF OS=Mus musculus GN=Npff PE=2 SV=1 - [NPFF_MOUSE]
Q9WU78,Programmed cell death 6-interacting protein OS=Mus musculus GN=Pdcd6ip PE=1 SV=3 - [PDC6I_MOUSE]
Q00LT2,Progressive rod-cone degeneration protein homolog OS=Mus musculus GN=Prcd PE=2 SV=1 - [PRCD_MOUSE]
Q9DAY2,Prolactin-8A6 OS=Mus musculus GN=Prl8a6 PE=2 SV=1 - [PR8A6_MOUSE]
P17918,Proliferating cell nuclear antigen OS=Mus musculus GN=Pcna PE=1 SV=2 - [PCNA_MOUSE]
P50580,Proliferation-associated protein 2G4 OS=Mus musculus GN=Pa2g4 PE=1 SV=3 - [PA2G4_MOUSE]
Q8JZM2,Proline-rich protein 15-like protein OS=Mus musculus GN=Prr15l PE=2 SV=1 - [PR15L_MOUSE]
Q91ZX7,Prolow-density lipoprotein receptor-related protein 1 OS=Mus musculus GN=Lrp1 PE=1 SV=1 - [LRP1_MOUSE]
O35181,"Pro-neuregulin-3, membrane-bound isoform OS=Mus musculus GN=Nrg3 PE=1 SV=1 - [NRG3_MOUSE]"
D6RE18,"Pro-neuregulin-4, membrane-bound isoform OS=Mus musculus GN=Nrg4 PE=4 SV=1 - [D6RE18_MOUSE]"
Q04592,Proprotein convertase subtilisin/kexin type 5 OS=Mus musculus GN=Pcsk5 PE=1 SV=3 - [PCSK5_MOUSE]
Q9QY42,Prosaposin receptor GPR37 OS=Mus musculus GN=Gpr37 PE=2 SV=1 - [GPR37_MOUSE]
D3Z7C6,Prostaglandin E synthase 3 OS=Mus musculus GN=Ptges3 PE=1 SV=1 - [D3Z7C6_MOUSE]
P32240,Prostaglandin E2 receptor EP4 subtype OS=Mus musculus GN=Ptger4 PE=2 SV=1 - [PE2R4_MOUSE]
O09114,Prostaglandin-H2 D-isomerase OS=Mus musculus GN=Ptgds PE=1 SV=1 - [PTGDS_MOUSE]
Q9DB60,Prostamide/prostaglandin F synthase OS=Mus musculus GN=Fam213b PE=1 SV=1 - [PGFS_MOUSE]
O70435,Proteasome subunit alpha type-3 OS=Mus musculus GN=Psma3 PE=1 SV=3 - [PSA3_MOUSE]
Q9R1P1,Proteasome subunit beta type-3 OS=Mus musculus GN=Psmb3 PE=1 SV=1 - [PSB3_MOUSE]
P70195,Proteasome subunit beta type-7 OS=Mus musculus GN=Psmb7 PE=1 SV=1 - [PSB7_MOUSE]
P28063,Proteasome subunit beta type-8 OS=Mus musculus GN=Psmb8 PE=1 SV=2 - [PSB8_MOUSE]
D3Z687,Protein 0610010K14Rik OS=Mus musculus GN=0610010K14Rik PE=1 SV=2 - [D3Z687_MOUSE]
E9Q7K5,Protein 0610011F06Rik OS=Mus musculus GN=0610011F06Rik PE=1 SV=1 - [E9Q7K5_MOUSE]
E9Q745,Protein 1600015I10Rik OS=Mus musculus GN=1600015I10Rik PE=3 SV=1 - [E9Q745_MOUSE]
Q3V2K7,Protein 1700123L14Rik OS=Mus musculus GN=1700123L14Rik PE=2 SV=1 - [Q3V2K7_MOUSE]
Q9CPN7,Protein 1810009J06Rik OS=Mus musculus GN=1810009J06Rik PE=2 SV=1 - [Q9CPN7_MOUSE]
E9Q3M9,Protein 2010300C02Rik OS=Mus musculus GN=2010300C02Rik PE=1 SV=1 - [E9Q3M9_MOUSE]
Q9CPN9,Protein 2210010C04Rik OS=Mus musculus GN=2210010C04Rik PE=2 SV=1 - [Q9CPN9_MOUSE]
F6X1P1,Protein 2310061I04Rik (Fragment) OS=Mus musculus GN=2310061I04Rik PE=4 SV=1 - [F6X1P1_MOUSE]
Q9CZU9,Protein 2610524H06Rik OS=Mus musculus GN=2610524H06Rik PE=2 SV=1 - [Q9CZU9_MOUSE]
J3QMN2,Protein 3110021N24Rik OS=Mus musculus GN=3110021N24Rik PE=4 SV=1 - [J3QMN2_MOUSE]
P48193,"Protein 4,1 OS=Mus musculus GN=Epb41 PE=1 SV=2 - [41_MOUSE]"
Q5SPH3,Protein 4930438A08Rik OS=Mus musculus GN=4930438A08Rik PE=4 SV=2 - [Q5SPH3_MOUSE]
E9Q793,Protein 4931429I11Rik OS=Mus musculus GN=4931429I11Rik PE=4 SV=1 - [E9Q793_MOUSE]
E9PVU2,Protein 4931429L15Rik OS=Mus musculus GN=4931429L15Rik PE=4 SV=1 - [E9PVU2_MOUSE]
D3Z5L4,Protein 5430403G16Rik OS=Mus musculus GN=5430403G16Rik PE=4 SV=1 - [D3Z5L4_MOUSE]
I1E4X5,Protein 9030624J02Rik OS=Mus musculus GN=9030624J02Rik PE=4 SV=1 - [I1E4X5_MOUSE]
E9PVG8,Protein 9530053A07Rik OS=Mus musculus GN=9530053A07Rik PE=4 SV=1 - [E9PVG8_MOUSE]
Q5SVP2,Protein 9930111J21Rik2 OS=Mus musculus GN=9930111J21Rik2 PE=4 SV=1 - [Q5SVP2_MOUSE]
Q8C945,Protein A730045E13Rik OS=Mus musculus GN=A730045E13Rik PE=2 SV=1 - [Q8C945_MOUSE]
Q8BRT5,Protein A830005F24Rik OS=Mus musculus GN=A830005F24Rik PE=2 SV=1 - [Q8BRT5_MOUSE]
E9QAF2,Protein Abca16 OS=Mus musculus GN=Abca16 PE=4 SV=1 - [E9QAF2_MOUSE]
D3YZU0,Protein Acpt (Fragment) OS=Mus musculus GN=Acpt PE=4 SV=1 - [D3YZU0_MOUSE]
G3UXC7,Protein Adamtsl3 OS=Mus musculus GN=Adamtsl3 PE=4 SV=1 - [G3UXC7_MOUSE]
F8VPN4,Protein Agl OS=Mus musculus GN=Agl PE=4 SV=1 - [F8VPN4_MOUSE]
A2ALV5,Protein AI481877 OS=Mus musculus GN=AI481877 PE=4 SV=1 - [A2ALV5_MOUSE]
E9Q9K8,Protein Akap6 OS=Mus musculus GN=Akap6 PE=1 SV=1 - [E9Q9K8_MOUSE]
Q6R0H6,Protein ALEX OS=Mus musculus GN=Gnas PE=2 SV=1 - [ALEX_MOUSE]
Q3U128,Protein APCDD1 OS=Mus musculus GN=Apcdd1 PE=2 SV=1 - [APCD1_MOUSE]
E9PZG0,Protein Apol11a OS=Mus musculus GN=Apol11a PE=4 SV=1 - [E9PZG0_MOUSE]
A8Y5E9,Protein archease OS=Mus musculus GN=Zbtb8os PE=4 SV=1 - [A8Y5E9_MOUSE]
Q8CJG0,Protein argonaute-2 OS=Mus musculus GN=Ago2 PE=1 SV=3 - [AGO2_MOUSE]
Q8CJF9,Protein argonaute-3 OS=Mus musculus GN=Ago3 PE=2 SV=2 - [AGO3_MOUSE]
Q68FM7,Protein Arhgef11 OS=Mus musculus GN=Arhgef11 PE=1 SV=1 - [Q68FM7_MOUSE]
E9Q4N6,Protein Arid1b OS=Mus musculus GN=Arid1b PE=4 SV=1 - [E9Q4N6_MOUSE]
E9Q166,Protein Atad2b OS=Mus musculus GN=Atad2b PE=3 SV=1 - [E9Q166_MOUSE]
B7ZCC3,Protein Atxn7l2 OS=Mus musculus GN=Atxn7l2 PE=4 SV=1 - [B7ZCC3_MOUSE]
Q8BGF0,Protein AW551984 OS=Mus musculus GN=AW551984 PE=2 SV=1 - [Q8BGF0_MOUSE]
Q8VBU8,Protein BANP OS=Mus musculus GN=Banp PE=1 SV=1 - [BANP_MOUSE]
F6QRE9,Protein BC007180 OS=Mus musculus GN=BC007180 PE=4 SV=3 - [F6QRE9_MOUSE]
Q3TYW3,Protein BC023829 OS=Mus musculus GN=BC023829 PE=2 SV=1 - [Q3TYW3_MOUSE]
E9PXU3,Protein BC024139 OS=Mus musculus GN=BC024139 PE=4 SV=1 - [E9PXU3_MOUSE]
F8VPV8,Protein BC030307 OS=Mus musculus GN=BC030307 PE=4 SV=1 - [F8VPV8_MOUSE]
Q66JY9,Protein BC080695 OS=Mus musculus GN=BC080695 PE=2 SV=1 - [Q66JY9_MOUSE]
Q921C5,Protein bicaudal D homolog 2 OS=Mus musculus GN=Bicd2 PE=1 SV=1 - [BICD2_MOUSE]
A2A654,Protein Bptf OS=Mus musculus GN=Bptf PE=4 SV=1 - [A2A654_MOUSE]
Q91VR8,Protein BRICK1 OS=Mus musculus GN=Brk1 PE=2 SV=1 - [BRK1_MOUSE]
E9Q861,Protein C2cd4a OS=Mus musculus GN=C2cd4a PE=4 SV=1 - [E9Q861_MOUSE]
E9Q5L4,Protein C530008M17Rik OS=Mus musculus GN=C530008M17Rik PE=4 SV=1 - [E9Q5L4_MOUSE]
E9Q7P2,Protein Cacna1i OS=Mus musculus GN=Cacna1i PE=3 SV=1 - [E9Q7P2_MOUSE]
Q9DAU1,Protein canopy homolog 3 OS=Mus musculus GN=Cnpy3 PE=1 SV=1 - [CNPY3_MOUSE]
E9Q6D3,Protein Ccdc121 OS=Mus musculus GN=Ccdc121 PE=4 SV=1 - [E9Q6D3_MOUSE]
E9Q9F7,Protein Ccdc146 OS=Mus musculus GN=Ccdc146 PE=4 SV=1 - [E9Q9F7_MOUSE]
S4R181,Protein Ccdc166 OS=Mus musculus GN=Ccdc166 PE=4 SV=1 - [S4R181_MOUSE]
E9Q7R9,Protein Cfap43 OS=Mus musculus GN=Cfap43 PE=4 SV=1 - [E9Q7R9_MOUSE]
D3Z4F0,Protein Cfap70 OS=Mus musculus GN=Cfap70 PE=4 SV=1 - [D3Z4F0_MOUSE]
Q9CVN6,Protein chibby homolog 3 OS=Mus musculus GN=Cby3 PE=2 SV=2 - [CBY3_MOUSE]
A2A9K7,Protein Cnksr1 OS=Mus musculus GN=Cnksr1 PE=4 SV=1 - [A2A9K7_MOUSE]
E9Q3H6,Protein Coq10a OS=Mus musculus GN=Coq10a PE=4 SV=1 - [E9Q3H6_MOUSE]
G3UZ38,Protein Cyp2j8 OS=Mus musculus GN=Cyp2j8 PE=3 SV=2 - [G3UZ38_MOUSE]
Q6VGS5,Protein Daple OS=Mus musculus GN=Ccdc88c PE=1 SV=1 - [DAPLE_MOUSE]
A2ADY9,Protein DDI1 homolog 2 OS=Mus musculus GN=Ddi2 PE=1 SV=1 - [DDI2_MOUSE]
E9Q8V6,Protein Dennd4a OS=Mus musculus GN=Dennd4a PE=4 SV=1 - [E9Q8V6_MOUSE]
E9PWR4,Protein Dip2c OS=Mus musculus GN=Dip2c PE=4 SV=1 - [E9PWR4_MOUSE]
F6Z115,Protein Dlg5 (Fragment) OS=Mus musculus GN=Dlg5 PE=4 SV=1 - [F6Z115_MOUSE]
D3YYQ8,Protein Dnah10 OS=Mus musculus GN=Dnah10 PE=4 SV=2 - [D3YYQ8_MOUSE]
E9Q7N9,Protein Dnah11 OS=Mus musculus GN=Dnah11 PE=4 SV=2 - [E9Q7N9_MOUSE]
Q99LT0,Protein dpy-30 homolog OS=Mus musculus GN=Dpy30 PE=1 SV=1 - [DPY30_MOUSE]
F6UIK0,Protein Dusp16 (Fragment) OS=Mus musculus GN=Dusp16 PE=4 SV=1 - [F6UIK0_MOUSE]
Q6ZQ18,Protein EFR3 homolog B OS=Mus musculus GN=Efr3b PE=2 SV=2 - [EFR3B_MOUSE]
Q8CJF7,Protein ELYS OS=Mus musculus GN=Ahctf1 PE=1 SV=1 - [ELYS_MOUSE]
A0A0A6YXC8,Protein enabled homolog OS=Mus musculus GN=Enah PE=4 SV=1 - [A0A0A6YXC8_MOUSE]
H9H9T1,Protein FAM107B OS=Mus musculus GN=Fam107b PE=1 SV=1 - [H9H9T1_MOUSE]
Q8VE94,Protein FAM110C OS=Mus musculus GN=Fam110c PE=2 SV=1 - [F110C_MOUSE]
Q9DBR2,Protein FAM13C OS=Mus musculus GN=Fam13c PE=1 SV=2 - [FA13C_MOUSE]
F6X0J3,Protein FAM149A (Fragment) OS=Mus musculus GN=Fam149a PE=4 SV=1 - [F6X0J3_MOUSE]
Q80UG6,Protein FAM150B OS=Mus musculus GN=Fam150b PE=2 SV=3 - [F150B_MOUSE]
Q8QZW3,Protein FAM151A OS=Mus musculus GN=Fam151a PE=2 SV=1 - [F151A_MOUSE]
Q8BR63,Protein FAM177A1 OS=Mus musculus GN=Fam177a1 PE=2 SV=1 - [F177A_MOUSE]
M0QWZ1,Protein FAM193A OS=Mus musculus GN=Fam193a PE=4 SV=1 - [M0QWZ1_MOUSE]
Q3UGS4,Protein FAM195B OS=Mus musculus GN=Fam195b PE=1 SV=1 - [F195B_MOUSE]
Q3UY90,Protein FAM198A OS=Mus musculus GN=Fam198a PE=2 SV=1 - [F198A_MOUSE]
Q7TPG7,Protein FAM19A2 OS=Mus musculus GN=Fam19a2 PE=2 SV=1 - [F19A2_MOUSE]
Q8BK03,Protein FAM73B OS=Mus musculus GN=Fam73b PE=1 SV=1 - [FA73B_MOUSE]
Q8K2P2,Protein FAM83A OS=Mus musculus GN=Fam83a PE=2 SV=2 - [FA83A_MOUSE]
Q8BP22,Protein FAM92A1 OS=Mus musculus GN=Fam92a1 PE=1 SV=1 - [F92A1_MOUSE]
D3YWJ4,Protein farnesyltransferase subunit beta OS=Mus musculus GN=Fntb PE=4 SV=1 - [D3YWJ4_MOUSE]
E9Q9T0,Protein Fbrsl1 OS=Mus musculus GN=Fbrsl1 PE=4 SV=1 - [E9Q9T0_MOUSE]
E9Q8I9,Protein furry homolog OS=Mus musculus GN=Fry PE=1 SV=1 - [FRY_MOUSE]
E9Q5L8,Protein Glyatl3 OS=Mus musculus GN=Glyatl3 PE=4 SV=1 - [E9Q5L8_MOUSE]
Q8C3L5,Protein Gm10283 OS=Mus musculus GN=Gm10283 PE=2 SV=1 - [Q8C3L5_MOUSE]
F6Q4M4,Protein Gm10999 OS=Mus musculus GN=Gm10999 PE=4 SV=1 - [F6Q4M4_MOUSE]
A2ART2,Protein Gm14431 OS=Mus musculus GN=Gm4245 PE=4 SV=1 - [A2ART2_MOUSE]
E9Q0C6,Protein Gm14569 OS=Mus musculus GN=Gm14569 PE=4 SV=1 - [E9Q0C6_MOUSE]
E9Q2E4,Protein Gm15800 OS=Mus musculus GN=Gm15800 PE=1 SV=2 - [E9Q2E4_MOUSE]
B8JJN0,Protein Gm20547 OS=Mus musculus GN=Gm20547 PE=3 SV=1 - [B8JJN0_MOUSE]
Q8BLW8,Protein Gm26558 (Fragment) OS=Mus musculus GN=Gm26558 PE=2 SV=1 - [Q8BLW8_MOUSE]
A2A9Z5,Protein Gm53 OS=Mus musculus GN=Gm53 PE=4 SV=2 - [A2A9Z5_MOUSE]
L7N277,Protein Gm7942 OS=Mus musculus GN=Gm7942 PE=4 SV=1 - [L7N277_MOUSE]
E9PZP8,Protein Herc1 OS=Mus musculus GN=Herc1 PE=1 SV=1 - [E9PZP8_MOUSE]
Q8R1F6,Protein HID1 OS=Mus musculus GN=Hid1 PE=1 SV=1 - [HID1_MOUSE]
Q80VJ8,Protein KASH5 OS=Mus musculus GN=Ccdc155 PE=1 SV=3 - [KASH5_MOUSE]
Q4VA93,Protein kinase C OS=Mus musculus GN=Prkca PE=2 SV=1 - [Q4VA93_MOUSE]
D3YV40,Protein kinase C-binding protein NELL1 (Fragment) OS=Mus musculus GN=Nell1 PE=4 SV=1 - [D3YV40_MOUSE]
A2AGC3,Protein kish-B OS=Mus musculus GN=Tmem167b PE=4 SV=1 - [A2AGC3_MOUSE]
E9Q0F0,Protein Krt78 OS=Mus musculus GN=Krt78 PE=4 SV=1 - [E9Q0F0_MOUSE]
Q80TH2,Protein LAP2 OS=Mus musculus GN=Erbb2ip PE=1 SV=3 - [LAP2_MOUSE]
E9PYF4,Protein Lmo7 OS=Mus musculus GN=Lmo7 PE=1 SV=1 - [E9PYF4_MOUSE]
B1AWG4,Protein Lrrc37a (Fragment) OS=Mus musculus GN=Lrrc37a PE=4 SV=1 - [B1AWG4_MOUSE]
Q9D0R8,Protein LSM12 homolog OS=Mus musculus GN=Lsm12 PE=1 SV=1 - [LSM12_MOUSE]
Q8K2F8,Protein LSM14 homolog A OS=Mus musculus GN=Lsm14a PE=1 SV=1 - [LS14A_MOUSE]
Q0VBD2,Protein MCM10 homolog OS=Mus musculus GN=Mcm10 PE=2 SV=1 - [MCM10_MOUSE]
E0CZ22,Protein Mroh1 OS=Mus musculus GN=Mroh1 PE=4 SV=1 - [E0CZ22_MOUSE]
F8VQG7,Protein N4bp2 OS=Mus musculus GN=N4bp2 PE=4 SV=1 - [F8VQG7_MOUSE]
E9Q1W3,Protein Neb OS=Mus musculus GN=Neb PE=4 SV=1 - [E9Q1W3_MOUSE]
Q5DU56,Protein NLRC3 OS=Mus musculus GN=Nlrc3 PE=2 SV=2 - [NLRC3_MOUSE]
Q9EQQ9,Protein O-GlcNAcase OS=Mus musculus GN=Mgea5 PE=1 SV=2 - [OGA_MOUSE]
Q8BYB9,Protein O-glucosyltransferase 1 OS=Mus musculus GN=Poglut1 PE=1 SV=2 - [PGLT1_MOUSE]
A2ACY7,Protein Olfr1338 OS=Mus musculus GN=Olfr1338 PE=4 SV=1 - [A2ACY7_MOUSE]
Q8BHW2,Protein OSCP1 OS=Mus musculus GN=Oscp1 PE=2 SV=1 - [OSCP1_MOUSE]
Q9D0B6,Protein PBDC1 OS=Mus musculus GN=Pbdc1 PE=2 SV=1 - [PBDC1_MOUSE]
E9Q2S0,Protein Pcdh7 OS=Mus musculus GN=Pcdh7 PE=1 SV=2 - [E9Q2S0_MOUSE]
Q91XZ7,Protein Pcdhb3 OS=Mus musculus GN=Pcdhb3 PE=2 SV=1 - [Q91XZ7_MOUSE]
Q6DD96,Protein Pcdhga7 OS=Mus musculus GN=Pcdhga7 PE=2 SV=1 - [Q6DD96_MOUSE]
F6UFZ5,Protein Pcf11 (Fragment) OS=Mus musculus GN=Pcf11 PE=4 SV=1 - [F6UFZ5_MOUSE]
E9Q1M1,Protein Pdzd2 OS=Mus musculus GN=Pdzd2 PE=4 SV=1 - [E9Q1M1_MOUSE]
Q8VHQ3,Protein phosphatase 1 regulatory inhibitor subunit 16B OS=Mus musculus GN=Ppp1r16b PE=2 SV=1 - [PP16B_MOUSE]
A6H644,Protein phosphatase 1 regulatory subunit 12 OS=Mus musculus GN=Ppp1r12b PE=2 SV=1 - [A6H644_MOUSE]
Q9DBR7,Protein phosphatase 1 regulatory subunit 12A OS=Mus musculus GN=Ppp1r12a PE=1 SV=2 - [MYPT1_MOUSE]
Q3UMT1,Protein phosphatase 1 regulatory subunit 12C OS=Mus musculus GN=Ppp1r12c PE=1 SV=1 - [PP12C_MOUSE]
Q8R4S0,Protein phosphatase 1 regulatory subunit 14C OS=Mus musculus GN=Ppp1r14c PE=1 SV=1 - [PP14C_MOUSE]
E9Q6K3,Protein Pibf1 OS=Mus musculus GN=Pibf1 PE=4 SV=1 - [E9Q6K3_MOUSE]
J3QM92,Protein Plscr5 OS=Mus musculus GN=Plscr5 PE=4 SV=1 - [J3QM92_MOUSE]
D3Z1N4,Protein polybromo-1 OS=Mus musculus GN=Pbrm1 PE=1 SV=1 - [D3Z1N4_MOUSE]
H3BJD6,Protein Ppp1r9a OS=Mus musculus GN=Ppp1r9a PE=1 SV=1 - [H3BJD6_MOUSE]
Q9D4Z5,Protein Prame OS=Mus musculus GN=Prame PE=2 SV=1 - [Q9D4Z5_MOUSE]
E9PV26,Protein Prr36 OS=Mus musculus GN=Prr36 PE=1 SV=1 - [E9PV26_MOUSE]
Q3UPH1,Protein PRRC1 OS=Mus musculus GN=Prrc1 PE=2 SV=1 - [PRRC1_MOUSE]
Q7TSC1,Protein PRRC2A OS=Mus musculus GN=Prrc2a PE=1 SV=1 - [PRC2A_MOUSE]
Q52KR3,Protein prune homolog 2 OS=Mus musculus GN=Prune2 PE=2 SV=2 - [PRUN2_MOUSE]
Q811G0,Protein PTHB1 OS=Mus musculus GN=Bbs9 PE=1 SV=2 - [PTHB1_MOUSE]
V9GXR2,Protein Rhox3f (Fragment) OS=Mus musculus GN=Rhox3f PE=4 SV=1 - [V9GXR2_MOUSE]
P08207,Protein S100-A10 OS=Mus musculus GN=S100a10 PE=1 SV=2 - [S10AA_MOUSE]
Q9D708,Protein S100a16 OS=Mus musculus GN=S100a16 PE=2 SV=1 - [Q9D708_MOUSE]
P14069,Protein S100-A6 OS=Mus musculus GN=S100a6 PE=1 SV=3 - [S10A6_MOUSE]
E9Q796,Protein Scml2 OS=Mus musculus GN=Scml2 PE=4 SV=1 - [E9Q796_MOUSE]
Q80U72,Protein scribble homolog OS=Mus musculus GN=Scrib PE=1 SV=2 - [SCRIB_MOUSE]
G3X972,Protein Sec24c OS=Mus musculus GN=Sec24c PE=4 SV=1 - [G3X972_MOUSE]
Q9EQU5,Protein SET OS=Mus musculus GN=Set PE=1 SV=1 - [SET_MOUSE]
Q3UJB0,Protein Sf3b2 OS=Mus musculus GN=Sf3b2 PE=2 SV=1 - [Q3UJB0_MOUSE]
G3X9F6,Protein Sh3tc1 OS=Mus musculus GN=Sh3tc1 PE=4 SV=1 - [G3X9F6_MOUSE]
Q6V4S5,Protein sidekick-2 OS=Mus musculus GN=Sdk2 PE=2 SV=1 - [SDK2_MOUSE]
B1ARD8,Protein Slfn8 OS=Mus musculus GN=Slfn8 PE=4 SV=1 - [B1ARD8_MOUSE]
Q6NZL0,Protein SOGA3 OS=Mus musculus GN=Soga3 PE=2 SV=2 - [SOGA3_MOUSE]
Q8K004,Protein Spata2 OS=Mus musculus GN=Spata2 PE=2 SV=1 - [Q8K004_MOUSE]
K7N6S8,Protein Speer4e OS=Mus musculus GN=Speer4e PE=4 SV=1 - [K7N6S8_MOUSE]
Q8K1S6,Protein spire homolog 2 OS=Mus musculus GN=Spire2 PE=2 SV=1 - [SPIR2_MOUSE]
Q68FG2,Protein Sptbn2 OS=Mus musculus GN=Sptbn2 PE=2 SV=1 - [Q68FG2_MOUSE]
Q7TNB8,Protein strawberry notch homolog 2 OS=Mus musculus GN=Sbno2 PE=2 SV=1 - [SBNO2_MOUSE]
Q8BS30,Protein Svs2 OS=Mus musculus GN=Svs2 PE=2 SV=1 - [Q8BS30_MOUSE]
O35452,Protein Tnxb OS=Mus musculus GN=Tnxb PE=4 SV=1 - [O35452_MOUSE]
A2AA71,Protein transport protein Sec24A OS=Mus musculus GN=Sec24a PE=1 SV=1 - [A2AA71_MOUSE]
E9PWG2,Protein Trappc8 OS=Mus musculus GN=Trappc8 PE=1 SV=1 - [E9PWG2_MOUSE]
A0A075B646,Protein Trav15-1-dv6-1 OS=Mus musculus GN=Trav15-1-dv6-1 PE=4 SV=1 - [A0A075B646_MOUSE]
K9J7B2,Protein Ugt1a6b OS=Mus musculus GN=Ugt1a6b PE=3 SV=1 - [K9J7B2_MOUSE]
Q9Z1N9,Protein unc-13 homolog B OS=Mus musculus GN=Unc13b PE=2 SV=2 - [UN13B_MOUSE]
Q8CGY6,Protein unc-45 homolog B OS=Mus musculus GN=Unc45b PE=1 SV=1 - [UN45B_MOUSE]
Q8BLN6,Protein unc-80 homolog OS=Mus musculus GN=Unc80 PE=1 SV=2 - [UNC80_MOUSE]
Q8C0K8,Protein Uvrag OS=Mus musculus GN=Uvrag PE=2 SV=1 - [Q8C0K8_MOUSE]
Q8R2A8,Protein Vmn1r226 OS=Mus musculus GN=Vmn1r226 PE=2 SV=1 - [Q8R2A8_MOUSE]
E9Q280,Protein Vmn2r18 OS=Mus musculus GN=Vmn2r18 PE=4 SV=1 - [E9Q280_MOUSE]
L7N2E9,Protein Vmn2r2 OS=Mus musculus GN=Vmn2r2 PE=4 SV=1 - [L7N2E9_MOUSE]
E9Q107,Protein Vmn2r3 OS=Mus musculus GN=Vmn2r3 PE=4 SV=1 - [E9Q107_MOUSE]
Q80TR8,Protein VPRBP OS=Mus musculus GN=Vprbp PE=1 SV=4 - [VPRBP_MOUSE]
E9Q271,Protein Wdr17 OS=Mus musculus GN=Wdr17 PE=4 SV=2 - [E9Q271_MOUSE]
D3Z7A8,Protein Wdr95 OS=Mus musculus GN=Wdr95 PE=4 SV=1 - [D3Z7A8_MOUSE]
P48615,Protein Wnt-11 OS=Mus musculus GN=Wnt11 PE=2 SV=1 - [WNT11_MOUSE]
Q99K53,Protein Zfp111 OS=Mus musculus GN=Zfp111 PE=2 SV=1 - [Q99K53_MOUSE]
Q3UTF4,Protein Zfp114 OS=Mus musculus GN=Zfp114 PE=2 SV=1 - [Q3UTF4_MOUSE]
E9Q459,Protein Zfp160 OS=Mus musculus GN=Zfp160 PE=4 SV=1 - [E9Q459_MOUSE]
E9PXJ4,Protein Zfp712 OS=Mus musculus GN=Zfp712 PE=4 SV=1 - [E9PXJ4_MOUSE]
B1ARH2,Protein Zfp735 OS=Mus musculus GN=Zfp735 PE=4 SV=1 - [B1ARH2_MOUSE]
Q3UT76,Protein Zfp957 OS=Mus musculus GN=Zfp957 PE=2 SV=1 - [Q3UT76_MOUSE]
Q8K3V4,Protein-arginine deiminase type-6 OS=Mus musculus GN=Padi6 PE=1 SV=2 - [PADI6_MOUSE]
Q9DBQ7,Protein-associating with the carboxyl-terminal domain of ezrin OS=Mus musculus GN=Scyl3 PE=2 SV=3 - [PACE1_MOUSE]
Q8BHD8,Protein-L-isoaspartate O-methyltransferase domain-containing protein 2 OS=Mus musculus GN=Pcmtd2 PE=2 SV=1 - [PCMD2_MOUSE]
E9Q0N2,Protein-tyrosine-phosphatase OS=Mus musculus GN=Ptprh PE=4 SV=1 - [E9Q0N2_MOUSE]
Q62361,Pro-thyrotropin-releasing hormone OS=Mus musculus GN=Trh PE=2 SV=2 - [TRH_MOUSE]
Q8BNA6,Protocadherin Fat 3 OS=Mus musculus GN=Fat3 PE=1 SV=2 - [FAT3_MOUSE]
P70339,Proto-oncogene FRAT1 OS=Mus musculus GN=Frat1 PE=1 SV=2 - [FRAT1_MOUSE]
Q78DX7,Proto-oncogene tyrosine-protein kinase ROS OS=Mus musculus GN=Ros1 PE=1 SV=1 - [ROS1_MOUSE]
Q9CZL5,Pterin-4-alpha-carbinolamine dehydratase 2 OS=Mus musculus GN=Pcbd2 PE=1 SV=2 - [PHS2_MOUSE]
P61458,Pterin-4-alpha-carbinolamine dehydratase OS=Mus musculus GN=Pcbd1 PE=1 SV=2 - [PHS_MOUSE]
Q543K9,Purine nucleoside phosphorylase OS=Mus musculus GN=Pnp PE=2 SV=1 - [Q543K9_MOUSE]
Q6W8Q3,Purkinje cell protein 4-like protein 1 OS=Mus musculus GN=Pcp4l1 PE=1 SV=1 - [PC4L1_MOUSE]
Q9EQ80,Putative GTP cyclohydrolase 1 type 2 Nif3l1 OS=Mus musculus GN=Nif3l1 PE=1 SV=4 - [GTPC1_MOUSE]
Q8R1F5,Putative hydroxypyruvate isomerase OS=Mus musculus GN=Hyi PE=1 SV=2 - [HYI_MOUSE]
Q14AW5,Putative methyltransferase NSUN7 OS=Mus musculus GN=Nsun7 PE=2 SV=2 - [NSUN7_MOUSE]
Q8JZV7,Putative N-acetylglucosamine-6-phosphate deacetylase OS=Mus musculus GN=Amdhd2 PE=2 SV=1 - [NAGA_MOUSE]
D3YYT1,Putative oxidoreductase GLYR1 OS=Mus musculus GN=Glyr1 PE=4 SV=1 - [D3YYT1_MOUSE]
Q8C4A5,Putative Polycomb group protein ASXL3 OS=Mus musculus GN=Asxl3 PE=2 SV=3 - [ASXL3_MOUSE]
Q6PHZ5,Putative RNA-binding protein 15B OS=Mus musculus GN=Rbm15b PE=1 SV=2 - [RB15B_MOUSE]
Q69Z61,PWWP domain-containing protein 2A OS=Mus musculus GN=Pwwp2a PE=2 SV=2 - [PWP2A_MOUSE]
Q91XF0,Pyridoxine-5'-phosphate oxidase OS=Mus musculus GN=Pnpo PE=1 SV=1 - [PNPO_MOUSE]
Q922Q4,Pyrroline-5-carboxylate reductase 2 OS=Mus musculus GN=Pycr2 PE=2 SV=1 - [P5CR2_MOUSE]
Q9DCC4,Pyrroline-5-carboxylate reductase 3 OS=Mus musculus GN=Pycrl PE=2 SV=2 - [P5CR3_MOUSE]
P35487,"Pyruvate dehydrogenase E1 component subunit alpha, testis-specific form, mitochondrial OS=Mus musculus GN=Pdha2 PE=2 SV=1 - [ODPAT_MOUSE]"
P47199,Quinone oxidoreductase OS=Mus musculus GN=Cryz PE=1 SV=1 - [QOR_MOUSE]
Q921W4,Quinone oxidoreductase-like protein 1 OS=Mus musculus GN=Cryzl1 PE=2 SV=1 - [QORL1_MOUSE]
Q8BSI6,R3H and coiled-coil domain-containing protein 1 OS=Mus musculus GN=R3hcc1 PE=2 SV=2 - [R3HC1_MOUSE]
Q9QXG2,Rab proteins geranylgeranyltransferase component A 1 OS=Mus musculus GN=Chm PE=2 SV=1 - [RAE1_MOUSE]
Q3TXV4,Rab22B OS=Mus musculus GN=Rab31 PE=2 SV=1 - [Q3TXV4_MOUSE]
Q80UJ7,Rab3 GTPase-activating protein catalytic subunit OS=Mus musculus GN=Rab3gap1 PE=2 SV=4 - [RB3GP_MOUSE]
Q8BMG7,Rab3 GTPase-activating protein non-catalytic subunit OS=Mus musculus GN=Rab3gap2 PE=1 SV=2 - [RBGPR_MOUSE]
Q68EF0,Rab-3A-interacting protein OS=Mus musculus GN=Rab3ip PE=1 SV=1 - [RAB3I_MOUSE]
Q60823,RAC-beta serine/threonine-protein kinase OS=Mus musculus GN=Akt2 PE=1 SV=1 - [AKT2_MOUSE]
Q8CDR2,Radial spoke head protein 6 homolog A OS=Mus musculus GN=Rsph6a PE=2 SV=1 - [RSH6A_MOUSE]
Q8CHX7,Raftlin-2 OS=Mus musculus GN=Rftn2 PE=2 SV=3 - [RFTN2_MOUSE]
O54916,RalBP1-associated Eps domain-containing protein 1 OS=Mus musculus GN=Reps1 PE=1 SV=2 - [REPS1_MOUSE]
A0A0A6YWG7,Rap guanine nucleotide exchange factor 2 OS=Mus musculus GN=Rapgef2 PE=4 SV=1 - [A0A0A6YWG7_MOUSE]
A2ALS4,Rap1 GTPase-activating protein 1 OS=Mus musculus GN=Rap1gap PE=4 SV=1 - [A2ALS4_MOUSE]
Q5SVL6,Rap1 GTPase-activating protein 2 OS=Mus musculus GN=Rap1gap2 PE=2 SV=1 - [RPGP2_MOUSE]
P97855,Ras GTPase-activating protein-binding protein 1 OS=Mus musculus GN=G3bp1 PE=1 SV=1 - [G3BP1_MOUSE]
Q01730,Ras suppressor protein 1 OS=Mus musculus GN=Rsu1 PE=2 SV=3 - [RSU1_MOUSE]
F6SEU4,Ras/Rap GTPase-activating protein SynGAP OS=Mus musculus GN=Syngap1 PE=1 SV=2 - [SYGP1_MOUSE]
A0A0A6YVS6,Ras/Rap GTPase-activating protein SynGAP OS=Mus musculus GN=Syngap1 PE=4 SV=1 - [A0A0A6YVS6_MOUSE]
Q3TLP8,"RAS-related C3 botulinum substrate 1, isoform CRA_a OS=Mus musculus GN=Rac1 PE=2 SV=1 - [Q3TLP8_MOUSE]"
P61027,Ras-related protein Rab-10 OS=Mus musculus GN=Rab10 PE=1 SV=1 - [RAB10_MOUSE]
P46638,Ras-related protein Rab-11B OS=Mus musculus GN=Rab11b PE=1 SV=3 - [RB11B_MOUSE]
Q91V41,Ras-related protein Rab-14 OS=Mus musculus GN=Rab14 PE=1 SV=3 - [RAB14_MOUSE]
P35295,Ras-related protein Rab-20 OS=Mus musculus GN=Rab20 PE=2 SV=2 - [RAB20_MOUSE]
P53994,Ras-related protein Rab-2A OS=Mus musculus GN=Rab2a PE=1 SV=1 - [RAB2A_MOUSE]
P35278,Ras-related protein Rab-5C OS=Mus musculus GN=Rab5c PE=1 SV=2 - [RAB5C_MOUSE]
P55258,Ras-related protein Rab-8A OS=Mus musculus GN=Rab8a PE=1 SV=2 - [RAB8A_MOUSE]
P63321,Ras-related protein Ral-A OS=Mus musculus GN=Rala PE=1 SV=1 - [RALA_MOUSE]
A2BDQ4,Receptor protein-tyrosine kinase OS=Mus musculus GN=Epha7 PE=4 SV=1 - [A2BDQ4_MOUSE]
B0V2N1,Receptor-type tyrosine-protein phosphatase S OS=Mus musculus GN=Ptprs PE=1 SV=1 - [PTPRS_MOUSE]
Q60673,Receptor-type tyrosine-protein phosphatase-like N OS=Mus musculus GN=Ptprn PE=1 SV=2 - [PTPRN_MOUSE]
D9HP81,Regulating synaptic membrane exocytosis 2 OS=Mus musculus GN=Rims2 PE=2 SV=1 - [D9HP81_MOUSE]
F6VBR4,Regulating synaptic membrane exocytosis protein 1 OS=Mus musculus GN=Rims1 PE=1 SV=2 - [F6VBR4_MOUSE]
Q99NE5,Regulating synaptic membrane exocytosis protein 1 OS=Mus musculus GN=Rims1 PE=1 SV=2 - [RIMS1_MOUSE]
Q9EQZ7,Regulating synaptic membrane exocytosis protein 2 OS=Mus musculus GN=Rims2 PE=1 SV=1 - [RIMS2_MOUSE]
Q9DBX1,Regulator of cell cycle RGCC OS=Mus musculus GN=Rgcc PE=1 SV=1 - [RGCC_MOUSE]
Q148R9,Regulator of G-protein signaling 9-binding protein OS=Mus musculus GN=Rgs9bp PE=1 SV=2 - [R9BP_MOUSE]
E9QNN3,Regulator of G-protein-signaling 11 OS=Mus musculus GN=Rgs11 PE=4 SV=1 - [E9QNN3_MOUSE]
A0A087WRN0,Regulator of G-protein-signaling 6 (Fragment) OS=Mus musculus GN=Rgs6 PE=4 SV=1 - [A0A087WRN0_MOUSE]
Q80XD3,Regulator of G-protein-signaling 7 OS=Mus musculus GN=Rgs7 PE=2 SV=1 - [Q80XD3_MOUSE]
Q9DCV4,Regulator of microtubule dynamics protein 1 OS=Mus musculus GN=Rmdn1 PE=1 SV=2 - [RMD1_MOUSE]
Q8K4Q0,Regulatory-associated protein of mTOR OS=Mus musculus GN=Rptor PE=1 SV=1 - [RPTOR_MOUSE]
Q8K2J7,RELT-like protein 1 OS=Mus musculus GN=Rell1 PE=2 SV=2 - [RELL1_MOUSE]
Q8BRJ3,RELT-like protein 2 OS=Mus musculus GN=Rell2 PE=2 SV=1 - [RELL2_MOUSE]
Q9CYN9,Renin receptor OS=Mus musculus GN=Atp6ap2 PE=2 SV=2 - [RENR_MOUSE]
Q6PCX7,Repulsive guidance molecule A OS=Mus musculus GN=Rgma PE=1 SV=1 - [RGMA_MOUSE]
Q8C796,REST corepressor 2 OS=Mus musculus GN=Rcor2 PE=2 SV=1 - [RCOR2_MOUSE]
Q8VH31,Ret finger protein-like 4A OS=Mus musculus GN=Rfpl4a PE=2 SV=1 - [RFPLA_MOUSE]
Q05186,Reticulocalbin-1 OS=Mus musculus GN=Rcn1 PE=1 SV=1 - [RCN1_MOUSE]
D3Z3A9,Reticulocalbin-3 (Fragment) OS=Mus musculus GN=Rcn3 PE=4 SV=1 - [D3Z3A9_MOUSE]
Q99PI8,Reticulon-4 receptor OS=Mus musculus GN=Rtn4r PE=2 SV=1 - [RTN4R_MOUSE]
Q8CEE7,Retinol dehydrogenase 13 OS=Mus musculus GN=Rdh13 PE=2 SV=1 - [RDH13_MOUSE]
Q32KG4,Retrotransposon gag domain-containing protein 1 OS=Mus musculus GN=Rgag1 PE=2 SV=1 - [RGAG1_MOUSE]
Q6Y5D8,Rho GTPase-activating protein 10 OS=Mus musculus GN=Arhgap10 PE=1 SV=2 - [RHG10_MOUSE]
Q3UIA2,Rho GTPase-activating protein 17 OS=Mus musculus GN=Arhgap17 PE=2 SV=1 - [RHG17_MOUSE]
P70336,Rho-associated protein kinase 2 OS=Mus musculus GN=Rock2 PE=1 SV=1 - [ROCK2_MOUSE]
Q91V93,Rho-related BTB domain-containing protein 2 OS=Mus musculus GN=Rhobtb2 PE=2 SV=2 - [RHBT2_MOUSE]
Q14B46,Rhotekin-2 OS=Mus musculus GN=Rtkn2 PE=2 SV=2 - [RTKN2_MOUSE]
G3UYU5,Ribonuclease P protein subunit p40 OS=Mus musculus GN=Rpp40 PE=4 SV=1 - [G3UYU5_MOUSE]
Q9D7G0,Ribose-phosphate pyrophosphokinase 1 OS=Mus musculus GN=Prps1 PE=1 SV=4 - [PRPS1_MOUSE]
Q9CQF8,"Ribosomal protein 63, mitochondrial OS=Mus musculus GN=Mrpl57 PE=2 SV=1 - [RT63_MOUSE]"
P18653,Ribosomal protein S6 kinase alpha-1 OS=Mus musculus GN=Rps6ka1 PE=1 SV=1 - [KS6A1_MOUSE]
Q9WUT3,Ribosomal protein S6 kinase alpha-2 OS=Mus musculus GN=Rps6ka2 PE=1 SV=1 - [KS6A2_MOUSE]
P18654,Ribosomal protein S6 kinase alpha-3 OS=Mus musculus GN=Rps6ka3 PE=1 SV=2 - [KS6A3_MOUSE]
Q8C050,Ribosomal protein S6 kinase alpha-5 OS=Mus musculus GN=Rps6ka5 PE=1 SV=2 - [KS6A5_MOUSE]
Q8BSK8,Ribosomal protein S6 kinase beta-1 OS=Mus musculus GN=Rps6kb1 PE=1 SV=2 - [KS6B1_MOUSE]
Q9DCA5,Ribosome biogenesis protein BRX1 homolog OS=Mus musculus GN=Brix1 PE=2 SV=3 - [BRX1_MOUSE]
Q99PL5,Ribosome-binding protein 1 OS=Mus musculus GN=Rrbp1 PE=1 SV=2 - [RRBP1_MOUSE]
Q9D6S7,"Ribosome-recycling factor, mitochondrial OS=Mus musculus GN=Mrrf PE=1 SV=1 - [RRFM_MOUSE]"
Q80U40,RIMS-binding protein 2 OS=Mus musculus GN=Rimbp2 PE=1 SV=3 - [RIMB2_MOUSE]
Q8BFU3,RING finger protein 214 OS=Mus musculus GN=Rnf214 PE=2 SV=1 - [RN214_MOUSE]
Q7TT28,RNA exonuclease 1 homolog OS=Mus musculus GN=Rexo1 PE=2 SV=1 - [REXO1_MOUSE]
Q3UKU1,RNA polymerase II elongation factor ELL2 OS=Mus musculus GN=Ell2 PE=2 SV=2 - [ELL2_MOUSE]
B2RY56,RNA-binding protein 25 OS=Mus musculus GN=Rbm25 PE=1 SV=2 - [RBM25_MOUSE]
Q8VH51,RNA-binding protein 39 OS=Mus musculus GN=Rbm39 PE=1 SV=2 - [RBM39_MOUSE]
Q3UE17,RNA-binding protein MEX3D OS=Mus musculus GN=Mex3d PE=2 SV=2 - [MEX3D_MOUSE]
Q920Q6,RNA-binding protein Musashi homolog 2 OS=Mus musculus GN=Msi2 PE=1 SV=1 - [MSI2H_MOUSE]
Q8CJ40,Rootletin OS=Mus musculus GN=Crocc PE=1 SV=2 - [CROCC_MOUSE]
H7BX02,Roquin-1 OS=Mus musculus GN=Rc3h1 PE=1 SV=1 - [H7BX02_MOUSE]
D3Z4M6,Roundabout homolog 3 OS=Mus musculus GN=Robo3 PE=4 SV=1 - [D3Z4M6_MOUSE]
P35550,rRNA 2'-O-methyltransferase fibrillarin OS=Mus musculus GN=Fbl PE=2 SV=2 - [FBRL_MOUSE]
Q6P5B0,RRP12-like protein OS=Mus musculus GN=Rrp12 PE=1 SV=1 - [RRP12_MOUSE]
P60122,RuvB-like 1 OS=Mus musculus GN=Ruvbl1 PE=1 SV=1 - [RUVB1_MOUSE]
Q9CQK7,RWD domain-containing protein 1 OS=Mus musculus GN=Rwdd1 PE=1 SV=1 - [RWDD1_MOUSE]
E9PZQ0,Ryanodine receptor 1 OS=Mus musculus GN=Ryr1 PE=1 SV=1 - [RYR1_MOUSE]
E9PW34,Ryanodine receptor 3 OS=Mus musculus GN=Ryr3 PE=4 SV=1 - [E9PW34_MOUSE]
Q9JLC8,Sacsin OS=Mus musculus GN=Sacs PE=1 SV=2 - [SACS_MOUSE]
Q9D1J3,SAP domain-containing ribonucleoprotein OS=Mus musculus GN=Sarnp PE=1 SV=3 - [SARNP_MOUSE]
Q7TQ48,Sarcalumenin OS=Mus musculus GN=Srl PE=1 SV=1 - [SRCA_MOUSE]
Q9EQG3,Sciellin OS=Mus musculus GN=Scel PE=1 SV=2 - [SCEL_MOUSE]
Q99J08,SEC14-like protein 2 OS=Mus musculus GN=Sec14l2 PE=1 SV=1 - [S14L2_MOUSE]
Q8VCA8,Secernin-2 OS=Mus musculus GN=Scrn2 PE=2 SV=1 - [SCRN2_MOUSE]
Q9WU66,Secreted frizzled-related protein 5 OS=Mus musculus GN=Sfrp5 PE=2 SV=1 - [SFRP5_MOUSE]
P47867,Secretogranin-3 OS=Mus musculus GN=Scg3 PE=1 SV=1 - [SCG3_MOUSE]
Q8K021,Secretory carrier-associated membrane protein 1 OS=Mus musculus GN=Scamp1 PE=1 SV=1 - [SCAM1_MOUSE]
E9Q855,Secretory carrier-associated membrane protein 3 OS=Mus musculus GN=Scamp3 PE=1 SV=1 - [E9Q855_MOUSE]
A0A0A0MQE3,Secretory phospholipase A2 receptor OS=Mus musculus GN=Pla2r1 PE=4 SV=1 - [A0A0A0MQE3_MOUSE]
P17563,Selenium-binding protein 1 OS=Mus musculus GN=Selenbp1 PE=1 SV=2 - [SBP1_MOUSE]
O09126,Semaphorin-4D OS=Mus musculus GN=Sema4d PE=1 SV=2 - [SEM4D_MOUSE]
Q91ZX6,Sentrin-specific protease 2 OS=Mus musculus GN=Senp2 PE=1 SV=2 - [SENP2_MOUSE]
Q8C1B7,Septin-11 OS=Mus musculus GN=Sept11 PE=1 SV=4 - [SEP11_MOUSE]
G3UYQ0,Septin-2 (Fragment) OS=Mus musculus GN=Sept2 PE=4 SV=1 - [G3UYQ0_MOUSE]
Q9CZN7,Serine hydroxymethyltransferase OS=Mus musculus GN=Shmt2 PE=2 SV=1 - [Q9CZN7_MOUSE]
Q14B24,Serine protease 57 OS=Mus musculus GN=Prss57 PE=2 SV=2 - [PRS57_MOUSE]
Q9R118,Serine protease HTRA1 OS=Mus musculus GN=Htra1 PE=1 SV=2 - [HTRA1_MOUSE]
Q8BYY9,Serine protease inhibitor A3B OS=Mus musculus GN=Serpina3b PE=2 SV=1 - [SPA3B_MOUSE]
P07759,Serine protease inhibitor A3K OS=Mus musculus GN=Serpina3k PE=1 SV=2 - [SPA3K_MOUSE]
F6T4M4,Serine/arginine repetitive matrix protein 1 (Fragment) OS=Mus musculus GN=Srrm1 PE=4 SV=1 - [F6T4M4_MOUSE]
Q6PDM2,Serine/arginine-rich splicing factor 1 OS=Mus musculus GN=Srsf1 PE=1 SV=3 - [SRSF1_MOUSE]
P84104,Serine/arginine-rich splicing factor 3 OS=Mus musculus GN=Srsf3 PE=1 SV=1 - [SRSF3_MOUSE]
Q9D0B0,Serine/arginine-rich splicing factor 9 OS=Mus musculus GN=Srsf9 PE=1 SV=1 - [SRSF9_MOUSE]
Q3TYD6,Serine/threonine-protein kinase LMTK2 OS=Mus musculus GN=Lmtk2 PE=1 SV=3 - [LMTK2_MOUSE]
Q8VHJ5,Serine/threonine-protein kinase MARK1 OS=Mus musculus GN=Mark1 PE=1 SV=2 - [MARK1_MOUSE]
Q9JLN9,Serine/threonine-protein kinase mTOR OS=Mus musculus GN=Mtor PE=1 SV=2 - [MTOR_MOUSE]
Q3UGM2,Serine/threonine-protein kinase Nek10 OS=Mus musculus GN=Nek10 PE=2 SV=2 - [NEK10_MOUSE]
Q8BHI9,Serine/threonine-protein kinase NIM1 OS=Mus musculus GN=Nim1k PE=2 SV=1 - [NIM1_MOUSE]
Q61136,Serine/threonine-protein kinase PRP4 homolog OS=Mus musculus GN=Prpf4b PE=1 SV=3 - [PRP4B_MOUSE]
E9PU87,Serine/threonine-protein kinase SIK3 OS=Mus musculus GN=Sik3 PE=1 SV=1 - [E9PU87_MOUSE]
Q9WTK7,Serine/threonine-protein kinase STK11 OS=Mus musculus GN=Stk11 PE=1 SV=1 - [STK11_MOUSE]
Q5F2E8,Serine/threonine-protein kinase TAO1 OS=Mus musculus GN=Taok1 PE=1 SV=1 - [TAOK1_MOUSE]
O70405,Serine/threonine-protein kinase ULK1 OS=Mus musculus GN=Ulk1 PE=1 SV=1 - [ULK1_MOUSE]
Q3V129,Serine/threonine-protein kinase ULK4 OS=Mus musculus GN=Ulk4 PE=2 SV=2 - [ULK4_MOUSE]
Q80W00,Serine/threonine-protein phosphatase 1 regulatory subunit 10 OS=Mus musculus GN=Ppp1r10 PE=1 SV=1 - [PP1RA_MOUSE]
Q6P1F6,Serine/threonine-protein phosphatase 2A 55 kDa regulatory subunit B alpha isoform OS=Mus musculus GN=Ppp2r2a PE=1 SV=1 - [2ABA_MOUSE]
P58389,Serine/threonine-protein phosphatase 2A activator OS=Mus musculus GN=Ppp2r4 PE=1 SV=1 - [PTPA_MOUSE]
E9Q481,Serine/threonine-protein phosphatase 4 regulatory subunit 3A OS=Mus musculus GN=Smek1 PE=1 SV=1 - [E9Q481_MOUSE]
Q8C0Y0,Serine/threonine-protein phosphatase 4 regulatory subunit 4 OS=Mus musculus GN=Ppp4r4 PE=2 SV=2 - [PP4R4_MOUSE]
Q505D1,Serine/threonine-protein phosphatase 6 regulatory ankyrin repeat subunit A OS=Mus musculus GN=Ankrd28 PE=1 SV=1 - [ANR28_MOUSE]
Q8R3Q2,Serine/threonine-protein phosphatase 6 regulatory subunit 2 OS=Mus musculus GN=Ppp6r2 PE=1 SV=1 - [PP6R2_MOUSE]
P62141,Serine/threonine-protein phosphatase PP1-beta catalytic subunit OS=Mus musculus GN=Ppp1cb PE=1 SV=3 - [PP1B_MOUSE]
Q3UHI0,Serine-rich coiled-coil domain-containing protein 2 OS=Mus musculus GN=Ccser2 PE=1 SV=1 - [CCSE2_MOUSE]
Q8C483,"Serine--tRNA ligase, cytoplasmic OS=Mus musculus GN=Sars PE=2 SV=1 - [Q8C483_MOUSE]"
F8WIV2,Serpin B6 OS=Mus musculus GN=Serpinb6a PE=1 SV=1 - [F8WIV2_MOUSE]
P19324,Serpin H1 OS=Mus musculus GN=Serpinh1 PE=1 SV=3 - [SERPH_MOUSE]
Q9JK88,Serpin I2 OS=Mus musculus GN=Serpini2 PE=2 SV=1 - [SPI2_MOUSE]
Q91X20,Set1/Ash2 histone methyltransferase complex subunit ASH2 OS=Mus musculus GN=Ash2l PE=1 SV=1 - [ASH2L_MOUSE]
A6X942,SH2 domain-containing protein 4B OS=Mus musculus GN=Sh2d4b PE=2 SV=1 - [SH24B_MOUSE]
Q8R1B0,SH3 and cysteine-rich domain-containing protein 2 OS=Mus musculus GN=Stac2 PE=2 SV=1 - [STAC2_MOUSE]
D3YZU5,SH3 and multiple ankyrin repeat domains protein 1 OS=Mus musculus GN=Shank1 PE=1 SV=1 - [D3YZU5_MOUSE]
D3YZU1,SH3 and multiple ankyrin repeat domains protein 1 OS=Mus musculus GN=Shank1 PE=1 SV=1 - [SHAN1_MOUSE]
D3Z5K8,SH3 and multiple ankyrin repeat domains protein 2 OS=Mus musculus GN=Shank2 PE=1 SV=1 - [D3Z5K8_MOUSE]
A2AAY5,SH3 and PX domain-containing protein 2B OS=Mus musculus GN=Sh3pxd2b PE=1 SV=1 - [SPD2B_MOUSE]
A2A5V4,SH3 domain-binding protein 1 OS=Mus musculus GN=Sh3bp1 PE=1 SV=1 - [A2A5V4_MOUSE]
Q8VD37,SH3-containing GRB2-like protein 3-interacting protein 1 OS=Mus musculus GN=Sgip1 PE=1 SV=1 - [SGIP1_MOUSE]
Q61120,SHC-transforming protein 3 OS=Mus musculus GN=Shc3 PE=1 SV=2 - [SHC3_MOUSE]
Q8K2Q9,Shootin-1 OS=Mus musculus GN=Kiaa1598 PE=1 SV=1 - [SHOT1_MOUSE]
Q78YZ6,Short coiled-coil protein OS=Mus musculus GN=Scoc PE=2 SV=1 - [SCOC_MOUSE]
Q61056,Short transient receptor potential channel 1 OS=Mus musculus GN=Trpc1 PE=1 SV=5 - [TRPC1_MOUSE]
Q9DBL1,"Short/branched chain specific acyl-CoA dehydrogenase, mitochondrial OS=Mus musculus GN=Acadsb PE=1 SV=1 - [ACDSB_MOUSE]"
Q9D665,Short-chain dehydrogenase/reductase family 42E member 1 OS=Mus musculus GN=Sdr42e1 PE=2 SV=1 - [D42E1_MOUSE]
A2AQ25,Sickle tail protein OS=Mus musculus GN=Skt PE=1 SV=1 - [SKT_MOUSE]
P52633,Signal transducer and transcription activator 6 OS=Mus musculus GN=Stat6 PE=1 SV=2 - [STAT6_MOUSE]
Q3UGN9,Signal transducing adapter molecule 1 OS=Mus musculus GN=Stam PE=2 SV=1 - [Q3UGN9_MOUSE]
O88811,Signal transducing adapter molecule 2 OS=Mus musculus GN=Stam2 PE=1 SV=1 - [STAM2_MOUSE]
Q8C0T5,Signal-induced proliferation-associated 1-like protein 1 OS=Mus musculus GN=Sipa1l1 PE=1 SV=2 - [SI1L1_MOUSE]
E0CYU9,Sjoegren syndrome/scleroderma autoantigen 1 homolog OS=Mus musculus GN=Sssca1 PE=4 SV=1 - [E0CYU9_MOUSE]
B1AUF2,Ski oncogene OS=Mus musculus GN=Ski PE=4 SV=1 - [B1AUF2_MOUSE]
Q8C110,SLIT and NTRK-like protein 6 OS=Mus musculus GN=Slitrk6 PE=1 SV=1 - [SLIK6_MOUSE]
Q8BJU0,Small glutamine-rich tetratricopeptide repeat-containing protein alpha OS=Mus musculus GN=Sgta PE=1 SV=2 - [SGTA_MOUSE]
P62305,Small nuclear ribonucleoprotein E OS=Mus musculus GN=Snrpe PE=2 SV=1 - [RUXE_MOUSE]
Q5XG71,Small subunit processome component 20 homolog OS=Mus musculus GN=Utp20 PE=2 SV=2 - [UTP20_MOUSE]
P63166,Small ubiquitin-related modifier 1 OS=Mus musculus GN=Sumo1 PE=1 SV=1 - [SUMO1_MOUSE]
P31650,Sodium- and chloride-dependent GABA transporter 3 OS=Mus musculus GN=Slc6a11 PE=1 SV=2 - [S6A11_MOUSE]
P31650,Sodium- and chloride-dependent GABA transporter 3 OS=Mus musculus GN=Slc6a11 PE=1 SV=2 - [S6A11_MOUSE]
P31650,Sodium- and chloride-dependent GABA transporter 3 OS=Mus musculus GN=Slc6a11 PE=1 SV=2 - [S6A11_MOUSE]
B2RXE2,Sodium/hydrogen exchanger OS=Mus musculus GN=Slc9a5 PE=2 SV=1 - [B2RXE2_MOUSE]
F7C7C4,Sodium/potassium-transporting ATPase subunit beta-1-interacting protein 2 OS=Mus musculus GN=Nkain2 PE=4 SV=1 - [F7C7C4_MOUSE]
Q9ES07,Solute carrier family 15 member 2 OS=Mus musculus GN=Slc15a2 PE=2 SV=1 - [S15A2_MOUSE]
P17809,"Solute carrier family 2, facilitated glucose transporter member 1 OS=Mus musculus GN=Slc2a1 PE=1 SV=4 - [GTR1_MOUSE]"
Q9ERH8,Solute carrier family 28 member 3 OS=Mus musculus GN=Slc28a3 PE=2 SV=1 - [S28A3_MOUSE]
Q62226,Sonic hedgehog protein OS=Mus musculus GN=Shh PE=1 SV=2 - [SHH_MOUSE]
Q6P069,Sorcin OS=Mus musculus GN=Sri PE=1 SV=1 - [SORCN_MOUSE]
G3UXB6,Sorting nexin-14 OS=Mus musculus GN=Snx14 PE=4 SV=1 - [G3UXB6_MOUSE]
D3Z479,Sorting nexin-15 OS=Mus musculus GN=Snx15 PE=4 SV=1 - [D3Z479_MOUSE]
Q3UHD6,Sorting nexin-27 OS=Mus musculus GN=Snx27 PE=1 SV=2 - [SNX27_MOUSE]
Q4VAA7,Sorting nexin-33 OS=Mus musculus GN=Snx33 PE=1 SV=1 - [SNX33_MOUSE]
Q91YJ2,Sorting nexin-4 OS=Mus musculus GN=Snx4 PE=2 SV=1 - [SNX4_MOUSE]
Q8R1X6,Spartin OS=Mus musculus GN=Spg20 PE=1 SV=1 - [SPG20_MOUSE]
Q3UHA3,Spatacsin OS=Mus musculus GN=Spg11 PE=2 SV=3 - [SPTCS_MOUSE]
Q8C0X8,Sperm motility kinase X OS=Mus musculus PE=2 SV=1 - [SMKX_MOUSE]
Q7TME2,Sperm-associated antigen 5 OS=Mus musculus GN=Spag5 PE=2 SV=1 - [SPAG5_MOUSE]
Q80VP2,Spermatogenesis-associated protein 7 homolog OS=Mus musculus GN=Spata7 PE=1 SV=1 - [SPAT7_MOUSE]
A2RRY8,Spermatogenesis-associated serine-rich protein 1 OS=Mus musculus GN=Spats1 PE=2 SV=1 - [SPAS1_MOUSE]
Q9JIA7,Sphingosine kinase 2 OS=Mus musculus GN=Sphk2 PE=1 SV=2 - [SPHK2_MOUSE]
Q9JHS9,Spliceosome-associated protein CWC15 homolog OS=Mus musculus GN=Cwc15 PE=1 SV=1 - [CWC15_MOUSE]
E9Q4Q2,Splicing factor 1 OS=Mus musculus GN=Sf1 PE=1 SV=1 - [E9Q4Q2_MOUSE]
Q8K4Z5,Splicing factor 3A subunit 1 OS=Mus musculus GN=Sf3a1 PE=1 SV=1 - [SF3A1_MOUSE]
G3UVU2,Splicing factor 3A subunit 2 OS=Mus musculus GN=Sf3a2 PE=4 SV=1 - [G3UVU2_MOUSE]
Q921M3,Splicing factor 3B subunit 3 OS=Mus musculus GN=Sf3b3 PE=2 SV=1 - [SF3B3_MOUSE]
Q923D4,Splicing factor 3B subunit 5 OS=Mus musculus GN=Sf3b5 PE=2 SV=1 - [SF3B5_MOUSE]
Q924S8,"Sprouty-related, EVH1 domain-containing protein 1 OS=Mus musculus GN=Spred1 PE=1 SV=1 - [SPRE1_MOUSE]"
Q91WK1,SPRY domain-containing protein 4 OS=Mus musculus GN=Spryd4 PE=1 SV=1 - [SPRY4_MOUSE]
P52019,Squalene monooxygenase OS=Mus musculus GN=Sqle PE=2 SV=1 - [ERG1_MOUSE]
O88452,Stanniocalcin-2 OS=Mus musculus GN=Stc2 PE=1 SV=1 - [STC2_MOUSE]
Q8R1R3,"StAR-related lipid transfer protein 7, mitochondrial OS=Mus musculus GN=Stard7 PE=2 SV=2 - [STAR7_MOUSE]"
Q9Z1W9,STE20/SPS1-related proline-alanine-rich protein kinase OS=Mus musculus GN=Stk39 PE=1 SV=1 - [STK39_MOUSE]
P27786,"Steroid 17-alpha-hydroxylase/17,20 lyase OS=Mus musculus GN=Cyp17a1 PE=2 SV=1 - [CP17A_MOUSE]"
F6XZS9,Sterol regulatory element-binding protein 1 (Fragment) OS=Mus musculus GN=Srebf1 PE=4 SV=1 - [F6XZS9_MOUSE]
Q99JB2,"Stomatin-like protein 2, mitochondrial OS=Mus musculus GN=Stoml2 PE=1 SV=1 - [STML2_MOUSE]"
O55106,Striatin OS=Mus musculus GN=Strn PE=1 SV=2 - [STRN_MOUSE]
Q9ERG2,Striatin-3 OS=Mus musculus GN=Strn3 PE=1 SV=1 - [STRN3_MOUSE]
P58404,Striatin-4 OS=Mus musculus GN=Strn4 PE=1 SV=2 - [STRN4_MOUSE]
Q9DCT5,Stromal cell-derived factor 2 OS=Mus musculus GN=Sdf2 PE=2 SV=1 - [SDF2_MOUSE]
Q9ESP1,Stromal cell-derived factor 2-like protein 1 OS=Mus musculus GN=Sdf2l1 PE=2 SV=2 - [SDF2L_MOUSE]
Q9CU62,Structural maintenance of chromosomes protein 1A OS=Mus musculus GN=Smc1a PE=1 SV=4 - [SMC1A_MOUSE]
P30549,Substance-K receptor OS=Mus musculus GN=Tacr2 PE=2 SV=1 - [NK2R_MOUSE]
Q3U276,"Succinate dehydrogenase assembly factor 1, mitochondrial OS=Mus musculus GN=Sdhaf1 PE=3 SV=1 - [SDHF1_MOUSE]"
Q8C6I2,"Succinate dehydrogenase assembly factor 2, mitochondrial OS=Mus musculus GN=Sdhaf2 PE=2 SV=1 - [SDHF2_MOUSE]"
Q8BQU3,"Succinate dehydrogenase assembly factor 3, mitochondrial OS=Mus musculus GN=Acn9 PE=2 SV=1 - [SDHF3_MOUSE]"
Q8BTE0,"Succinate dehydrogenase assembly factor 4, mitochondrial OS=Mus musculus GN=Sdhaf4 PE=2 SV=2 - [SDHF4_MOUSE]"
Q9Z2I9,"Succinyl-CoA ligase [ADP-forming] subunit beta, mitochondrial OS=Mus musculus GN=Sucla2 PE=1 SV=2 - [SUCB1_MOUSE]"
Q9Z2I8,"Succinyl-CoA ligase [GDP-forming] subunit beta, mitochondrial OS=Mus musculus GN=Suclg2 PE=1 SV=3 - [SUCB2_MOUSE]"
Q62273,Sulfate transporter OS=Mus musculus GN=Slc26a2 PE=2 SV=1 - [S26A2_MOUSE]
Q3UZZ6,Sulfotransferase 1 family member D1 OS=Mus musculus GN=Sult1d1 PE=1 SV=1 - [ST1D1_MOUSE]
P52840,Sulfotransferase 1A1 OS=Mus musculus GN=Sult1a1 PE=2 SV=1 - [ST1A1_MOUSE]
P63046,Sulfotransferase 4A1 OS=Mus musculus GN=Sult4a1 PE=2 SV=1 - [ST4A1_MOUSE]
D3YVV6,Sulfotransferase OS=Mus musculus GN=Hs3st4 PE=3 SV=1 - [D3YVV6_MOUSE]
P63280,SUMO-conjugating enzyme UBC9 OS=Mus musculus GN=Ube2i PE=1 SV=1 - [UBC9_MOUSE]
Q9JLY0,Suppressor of cytokine signaling 6 OS=Mus musculus GN=Socs6 PE=1 SV=2 - [SOCS6_MOUSE]
Q9CX34,Suppressor of G2 allele of SKP1 homolog OS=Mus musculus GN=Sugt1 PE=2 SV=3 - [SUGT1_MOUSE]
Q8CIT9,Suprabasin OS=Mus musculus GN=Sbsn PE=2 SV=1 - [SBSN_MOUSE]
Q9D5V6,Synapse-associated protein 1 OS=Mus musculus GN=Syap1 PE=1 SV=1 - [SYAP1_MOUSE]
Q8BG39,Synaptic vesicle glycoprotein 2B OS=Mus musculus GN=Sv2b PE=1 SV=1 - [SV2B_MOUSE]
Q69ZS6,Synaptic vesicle glycoprotein 2C OS=Mus musculus GN=Sv2c PE=1 SV=2 - [SV2C_MOUSE]
Q5D525,Synaptonemal complex central element protein 1-like OS=Mus musculus GN=Syce1l PE=2 SV=2 - [SYC1L_MOUSE]
Q8R570,Synaptosomal-associated protein 47 OS=Mus musculus GN=Snap47 PE=1 SV=1 - [SNP47_MOUSE]
Q920N7,Synaptotagmin-12 OS=Mus musculus GN=Syt12 PE=2 SV=1 - [SYT12_MOUSE]
P46097,Synaptotagmin-2 OS=Mus musculus GN=Syt2 PE=1 SV=1 - [SYT2_MOUSE]
Q3TIR3,Synembryn-A OS=Mus musculus GN=Ric8a PE=1 SV=2 - [RIC8A_MOUSE]
Q5SV85,Synergin gamma OS=Mus musculus GN=Synrg PE=1 SV=1 - [SYNRG_MOUSE]
Q9D614,"Syntaxin 17, isoform CRA_b OS=Mus musculus GN=Stx17 PE=2 SV=1 - [Q9D614_MOUSE]"
Q8BH40,Syntaxin 7 OS=Mus musculus GN=Stx7 PE=2 SV=1 - [Q8BH40_MOUSE]
O35526,Syntaxin-1A OS=Mus musculus GN=Stx1a PE=1 SV=3 - [STX1A_MOUSE]
Q3TJ55,Syntaxin-2 OS=Mus musculus GN=Stx2 PE=2 SV=1 - [Q3TJ55_MOUSE]
P70452,Syntaxin-4 OS=Mus musculus GN=Stx4 PE=1 SV=1 - [STX4_MOUSE]
Q9JKK1,Syntaxin-6 OS=Mus musculus GN=Stx6 PE=1 SV=1 - [STX6_MOUSE]
Q8K400,Syntaxin-binding protein 5 OS=Mus musculus GN=Stxbp5 PE=1 SV=3 - [STXB5_MOUSE]
A0A087WR97,TAR DNA-binding protein 43 (Fragment) OS=Mus musculus GN=Tardbp PE=4 SV=1 - [A0A087WR97_MOUSE]
Q921F2,TAR DNA-binding protein 43 OS=Mus musculus GN=Tardbp PE=1 SV=1 - [TADBP_MOUSE]
Q7M724,Taste receptor type 2 member 106 OS=Mus musculus GN=Tas2r106 PE=2 SV=1 - [TR106_MOUSE]
K7N6J6,Taste receptor type 2 OS=Mus musculus GN=Vmn1r120 PE=3 SV=1 - [K7N6J6_MOUSE]
Q8BHL3,TBC1 domain family member 10B OS=Mus musculus GN=Tbc1d10b PE=1 SV=2 - [TB10B_MOUSE]
Q8K0F1,TBC1 domain family member 23 OS=Mus musculus GN=Tbc1d23 PE=2 SV=1 - [TBC23_MOUSE]
B1AVH7,TBC1 domain family member 2A OS=Mus musculus GN=Tbc1d2 PE=2 SV=1 - [TBD2A_MOUSE]
Q80XQ2,TBC1 domain family member 5 OS=Mus musculus GN=Tbc1d5 PE=1 SV=2 - [TBCD5_MOUSE]
Q9Z1A9,TBC1 domain family member 8 OS=Mus musculus GN=Tbc1d8 PE=2 SV=2 - [TBCD8_MOUSE]
Q5SVR0,TBC1 domain family member 9B OS=Mus musculus GN=Tbc1d9b PE=2 SV=1 - [TBC9B_MOUSE]
P80316,T-complex protein 1 subunit epsilon OS=Mus musculus GN=Cct5 PE=1 SV=1 - [TCPE_MOUSE]
Q80VP0,Tectonin beta-propeller repeat-containing protein 1 OS=Mus musculus GN=Tecpr1 PE=2 SV=1 - [TCPR1_MOUSE]
Q9DAJ2,Tektin-1 OS=Mus musculus GN=Tekt1 PE=2 SV=1 - [TEKT1_MOUSE]
O35144,Telomeric repeat-binding factor 2 OS=Mus musculus GN=Terf2 PE=1 SV=3 - [TERF2_MOUSE]
Q80Z71,Tenascin-N OS=Mus musculus GN=Tnn PE=1 SV=2 - [TENN_MOUSE]
Q8CGB6,Tensin-like C1 domain-containing phosphatase OS=Mus musculus GN=Tenc1 PE=1 SV=1 - [TENC1_MOUSE]
Q9ER58,Testican-2 OS=Mus musculus GN=Spock2 PE=2 SV=1 - [TICN2_MOUSE]
Q8BKV0,Testican-3 OS=Mus musculus GN=Spock3 PE=2 SV=2 - [TICN3_MOUSE]
E5FYH1,Testis- and ovary-specific PAZ domain-containing protein 1 OS=Mus musculus GN=Topaz1 PE=2 SV=1 - [TOPZ1_MOUSE]
O54887,Testis-specific serine kinase substrate OS=Mus musculus GN=Tsks PE=1 SV=4 - [TSKS_MOUSE]
P70385,Testosterone 17-beta-dehydrogenase 3 OS=Mus musculus GN=Hsd17b3 PE=1 SV=2 - [DHB3_MOUSE]
Q9CY00,Tetratricopeptide repeat protein 30B OS=Mus musculus GN=Ttc30b PE=2 SV=1 - [TT30B_MOUSE]
Q99LG4,Tetratricopeptide repeat protein 5 OS=Mus musculus GN=Ttc5 PE=1 SV=2 - [TTC5_MOUSE]
Q810A3,Tetratricopeptide repeat protein 9C OS=Mus musculus GN=Ttc9c PE=2 SV=1 - [TTC9C_MOUSE]
O08811,TFIIH basal transcription factor complex helicase XPD subunit OS=Mus musculus GN=Ercc2 PE=2 SV=2 - [ERCC2_MOUSE]
Q8C1A5,Thimet oligopeptidase OS=Mus musculus GN=Thop1 PE=1 SV=1 - [THOP1_MOUSE]
H7BX21,Thioredoxin domain-containing protein 2 OS=Mus musculus GN=Txndc2 PE=4 SV=1 - [H7BX21_MOUSE]
Q99MD6,Thioredoxin reductase 3 OS=Mus musculus GN=Txnrd3 PE=1 SV=3 - [TRXR3_MOUSE]
Q9D0B5,Thiosulfate sulfurtransferase/rhodanese-like domain-containing protein 3 OS=Mus musculus GN=Tstd3 PE=1 SV=1 - [TSTD3_MOUSE]
Q3UQ84,"Threonine--tRNA ligase, mitochondrial OS=Mus musculus GN=Tars2 PE=2 SV=1 - [SYTM_MOUSE]"
Q80YQ1,Thrombospondin 1 OS=Mus musculus GN=Thbs1 PE=2 SV=1 - [Q80YQ1_MOUSE]
P97930,Thymidylate kinase OS=Mus musculus GN=Dtymk PE=2 SV=2 - [KTHY_MOUSE]
Q91YJ3,Thymocyte nuclear protein 1 OS=Mus musculus GN=Thyn1 PE=1 SV=1 - [THYN1_MOUSE]
Q9QXY1,Tight junction protein ZO-3 OS=Mus musculus GN=Tjp3 PE=1 SV=1 - [ZO3_MOUSE]
A2ASS6,Titin OS=Mus musculus GN=Ttn PE=1 SV=1 - [TITIN_MOUSE]
F6R2M8,TM2 domain-containing protein 1 (Fragment) OS=Mus musculus GN=Tm2d1 PE=4 SV=1 - [F6R2M8_MOUSE]
Q6P3Z7,Tnnt2 protein OS=Mus musculus GN=Tnnt2 PE=2 SV=1 - [Q6P3Z7_MOUSE]
Q5NCF2,Trafficking protein particle complex subunit 1 OS=Mus musculus GN=Trappc1 PE=1 SV=1 - [TPPC1_MOUSE]
O55013,Trafficking protein particle complex subunit 3 OS=Mus musculus GN=Trappc3 PE=1 SV=1 - [TPPC3_MOUSE]
Q4KL14,Trafficking protein particle complex subunit 3-like protein OS=Mus musculus GN=Trappc3l PE=2 SV=1 - [TPC3L_MOUSE]
Q9JIX0,Transcription and mRNA export factor ENY2 OS=Mus musculus GN=Eny2 PE=2 SV=1 - [ENY2_MOUSE]
P10711,Transcription elongation factor A protein 1 OS=Mus musculus GN=Tcea1 PE=1 SV=2 - [TCEA1_MOUSE]
Q8CCT4,Transcription elongation factor A protein-like 5 OS=Mus musculus GN=Tceal5 PE=1 SV=1 - [TCAL5_MOUSE]
P62869,Transcription elongation factor B polypeptide 2 OS=Mus musculus GN=Tceb2 PE=1 SV=1 - [ELOB_MOUSE]
O55201,Transcription elongation factor SPT5 OS=Mus musculus GN=Supt5h PE=1 SV=1 - [SPT5H_MOUSE]
Q8CGF7,Transcription elongation regulator 1 OS=Mus musculus GN=Tcerg1 PE=1 SV=2 - [TCRG1_MOUSE]
Q8R3L2,Transcription factor 25 OS=Mus musculus GN=Tcf25 PE=1 SV=2 - [TCF25_MOUSE]
Q64152,Transcription factor BTF3 OS=Mus musculus GN=Btf3 PE=1 SV=3 - [BTF3_MOUSE]
A0A087WNL4,Transcription factor Dp-2 (Fragment) OS=Mus musculus GN=Tfdp2 PE=4 SV=1 - [A0A087WNL4_MOUSE]
O54917,Transcription factor E2F6 OS=Mus musculus GN=E2f6 PE=2 SV=2 - [E2F6_MOUSE]
Q3UHF7,Transcription factor HIVEP2 OS=Mus musculus GN=Hivep2 PE=1 SV=1 - [ZEP2_MOUSE]
F7D7H6,Transcription factor HIVEP3 OS=Mus musculus GN=Hivep3 PE=4 SV=1 - [F7D7H6_MOUSE]
Q04207,Transcription factor p65 OS=Mus musculus GN=Rela PE=1 SV=1 - [TF65_MOUSE]
Q8CGW4,Transcription factor SOX-30 OS=Mus musculus GN=Sox30 PE=2 SV=1 - [SOX30_MOUSE]
P35710,Transcription factor SOX-5 OS=Mus musculus GN=Sox5 PE=1 SV=2 - [SOX5_MOUSE]
Q3TTC2,Transcription factor YY2 OS=Mus musculus GN=Yy2 PE=2 SV=1 - [TYY2_MOUSE]
D3YZK4,Transcription initiation factor TFIID subunit 1 OS=Mus musculus GN=Taf1 PE=1 SV=1 - [D3YZK4_MOUSE]
Q5HZG4,Transcription initiation factor TFIID subunit 3 OS=Mus musculus GN=Taf3 PE=1 SV=2 - [TAF3_MOUSE]
Q8C092,Transcription initiation factor TFIID subunit 5 OS=Mus musculus GN=Taf5 PE=2 SV=1 - [TAF5_MOUSE]
Q8VHR5,Transcriptional repressor p66-beta OS=Mus musculus GN=Gatad2b PE=1 SV=1 - [P66B_MOUSE]
P27090,Transforming growth factor beta-2 OS=Mus musculus GN=Tgfb2 PE=1 SV=2 - [TGFB2_MOUSE]
P37804,Transgelin OS=Mus musculus GN=Tagln PE=1 SV=3 - [TAGL_MOUSE]
Q923J1,Transient receptor potential cation channel subfamily M member 7 OS=Mus musculus GN=Trpm7 PE=1 SV=1 - [TRPM7_MOUSE]
A0A0A6YW69,Transient receptor potential cation channel subfamily V member 5 OS=Mus musculus GN=Trpv5 PE=4 SV=1 - [A0A0A6YW69_MOUSE]
Q62348,Translin OS=Mus musculus GN=Tsn PE=1 SV=1 - [TSN_MOUSE]
Q99P25,Translin-associated factor X-interacting protein 1 OS=Mus musculus GN=Tsnaxip1 PE=1 SV=2 - [TXIP1_MOUSE]
Q9CRG1,Transmembrane 7 superfamily member 3 OS=Mus musculus GN=Tm7sf3 PE=2 SV=2 - [TM7S3_MOUSE]
Q80X59,Transmembrane and coiled-coil domain-containing protein 5B OS=Mus musculus GN=Tmco5b PE=2 SV=1 - [TMC5B_MOUSE]
Q7TN58,Transmembrane channel-like protein 8 OS=Mus musculus GN=Tmc8 PE=1 SV=2 - [TMC8_MOUSE]
E9QPR6,Transmembrane protease serine 13 OS=Mus musculus GN=Tmprss13 PE=3 SV=1 - [E9QPR6_MOUSE]
Q9DBI0,Transmembrane protease serine 6 OS=Mus musculus GN=Tmprss6 PE=1 SV=4 - [TMPS6_MOUSE]
Q8VC04,Transmembrane protein 106A OS=Mus musculus GN=Tmem106a PE=2 SV=1 - [T106A_MOUSE]
Q6PDE8,Transmembrane protein 180 OS=Mus musculus GN=Tmem180 PE=2 SV=1 - [TM180_MOUSE]
Q80W35,Transmembrane protein 202 OS=Mus musculus GN=Tmem202 PE=2 SV=1 - [TM202_MOUSE]
Q4FJU9,Transmembrane protein 40 OS=Mus musculus GN=Tmem40 PE=2 SV=1 - [TMM40_MOUSE]
Q8BMS1,"Trifunctional enzyme subunit alpha, mitochondrial OS=Mus musculus GN=Hadha PE=1 SV=1 - [ECHA_MOUSE]"
Q64737,Trifunctional purine biosynthetic protein adenosine-3 OS=Mus musculus GN=Gart PE=2 SV=3 - [PUR2_MOUSE]
B7ZWG4,Trim40 protein OS=Mus musculus GN=Trim40 PE=2 SV=1 - [B7ZWG4_MOUSE]
Q3TMP8,Trimeric intracellular cation channel type A OS=Mus musculus GN=Tmem38a PE=1 SV=2 - [TM38A_MOUSE]
Q99PP6,Tripartite motif-containing protein 34A OS=Mus musculus GN=Trim34a PE=2 SV=2 - [TR34A_MOUSE]
A0A087WPC1,Tripartite motif-containing protein 43C OS=Mus musculus GN=Trim43c PE=4 SV=1 - [A0A087WPC1_MOUSE]
D3Z0I5,Tripartite motif-containing protein 59 (Fragment) OS=Mus musculus GN=Trim59 PE=4 SV=1 - [D3Z0I5_MOUSE]
Q8BGE7,Tripartite motif-containing protein 6 OS=Mus musculus GN=Trim6 PE=2 SV=1 - [TRIM6_MOUSE]
Q8VI40,Tripartite motif-containing protein 60 OS=Mus musculus GN=Trim60 PE=1 SV=1 - [TRI60_MOUSE]
Q8BFW4,Tripartite motif-containing protein 65 OS=Mus musculus GN=Trim65 PE=2 SV=1 - [TRI65_MOUSE]
Q64514,Tripeptidyl-peptidase 2 OS=Mus musculus GN=Tpp2 PE=1 SV=3 - [TPP2_MOUSE]
Q9WU56,"tRNA pseudouridine synthase A, mitochondrial OS=Mus musculus GN=Pus1 PE=1 SV=2 - [TRUA_MOUSE]"
Q8BSA9,tRNA wybutosine-synthesizing protein 3 homolog OS=Mus musculus GN=Tyw3 PE=2 SV=1 - [TYW3_MOUSE]
Q91XI1,tRNA-dihydrouridine(47) synthase [NAD(P)(+)]-like OS=Mus musculus GN=Dus3l PE=2 SV=1 - [DUS3L_MOUSE]
Q9JLH8,Tropomodulin-4 OS=Mus musculus GN=Tmod4 PE=2 SV=1 - [TMOD4_MOUSE]
Q9CYK1,"Tryptophan--tRNA ligase, mitochondrial OS=Mus musculus GN=Wars2 PE=2 SV=2 - [SYWM_MOUSE]"
D3Z0V7,TSC22 domain family protein 1 OS=Mus musculus GN=Tsc22d1 PE=4 SV=1 - [D3Z0V7_MOUSE]
Q9Z2S7,TSC22 domain family protein 3 OS=Mus musculus GN=Tsc22d3 PE=1 SV=2 - [T22D3_MOUSE]
Q9JIL5,Tubby-related protein 4 OS=Mus musculus GN=Tulp4 PE=2 SV=1 - [TULP4_MOUSE]
Q61037,Tuberin OS=Mus musculus GN=Tsc2 PE=1 SV=1 - [TSC2_MOUSE]
Q8VCN9,Tubulin-specific chaperone C OS=Mus musculus GN=Tbcc PE=2 SV=1 - [TBCC_MOUSE]
Q8BYA0,Tubulin-specific chaperone D OS=Mus musculus GN=Tbcd PE=2 SV=1 - [TBCD_MOUSE]
Q8CIV8,Tubulin-specific chaperone E OS=Mus musculus GN=Tbce PE=1 SV=1 - [TBCE_MOUSE]
Q3UDE2,Tubulin--tyrosine ligase-like protein 12 OS=Mus musculus GN=Ttll12 PE=2 SV=1 - [TTL12_MOUSE]
Q99MV1,Tudor domain-containing protein 1 OS=Mus musculus GN=Tdrd1 PE=1 SV=2 - [TDRD1_MOUSE]
A0A0A0MQD1,Tudor domain-containing protein 7 OS=Mus musculus GN=Tdrd7 PE=4 SV=1 - [A0A0A0MQD1_MOUSE]
Q9DBS2,Tumor protein p63-regulated gene 1-like protein OS=Mus musculus GN=Tprg1l PE=1 SV=1 - [TPRGL_MOUSE]
Q9WVF8,Tumor suppressor candidate 2 OS=Mus musculus GN=Tusc2 PE=1 SV=3 - [TUSC2_MOUSE]
P35991,Tyrosine-protein kinase BTK OS=Mus musculus GN=Btk PE=1 SV=4 - [BTK_MOUSE]
P16879,Tyrosine-protein kinase Fes/Fps OS=Mus musculus GN=Fes PE=1 SV=2 - [FES_MOUSE]
Q62137,Tyrosine-protein kinase JAK3 OS=Mus musculus GN=Jak3 PE=1 SV=2 - [JAK3_MOUSE]
E9QPE2,Tyrosine-protein kinase receptor OS=Mus musculus GN=Pdgfrb PE=3 SV=1 - [E9QPE2_MOUSE]
P55144,Tyrosine-protein kinase receptor TYRO3 OS=Mus musculus GN=Tyro3 PE=1 SV=2 - [TYRO3_MOUSE]
Q9Z138,Tyrosine-protein kinase transmembrane receptor ROR2 OS=Mus musculus GN=Ror2 PE=1 SV=2 - [ROR2_MOUSE]
A2ALK8,Tyrosine-protein phosphatase non-receptor type 3 OS=Mus musculus GN=Ptpn3 PE=2 SV=1 - [PTN3_MOUSE]
Q8BUM3,Tyrosine-protein phosphatase non-receptor type 7 OS=Mus musculus GN=Ptpn7 PE=1 SV=1 - [PTN7_MOUSE]
Q8BYL4,"Tyrosine--tRNA ligase, mitochondrial OS=Mus musculus GN=Yars2 PE=1 SV=2 - [SYYM_MOUSE]"
B8JJC1,Tyrosyl-DNA phosphodiesterase 1 OS=Mus musculus GN=Tdp1 PE=4 SV=1 - [B8JJC1_MOUSE]
P57784,U2 small nuclear ribonucleoprotein A' OS=Mus musculus GN=Snrpa1 PE=1 SV=2 - [RU2A_MOUSE]
P62313,U6 snRNA-associated Sm-like protein LSm6 OS=Mus musculus GN=Lsm6 PE=3 SV=1 - [LSM6_MOUSE]
Q9CQY6,Ubiquinol-cytochrome-c reductase complex assembly factor 2 OS=Mus musculus GN=Uqcc2 PE=1 SV=1 - [UQCC2_MOUSE]
Q8R1S0,Ubiquinone biosynthesis monooxygenase COQ6 OS=Mus musculus GN=Coq6 PE=1 SV=3 - [COQ6_MOUSE]
Q6P9L4,Ubiquitin carboxyl-terminal hydrolase 49 OS=Mus musculus GN=Usp49 PE=2 SV=1 - [UBP49_MOUSE]
Q80U87,Ubiquitin carboxyl-terminal hydrolase 8 OS=Mus musculus GN=Usp8 PE=1 SV=2 - [UBP8_MOUSE]
F8VPZ3,Ubiquitin carboxyl-terminal hydrolase OS=Mus musculus GN=Usp32 PE=3 SV=1 - [F8VPZ3_MOUSE]
F8VPU6,Ubiquitin carboxyl-terminal hydrolase OS=Mus musculus GN=Usp9y PE=3 SV=1 - [F8VPU6_MOUSE]
Q7TQI3,Ubiquitin thioesterase OTUB1 OS=Mus musculus GN=Otub1 PE=1 SV=2 - [OTUB1_MOUSE]
H3BJB9,Ubiquitin-associated and SH3 domain-containing protein B (Fragment) OS=Mus musculus GN=Ubash3b PE=4 SV=4 - [H3BJB9_MOUSE]
P62838,Ubiquitin-conjugating enzyme E2 D2 OS=Mus musculus GN=Ube2d2 PE=1 SV=1 - [UB2D2_MOUSE]
Q6ZWZ2,Ubiquitin-conjugating enzyme E2 R2 OS=Mus musculus GN=Ube2r2 PE=2 SV=1 - [UB2R2_MOUSE]
Q9CR09,Ubiquitin-fold modifier-conjugating enzyme 1 OS=Mus musculus GN=Ufc1 PE=2 SV=1 - [UFC1_MOUSE]
E0CY38,"Ubiquitin-like 5, isoform CRA_a OS=Mus musculus GN=Ubl5 PE=4 SV=1 - [E0CY38_MOUSE]"
P21126,Ubiquitin-like protein 4A OS=Mus musculus GN=Ubl4a PE=2 SV=1 - [UBL4A_MOUSE]
Q922Y1,UBX domain-containing protein 1 OS=Mus musculus GN=Ubxn1 PE=1 SV=1 - [UBXN1_MOUSE]
Q8VI16,"UDP-GlcNAc:betaGal beta-1,3-N-acetylglucosaminyltransferase 9 OS=Mus musculus GN=B3gnt9 PE=2 SV=1 - [B3GN9_MOUSE]"
Q8R059,UDP-glucose 4-epimerase OS=Mus musculus GN=Gale PE=2 SV=1 - [GALE_MOUSE]
Q6P5E4,UDP-glucose:glycoprotein glucosyltransferase 1 OS=Mus musculus GN=Uggt1 PE=1 SV=4 - [UGGG1_MOUSE]
Q5SYD0,Unconventional myosin-Id OS=Mus musculus GN=Myo1d PE=1 SV=1 - [MYO1D_MOUSE]
D3Z3A8,Unconventional myosin-IXa OS=Mus musculus GN=Myo9a PE=4 SV=1 - [D3Z3A8_MOUSE]
E9PVU0,Unconventional myosin-VI OS=Mus musculus GN=Myo6 PE=4 SV=1 - [E9PVU0_MOUSE]
P97479,Unconventional myosin-VIIa OS=Mus musculus GN=Myo7a PE=1 SV=2 - [MYO7A_MOUSE]
Q9JMH9,Unconventional myosin-XVIIIa OS=Mus musculus GN=Myo18a PE=1 SV=2 - [MY18A_MOUSE]
A6H630,UPF0364 protein C6orf211 homolog OS=Mus musculus PE=2 SV=1 - [CF211_MOUSE]
Q9D7E4,UPF0449 protein C19orf25 homolog OS=Mus musculus PE=1 SV=1 - [CS025_MOUSE]
Q8CAK3,UPF0515 protein C19orf66 homolog OS=Mus musculus PE=2 SV=1 - [CS066_MOUSE]
Q6GQU0,UPF0524 protein C3orf70 homolog OS=Mus musculus PE=2 SV=1 - [CC070_MOUSE]
Q8VE95,UPF0598 protein C8orf82 homolog OS=Mus musculus PE=2 SV=1 - [CH082_MOUSE]
P51163,Uroporphyrinogen-III synthase OS=Mus musculus GN=Uros PE=2 SV=1 - [HEM4_MOUSE]
Q91ZJ5,UTP--glucose-1-phosphate uridylyltransferase OS=Mus musculus GN=Ugp2 PE=2 SV=3 - [UGPA_MOUSE]
P15919,V(D)J recombination-activating protein 1 OS=Mus musculus GN=Rag1 PE=1 SV=2 - [RAG1_MOUSE]
P21784,V(D)J recombination-activating protein 2 OS=Mus musculus GN=Rag2 PE=1 SV=2 - [RAG2_MOUSE]
E9QKX5,Vacuolar protein sorting-associated protein 13B OS=Mus musculus GN=Vps13b PE=4 SV=1 - [E9QKX5_MOUSE]
P40336,Vacuolar protein sorting-associated protein 26A OS=Mus musculus GN=Vps26a PE=1 SV=1 - [VP26A_MOUSE]
Q8C0E2,Vacuolar protein sorting-associated protein 26B OS=Mus musculus GN=Vps26b PE=1 SV=1 - [VP26B_MOUSE]
A2A4J8,Vacuolar protein-sorting-associated protein 25 OS=Mus musculus GN=Vps25 PE=4 SV=1 - [A2A4J8_MOUSE]
Q9CZ28,Vacuolar-sorting protein SNF8 OS=Mus musculus GN=Snf8 PE=2 SV=1 - [SNF8_MOUSE]
P35969,Vascular endothelial growth factor receptor 1 OS=Mus musculus GN=Flt1 PE=1 SV=1 - [VGFR1_MOUSE]
A1A535,Ventricular zone-expressed PH domain-containing protein 1 OS=Mus musculus GN=Veph1 PE=2 SV=2 - [MELT_MOUSE]
O35488,Very long-chain acyl-CoA synthetase OS=Mus musculus GN=Slc27a2 PE=1 SV=2 - [S27A2_MOUSE]
E9Q6R3,Vesicle-trafficking protein SEC22b OS=Mus musculus GN=Sec22b PE=1 SV=1 - [E9Q6R3_MOUSE]
Q3TXX4,Vesicular glutamate transporter 1 OS=Mus musculus GN=Slc17a7 PE=1 SV=2 - [VGLU1_MOUSE]
Q8BLE7,Vesicular glutamate transporter 2 OS=Mus musculus GN=Slc17a6 PE=1 SV=1 - [VGLU2_MOUSE]
Q60932,Voltage-dependent anion-selective channel protein 1 OS=Mus musculus GN=Vdac1 PE=1 SV=3 - [VDAC1_MOUSE]
O08532,Voltage-dependent calcium channel subunit alpha-2/delta-1 OS=Mus musculus GN=Cacna2d1 PE=1 SV=1 - [CA2D1_MOUSE]
E9Q683,Voltage-dependent calcium channel subunit alpha-2/delta-2 OS=Mus musculus GN=Cacna2d2 PE=4 SV=2 - [E9Q683_MOUSE]
Q01815,Voltage-dependent L-type calcium channel subunit alpha-1C OS=Mus musculus GN=Cacna1c PE=1 SV=1 - [CAC1C_MOUSE]
Q99246,Voltage-dependent L-type calcium channel subunit alpha-1D OS=Mus musculus GN=Cacna1d PE=1 SV=3 - [CAC1D_MOUSE]
O55017,Voltage-dependent N-type calcium channel subunit alpha-1B OS=Mus musculus GN=Cacna1b PE=1 SV=1 - [CAC1B_MOUSE]
P97445,Voltage-dependent P/Q-type calcium channel subunit alpha-1A OS=Mus musculus GN=Cacna1a PE=1 SV=2 - [CAC1A_MOUSE]
P63143,Voltage-gated potassium channel subunit beta-1 OS=Mus musculus GN=Kcnab1 PE=2 SV=2 - [KCAB1_MOUSE]
Q8R2Z5,von Willebrand factor A domain-containing protein 1 OS=Mus musculus GN=Vwa1 PE=1 SV=1 - [VWA1_MOUSE]
Q99L60,V-type proton ATPase subunit C 2 OS=Mus musculus GN=Atp6v1c2 PE=2 SV=1 - [VATC2_MOUSE]
P57746,V-type proton ATPase subunit D OS=Mus musculus GN=Atp6v1d PE=1 SV=1 - [VATD_MOUSE]
Q9R1Q9,V-type proton ATPase subunit S1 OS=Mus musculus GN=Atp6ap1 PE=1 SV=1 - [VAS1_MOUSE]
Z4YK18,VWFA and cache domain-containing protein 1 OS=Mus musculus GN=Cachd1 PE=4 SV=1 - [Z4YK18_MOUSE]
Q8VDD8,WAS protein family homolog 1 OS=Mus musculus GN=Wash1 PE=1 SV=1 - [WASH1_MOUSE]
Q8K1X1,WD repeat-containing protein 11 OS=Mus musculus GN=Wdr11 PE=2 SV=1 - [WDR11_MOUSE]
Q3UGF1,WD repeat-containing protein 19 OS=Mus musculus GN=Wdr19 PE=1 SV=1 - [WDR19_MOUSE]
Q8C5V5,WD repeat-containing protein 27 OS=Mus musculus GN=Wdr27 PE=2 SV=2 - [WDR27_MOUSE]
Q8CBE3,WD repeat-containing protein 37 OS=Mus musculus GN=Wdr37 PE=2 SV=1 - [WDR37_MOUSE]
Q6NVE8,WD repeat-containing protein 44 OS=Mus musculus GN=Wdr44 PE=1 SV=1 - [WDR44_MOUSE]
Q8CGF6,WD repeat-containing protein 47 OS=Mus musculus GN=Wdr47 PE=1 SV=2 - [WDR47_MOUSE]
Q8BH57,WD repeat-containing protein 48 OS=Mus musculus GN=Wdr48 PE=1 SV=1 - [WDR48_MOUSE]
A6PWY4,WD repeat-containing protein 76 OS=Mus musculus GN=Wdr76 PE=2 SV=1 - [WDR76_MOUSE]
Q7TMQ7,WD repeat-containing protein 91 OS=Mus musculus GN=Wdr91 PE=1 SV=1 - [WDR91_MOUSE]
Q8BGF3,WD repeat-containing protein 92 OS=Mus musculus GN=Wdr92 PE=2 SV=1 - [WDR92_MOUSE]
Q7TQJ8,Wilms tumor protein 1-interacting protein OS=Mus musculus GN=Wtip PE=1 SV=1 - [WTIP_MOUSE]
P56695,Wolframin OS=Mus musculus GN=Wfs1 PE=1 SV=1 - [WFS1_MOUSE]
P97765,WW domain-binding protein 2 OS=Mus musculus GN=Wbp2 PE=1 SV=1 - [WBP2_MOUSE]
Q11136,Xaa-Pro dipeptidase OS=Mus musculus GN=Pepd PE=2 SV=3 - [PEPD_MOUSE]
Q00519,Xanthine dehydrogenase/oxidase OS=Mus musculus GN=Xdh PE=1 SV=5 - [XDH_MOUSE]
A0A067XG46,X-linked retinitis pigmentosa GTPase regulator OS=Mus musculus GN=Rpgr PE=4 SV=1 - [A0A067XG46_MOUSE]
Q3TUF7,YEATS domain-containing protein 2 OS=Mus musculus GN=Yeats2 PE=2 SV=2 - [YETS2_MOUSE]
Q8BID6,Zinc finger and BTB domain-containing protein 46 OS=Mus musculus GN=Zbtb46 PE=1 SV=2 - [ZBT46_MOUSE]
Q8VDM1,Zinc finger CCCH-type with G patch domain-containing protein OS=Mus musculus GN=Zgpat PE=2 SV=1 - [ZGPAT_MOUSE]
Q8VCM3,Zinc finger FYVE domain-containing protein 21 OS=Mus musculus GN=Zfyve21 PE=2 SV=2 - [ZFY21_MOUSE]
E9QMD3,Zinc finger homeobox protein 3 OS=Mus musculus GN=Zfhx3 PE=4 SV=1 - [E9QMD3_MOUSE]
Q61116,Zinc finger protein 235 OS=Mus musculus GN=Znf235 PE=2 SV=1 - [ZN235_MOUSE]
Q99PP2,Zinc finger protein 318 (Fragment) OS=Mus musculus GN=Znf318 PE=1 SV=2 - [ZN318_MOUSE]
P17141,Zinc finger protein 37 OS=Mus musculus GN=Zfp37 PE=2 SV=4 - [ZFP37_MOUSE]
Q8VD12,Zinc finger protein 385A OS=Mus musculus GN=Znf385a PE=1 SV=2 - [Z385A_MOUSE]
Q8BI66,Zinc finger protein 526 OS=Mus musculus GN=Znf526 PE=2 SV=1 - [ZN526_MOUSE]
Q80VM4,Zinc finger protein 579 OS=Mus musculus GN=Znf579 PE=1 SV=1 - [ZN579_MOUSE]
Q8CCH7,Zinc finger protein ZFPM2 OS=Mus musculus GN=Zfpm2 PE=1 SV=2 - [FOG2_MOUSE]
Q62384,Zinc finger protein ZPR1 OS=Mus musculus GN=Zpr1 PE=1 SV=1 - [ZPR1_MOUSE]
E9Q5W5,Zinc finger ZZ-type and EF-hand domain-containing protein 1 OS=Mus musculus GN=Zzef1 PE=1 SV=1 - [E9Q5W5_MOUSE]
Q8VEB6,Zinc phosphodiesterase ELAC protein 1 OS=Mus musculus GN=Elac1 PE=2 SV=1 - [RNZ1_MOUSE]
Q8BGC4,Zinc-binding alcohol dehydrogenase domain-containing protein 2 OS=Mus musculus GN=Zadh2 PE=1 SV=1 - [ZADH2_MOUSE]
