Genes,log2FC(S2/P1),q value
ZNF518A,0.586838012,0.008496762
WDHD1,0.495734229,0.002230105
PHPT1,0.449876976,0.000953515
ATOX1,0.433541699,0.000861873
MED24,0.433283047,0.000144254
RABIF,0.420890336,0.00054653
ACTG2,0.411506153,0.03291727
ABRACL,0.410208988,0.004977706
NUDT15,0.395532908,0.0008962
TMSB10,0.393564723,0.00375202
NUDT14,0.386092861,0.001543215
GGPS1,0.383814728,0.036473997
CBX1,0.365914572,0.000730101
GALM,0.353812901,0.004739728
SELL,0.346212222,0.010236898
HDDC3,0.344872557,0.000148815
RYR3,0.339588405,0.014145602
UCHL1,0.33944189,0.005576204
NUDT3,0.336408844,0.034338089
CZIB,0.335779611,0.003535097
HSPB11,0.335006225,0.001189572
TXNDC17,0.33169725,0.003826526
PLA2G15,0.327034502,0.00453034
GSTM1,0.325181965,0.081158077
DNASE1L2,0.324028224,0.000578115
GCDH,0.321705768,0.005272706
PIM3,0.321312423,0.029404784
PTRHD1,0.320944243,0.000714349
LACTB2,0.318293241,0.002156007
NQO2,0.317142831,0.00067436
MORN3,0.316286864,0.005505083
NANS,0.316246231,0.000386794
PTER,0.31553156,0.001252968
C2orf72,0.314722175,0.010247107
GALT,0.313621697,0.000235021
MANBA,0.313272638,0.003168092
IDI1,0.311849239,0.000244685
RABEPK,0.311770892,0.001959755
PTGR2,0.309713883,0.000215656
EIF4EBP1,0.308917925,0.002573294
CTH,0.307158177,0.004869398
TBCA,0.307058186,0.005466117
ASPA,0.305635641,0.000654665
ZNF483,0.303505707,0.018181991
AKR1B10,0.303232263,0.003744136
AKR1C3,0.300875431,0.000288584
SERPINA6,0.300581008,0.004869398
IL36G,0.299568086,0.01528875
FSTL1,0.298852742,0.002870167
PCP4,0.297944272,0.007979206
PPIL3,0.297017133,0.011376147
ACO2,0.295491544,0.007311765
NHLRC3,0.293975259,0.007000957
TMSB4X,0.293432548,0.007957616
MTAP,0.291236979,0.001204217
PKIA,0.290811838,0.000388693
AAMDC,0.289713015,0.021867782
PKIG,0.287244628,0.000834217
MAT1A,0.286960747,0.021132862
ADK,0.286457318,0.000512299
ESD,0.286257513,0.000516496
RGN,0.285293184,0.015162993
FABP7,0.284626222,0.016366407
ATRN,0.284598071,0.002541119
ZC2HC1A,0.284400309,0.002230105
THNSL2,0.283615141,0.00930189
PPP1R2,0.283132429,0.000468658
PYDC1,0.282844533,0.00144523
NMRAL1,0.28257015,0.001462233
HEBP2,0.282104855,0.001534557
GSTM4,0.281920124,0.004737009
C11orf54,0.281803956,0.001061603
POLR2I,0.281565109,0.006382119
NUDT1,0.281189446,0.026918109
GLO1,0.281000265,0.00048892
GMDS,0.280597851,0.001885987
THAP4,0.280407823,0.002039885
CA5B,0.280172606,0.001681303
CPPED1,0.279554404,0.003091552
KYNU,0.279537729,0.001863923
PBX1,0.279223484,0.042267456
DDAH1,0.278740845,0.000932113
IAH1,0.278542623,0.000873816
CPQ,0.278004808,0.000884333
Q9UHJ6,0.277453014,0.00105966
EPM2A,0.277259532,0.001183271
GATD3A;GATD3B,0.276772763,0.000173778
OXCT1,0.276605367,0.001935124
PNPO,0.276554772,0.005072403
SCRN3,0.271499248,0.000468098
FUCA2,0.271055921,0.004860626
HAAO,0.269162316,0.000259207
PREP,0.267369455,0.000730101
TRIAP1,0.267344334,0.006057861
SH3BGRL,0.266877571,0.001527392
TSC22D1,0.265281907,0.078728256
MPST,0.264410962,0.001709959
KYAT3,0.26411174,0.003011078
CHMP5,0.263434836,0.078779792
CDKN2C,0.262272637,0.005380071
IGHV5-10-1;IGHV5-51,0.262228473,0.020472549
AKR1A1,0.260391043,0.008535513
ACTBL2,0.260331517,0.096571404
ALDH1A2,0.259846073,0.009205547
RNLS,0.259736036,0.012851723
ADI1,0.259674355,0.000503248
DBI,0.259528761,0.000990264
ARSA,0.259513497,0.007363953
CTSB,0.259416348,0.00021841
PDXP,0.259375644,0.000213224
IL1RN,0.258816347,0.000495716
FBP1,0.258660139,0.001404262
PDXK,0.258034433,0.003011078
CTSZ,0.257756541,0.002481523
CRYL1,0.257552636,0.0011878
PM20D2,0.2573449,0.001160323
PTGR1,0.257107747,0.000865876
AFP,0.25699832,0.009346944
NT5C,0.256029508,0.000687071
FGGY,0.255720995,0.000976224
CRYM,0.25484511,0.004355906
CTBS,0.254488487,0.000792819
BCAT1,0.254323614,0.025571944
FAM53C,0.254202406,0.016869427
EXOSC8,0.253964525,0.005532709
NAGA,0.253788011,0.012409957
CFHR1;CFHR2,0.25367595,0.005891195
PGM1,0.253326529,0.001188429
BTD,0.252774121,0.004623078
PTMS,0.252732453,0.005127942
HSP90AB2P,0.25270432,0.044791153
GNPDA1,0.25252109,0.000531313
IL18,0.25238668,0.001606571
RBP4,0.252367412,0.004348271
CCDC148,0.252057263,0.002352047
ALDH1A1,0.251496844,0.004284621
PZP,0.251383127,0.034204601
ENOSF1,0.250586805,0.006149248
ADH5,0.250167781,0.00048212
STMN1,0.249994382,0.016109301
POLR2M,0.249601902,0.000430431
NIT2,0.249336834,0.00067436
CSAD,0.249258045,0.001863612
GSTP1,0.249236345,0.001059991
AKR1C1,0.248674417,0.000872569
GC,0.248667239,0.005281359
ACY1,0.248554035,0.003486162
AFM,0.248523425,0.003232763
EIF4EBP2,0.248406113,0.019898764
NAPRT,0.248385228,0.00021841
SDF4,0.248313927,0.030751463
RTL5,0.246826776,0.027002007
ADH7,0.246300343,0.000641955
ADSS2,0.24590602,0.000476515
MYDGF,0.245205797,0.002214939
SOD1,0.24490586,0.003519362
DCTPP1,0.244767413,0.001437501
LRG1,0.244164475,0.010028907
PGP,0.244099562,0.000286351
ABAT,0.243482294,0.001959755
RANBP1,0.243467865,0.000380947
IL36RN,0.242554024,0.00190045
MTPN,0.241815795,0.007848974
ADA,0.241767067,0.000908813
ENOPH1,0.241618936,0.002163948
ACADL,0.241326366,0.002589858
MAT2A,0.241316473,0.000512299
GNS,0.241126153,0.001713526
NPC2,0.24050668,0.007079794
MRI1,0.240403925,0.000479342
QPRT,0.240240959,0.020128597
TSTD1,0.239962204,0.000511707
DNASE2,0.239950858,0.000745757
MPI,0.239739627,0.000530608
XYLB,0.239260746,0.022192296
GALK1,0.239239501,0.000625796
ELOB,0.238718703,0.000389467
IGHV3-64,0.238310242,0.011543288
THOP1,0.23808742,0.001715059
AKR1B1,0.237708219,0.001655171
TTR,0.237259371,0.001304228
PPP1R14B,0.237017833,0.009537496
HINT1,0.236416507,0.00042427
GANC,0.236239834,0.0077745
RFK,0.236218286,0.027541988
ACP1,0.235180294,0.019870269
CNDP1,0.234553399,0.029924892
IGLV5-39,0.234449188,0.109493984
LTA4H,0.23422842,0.000655973
AMDHD2,0.234112143,0.000582289
CTSS,0.233613715,0.00299557
CD34,0.232881757,0.021815391
OAT,0.232467645,0.002983728
DPYD,0.232264725,0.002551956
NAGLU,0.232072462,0.00127992
EHBP1,0.232013212,0.001741762
PPA2,0.231893821,0.026230836
ALDH9A1,0.231612025,0.002012121
LGALSL,0.231580275,0.014975993
HPX,0.231547606,0.003572722
SH3BGRL3,0.231424593,0.002616112
GSTZ1,0.231408204,0.013482804
NME1,0.231153355,0.000406328
FCGR3B,0.230751503,0.013399951
NBR1,0.230230287,0.000639624
SELENOM,0.230202829,0.000514028
C9orf64,0.230165551,0.010331718
NENF,0.229716116,0.000729996
REXO2,0.229580542,0.001447043
CD163,0.228371682,0.004744429
PPA1,0.228116621,0.000438915
DGUOK,0.227687971,0.15006016
FAHD2A,0.227029176,0.000355542
DPP3,0.226953785,0.000911993
PFAS,0.226764351,0.000994511
GLB1,0.226718325,0.000484798
PSAT1,0.226692971,0.001256983
PDE4DIP,0.225914076,0.00264158
UBE2G1,0.225830777,0.094912559
PPP3CC,0.225150071,0.014587705
NRCAM,0.224837122,0.008106963
WDR73,0.223880587,0.000999542
ARMT1,0.223723699,0.002705572
GCHFR,0.223619898,0.001045435
GRHPR,0.223010057,0.000689981
IMPA1,0.222354146,0.000730101
IKZF3,0.222009362,0.00172618
L3HYPDH,0.2217147,0.000742116
COTL1,0.221592746,0.000481085
SELENBP1,0.221461413,0.002143807
SERPINA7,0.22117405,0.003774462
IL1A,0.221153432,0.001690624
FABP3,0.220864739,0.001918585
MIEN1,0.220550457,0.035273791
KHK,0.220135277,0.029310914
EXTL2,0.220092544,0.022308471
DCTD,0.219825653,0.005937439
CDH3,0.219269334,0.138935898
PMM2,0.219180379,0.000158677
KYAT1,0.218570372,0.007067288
HGFAC,0.218439918,0.029404784
CFL2,0.217981859,0.003537215
ACO1,0.217714556,0.001228879
CYB5R2,0.217097773,0.001840342
CP,0.217052702,0.009906315
HINT2,0.216789664,0.0011133
DCD,0.216271659,0.142193945
CNTFR,0.216163054,0.035402821
PTGDS,0.21599324,0.006796285
PSME3IP1,0.215876034,0.003253332
AHCY,0.21542206,0.000902968
IGLV4-69,0.215187139,0.193080424
WDR54,0.21514241,0.00191746
CD68,0.214980106,0.028259523
A2M,0.2145898,0.010080399
PDE4DIP,0.214553964,0.01146555
ALDH3A1,0.214475093,0.000411336
GLA,0.214229646,0.000732656
CDH6,0.213794388,0.010331718
PBLD,0.213024055,0.003937341
FHIT,0.212855202,0.002909501
CSTA,0.212708075,0.001825987
PEBP4,0.21240216,0.004179805
SAT2,0.212386505,0.012145763
NUDT9,0.211790782,0.000164
PARK7,0.211061659,0.02229726
SOGA1,0.210931037,0.001727858
MSRB3,0.210575791,0.003207458
CRK,0.210230204,0.000988268
BPNT1,0.209889502,0.000753642
RNASET2,0.20986023,0.000803102
GMFB,0.209857557,0.02967347
COMT,0.209810943,0.000517031
NLN,0.2095033,0.00128338
ALDH1A3,0.208865359,0.065157545
RBP1,0.208123092,0.009639892
IGHV1-24,0.207764793,0.036080502
MYG1,0.207634447,0.00055543
ALDH9A1,0.207531482,0.009779813
DPF1,0.207252073,0.078172137
ECHS1,0.207113893,0.000338745
PUDP,0.206441,0.03494784
BPGM,0.206179394,0.004542606
PHYKPL,0.205696561,0.010814474
QDPR,0.205242403,0.000395314
CALCOCO2,0.205101894,0.010161882
FCGR3A,0.205073912,0.057326956
TDP1,0.204859064,0.145601718
TXNDC12,0.204756995,0.004168451
LDHAL6B,0.204701702,0.01750131
PLEK,0.204645323,0.086693004
ADAL,0.204589021,0.002827313
RNPEP,0.204518326,0.000554811
GLOD4,0.20402293,0.002262331
C1RL,0.203971247,0.035960644
PGAM1,0.20387089,0.00025437
SERGEF,0.20363556,0.002557048
GAA,0.202772324,0.001083767
FDX2,0.20261434,0.027690298
TBCB,0.202545222,0.001228879
ITGAM,0.202528901,0.014149356
HDHD2,0.202243657,0.002132166
MPV17L2,0.201905099,0.141719416
FH,0.201589185,0.000354305
ENO3,0.201576506,0.19823572
AKR7A2,0.201548449,0.000655446
FABP4,0.201097348,0.043259704
CFL1,0.200547293,0.000329939
GSTZ1,0.200110346,0.002034978
TP53I3,0.200003718,0.001330587
CASP6,0.199988633,0.001411591
CLPP,0.199766077,0.008287759
NAMPT,0.199646982,2.76E-05
ACOT7,0.199374387,0.000837031
SH3BGRL2,0.199248747,0.001024361
HIBADH,0.198405058,0.003340368
LYVE1,0.198332709,0.008373801
TPI1,0.19827209,0.001960489
ADPRH,0.198240082,0.000196616
CBR1,0.198109656,0.000484798
DDX55,0.197760628,0.013969664
PGM2,0.197600611,0.000234838
SELENOP,0.197537758,0.059167705
PSMG4,0.197490194,0.036501267
THTPA,0.19737591,0.000706213
NANP,0.197032581,0.001412717
SMPDL3A,0.196976406,0.020568845
IL1F10,0.196930072,0.016298954
PGGT1B,0.196475942,0.000173778
DPP7,0.196229736,0.00534823
SERPINC1,0.195647302,0.005719422
ALDH7A1,0.195514334,0.000936774
ENO1,0.195366601,0.001325882
ORM2,0.195306971,0.025496207
CCS,0.195051774,0.006218338
CSTB,0.194571764,0.000208548
RBBP9,0.194372843,0.000499736
ISYNA1,0.193677132,0.012974186
BCKDHA,0.193415072,0.001330587
CNDP2,0.193306211,0.001327797
MVD,0.19319919,0.000855797
FXN,0.192749625,0.017316289
PIR,0.192599652,0.003783222
VBP1,0.192431245,0.005323577
CTSC,0.192351193,0.002994419
RNF13,0.192160108,0.010792124
PGM2L1,0.192046197,0.001449153
VASN,0.191567537,0.003725392
CFI,0.191533513,0.028992347
PI16,0.19125106,0.002511471
ACTL6A,0.191140544,0.000377583
DDAH2,0.191122745,0.004039034
CASP14,0.19084503,0.000687071
GCLC,0.190762556,0.000733503
BLVRB,0.189968192,0.00042427
NDRG2,0.189902372,0.002525339
ALDH1B1,0.189669328,0.004706864
IGLV7-43,0.189594208,0.01643298
CCDC13,0.189459482,0.072822324
ACTB,0.189231461,0.056958635
TF,0.189225712,0.010888821
BBLN,0.189091427,0.002412658
HDDC2,0.188840182,0.004399896
GFUS,0.188769325,0.000733503
ENO2,0.188589403,0.005858351
PPAT,0.188575289,0.002431815
PPM1B,0.188018802,0.017411494
GBE1,0.18794257,0.001027913
SAE1,0.187660015,0.000709731
ASRGL1,0.187543955,0.00275729
LDHB,0.187451504,0.001837699
LTF,0.187205087,0.006505634
A1BG,0.187166108,0.01502937
WDR1,0.186746135,0.00042236
CMPK1,0.186718843,0.00021891
GMPPB,0.186300367,0.000139407
CARHSP1,0.186052318,0.001230682
TRIM6,0.186034495,0.001118948
MBD5,0.185536945,0.062074694
GSTM3,0.185081256,0.000799572
CMBL,0.184961746,0.011520283
TTC38,0.184921877,0.006085893
S100B,0.184760718,0.000490171
SCRN2,0.18463512,0.002217275
LYPLAL1,0.184557512,0.006182308
CALML5,0.184300672,0.002694097
MDH1,0.184289696,0.000994511
CDH5,0.184179025,0.009251423
ORM1,0.184154154,0.024347844
SGTA,0.183682967,0.007957616
GSTM2,0.183519098,0.000785964
PHYHD1,0.183077253,0.000566739
PBK,0.182690928,0.001903075
CTSF,0.182655299,0.084289944
CRYZ,0.182500414,0.001709959
PMM1,0.182191597,0.109442884
SULT1A1,0.181915574,0.049006072
CRELD2,0.181836719,0.045701591
LGALS1,0.181735036,0.000611453
HNMT,0.181449942,0.004179805
CBR3,0.180875484,0.001096512
SSNA1,0.180547361,0.065075925
MX1,0.180445428,0.032470956
GFRA1,0.180334643,0.017208566
ALDH2,0.180160004,0.001206275
HEXA,0.179835842,0.000482753
HYPK,0.179797955,0.072370676
SMS,0.179750109,0.002574022
GSTO1,0.179376895,0.00109801
ENSA,0.179254194,0.003016485
ALB,0.179212666,0.003402141
CES1,0.179153267,0.00950498
NUDCD2,0.179042682,0.053815708
F13B,0.178931531,0.041164287
IFT27,0.178893699,0.001443457
CNTNAP4,0.178727039,0.023557135
BCHE,0.178726965,0.009674034
PPIA,0.178562336,0.001358473
CKM,0.178294584,0.008643872
HP,0.17823774,0.028253008
SPR,0.178223519,0.00180707
PKLR,0.17822152,0.060470575
AACS,0.17820396,0.002250063
SULT1E1,0.178122358,0.119603969
DSTN,0.177687809,0.000647448
TALDO1,0.177321962,0.000391915
LAMB4,0.177277895,0.02993631
CKB,0.176331592,0.006447813
HIF1AN,0.175828326,0.005880644
ATIC,0.175778762,0.001121698
PEA15,0.175440035,0.005659627
GPD1L,0.175426864,0.00105966
GSN,0.175249569,0.001665726
ACP1,0.175216822,0.004706864
ASL,0.175216724,0.001175387
FKBP7,0.174984951,0.014364851
AKR1C2,0.17485807,0.002468472
IDH1,0.174327176,0.001774636
IGFBP6,0.174113716,0.010956913
NQO1,0.174105667,0.041545592
GGCT,0.173845171,0.008500008
ALB,0.173843402,0.002459128
LAP3,0.173641886,0.001231734
ISCA2,0.173345096,0.032522651
VCAM1,0.173084357,0.004907147
MOCS2,0.172964884,0.052512338
PRDX6,0.172723553,0.000946423
GAMT,0.172457523,0.004168451
PAFAH1B2,0.172362815,0.000636019
PCNX2,0.172228435,0.008900293
IGHV3-38,0.172032082,0.032806407
DFFA,0.17128784,0.000788567
ARHGDIB,0.171065034,0.000203302
CNPY2,0.171002959,0.043229644
PGD,0.170960259,0.000977556
MTR,0.170827303,0.034322814
DNPH1,0.170538167,0.000704376
NUTF2,0.170375735,0.001289717
AGT,0.170053815,0.042491825
POMP,0.169474598,0.000238837
METTL26,0.169163885,0.005179188
AHSP,0.169023073,0.225278036
SCLY,0.168862863,0.00298147
PDLIM3,0.168757145,0.003023405
FDPS,0.168741512,0.000730101
HPRT1,0.168715634,0.000476515
PPM1A,0.168639327,0.001812971
MIX23,0.168461338,0.000540791
RENBP,0.168381438,0.00669378
FUCA1,0.16796343,0.045564262
CLIC2,0.167732128,0.000449399
IGLV2-18,0.167570939,0.158945038
MSRA,0.167363557,0.029454628
PTAR1,0.167311931,0.069066724
ALAD,0.166982463,0.00171383
SUCLG2,0.166399516,0.00077907
FCN3,0.166273636,0.032106789
GPD1,0.165872092,0.068547935
RANGRF,0.165200748,0.010944474
GOT1,0.164849671,0.003083278
PPIL1,0.164789069,0.193658629
CA1,0.164711277,0.024078775
BCAT2,0.16423582,0.009464099
PSME2,0.164075789,0.000359146
GALNS,0.163620308,0.077358963
GSS,0.163472877,0.006182308
SERPINB1,0.162906287,0.000172287
SERPINA1,0.16280507,0.004398798
BBOX1,0.162789433,0.001274173
CPN2,0.162439204,0.038072522
CA13,0.162391205,0.000606782
GPI,0.162058988,0.000219031
IGHV3-64D,0.161920863,0.040411277
IVD,0.161664993,0.021977932
INTS1,0.161612132,0.433211692
CCSER1,0.161506251,0.228795078
GNPDA2,0.160563178,0.003745218
CCER2,0.160477851,0.178164084
NT5DC1,0.160172021,0.010464899
PPP4C,0.160130721,0.003952119
MB,0.160109434,0.03570519
EOGT,0.159978215,0.020435525
D2HGDH,0.159862383,0.039894061
SPRYD4,0.159708836,0.002148105
POFUT2,0.15951009,0.016760348
PTPRM,0.159388205,0.044578959
MAT2B,0.159273884,0.000542631
KNG1,0.158878656,0.043259704
CTNNBIP1,0.158858887,0.013979086
FETUB,0.158240592,0.009399021
PAPSS1,0.15822231,0.009432739
RNF44,0.158168859,0.315213022
GALE,0.157082846,0.048733928
APIP,0.15693112,0.030851057
PSMG3,0.156883301,0.000689981
IGLV3-25;IGLV3-27,0.156882554,0.022884151
GRPEL1,0.156850035,0.028364771
UBA2,0.156521508,0.001043446
IGLV3-21,0.156190458,0.03950937
CMPK2,0.15569134,0.010336095
ACADS,0.155360044,0.005455759
NPEPPS,0.155298428,0.005069817
PGM3,0.155144068,0.000766087
ECH1,0.154833578,0.014938129
SPPL2A,0.154705198,0.038408193
NAT1,0.154621997,0.000441507
UCHL3,0.154458709,0.004830964
FAHD1,0.154397228,0.007003065
LGALS7B,0.154283824,0.000889706
RAN,0.153872657,0.000125248
ABCC1,0.153500315,0.002422289
HSPA4,0.153377638,0.001118948
SERPINF2,0.153359026,0.017969204
RPE,0.15334208,0.006934409
CRTAC1,0.153312498,0.077358963
KAT8,0.152924523,0.113836062
HDHD3,0.152639805,0.016858103
CA3,0.152443088,0.071638064
PCYT2,0.152377469,0.00225692
PEBP1,0.152215871,0.000906886
GSTT2B,0.152065453,0.005419882
ENPP3,0.151666876,0.026281946
GYG1,0.151663082,0.000208548
PFN2,0.151467262,0.005426076
DHFR,0.151230318,0.241322136
RIDA,0.151229404,0.149295308
OPLAH,0.150897528,0.003811562
LCAT,0.150809067,0.155421141
BST1,0.150782408,0.00972618
FNTA,0.150450668,0.003171275
HPGDS,0.15041711,0.012149104
PRTFDC1,0.150180163,0.01408821
SERPINB8,0.149952884,0.003506532
SELENOF,0.149689729,0.088455461
APOC3,0.149616936,0.133894422
GGACT,0.149405952,0.094276672
RHEB,0.149058648,0.004172683
IGHA1,0.149038193,0.007665114
NT5C3B,0.148992614,0.027147494
C6orf201,0.148733062,0.314363227
RAB43,0.148678459,0.034935637
SHBG,0.147651201,0.106110501
CA2,0.147621466,0.01087079
HDGF,0.147610335,0.002508969
FSCN1,0.147448172,0.000441507
PGK1,0.147381457,0.000827294
PRDX3,0.146899156,0.001816789
IGLV8-61,0.146839336,0.079112485
NMRK1,0.146829026,0.010188946
IGHA2,0.146423526,0.158945038
CLIC4,0.145875149,0.000914827
CLTA,0.145562374,0.00164817
CALML3,0.144903836,0.035897966
AASS,0.14489786,0.028247475
SCRN1,0.144494532,0.01738463
SUMO2,0.14425221,0.025083581
PAFAH1B3,0.144168708,0.003171543
PPIH,0.144089584,0.00076267
MOCS2,0.143707791,0.029387744
SUCLG1,0.143652066,0.002098192
B2M,0.143327352,0.003421354
PCK2,0.143037854,0.001296696
CRYZL1,0.142774378,0.005067869
LOC102723971,0.142577668,0.037744988
MSRB2,0.142514576,0.053441974
GRB2,0.142268458,0.00224646
NIF3L1,0.14215811,0.001311426
PFN1,0.141981668,0.000148815
UAP1,0.141868869,0.000902683
UBTD2,0.141682824,0.25606513
TXNRD1,0.141599601,0.00133699
IDH2,0.141064283,0.006994448
UROD,0.140900366,0.000710303
WDSUB1,0.140346143,0.000332708
ERP44,0.140168022,0.028295233
ERAP1,0.139644887,0.008544601
PYGM,0.13947605,0.021844084
ADSL,0.139291816,0.006938534
TYMP,0.139282368,0.000170091
TPMT,0.13915562,0.000245965
PEPD,0.13865182,0.018489139
MAN2B1,0.138139546,0.007015768
GALK2,0.13789778,0.111329038
PNPLA8,0.137601718,0.032446447
ABHD14B,0.137388778,0.001012514
IGHV1-69,0.137172151,0.103289704
SOD2,0.137095943,0.009149649
VPS29,0.137039067,0.000434699
NUDT11,0.13692934,0.047287267
ADAMTS13,0.136570272,0.176350587
ACAT2,0.136317081,0.047906564
CLIC1,0.136261695,0.000189264
ADPRS,0.135937799,0.00238522
ALDH4A1,0.135815089,0.001681968
CPB2,0.135008848,0.167821294
GMPR2,0.134919621,0.001273669
ARHGDIA,0.134487282,0.000184067
PYGB,0.134016576,0.000885956
LSAMP,0.133988181,0.029568836
SLITRK1,0.133454802,0.001796129
PRDX5,0.132963489,0.003588436
CAMP,0.132923486,0.086616284
PHYHIP,0.132894714,0.000388252
CTSA,0.132586358,0.015075551
MDP1,0.132531838,0.001338325
C2,0.132307735,0.045292336
IDS,0.132278986,0.006924997
DGLUCY,0.132204146,0.000344938
FKBP1A,0.132132752,0.000622021
PVR,0.131834427,0.000587621
ACTB;ACTG1,0.131796413,0.000239234
LCN2,0.131727615,0.174695199
SREBF1,0.131639113,0.144790608
ACSS1,0.131572961,0.034527614
CRP,0.131489227,0.280350859
SENP8,0.131422062,0.190500887
TPP1,0.131072132,0.131902955
OTUB2,0.130462769,0.079560234
PCNA,0.130419917,0.004291063
PPT2,0.130376536,0.032088233
NAE1,0.130168581,0.001823725
QTRT2,0.130168166,0.033056796
TXN,0.130148445,0.000581485
CHMP4B,0.130071012,0.054709165
CALM1;CALM2;CALM3,0.12992494,0.005775843
RNPEPL1,0.129430367,0.041457834
KIT,0.12878453,0.082944706
IDE,0.128586153,0.003592393
PKM,0.128466664,0.004343025
SERPINB6,0.127360085,0.000709681
PYCR3,0.127231392,0.000419956
PLBD2,0.127184932,0.003917296
SULT1A3;SULT1A4,0.126973625,0.014924367
MARCKS,0.126779688,0.098827085
HSPH1,0.126389673,0.002267684
IVL,0.126309761,0.005981749
ACO2,0.126226152,0.002867552
NTAN1,0.125245445,0.01845942
HSPA6,0.124837253,0.104307522
CST6,0.124830022,0.014885749
PEX7,0.124741808,0.007243651
UGDH,0.124340582,0.002412658
OXLD1,0.124336814,0.209701313
PTPRG,0.124249012,0.056020979
CRKL,0.12421955,0.000270614
CALU,0.124023243,0.066317457
IGHV4-38-2,0.123804919,0.2093094
DDT,0.12359178,0.001005184
CASP3,0.123372043,0.06630834
TET1,0.123262538,0.220445967
UAP1L1,0.123197605,0.001859976
XPNPEP1,0.123071925,0.001857531
RCCD1,0.122734802,0.119877509
CHMP4A,0.122275942,0.022514628
DCPS,0.121839342,0.057936949
NR2C2AP,0.121743598,0.064157337
PPP1R14C,0.121733719,0.007067288
PFDN2,0.121306055,0.006923362
PFDN4,0.121149921,0.030652684
NTMT1,0.121022278,0.006933362
MAN2B2,0.121008363,0.009204574
PNP,0.120971635,0.004059427
LXN,0.120851902,0.002209198
C8G,0.1207174,0.138964056
EPHX2,0.12017982,0.006046252
TST,0.120095929,0.000481085
PRPSAP1,0.120001411,0.000423181
IGLC3,0.119943506,0.064594231
APRT,0.11967402,0.000911651
DOHH,0.119597113,0.169981022
NAT9,0.119198917,0.106375265
DCAF7,0.119046916,0.003504555
NEU1,0.118735537,0.018253991
HSPE1,0.118657081,0.000812767
PDE6D,0.118600641,0.004689197
C1R,0.118434743,0.052164775
PROCR,0.118423853,0.032893349
PGLS,0.118394906,0.001549906
RAD1,0.118326154,0.01861007
NT5E,0.118163375,0.00286384
PIN1,0.118023458,0.095233404
HPR,0.117994972,0.058182086
SRM,0.11778598,0.000456342
CFB,0.11752281,0.094270437
CASP8,0.11729287,0.095043008
TRMT5,0.11726847,0.048715616
EML2,0.117138514,0.004117214
PCMT1,0.116961229,0.00067581
ARFGAP3,0.116874541,0.219283149
MST1,0.11679995,0.34072762
PSPH,0.116748328,0.001909066
RCN1,0.116718379,0.027600556
KNG1,0.116686279,0.094639115
NAXD,0.116599944,0.001404262
NUDT2,0.116474433,0.005136595
PKM,0.116326269,0.003104389
NEGR1,0.116227151,0.032960329
INPP1,0.116188062,0.001321618
PRPS1,0.115596287,0.009366004
IGHG4,0.115450498,0.248401049
PPA2,0.115188434,0.002101314
HOPX,0.114966794,0.021339963
PYCARD,0.114246547,0.022109089
NME2,0.114239238,0.002570975
ME1,0.114224597,0.003177376
TXNL1,0.114190393,0.000154008
CBFB,0.114143584,0.008114937
NUDT12,0.113988572,0.062074694
C1S,0.113986109,0.041649319
LZIC,0.113787636,0.029238644
ACOT1,0.113763463,0.036938601
CACNA2D2,0.113413624,0.182230493
CIAO1,0.113393027,0.006673139
GUK1,0.113189927,0.007078164
ADH1B,0.112166236,0.010915405
KLK8,0.11195857,0.011521884
DHRS11,0.111944962,0.038536087
NUCB1,0.111861644,0.001800457
ITIH4,0.111635322,0.055572232
ENPP4,0.111585095,0.066379497
AKR7A3,0.111517242,0.000854954
IGKV4-1,0.111466966,0.09551497
ARIH2,0.111148657,0.211651992
BLVRA,0.110933206,0.00154905
FABP5,0.110709357,0.0009425
ADSS1,0.110485416,0.05798656
RCN3,0.110329882,0.039982893
SCIN,0.110133764,0.024121846
PDCD5,0.109714435,0.013813854
ACSF2,0.108444459,0.040176312
GSN,0.108392082,0.00455331
PALM,0.108337803,0.013270492
STARD10,0.10796205,0.002240323
PLVAP,0.107621672,0.307965086
PPP2CA;PPP2CB,0.107498087,0.000905773
NMI,0.107278743,0.010289366
F9,0.107240858,0.005242115
GPX1,0.107210849,0.003084877
HMBS,0.106999377,0.035183625
GFPT1,0.106501575,0.029870406
IGKJ4,0.106423807,0.040528574
SPARC,0.106306411,0.109528002
SUMF2,0.106208352,0.01185343
THY1,0.106023349,0.036185181
RAD23A,0.105816162,0.011695466
SLC9A3R1,0.105809655,0.002826694
NFU1,0.105749805,0.010348978
ETHE1,0.105610574,0.001661443
PRKG1,0.105532739,0.174132569
RTCA,0.105441182,0.112764693
LGALS3BP,0.104896929,0.009708042
GID4,0.104624711,0.077475773
NUDT4;NUDT4B,0.10462386,0.151134059
IGHG2,0.104610046,0.072876776
PFDN1,0.104505657,0.035897966
POGLUT3,0.104303164,0.011474309
NUCB2,0.104111984,0.008500008
HCLS1,0.10395142,0.001800457
TIPRL,0.103933045,0.012757448
ISLR,0.103895747,0.065924559
PSMD9,0.103878449,0.019274249
SLC38A10,0.103731338,0.155239382
GPX3,0.10346223,0.10154563
HYI,0.103208111,0.026578024
MINPP1,0.103200636,0.067870019
LCMT1,0.102996583,0.002982629
APOA4,0.102980718,0.066429322
ESRRB,0.102664042,0.559482868
NADK2,0.102277939,0.018208172
PBDC1,0.10210459,0.009785323
GPI,0.101980321,0.147997947
RAD23B,0.10194185,0.002046413
TK2,0.101872696,0.011114688
TIGAR,0.101784309,0.000721494
CRYAB,0.101514152,0.007435755
APOF,0.101427232,0.218451907
TANGO2,0.101327307,0.055227659
UBA1,0.100988786,0.000203302
FBXW9,0.100925857,0.009488068
HSPA9,0.100843743,0.006132133
CBX3,0.100697537,0.007830756
MBLAC1,0.100549174,0.240993487
PDPR,0.100459832,0.008239007
ERO1A,0.100436712,0.002481523
GPX2,0.100373417,0.100166234
CALB2,0.100195101,0.035616738
KCNH4,0.099924457,0.052644987
ACAD8,0.099803763,0.03224409
XPNPEP2,0.099731733,0.154994833
GDI1,0.099517791,4.24E-05
HEXD,0.099460294,0.047086745
PSAP,0.099026856,0.000282964
ACP2,0.098218702,0.044966606
NASP,0.097732228,0.002700656
IGHV6-1,0.097332407,0.279086905
A0A0G2JRQ6,0.096988118,0.264648016
ADGRE5,0.096983201,0.005989606
GSR,0.096949278,0.00664447
GPT,0.096870225,0.001887458
LASP1,0.096848043,0.01831698
PRPS2,0.096833403,0.002736108
SEMA3C,0.096728909,0.135661574
SERPINB3,0.096536194,0.063310505
UBA3,0.096442893,0.00632454
PSME1,0.096112211,0.000436851
NT5C3A,0.096066461,0.010529436
G6PD,0.095968306,0.001662222
MAPK10,0.095934744,0.048528281
RBP7,0.095851148,0.292277165
CLTB,0.09576024,0.010979488
IGLL5,0.095741914,0.095264991
PANK4,0.095598859,0.00123393
TPM1,0.095535944,0.367144568
DYNLRB1,0.095495146,0.039456707
ACTC1,0.095389856,0.001263839
TKFC,0.095207661,0.000123235
HPGD,0.094748865,0.063809117
OSGEP,0.094683488,0.005383121
FN3KRP,0.094486937,0.002682728
PMVK,0.094124713,0.007623456
AKT3,0.0939857,0.207749405
C8A,0.093966008,0.270906568
PANK2,0.093782537,0.028806805
CES2,0.093069726,0.040711112
ST13,0.092990531,0.088676493
CYRIB,0.092937672,0.02758721
WDR61,0.092655725,0.008516803
SPARCL1,0.092626497,0.166739701
NHLRC2,0.092608861,0.006048561
L1CAM,0.092474834,0.050807327
TATDN1,0.092468795,0.002113472
PLPBP,0.092453264,0.002694097
DCTN5,0.092300953,0.299310628
SKP1,0.092222927,0.188881185
HSPB2,0.092020727,0.208788901
XPNPEP3,0.091480339,0.699886513
NADSYN1,0.091478075,0.005438764
CALR,0.091334632,0.040727303
C7,0.091190972,0.132138691
ASNS,0.090909299,0.092106491
MIF,0.090798671,0.000721494
HMGCL,0.090699663,0.006038979
PGLYRP2,0.09069919,0.300059378
PSMD10,0.09017273,0.008499166
GLRX5,0.090006357,0.23911387
P01767,0.089845938,0.088339188
UBE2R2,0.089693331,0.056053961
GMPPA,0.088924749,0.028995301
C3,0.088873202,0.160640884
SEC14L2,0.088505064,0.079901956
AARS1,0.088485709,0.003128604
MCAM,0.088459977,0.098129007
LILRB5,0.088311788,0.381241348
PPIH,0.08824178,0.301916988
NOL11,0.088147039,0.02506086
GSTT1,0.088052474,0.266586164
APOA2,0.088017967,0.09275829
ALDOC,0.087981006,0.011934177
ICOSLG,0.087921626,0.07350697
GPCPD1,0.087882009,0.221768096
YWHAB,0.08781355,0.020621227
FLYWCH2,0.087643297,0.056157889
SCPEP1,0.087465145,0.050067532
IGKV1-33;IGKV1D-33,0.086869978,0.417177775
NDUFAF5,0.086801173,0.112774348
GSTM5,0.0860524,0.07766763
LAMTOR5,0.085909158,0.275603525
DHTKD1,0.085669049,0.131105266
AHSG,0.085602533,0.024062199
MOB4,0.085284392,0.421775482
IDH3G,0.085045212,0.044578959
PRPSAP2,0.084566583,0.001835814
PPP6C,0.084353286,0.006239093
MLST8,0.084282156,0.094249224
SERPINA3,0.084192565,0.196905592
GARS1,0.084077581,0.012109358
IMPA2,0.083823331,0.005536806
RAC2,0.083814923,0.150354434
ALKBH7,0.083786554,0.343937559
UBXN1,0.083732866,0.048554155
ARL3,0.083409112,0.075531044
APOA1,0.083268466,0.061795036
DTYMK,0.083111786,0.005861908
CETP,0.08304344,0.478514396
PRMT7,0.082908735,0.064051659
PGM5,0.082391635,0.031620277
FCSK,0.082359795,0.006048561
SH3BP5L,0.082290706,0.063031072
DNPEP,0.081833862,0.079719518
CA6,0.081828237,0.461281747
UNC119,0.081760141,0.255705629
ERCC4,0.081619082,0.595906307
PGK2,0.081375709,0.055889952
CAP2,0.081295363,0.248868961
GLRX,0.081173639,0.046723192
CD209,0.0807561,0.233817462
TSNAX,0.080136764,0.000898587
DPY30,0.079969899,0.092870796
ACYP1,0.079714456,0.047386619
ENDOU,0.079595443,0.244296385
PYGL,0.079451014,0.005698724
FPGT,0.079405799,0.159417601
TPM4,0.07918829,0.202044915
NAP1L1,0.079179297,0.102966443
AGL,0.079162077,0.004276238
NUDT5,0.079020302,0.009462697
SGCB,0.079000201,0.430158236
CTSH,0.078525156,0.02515606
WDR12,0.078413994,0.247011025
TP53RK,0.078354546,0.006773833
LYPLA1,0.078327537,0.036148864
C8B,0.077789464,0.24566778
FKBP10,0.077660383,0.095449654
CD59,0.077507614,0.132307946
DCXR,0.077501911,0.030649939
CBWD1,0.077497958,0.027591505
LSM6,0.077329735,0.412228338
RBBP7,0.077272964,0.006245372
C4orf33,0.077190734,0.030597432
CYGB,0.077063903,0.265653936
SCGB1D2,0.076983911,0.567437701
UBA5,0.076769249,0.055695539
SSU72,0.076452725,0.068608699
OTUB1,0.076451125,0.045701591
ITIH1,0.0763076,0.236310555
ITIH2,0.075870479,0.123237868
IL36B,0.075788597,0.094024588
IGHV2-70D,0.075757588,0.651134077
OXSM,0.07538764,0.163287017
PITHD1,0.075323213,0.001491046
IGHV3-74,0.075321276,0.169330281
GSTA1,0.074743063,0.212742691
ABHD10,0.074728013,0.003649549
ATP5F1D,0.074667833,0.130756862
AMBP,0.074457654,0.189860248
RAC1,0.07434717,0.03209092
BOLA1,0.074190041,0.045170503
AMY1A;AMY1B;AMY1C,0.073885248,0.509328844
COA7,0.07368696,0.068079966
HSPB6,0.073661968,0.374489656
PPCDC,0.073549569,0.048645102
IGLV3-9,0.073172795,0.27252038
GABARAPL1,0.073020927,0.505908877
IGKV1-5,0.072899717,0.567437701
FBXO2,0.072816055,0.156407442
IGHV3-72;IGHV3OR16-9,0.07277278,0.376186743
AZGP1,0.072735741,0.035165298
UFM1,0.072218246,0.065619561
MOSPD3,0.071923886,0.292567979
PPP2R1B,0.071443817,0.472319567
FAP,0.071239993,0.281221467
SNCG,0.07120267,0.541678058
RANBP3,0.071114353,0.057784271
CHKB,0.07081456,0.018637237
WARS1,0.070769682,0.029053269
ACADM,0.070740635,0.133144182
IGKV2-24;IGKV2D-24,0.070503373,0.423205337
HIKESHI,0.069646541,0.071531979
APOM,0.069484334,0.248791771
TXNDC5,0.069178076,0.018453968
ISOC2,0.068829019,0.097632862
DPP8,0.068743746,0.053252294
GLIPR2,0.068660711,0.158440515
LSM1,0.068533037,0.019741853
GID8,0.068498589,0.589623639
ZPR1,0.0684937,0.011485409
LUM,0.068477867,0.008867761
SERPINB13,0.068420099,0.007831837
NUDT4,0.068271703,0.103320212
IGHV3-38-3,0.068210155,0.494536965
MFAP4,0.067961962,0.35036552
TERF2IP,0.067800819,0.055649717
NAGK,0.067633931,0.002044253
HMGCS1,0.067403785,0.315567303
PTPRS,0.067380834,0.102663312
IGKV3D-20,0.067341791,0.495969378
ADIRF,0.067234797,0.55343489
TTLL12,0.067071007,0.017455798
DLGAP4,0.067033058,0.145480573
CASP7,0.066911134,0.098827085
IGHV3-49,0.066771484,0.20290746
SERPINA4,0.066615788,0.184294442
PTPRK,0.066426598,0.216207128
STAMBPL1,0.066144899,0.269249609
ACP6,0.065932147,0.636964407
SELENOO,0.065457866,0.069071196
F2,0.065355353,0.270906568
LHPP,0.065282171,0.013360885
SERPING1,0.065021961,0.379574182
GLUL,0.06490895,0.572665022
CYCS,0.064780802,0.026516084
GDI2,0.064644777,0.002324471
IGKV2-28;IGKV2D-28,0.06462409,0.302759388
DPT,0.064558981,0.302203924
NSFL1C,0.064532335,0.038676192
POSTN,0.063999627,0.555330681
BAD,0.063948858,0.433936674
IGLV3-10,0.063350112,0.588389611
AK2,0.063342735,0.010080399
DNAJB14,0.063337811,0.140151272
PFDN5,0.063232088,0.051705832
MRC1,0.063230265,0.058205682
CIAO3,0.063158791,0.023370077
DPYSL3,0.06283079,0.063350455
UBE2K,0.062623256,0.240498836
C2orf69,0.062402231,0.092080427
DPYSL2,0.062265388,0.057144925
IGLV1-47,0.062143976,0.20860141
ABRAXAS2,0.061941442,0.521024901
SERPINB9,0.061810441,0.092753714
ACADSB,0.061410721,0.193080424
CDV3,0.061142075,0.10161205
UBE2A,0.061136094,0.50988984
PGGHG,0.061016978,0.490410966
PPT1,0.060408258,0.370848337
IGHV1OR15-1,0.060159694,0.460780269
RNH1,0.060142292,0.085366487
APOC2,0.060113676,0.628305043
FTO,0.060097841,0.04330594
APOC1,0.060003806,0.547211934
PRMT1,0.059818832,0.075436848
NCAM1,0.059644757,0.378767143
HSPA4L,0.059631307,0.001465248
TXNRD2,0.059542351,0.112598291
HSPBAP1,0.059524196,0.237283564
IGKJ5,0.05918229,0.456167186
SSB,0.059121165,0.027992965
GSTA4,0.058878482,0.184482165
DPH6,0.058841969,0.466221371
ACP3,0.058807772,0.029979439
PON1,0.058752833,0.384892931
SERPINB2,0.058700865,0.013118137
SEMA4B,0.058653411,0.200705826
THEM5,0.058645291,0.350269594
UBE2L6,0.058399218,0.122949795
PCMTD1,0.058090629,0.398834577
QTRT1,0.057932186,0.008249344
ATPAF2,0.057883762,0.309567981
GPT2,0.057709052,0.353357221
SOD3,0.057417294,0.108576632
NDRG2,0.05722621,0.056917266
ASPRV1,0.057196898,0.09837651
ETFA,0.057030882,0.197767605
ATE1,0.057000419,0.132324671
BBS2,0.056976748,0.331318181
UNC119B,0.056818789,0.156830402
HDHD5,0.056452972,0.131902955
CD109,0.056213887,0.041898495
OGFR,0.056110291,0.001405274
CPN1,0.055872996,0.233412283
P4HB,0.055566935,0.006108029
SERPIND1,0.055503267,0.157706773
CAPZA1,0.054748749,0.000994511
UBA7,0.054686845,0.052719352
CPOX,0.054676966,0.185495517
ELOC,0.054603692,0.157276397
DCK,0.054147666,0.053178689
PAFAH1B1,0.054053755,0.002325932
PAAF1,0.053648237,0.084632832
BROX,0.053554723,0.014263395
CTBP1,0.053366388,0.079926802
ICAM1,0.053117846,0.287055976
TIFA,0.052844187,0.496349378
FLAD1,0.052821503,0.476706891
GM2A,0.052705486,0.409043484
TRMT61A,0.052622999,0.153189372
PDLIM1,0.052529305,0.059371153
PRKAR1A,0.052487517,0.09898091
RNASE4,0.052066671,0.556071248
GFOD2,0.05182218,0.128853008
TSN,0.051612606,0.067896104
PSMG1,0.051285489,0.055538707
C1QBP,0.051275552,0.092603989
IDH3A,0.051211915,0.12069208
SLC27A2,0.050835114,0.153313862
PTEN,0.050692969,0.421532211
CLU,0.050510751,0.436596756
NEDD8,0.050404607,0.791279947
IGLV1-51,0.050353911,0.508677292
IGLC7,0.050184452,0.751063027
ABCC2,0.050045096,0.664784685
OGFOD2,0.049823429,0.503455724
RRAS,0.049565852,0.096936507
HEXB,0.049563875,0.007491502
ANKRD17,0.049086569,0.567409499
USP5,0.049007296,0.049138339
NUDC,0.048908101,0.162984221
CAPZA2,0.048852693,0.020431189
IGLV7-46,0.048842999,0.279802388
NXN,0.048840334,0.185089905
IGKV2-29,0.048671041,0.498895546
ARL2,0.048626646,0.123795391
LSM2,0.048543871,0.11514255
GNAI2,0.048305632,0.376145722
ELL,0.047979121,0.138312952
LILRA3,0.047957832,0.694007237
SMYD2,0.047612889,0.364262664
IGHV3-15,0.047430203,0.546837024
THUMPD1,0.047176018,0.062374249
PRKAR2B,0.047160224,0.502168071
RAI1,0.046929008,0.705237342
STRAP,0.046785217,0.029063231
ITIH3,0.046751647,0.185538429
IMPDH2,0.046699901,0.027379124
ACE,0.046473364,0.54539824
IGKV3-11;IGKV3D-11,0.046358739,0.312311646
LSM8,0.045961786,0.154111252
SMYD5,0.045854899,0.189409603
RPS28,0.045775988,0.56197786
LAMTOR4,0.045757927,0.063031072
ITPA,0.045592576,0.36183343
PTK6,0.045540541,0.06916457
DPH5,0.045535186,0.724833623
APOL1,0.045495898,0.341506647
PC,0.045430866,0.379535848
DCAF11,0.045303274,0.417930957
IARS2,0.045202443,0.050206091
SPIRE1,0.045177693,0.661966926
SFN,0.045136274,0.010968645
FBXO22,0.044935856,0.208596713
COX6B1,0.044651499,0.767051053
NDUFAB1,0.044636797,0.401915395
MACROD2,0.044549648,0.273286
BASP1,0.044541807,0.219067853
FKBP9,0.044516968,0.227052133
ATP6V1B2,0.044502926,0.023225655
USP14,0.044250578,0.085756605
OSMR,0.044204878,0.656155642
STIP1,0.044127404,0.040643478
SYTL2,0.044075452,0.43642693
PDHB,0.043934491,0.196443835
NTM,0.04384635,0.512880828
CDC123,0.043719086,0.321539515
ABI3BP,0.043352357,0.359111593
DUS1L,0.043277124,0.447136948
CTHRC1,0.043083558,0.349124842
TMOD2,0.042823619,0.228896339
RBKS,0.04278212,0.280397631
ALDH5A1,0.04268749,0.286736306
MCCC2,0.042653339,0.120823919
MRC2,0.042417949,0.198764201
PTPA,0.042343306,0.13856051
ETFB,0.042249315,0.061305433
AMPD2,0.042224579,0.172672887
PTPRE,0.042170915,0.594859593
LDHA,0.042081979,0.107272952
MTFR2,0.041933009,0.275049445
HSPA1A;HSPA1B,0.041708957,0.012651571
SERPINB5,0.04159031,0.079822211
TIMM10,0.041289522,0.268668171
GLRX3,0.041087215,0.075055851
ECM1,0.041082984,0.417537257
MXRA8,0.040955137,0.311523157
CRISPLD2,0.040903566,0.498895546
GANAB,0.040779016,0.136537239
THNSL1,0.040690776,0.314363227
NIT1,0.04067913,0.389920614
COLGALT1,0.040657276,0.136954601
CYBRD1,0.040644941,0.278759481
TXNL4A,0.040476473,0.191544903
CAPZB,0.040186248,0.017739208
PALD1,0.040104327,0.68980708
OSTF1,0.04001705,0.099787947
CAPG,0.039761411,0.04433627
IGHV3-7,0.039608252,0.240676734
HSPA8,0.039437397,0.016441627
CHRAC1,0.039286576,0.425955776
YWHAZ,0.038852355,0.029431289
PPP1R7,0.038782632,0.245394862
IGKV3D-15,0.038288659,0.436151845
APCS,0.038280958,0.697335014
PFKP,0.038136732,0.029979439
PIGR,0.0378315,0.785538217
ISOC1,0.037543499,0.169898324
TAGLN,0.037535392,0.19039861
ASMTL,0.037446768,0.467395661
SIKE1,0.037422096,0.498185483
SIRT5,0.03741201,0.419095076
YWHAE,0.037257627,0.042025566
LRRC20,0.037118267,0.692962092
HSPA2,0.036752317,0.164143454
CPE,0.036658831,0.19783601
NGLY1,0.036603584,0.371233697
HSPA1L,0.036247769,0.63370719
PPP4R2,0.036189381,0.449895593
ATP5F1B,0.03615493,0.038413719
HSPB1,0.035917447,0.033050514
ATP6V1A,0.035780268,0.130946376
ERP29,0.03552236,0.127896888
CDC42,0.035419166,0.032088233
PPP2R2A,0.035253328,0.062794561
AVIL,0.035081267,0.572476783
C4B_2,0.035034237,0.586499284
TCEA3,0.034660668,0.63939222
SERPINB12,0.034534833,0.072396315
YWHAG,0.034497676,0.049583158
GATB,0.034367239,0.686470287
H6PD,0.034123779,0.025813958
TBC1D13,0.033905085,0.614063752
S100A7,0.033601095,0.665705091
IFI35,0.033525992,0.574105433
UFC1,0.033344638,0.250437781
UBE2B,0.032772842,0.512880828
ACSS2,0.032642192,0.514593418
PRKCSH,0.032317738,0.141474065
CACNA2D1,0.032306722,0.351600112
NARS1,0.032296224,0.217577838
HSPA8,0.03219431,0.085644147
ASS1,0.032041097,0.28165695
ALDH1L1,0.031746245,0.726417949
GPS1,0.03169217,0.128486689
HSPA5,0.031234803,0.09220756
AAMP,0.031149267,0.63506368
MFGE8,0.031028712,0.229475622
SIGLEC1,0.030990225,0.700772312
YWHAQ,0.03091005,0.199126018
NCF4,0.030754785,0.560526694
PITPNB,0.030698748,0.285309704
AK1,0.030662413,0.186135958
CPA4,0.030599704,0.359683476
DSTYK,0.030334195,0.594640083
C9,0.030242978,0.605055763
CD33,0.030192352,0.793866122
RABGGTA,0.030116498,0.153416107
IGKV3-15;IGKV3-7;IGKV3D-7,0.029982949,0.468351932
IMPDH1,0.029928977,0.355131132
PDHA1,0.02965498,0.282821715
PLXND1,0.029463907,0.82715499
PLCG1,0.028937114,0.458638959
GGCX,0.028857139,0.628327172
GCLM,0.02852831,0.171060528
PPCS,0.028286769,0.372893133
EPB41L2,0.028254918,0.420213945
KDM4A,0.027721735,0.77509641
PITPNA,0.027361617,0.411227662
LRRFIP1,0.027154823,0.530305374
APEH,0.027087953,0.379472
CLIC3,0.026703537,0.485042979
RRM2B,0.026568733,0.6089776
TPRKB,0.026546093,0.483654297
DLD,0.02636289,0.464026722
QRSL1,0.026156563,0.665467095
SAA4,0.026006258,0.727576563
DIABLO,0.025872175,0.160640884
HAGH,0.025856565,0.659255312
RABGGTB,0.025827231,0.746370521
C5orf51,0.025798919,0.697962089
SORD,0.025635015,0.4395704
PLS3,0.025626779,0.202044915
TRAJ12,0.025551552,0.74630273
CILP2,0.02545653,0.860069337
FBXL8,0.02533212,0.189654943
DGKH,0.025245773,0.790130078
PREPL,0.025216339,0.607338532
CLN5,0.025137461,0.447136948
LPP,0.025020862,0.423167049
OPTN,0.024747939,0.405850826
CST3,0.02459977,0.492232628
GBP2,0.024489618,0.280921768
GABARAPL2,0.024355194,0.597382927
DYNLL2,0.02434724,0.382319565
CDH13,0.02396298,0.191120727
EEF1AKMT2,0.023948754,0.700772312
COL5A1,0.023887639,0.61562292
FKBP5,0.023842502,0.475328242
LCP1,0.023791457,0.386867417
PMPCA,0.023689273,0.425544154
GNG2,0.023489376,0.772726649
RALGAPA1,0.02336908,0.820914679
CEACAM5,0.023325015,0.443119243
HPS3,0.023289604,0.839472622
ACOT11,0.023245435,0.775256759
UBLCP1,0.022959338,0.189860248
CUTA,0.022918969,0.588824128
PMPCB,0.022840353,0.258064933
PLXDC2,0.022812389,0.141885737
OTULIN,0.022426514,0.634370855
TRNT1,0.021939961,0.346588681
PEAK3,0.021893951,0.833746653
NDUFV2,0.021689298,0.282829167
COPS3,0.021100452,0.185054103
CALD1,0.020937182,0.724806491
LRRFIP1,0.020658944,0.674671303
NUP37,0.020583737,0.544280733
TES,0.020330725,0.608431434
UBA6,0.020326307,0.436596756
PCNP,0.020241341,0.642909721
EIF2B1,0.019944621,0.512880828
NUDT19,0.01994094,0.405051583
MPZ,0.019902611,0.780291997
TPSAB1;TPSB2,0.01989261,0.396850664
CAMK1D,0.019875959,0.351692175
FCGR2B;FCGR2C,0.019449118,0.746282542
METTL1,0.019421812,0.582590313
PLA2G4B,0.01937362,0.366656283
APOH,0.019095004,0.761416285
ITIH4,0.019079106,0.557042795
TAGLN2,0.019028462,0.297273265
EFNB1,0.018880855,0.476525845
GLRX2,0.018712262,0.783934262
TBL1XR1,0.018487579,0.43683493
SERPINB10,0.018094391,0.46994329
HIBCH,0.017996478,0.604154279
MAN2C1,0.01785114,0.576916233
BAG4,0.017696085,0.805298519
GBP1,0.017332546,0.593855728
SIRPA,0.017190329,0.793021106
PSME4,0.017164566,0.653590498
RBBP4,0.017087953,0.295305057
PRDX2,0.016433188,0.346417421
THOC3,0.016404252,0.588377019
AKAP12,0.015785616,0.78624107
BCCIP,0.015611496,0.655482718
NNMT,0.015565034,0.687778233
TPP2,0.015123418,0.469094973
JCHAIN,0.014916231,0.83583474
MAPK14,0.014885586,0.694103223
SMAP,0.014420028,0.764852846
TMOD3,0.014184879,0.629720966
SPN,0.014040045,0.699098889
DDHD2,0.013884295,0.691105575
PPP3CA,0.01328474,0.392316863
INTS2,0.013260863,0.851004715
SULT2B1,0.013182354,0.761832938
TAB1,0.013107296,0.653787484
PPIE,0.012868252,0.770653826
HDAC2,0.012843165,0.625057474
IFIT3,0.012721388,0.915287492
TPD52L2,0.012648251,0.914788241
SCP2,0.012528752,0.648841482
LCN1,0.012376623,0.912564145
RRAGC,0.012350026,0.530033613
DYNLL1,0.012066115,0.665467095
MRPL11,0.011832304,0.65407342
FNTB,0.011669721,0.5613825
TATDN3,0.011595221,0.850645723
TKT,0.011483762,0.255156873
FGL2,0.011422078,0.881944185
GMPS,0.011334891,0.633652776
IGKV1-39;IGKV1D-39,0.011276278,0.724488173
PLCB4,0.01113714,0.8902114
PDIA3,0.011086376,0.360974192
PPME1,0.010919448,0.71478753
CASP1,0.010761828,0.508604023
PPP5C,0.010663853,0.731521096
DMKN,0.010619156,0.92960295
SGCE,0.01059594,0.857147257
LSM3,0.010548717,0.670969225
PITRM1,0.010480099,0.812717571
GEMIN6,0.009845861,0.845664654
FAM3C,0.00973356,0.492070971
ACLY,0.009627344,0.70558498
PFKL,0.009373617,0.529203969
IRGQ,0.009190471,0.753939717
LAMTOR3,0.009157128,0.771312662
PHKB,0.009054956,0.814268461
TGFB1I1,0.008807191,0.903870471
MVK,0.008579371,0.724476434
C3orf38,0.008360196,0.879395783
NUBP2,0.008293096,0.87586866
TNFAIP8L1;TNFAIP8L3,0.008184594,0.937409898
CARD18,0.007877024,0.848923852
ME2,0.007832262,0.775462315
WBP2,0.007828431,0.868876335
FBXO3,0.007721847,0.854214267
RNF167,0.007562006,0.89157229
MFSD1,0.007538056,0.811466209
CNRIP1,0.007537537,0.958435916
CHL1,0.007509395,0.658719665
PPM1G,0.007412056,0.675328304
IDH3B,0.007371432,0.822300823
COLEC12,0.007371064,0.797375686
PPM1F,0.007237553,0.840576411
ENTPD1,0.00710352,0.687669987
GATM,0.006997412,0.821679924
CDC26,0.006920645,0.954753121
PRNP,0.006599909,0.910372807
EIF4E,0.006457374,0.531368447
TWF1,0.00566695,0.769022065
MCRIP1,0.005665117,0.855462695
HSP90AA1,0.005596305,0.752708157
YWHAH,0.00542915,0.80649459
ZBTB8OS,0.004637306,0.97215255
AARSD1,0.004600268,0.894184696
CTSL,0.004592316,0.939602052
MOCS3,0.004540058,0.917504716
ARPIN,0.004402973,0.93370616
RAP1GDS1,0.004332563,0.879301624
STX2,0.004011942,0.975999709
GSPT1,0.003961218,0.885728812
RILPL1,0.003721276,0.905270537
PRDX4,0.003293148,0.923613411
TTC27,0.003142428,0.948278165
CNOT7,0.003065662,0.902759455
CDC42EP4,0.00300194,0.964353873
C4A,0.002947193,0.975999709
RECK,0.002929712,0.95865647
POFUT1,0.002616142,0.918924296
NEURL4,0.002593422,0.970679071
RRAGA,0.002518618,0.932598828
FADD,0.002517965,0.975627396
UBQLN4,0.002195712,0.977092284
NUDT18,0.002141521,0.980650663
BAG5,0.002093396,0.944627214
PORCN,0.001760661,0.977490724
LAMTOR2,0.001757058,0.95865647
CSE1L,0.001562975,0.946158613
ARMC6,0.001524251,0.98272748
BDH2,0.001453642,0.963524046
TRAPPC3,0.001407844,0.971964359
TIMM9,0.001110348,0.975438502
S100A2,0.000781318,0.979842429
CDC37,0.000731787,0.984921023
UGP2,0.000575136,0.975999709
ALDOA,0.00053342,0.957805274
STARD5,0.000523255,0.991940983
ANPEP,0.00030142,0.988901089
IGKC,0.000222821,0.997561635
XIAP,0.000176429,0.998995037
UBQLN1,0.000129194,0.996530385
UBE2V1,-0.0001407,0.994778089
AMACR,-0.000158034,0.999099829
COPS5,-0.000223015,0.993449271
GSTCD,-0.000603072,0.986349322
TNPO3,-0.000614728,0.985163461
NRDC,-0.000670196,0.981185046
SEC13,-0.00075074,0.969673223
PPP1R18,-0.000828163,0.991511221
LYPLA2,-0.001011529,0.984921023
LANCL2,-0.001012305,0.971936878
CD276,-0.001121356,0.977092284
VCL,-0.001418119,0.945305799
ATP6V1H,-0.001440286,0.963524046
MYO5C,-0.001652578,0.987025862
TWF2,-0.001745119,0.944759002
LYRM4,-0.001814798,0.983516746
ALOX15,-0.001938037,0.982395108
COASY,-0.002004707,0.940678997
RNMT,-0.002401884,0.934055242
UBE2L3,-0.002407253,0.876639989
PROS1,-0.002557883,0.970679071
CADM4,-0.002862611,0.952806902
RAB23,-0.002984946,0.904460316
SARS1,-0.003033443,0.865034158
ANXA6,-0.003084567,0.915287492
NDUFV1,-0.003212412,0.870648013
XPO7,-0.003261546,0.906466425
HLA-F,-0.003389762,0.919484795
ECHDC2,-0.003408882,0.959176348
CDK6,-0.003486249,0.910689244
SUCLA2,-0.003507158,0.903497801
WIPF1,-0.003541766,0.963765603
DBNL,-0.003593639,0.844007308
TESK2,-0.003693697,0.951338183
STAM,-0.003705248,0.913848809
USP15,-0.003743667,0.885434233
C12orf57,-0.003841433,0.947653494
ZSCAN18,-0.00407189,0.952773818
TPM4,-0.004100509,0.894389075
MTARC2,-0.004236521,0.932851257
FBXW2,-0.00430188,0.903097098
C20orf27,-0.004414784,0.876639989
COPS8,-0.004450131,0.680162211
AKT1,-0.004450625,0.950975362
PSMD5,-0.004516502,0.848211273
NISCH,-0.004629437,0.928455585
C6,-0.004663907,0.94901483
TRIP13,-0.004848467,0.956331503
PPP3CB,-0.004963038,0.896312947
SDHA,-0.004971387,0.887293943
EEF1E1,-0.004996679,0.876639989
DOCK8,-0.005051103,0.919863337
STAMBP,-0.005160508,0.908509921
HBB,-0.005274646,0.830252342
PCCA,-0.005278119,0.884886383
GDA,-0.005328926,0.968485935
MYL6B,-0.005696025,0.981770833
FKBP4,-0.005722591,0.783642733
TRMT6,-0.005817865,0.804719093
HSPD1,-0.005924673,0.64831908
EFHD2,-0.005926626,0.894363096
RHBDD3,-0.005975229,0.936837074
PRDX1,-0.006002399,0.745344743
PDIA4,-0.006101054,0.751839888
PSMC3,-0.006106166,0.442776487
PRCP,-0.006217907,0.808092601
FMOD,-0.006231787,0.886617628
DDB1,-0.006408123,0.783188831
FAM172A,-0.006567015,0.879217507
SARS2,-0.006731424,0.802018025
SNX15,-0.006872221,0.831121979
TPD52,-0.006891484,0.74234298
COPS4,-0.006923373,0.828901268
MIPEP,-0.006972773,0.806061164
LGALS3,-0.007603239,0.614779713
ACTR3B,-0.007744884,0.962783648
PROC,-0.007955472,0.932851257
HYOU1,-0.007994658,0.597212518
PTMA,-0.008191068,0.951338183
SUGT1,-0.008202915,0.872285828
PSME3,-0.0082616,0.749363369
GORASP2,-0.00839756,0.870694882
IGHG3,-0.008549357,0.464468677
IL16,-0.008867515,0.897469687
NUP43,-0.008925191,0.557042795
PFKM,-0.008995354,0.343924006
CTPS1,-0.009035967,0.803018001
GART,-0.009591011,0.698181439
NDUFAF3,-0.009633265,0.84001282
PWP1,-0.009944706,0.760503517
IGKV3-20,-0.010021552,0.823447796
NT5C2,-0.010312001,0.825018711
NAXE,-0.010387097,0.673834978
PPP2R1A,-0.01041298,0.312377833
EIF3I,-0.010517991,0.590968023
PGLYRP4,-0.010745756,0.869319337
DDR1,-0.010762822,0.857725774
HLCS,-0.011000649,0.807734283
CADM3,-0.011004678,0.850099853
QARS1,-0.011185367,0.475636019
AASDHPPT,-0.011266392,0.783578028
FTSJ1,-0.011623303,0.781571686
DBN1,-0.011749619,0.91633862
CAMLG,-0.011793801,0.846175576
IL1RAP,-0.011868314,0.575535705
PDE12,-0.011871262,0.414824464
HBA2,-0.012537027,0.636834065
CIAPIN1,-0.012590492,0.814705203
IGKJ3,-0.01279382,0.786647182
TPT1,-0.012988228,0.786747149
ADO,-0.013104685,0.69000991
DUSP23,-0.013202171,0.801471263
OGA,-0.013219663,0.604096916
LGMN,-0.013430744,0.813542876
A2ML1,-0.013521148,0.540861317
MCMBP,-0.013821674,0.775242841
RGS10,-0.01382256,0.633870819
TRIO,-0.014007988,0.918924296
ACTN4,-0.014050009,0.420875317
IGKJ1,-0.014124001,0.827225045
HSP90AB1,-0.014251013,0.246569765
IGHV1-2,-0.014275422,0.870694882
RAB34,-0.014337898,0.879301624
RPS6KA3,-0.01437449,0.704900241
SUMO1,-0.014581758,0.494392529
FLRT2,-0.014627362,0.721073894
CCT8,-0.014798149,0.848742653
ACYP2,-0.014820021,0.544488557
IGHG1,-0.014940739,0.608782434
RABGAP1L,-0.015049445,0.331032995
OSBPL1A,-0.015153326,0.834225679
LRRFIP2,-0.015182164,0.680851143
MICAL2,-0.01526736,0.816328681
DPP4,-0.015544038,0.461281747
SASH3,-0.015774981,0.767308799
PRKACB,-0.015845351,0.518706207
EIF1AD,-0.015949259,0.803018001
XPO4,-0.016062496,0.692029794
AOC3,-0.016204592,0.666592039
EIPR1,-0.0162346,0.660683538
DMKN,-0.016245133,0.841838665
FASN,-0.01643572,0.614517671
AMPH,-0.016524361,0.834168557
ELP2,-0.016559147,0.605878021
INTS4,-0.016768313,0.734777444
GK,-0.01705436,0.520466376
PAK1,-0.017061755,0.705330069
AIP,-0.017173256,0.675794638
NDRG1,-0.017212932,0.678980045
CAST,-0.017293568,0.591095923
ATG7,-0.017368165,0.501047618
ATXN3,-0.017424811,0.379574182
JPT2,-0.017636047,0.548204361
PRUNE1,-0.018142418,0.636964407
HERC4,-0.018192563,0.600380418
CORO7,-0.018314727,0.622492752
PAICS,-0.018594056,0.621062989
HBG1,-0.01865268,0.82450403
NAP1L4,-0.018988662,0.40622168
TPM3,-0.019551157,0.438733043
C12orf29,-0.019903548,0.873815088
LY6D,-0.020142222,0.846091708
FDXR,-0.020168133,0.482837598
SERPINB7,-0.020266021,0.24248521
ZYG11B,-0.020299161,0.694823883
ATP6V1G1,-0.020342621,0.783642733
ECE1,-0.020413999,0.387609254
GGT5,-0.020587102,0.457634788
ANXA5,-0.02072382,0.326157043
S100A9,-0.020916384,0.841838665
RABEP1,-0.020962089,0.654940787
PDCL,-0.021161483,0.615152412
NCK1,-0.021181443,0.602418761
FAIM,-0.02121695,0.829119864
MRPL12,-0.02131797,0.771077069
ATP5F1C,-0.021899,0.330336472
MMP9,-0.021940156,0.863802735
RHOA,-0.022058253,0.587811226
CACHD1,-0.022239195,0.826303571
ATP5F1A,-0.022414013,0.104587531
CEP170,-0.022511289,0.666502898
CS,-0.022568759,0.308306078
SMPDL3B,-0.022810279,0.727628808
HDAC1,-0.022963693,0.398325899
TFRC,-0.023004593,0.407919934
ECM1,-0.02308164,0.676613972
LSM14A,-0.023152161,0.677569665
POLR1D,-0.023181654,0.816028976
HLA-DQB1,-0.023422909,0.742296485
NUBP1,-0.023462334,0.779801982
MYL6,-0.023526392,0.456172291
DCHS1,-0.02369298,0.650140436
ATPAF1,-0.023745504,0.796796916
PFDN6,-0.023930329,0.415758086
TSR2,-0.024050386,0.400691695
CAMK2D,-0.024206173,0.40602433
PHKG2,-0.024377395,0.417177775
TUBB,-0.024591436,0.39916962
IGHM,-0.024761093,0.776976891
GET3,-0.024793399,0.115908945
CXorf38,-0.025799703,0.25752458
BAX,-0.026044093,0.527232254
N6AMT1,-0.026148178,0.827779087
OVCA2,-0.026490349,0.456888346
MAP1A,-0.026607491,0.206570809
WDR5,-0.026797623,0.360934755
LAMP1,-0.026798835,0.086042362
FGD2,-0.026868044,0.692029794
ANK2,-0.026876524,0.537227913
TOR1AIP2,-0.026900961,0.809039824
CCPG1,-0.026911889,0.818457977
ACAA2,-0.027040559,0.383425017
DPP9,-0.027509492,0.457729682
EXOSC7,-0.027519952,0.624729071
HLA-E,-0.027619431,0.765588961
CRADD,-0.027709198,0.574423334
SPINT1,-0.027906173,0.283098792
TBCD,-0.027914274,0.261944434
IGLV9-49,-0.027952756,0.808366848
AK4,-0.028296581,0.445417961
PON3,-0.02832146,0.524750578
PRKN,-0.028407337,0.802037604
STX7,-0.02845756,0.444712461
VAT1,-0.028683507,0.35882812
CLNS1A,-0.028741647,0.676545824
PRKAR2A,-0.028982243,0.232707372
CARS1,-0.029014646,0.137635072
CEBPA,-0.029078238,0.717821135
LRP1,-0.029127544,0.326854044
MAN1A1,-0.029187225,0.724558533
EIF6,-0.029218886,0.434720672
UBE2I,-0.029251199,0.155309535
GNAO1,-0.02928318,0.463570679
UMPS,-0.029495913,0.298579358
SESN1,-0.029506604,0.741772156
IPO7,-0.029958914,0.262227052
ECHDC3,-0.030124784,0.4929795
XPO1,-0.0301495,0.186632975
OGDH,-0.030167602,0.128448559
RBM38,-0.030270287,0.658868936
CENPE,-0.030381346,0.821025364
LMCD1,-0.030561449,0.425091922
PSMD4,-0.030743457,0.475294825
CAT,-0.031051422,0.3637424
RARS1,-0.031467551,0.074234864
COX5B,-0.03159981,0.324791899
NUDCD1,-0.031697849,0.745752018
GDPGP1,-0.031822317,0.761416285
ZER1,-0.032248986,0.768790387
WDR62,-0.032668004,0.539172708
PLA2G4F,-0.032820694,0.015944061
TBCE,-0.032892249,0.461809777
TPD52L2,-0.033163618,0.135275591
CD44,-0.033378002,0.732703767
DDI2,-0.033452697,0.628327172
PGRMC1,-0.03350044,0.681022025
ZZEF1,-0.033528116,0.338687948
RAB1B,-0.033528769,0.423871308
ALCAM,-0.03356162,0.019716651
COPS7A,-0.033675759,0.453865378
DLST,-0.033757259,0.015543036
SAMD10,-0.034075701,0.716205212
EEF1B2,-0.034320094,0.131371238
CCT8,-0.034373669,0.056374692
FAT4,-0.034577017,0.83793594
IRF3,-0.034702415,0.618080702
THUMPD3,-0.034707458,0.30403731
NCAPD2,-0.03482776,0.746567664
CTPS2,-0.034891812,0.174695199
CCT5,-0.034935685,0.047949903
FAM25A;FAM25C;FAM25G,-0.034968951,0.670267669
NEU2,-0.035037651,0.33496137
S100P,-0.035568386,0.07129928
ZFYVE19,-0.035872101,0.524118247
XPOT,-0.036186296,0.407594799
SHTN1,-0.036358612,0.283770676
SSH3,-0.036501425,0.391526408
IPO9,-0.036682179,0.461025271
TPM2,-0.03677557,0.169102812
TBC1D22A,-0.036796594,0.153189372
PAOX,-0.036807493,0.744708182
UBE2M,-0.037058698,0.213309427
COPS2,-0.037377518,0.07156159
CCDC50,-0.037412837,0.358701771
TNPO1,-0.037531047,0.088552228
TARS1,-0.037570201,0.223192997
TNPO2,-0.037591291,0.188254798
DARS1,-0.037635885,0.020772653
IFT52,-0.037750558,0.576062368
CNST,-0.037880227,0.678002212
FRRS1,-0.037987962,0.014165983
SH3RF2,-0.038177674,0.599776569
ERH,-0.038470848,0.632387745
RPIA,-0.038612063,0.283911874
PTPRA,-0.039010422,0.063519107
POLR3E,-0.039095786,0.43683493
BABAM1,-0.039109821,0.649294917
SEPTIN6,-0.039184546,0.164145
ATP6V1E1,-0.039271064,0.162798006
PANK3,-0.03932407,0.753939717
PFKFB2,-0.039379456,0.338200886
AKAP2,-0.039408343,0.621062989
RPS27A,-0.039457797,0.112898622
VTN,-0.039465896,0.512880828
AIDA,-0.039473399,0.346001154
CD5L,-0.039502691,0.797710237
PTPRC,-0.039662097,0.132404307
PCBD1,-0.039669685,0.277515628
KCNAB2,-0.039746847,0.504559102
GYS1,-0.039883398,0.139188419
MRPL3,-0.040024575,0.625395449
CPVL,-0.040078738,0.229621388
UFD1,-0.040087952,0.139622448
CKMT2,-0.040119929,0.619490247
NME7,-0.040332735,0.282678378
PHGDH,-0.040654645,0.028925706
CLEC3B,-0.040746568,0.188711694
SNCA,-0.040871393,0.485469607
WDR44,-0.040876827,0.3214931
IGKV1-17,-0.040989469,0.669634019
ATP6V1D,-0.041011728,0.46389226
PDGFRB,-0.041088188,0.486337076
UBL7,-0.041154735,0.572560529
UCK2,-0.041435389,0.335373876
RPL26L1,-0.041535638,0.590738236
PSMF1,-0.041761967,0.310156609
TRMT112,-0.041813457,0.122718874
ITFG2,-0.042417543,0.742901755
HS1BP3,-0.042444394,0.332863475
LZTFL1,-0.04275666,0.621896214
HSPBP1,-0.042785043,0.289168182
ITGA1,-0.042874299,0.4395704
CHORDC1,-0.042999407,0.557122577
DGKH,-0.043182059,0.844477578
EPM2AIP1,-0.043204801,0.329164692
VCP,-0.043236442,0.010055404
ATXN10,-0.043263062,0.104115359
URB1,-0.043396512,0.549778343
LIMD1,-0.043451165,0.561102638
KPTN,-0.043527865,0.463060579
DCUN1D1,-0.043586247,0.109776884
ARHGAP18,-0.043679347,0.360974192
NSUN2,-0.043728163,0.012459234
PRMT3,-0.043771773,0.643288591
PSMB9,-0.043777054,0.164508089
MMS19,-0.044080899,0.38746012
MED4,-0.044328388,0.465571663
CERT1,-0.044352075,0.169085608
CTSD,-0.044370011,0.153416107
RAPGEF2,-0.044392011,0.589623639
JMJD4,-0.044774545,0.466685386
STX3,-0.044943643,0.499524717
EPS8,-0.044952371,0.595478583
MCM2,-0.04504761,0.095465233
ABCA8,-0.045205164,0.313252685
HLA-DRB5,-0.045280214,0.293297345
RPS21,-0.045506736,0.34293064
USP47,-0.045806408,0.079535178
POLDIP2,-0.045880208,0.208834052
SARM1,-0.045890413,0.437097748
CALD1,-0.045981629,0.056893863
C1orf198,-0.046002471,0.281464976
RABEP2,-0.046163743,0.275070081
NRAS,-0.046174155,0.031171891
ACOX3,-0.046212683,0.270553409
MEMO1,-0.046340661,0.036807187
VARS2,-0.046487278,0.426079805
ANG,-0.046525271,0.161496398
CRABP2,-0.046543398,0.245692781
SDHB,-0.046617222,0.046762618
TNS1,-0.046826042,0.05441185
PSMC2,-0.047185119,0.025322326
TUFM,-0.047230349,0.012315072
TCF12;TCF4,-0.04737513,0.587635923
CAND1,-0.047383328,0.019330004
KLHL42,-0.047462524,0.536493067
PSMC6,-0.047537631,0.011368489
GTPBP3,-0.047543998,0.189097744
SLC44A1,-0.047571367,0.138483294
VPS54,-0.047573973,0.69017659
MBNL3,-0.047993842,0.402302369
SIRT2,-0.04816516,0.203425872
NDRG3,-0.048245981,0.420128069
NLRC3,-0.048381729,0.261477764
HBA2,-0.048557903,0.248313086
MYCBP2,-0.048620462,0.054927746
STK38L,-0.048687822,0.17567235
COPS7B,-0.04878732,0.430158236
HBD,-0.048911991,0.362282833
DDX39B,-0.048973115,0.252141795
ARHGEF6,-0.04914515,0.251285896
CCNT2,-0.049186652,0.447675271
LYNX1;SLURP2,-0.049292406,0.588389611
PSMC1,-0.049434663,0.006023795
ASDURF,-0.049462713,0.153416107
IKBKG,-0.049575145,0.283437438
KARS1,-0.049625005,0.041889926
EPB41L3,-0.049713378,0.081231734
ANKRD44,-0.049940654,0.343686621
ARG1,-0.050013886,0.411423726
ITGA5,-0.050072223,0.269676882
YES1,-0.050282537,0.026221553
XPO5,-0.050724385,0.281766326
PPP6R1,-0.050746475,0.674168986
TRMT1,-0.050770995,0.494885393
COPE,-0.05077945,0.127599166
CRABP1,-0.050853093,0.523611619
CARM1,-0.050944482,0.225541242
GNAI1,-0.050990189,0.142193945
NDUFS6,-0.051145488,0.355131132
MKLN1,-0.05178039,0.393476825
PLCG2,-0.051799528,0.119934469
CARNMT1,-0.052234927,0.594742579
RGS19,-0.052698747,0.152725465
GABARAP,-0.052733458,0.311955844
IGHV3-72,-0.052742666,0.666592039
ALDH16A1,-0.052809226,0.104464868
TIMELESS,-0.052812649,0.795125232
UNC13B,-0.052873664,0.552881031
PSMD1,-0.052889135,0.036921945
MKNK1,-0.052894428,0.685691887
DCLK1,-0.053021274,0.287513322
ZYX,-0.053065007,0.229705732
UBQLN2,-0.053069351,0.017409513
AARS2,-0.053304866,0.002056901
PIBF1,-0.053414778,0.482173047
IPO11,-0.053490737,0.34372965
CORO2B,-0.053616616,0.287083307
C5,-0.053647217,0.513499467
UCHL5,-0.05379721,0.177740091
ADCK2,-0.053835141,0.639231462
PARN,-0.053845326,0.494428262
ARIH1,-0.053885321,0.01015317
PSMC4,-0.054161176,0.015970579
CKMT1B,-0.054183004,0.240758265
COPS6,-0.054257803,0.017593567
MED9,-0.054334455,0.59641273
MAPT,-0.05441926,0.238478652
PSMD2,-0.054551516,0.007642552
SETD7,-0.054682899,0.519523792
LY75,-0.054732641,0.548204361
HEBP1,-0.054779632,0.38740136
RHOG,-0.054862296,0.266586164
RUVBL2,-0.054920007,0.013177961
NPL,-0.055059282,0.425544154
ADRM1,-0.055118089,0.020898672
APPL1,-0.055237899,0.098138319
PSMC5,-0.055239373,0.004459128
IPO4,-0.05531986,0.188068658
MCM4,-0.055329646,0.219457591
LBP,-0.055337393,0.462409479
TRIM47,-0.055361391,0.08684564
SRA1,-0.055469324,0.150362076
MEAK7,-0.055730296,0.13695762
TMEM254,-0.055875914,0.639231462
SLC9A3R2,-0.056011948,0.233613814
WDR77,-0.056088127,0.104043725
ADD1,-0.056521142,0.105904036
DIS3L,-0.056588767,0.059841971
TRAPPC4,-0.056872126,0.121914439
INPP5B,-0.056958363,0.183865372
DAZAP1,-0.057030555,0.154641812
TRPV2,-0.057350524,0.327513
LAMP2,-0.057382398,0.332694179
CCNY,-0.057450355,0.093651666
RPA3,-0.057670859,0.076249288
B3GNT2,-0.057749635,0.625519092
SYAP1,-0.058023484,0.154994833
HGH1,-0.058075249,0.412986889
YBX3,-0.058102422,0.134200555
ITGB1,-0.058216435,0.039363406
UBE2Z,-0.058305083,0.37052498
MCM6,-0.058356549,0.06925956
RAP1A;RAP1B,-0.058382665,0.011662442
MAU2,-0.058501748,0.475636019
LSP1,-0.058748416,0.226991371
GCC1,-0.058794888,0.038433996
TTC1,-0.058810238,0.141983615
ALKBH8,-0.058826411,0.322182295
DSG2,-0.058930494,0.123876572
PRPF40A,-0.059144364,0.314143114
DDX58,-0.059150706,0.002854743
NFKBIA,-0.05925573,0.427731556
MCCC1,-0.059262105,0.179628547
PUS1,-0.059269187,0.481710553
WDTC1,-0.059314176,0.608782434
BCAM,-0.059337301,0.399498585
SGSH,-0.059346421,0.035374453
NUDCD3,-0.059379261,0.060873238
PCID2,-0.059386567,0.036299757
VPS26A,-0.059411842,0.088794814
DNAJB11,-0.059538668,0.042874318
MARS1,-0.059644865,0.004791707
SNAP23,-0.059730806,0.08844145
ITGA7,-0.059965519,0.29513088
EPN3,-0.059968244,0.678607188
LARS1,-0.060014616,0.002810151
PLD3,-0.060107104,0.030809416
CERCAM,-0.060150514,0.444712461
TUBA1B,-0.060427366,0.010677763
AK3,-0.060518691,0.075382627
PSMD8,-0.060612618,0.009795619
SAA1,-0.060717193,0.740672115
FAF1,-0.060832798,0.00551371
RAB1A,-0.060912626,0.591355003
CORO1A,-0.060981655,0.12049359
ITGAV,-0.061024204,0.020007307
GPLD1,-0.061044587,0.283098792
MAPK3,-0.06114502,0.129944026
MYL12A;MYL12B,-0.061149075,0.298475955
SNX18,-0.061359915,0.095645975
TXNDC9,-0.061363953,0.268852509
CYP7B1,-0.061491806,0.389040403
CREB1,-0.061619592,0.046723192
CD44,-0.061844213,0.014100452
TOR1AIP2,-0.061912604,0.172631896
FRY,-0.062137092,0.249603261
STAM2,-0.062203335,0.236310926
EFNA1,-0.062232892,0.366805543
VGLL4,-0.062825712,0.273169553
N4BP1,-0.062920609,0.134264601
ARHGAP1,-0.063001134,0.208865947
USP4,-0.063046357,0.04802002
UBFD1,-0.063330018,0.653248255
ITGA4,-0.063340643,0.354555953
HLA-DPA1,-0.063427096,0.405702908
ITGAM,-0.063477062,0.359016937
FTH1,-0.063501188,0.011094939
MAP2K6,-0.063725463,0.256109526
GRWD1,-0.06396206,0.304874468
KLKB1,-0.064016977,0.373603486
KPNA4,-0.064122537,0.154994833
BANF1,-0.064149143,0.018181991
IGFALS,-0.064205842,0.411423726
CD248,-0.064319504,0.391231137
PXMP2,-0.064377956,0.745201483
UGGT1,-0.064589445,0.009192599
CTDP1,-0.064666463,0.627979467
ATP5ME,-0.064762516,0.283698384
B4GALT1,-0.064767191,0.189112073
HOMER1,-0.064801233,0.334055007
ESS2,-0.065118726,0.714915159
HSD17B10,-0.0651614,0.079215243
PRMT9,-0.065178027,0.015831067
TMEM263,-0.065284482,0.426729025
AGTR1,-0.065366575,0.318485414
IPO5,-0.065405559,0.04544188
C1orf21,-0.065412302,0.353357221
SIAE,-0.066155946,0.030007808
AOX1,-0.066279733,0.122721748
RPSA,-0.066316132,0.031054064
TUBB6,-0.066325128,0.072025171
EPHB4,-0.066831121,0.297967413
RAB35,-0.066832274,0.014830839
RACK1,-0.066845627,0.009776797
STK4,-0.066876862,0.186140317
ATP6V0D2,-0.066988445,0.236410626
PCDH7,-0.06714125,0.286585617
SPINK5,-0.067333785,0.041468011
APOE,-0.067481953,0.122949795
DUSP3,-0.067523878,0.223734443
DMTN,-0.067586419,0.265145914
KIAA1109,-0.068123689,0.330116981
FYN,-0.068246505,0.065157545
PARP10,-0.068560294,0.334509119
PTK7,-0.068770214,0.01845942
UBE3A,-0.068813844,0.014666045
GFM1,-0.06882485,0.033931938
EEA1,-0.068879585,0.090756097
FAM114A1,-0.06893669,0.127128311
KCTD12,-0.06898742,0.161307742
AHSA1,-0.069021564,0.106628181
ADD3,-0.069085812,0.133886766
GNPNAT1,-0.069175159,0.071220167
TPD52L1,-0.069176675,0.151166971
UBR2,-0.069193581,0.131395506
COL6A5,-0.069318909,0.254401653
PDZD11,-0.069429092,0.117339855
PSMD7,-0.069445374,0.005858351
COQ3,-0.069449129,0.253706862
OGT,-0.06946611,0.017879104
REL,-0.069468482,0.075180358
CRPPA,-0.0694795,0.253578592
TRIM16,-0.06949718,0.002058301
PPP1CB,-0.069510037,0.017019909
MICAL1,-0.069550266,0.119594034
ELAC2,-0.069692166,0.202561026
NOP10,-0.070067894,0.545795319
NRDE2,-0.070441775,0.210651341
MOB1A;MOB1B,-0.070650679,0.12356815
BCL10,-0.07068935,0.343267983
GLT8D1,-0.070693461,0.159632306
DCAF16,-0.070752515,0.047364583
P4HA2,-0.070834714,0.122698938
HNRNPF,-0.071063696,0.127637127
FLII,-0.071200056,0.332694179
VCAN,-0.071249735,0.029437507
C5orf22,-0.071284614,0.430880406
NRP1,-0.071423622,0.119290622
TSPYL1,-0.071514621,0.261023894
RP2,-0.071575641,0.018055053
GLMN,-0.071651563,0.048966508
EIF4E3,-0.071809064,0.242150026
UBAC1,-0.071864383,0.15183945
GPNMB,-0.071870697,0.07114279
FBXO45,-0.071883523,0.113450591
MAFF,-0.072069728,0.23901048
EPHX1,-0.072073365,0.032487612
KCTD1;KCTD21,-0.072074905,0.065056399
LAMTOR1,-0.072414812,0.052223081
ICAM3,-0.072460392,0.038191306
UBE2D2;UBE2D3,-0.07259067,0.079549799
SAMHD1,-0.072797272,0.025581906
SLC3A2,-0.072908042,0.039888175
TRAPPC6B,-0.07293682,0.044018555
PLS1,-0.073004426,0.318607194
PAK2,-0.073084851,0.079519644
SLC16A1,-0.073110858,0.425544154
SEC24D,-0.073199375,0.093768325
SYNPO2,-0.073321191,0.025970187
RUVBL1,-0.073324209,0.010814474
SLC9A1,-0.073510139,0.020958053
PRRC1,-0.073532765,0.403401273
NEDD4,-0.073589786,0.174378494
ABHD11,-0.073801209,0.051210361
ANO1,-0.073879861,0.13297849
GTPBP1,-0.074175546,0.012913972
HCK,-0.074188264,0.023873146
CYHR1,-0.074212657,0.100370316
SNX12,-0.074231535,0.046667918
TRAF6,-0.074240859,0.036963993
GXYLT1,-0.074334616,0.336034171
F5,-0.074431222,0.204211638
PSMD3,-0.074440191,0.008889717
VTA1,-0.074540691,0.146472077
FGD4,-0.074654021,0.246617705
SRR,-0.074754945,0.437097748
SERPINF1,-0.074765828,0.20988091
TRUB1,-0.075364452,0.024062199
PLIN3,-0.075426142,0.016857427
LONP1,-0.075598108,0.007253354
CFAP20,-0.076450252,0.077402172
CLCA2,-0.076786005,0.051616238
EIF4B,-0.076797616,0.035935474
DENND10,-0.077138614,0.022749005
CRMP1,-0.077256734,0.464026722
COMMD10,-0.077257863,0.019166507
SPAG9,-0.077438674,0.01145355
FKBP2,-0.077514191,0.012510243
ACBD3,-0.077561643,0.134244256
STXBP2,-0.077652856,0.069529324
GTF2H3,-0.077740486,0.196443835
TOM1,-0.077929247,0.05056957
ENDOD1,-0.078042402,0.006404173
ZNF25,-0.078168334,0.348566602
NPTN,-0.078306418,0.009355009
TJP1,-0.078625004,0.316821963
TUBB4B,-0.078636781,0.001732754
PPP2R5D,-0.078847249,0.023856808
BTN3A1,-0.078872406,0.515611323
GNB1;GNB2,-0.079010535,0.001221832
CNN3,-0.079233355,0.05948787
SAAL1,-0.079312661,0.271631994
PRKACA,-0.079335192,0.052845915
RPA2,-0.079627803,0.036629911
RPLP2,-0.079699346,0.091654818
ARFIP1,-0.079703513,0.003765314
PPID,-0.079741637,0.108707898
PLTP,-0.079830757,0.405083092
UBXN7,-0.079955095,0.097022484
IRAK4,-0.079976797,0.200434474
RO60,-0.080005526,0.003321055
EPB41L1,-0.08002698,0.048264694
ACBD6,-0.080032252,0.430968483
BTBD9,-0.080135225,0.439227469
CDKN1B,-0.080600725,0.272454873
PSMD6,-0.080616483,0.01030137
KLC1,-0.08063022,0.061257397
CLP1,-0.080881625,0.000579366
F13A1,-0.0809515,0.030036993
TIAM1,-0.080978436,0.077552669
OLA1,-0.081126147,0.000890659
IPO13,-0.081160319,0.122527881
ISG20L2,-0.081306893,0.406845281
RAB4A,-0.081346645,0.011902472
DMKN,-0.081455085,0.029634165
APOD,-0.081503162,0.132840336
RAB9A,-0.08152754,0.112392757
NFRKB,-0.081756966,0.095447673
NOL3,-0.081833572,0.173930897
ABCA6,-0.082002102,0.222725623
ITGB5,-0.082235624,0.04887433
RAB31,-0.082360374,0.13856051
TMEM79,-0.082370515,0.353225269
PDPK1,-0.082462699,0.009078553
HLA-DRB3,-0.082481721,0.0871256
YBX3,-0.082546882,0.008227971
PLEKHH3,-0.082673115,0.245980866
P4HA1,-0.082687097,0.006606648
CCT6A,-0.082711598,0.000990264
RWDD1,-0.082830482,0.115660648
RNPC3,-0.082872519,0.608431434
TRADD,-0.082905952,0.116275301
UBE4B,-0.083001924,0.033066905
FGD3,-0.083117767,0.18449856
DPF2,-0.08318232,0.056274057
ITSN1,-0.083205062,0.003168092
UBE2N,-0.083339966,0.048500251
HSP90B1,-0.08367013,0.001583977
MMP2,-0.083713346,0.100888313
WDR47,-0.083833115,0.115988836
HARS1,-0.083859035,0.0126174
MMUT,-0.084024206,0.020415461
DDX19B,-0.084142893,0.423205337
AHCYL2,-0.084384271,0.030641649
NCK2,-0.085056763,0.037518106
IL18R1,-0.085073634,0.065703813
SEPTIN3,-0.085376114,0.239131763
CIAO2B,-0.085524267,0.349087218
APBA1,-0.085582725,0.411616357
PRKCI,-0.085635002,0.37556195
GIPC3,-0.085775177,0.209267705
RAB32,-0.085803226,0.029568836
DGKB,-0.085974736,0.651646776
EPS15,-0.085990572,0.06331862
RMDN1,-0.086139954,0.03707753
INPP4B,-0.086259109,0.033949377
TYRP1,-0.086314301,0.223734443
LARS2,-0.086496781,0.035403355
STON1,-0.086534687,0.212500938
AP3S1,-0.08666268,0.441114443
DPYSL4,-0.086665199,0.435637816
PDP1,-0.086716623,0.029989247
CAMK1,-0.08700053,0.50166718
HTRA2,-0.087023869,0.091147129
WDR91,-0.087130809,0.007015768
TNS1,-0.087160632,0.051588675
DYNC1I2,-0.087174307,0.084331113
ARL6,-0.087326037,0.523566649
LYSMD1,-0.087390628,0.094259956
PIKFYVE,-0.087406209,0.149347057
TBP,-0.08740801,0.19932873
RAB7A,-0.087457052,0.008390429
SNX5,-0.087973284,0.002185792
TMEM161B,-0.08799423,0.198828273
ACTR1B,-0.087996413,0.609950418
PLAA,-0.088093653,0.012315072
UHRF1BP1L,-0.088238477,0.348174872
AP4S1,-0.088284122,0.046972205
IL1R2,-0.08876749,0.06568909
TCP1,-0.088814408,0.001243686
NXT2,-0.088960311,0.46777583
CCDC97,-0.089102018,0.394640541
DNM1,-0.089102171,0.036740939
FLOT2,-0.089145306,0.022010391
HSPA14,-0.089197731,0.126723674
PRMT5,-0.089256969,0.007074285
VPS4B,-0.089385794,0.066366392
IPO8,-0.089393089,0.079444906
NDUFS1,-0.089403977,0.003649535
PLIN4,-0.089548067,0.253297262
RABGAP1,-0.089551513,0.06041865
DERA,-0.089553667,0.003519404
ACSS3,-0.089670469,0.307965086
GGH,-0.089807273,0.007401279
FBXO27,-0.089869019,0.406240806
PSMD11,-0.089948096,0.00187065
RPS6KA5,-0.089963223,0.078751634
IRF6,-0.089985796,0.051009752
VWF,-0.090163835,0.063132726
PIK3R1,-0.090173744,0.253984077
MACF1,-0.090216585,0.273110582
GLUD1,-0.090235331,0.000224572
PIP4K2A,-0.090366131,0.375941059
KDM4B,-0.090416385,0.347839707
ARF1,-0.090426268,0.064886292
PHLDB1,-0.090573918,0.208887022
RARS2,-0.090596991,0.06399884
OXR1,-0.090685952,0.014207014
GLS,-0.090747673,0.106061217
PSMA5,-0.090806351,0.043277403
PSMD13,-0.090863461,0.009487704
JMJD6,-0.09094183,0.210474722
FGA,-0.091019963,0.095125943
UBOX5,-0.091297597,0.094760081
TPPP3,-0.091543644,0.038245538
PPIC,-0.091562039,0.149592268
PUS7,-0.091573255,0.036158127
GNA11,-0.091605609,0.007642552
HLA-DRB1,-0.091729212,0.141619729
LIMA1,-0.091815951,0.022129725
NDUFA2,-0.09185676,0.035273791
MCM3,-0.091957442,0.005226386
ARF4,-0.092252558,0.166665965
CCT3,-0.092253827,0.003321055
PNPLA7,-0.092350362,0.578156028
HMGA1,-0.092380046,0.21281538
SRC,-0.09247729,0.018295395
USP25,-0.092510406,0.046667651
HNRNPAB,-0.092721688,0.006404173
ASB1,-0.092790257,0.211985857
ASCC2,-0.092890478,0.089553034
BIN1,-0.093058695,0.453505288
CSTF1,-0.093068482,0.000768946
NIBAN1,-0.093104482,0.013177961
GEMIN5,-0.09316756,0.004276238
CORO1B,-0.093255574,0.040763569
NCF2,-0.093272528,0.255681291
RIOK2,-0.093350561,0.335799657
MYL9,-0.093403287,0.013614785
NSUN6,-0.093416243,0.119068073
GPR155,-0.093434872,0.131853406
MPZL1,-0.093537919,0.149592613
MCM7,-0.093717866,0.025026645
BSG,-0.0938271,0.017070378
DNAJB2,-0.093833133,0.014836968
CCT7,-0.093891216,0.000403675
HLA-A,-0.093915885,0.367042837
FAT2,-0.093916547,0.008002453
ACSF3,-0.09396904,0.118202071
C2CD5,-0.094133353,0.103593797
SP100,-0.094565314,0.021881875
ADAM17,-0.094819961,0.001323647
EEF2,-0.095031956,0.010549707
PCDHB3,-0.095135778,0.477289694
CSRP1,-0.095162196,0.013093332
DAB2,-0.095177059,0.195329855
ATG101,-0.095179561,0.066366392
NACA,-0.095596965,0.011445261
AP2A2,-0.095608765,0.002894091
COX5A,-0.095621719,0.51474675
TNFAIP2,-0.095676955,0.066087768
EMILIN2,-0.095749192,0.303896791
MTHFD1,-0.095789252,0.000602543
TYW1,-0.095810473,0.379022389
EIF3G,-0.095815573,0.008053508
FLOT1,-0.096067535,0.004244153
WASHC2C,-0.096074508,0.018176377
GIPC1,-0.096522668,0.072520187
DLAT,-0.096531198,0.000703358
DRG2,-0.096557144,0.017306493
HINT3,-0.096739903,0.006335554
EIF3J,-0.096777583,0.183248397
HLA-A,-0.096798674,0.071408188
TLR3,-0.096878405,0.031431467
NES,-0.096934579,0.343566604
EML1,-0.097044747,0.012560157
ACTN1,-0.097046147,0.013621852
USP7,-0.097080917,0.007957616
OXSR1,-0.097150015,0.097624238
SWAP70,-0.097195842,0.013984511
MEF2A,-0.09726957,0.107268435
ARF5,-0.097279359,0.138591018
RNASEH2B,-0.097344174,0.014355272
POLR1C,-0.097406154,0.001962892
CHMP3,-0.097478208,0.020007307
SDCBP,-0.097576335,0.049928162
MSN,-0.097661557,0.009720339
ANXA11,-0.097912228,0.001206275
AP1B1,-0.09801286,0.004984766
PAFAH2,-0.09805001,0.083627254
PPP1R12C,-0.098068819,0.433936674
WDR20,-0.098076887,0.164628465
DCTN2,-0.098283271,0.00139019
NSMAF,-0.098317007,0.236124521
SNAP29,-0.098375151,0.104900861
PTPN11,-0.098377375,0.049393987
S100A4,-0.098493792,0.043862701
SYNM,-0.098623884,0.007207231
MCFD2,-0.098644856,0.251995389
SNX27,-0.098677298,0.062881717
CCDC91,-0.098685611,0.034471898
IARS1,-0.098701068,0.004157897
KPNB1,-0.098735522,0.000275964
ARRB1,-0.098912006,0.057290643
ME3,-0.098917955,0.026361581
AIMP1,-0.099169938,0.001405274
GTPBP2,-0.09917891,0.240020117
CCT2,-0.099188304,0.001390043
PSMB6,-0.09921259,0.02819639
CUL2,-0.099227563,0.002574022
ROBO1,-0.099366359,0.041210922
TSPAN8,-0.099581547,0.311977085
FHL1,-0.09979132,0.052625034
RNF214,-0.099928029,0.155575103
NUBPL,-0.100034822,0.261946116
GPHN,-0.100073405,0.041987848
CLTC,-0.100275493,0.000941103
LACTB,-0.100389048,0.108576632
SNRPF,-0.100472193,0.073163385
SHC1,-0.100693254,0.0379951
MRPS30,-0.100757992,0.214318959
DCAF8,-0.100802251,0.145797094
APLF,-0.1009299,0.145954074
FARS2,-0.10099696,0.575984528
CPXM2,-0.101035853,0.296088743
PPP2R5A,-0.101344337,0.07039679
EPHA4,-0.101378359,0.031431467
DNAJB1,-0.101506356,0.000659842
S100A10,-0.101534513,0.077475773
MME,-0.101638848,0.190901393
GNAS,-0.10172472,0.006630214
SLC5A6,-0.101784076,0.501313051
BORCS8,-0.101793388,0.140735748
CILP,-0.101883007,0.346620227
PHF6,-0.101922329,0.228557276
ITSN2,-0.101991837,0.004636231
PSMA4,-0.102559098,0.084898837
RASAL1,-0.102588157,0.100166234
RAB11B,-0.102756193,0.004683485
PDCD6IP,-0.102788476,0.020053492
LRRK2,-0.102876663,0.219943885
PRKAB1,-0.102995328,0.036501966
SEPTIN11,-0.103343452,0.061584822
NCCRP1,-0.103520959,0.032391631
MCM5,-0.103726004,0.004436988
CAMKK1,-0.103987306,0.073914775
HNRNPH1,-0.104015912,0.095565122
CNTN1,-0.104042727,0.000708763
TEFM,-0.10410173,0.229034639
ZFAND1,-0.104381711,0.042267456
AGA,-0.104385658,0.243947479
PREX1,-0.104386773,0.431757214
ABL1,-0.104432432,0.257170613
KRTDAP,-0.104448782,0.012586151
UQCRC1,-0.104492188,0.003468467
PSMD12,-0.104678334,0.012723772
BAP18,-0.104746083,0.006108029
GPATCH8,-0.104772796,0.513486245
FAM107B,-0.104886185,0.128719221
VARS1,-0.105088887,0.005665043
OSBPL9,-0.105096453,0.038784741
FCGBP,-0.105107154,0.001353924
GNAI3,-0.105319528,0.000631934
ITGB2,-0.10534132,0.09324916
AKAP11,-0.105353937,0.014477819
SHMT2,-0.105634917,0.018125961
COPB2,-0.105724208,0.001162865
ARPP19,-0.106126463,0.475175739
UBE2O,-0.106180035,0.003445189
EPRS1,-0.10646773,0.001405333
DAPP1,-0.106473193,0.148469478
FGG,-0.106479303,0.166994072
EFCAB14,-0.106593506,0.178459804
TTC9,-0.106642133,0.206979462
MRPL41,-0.106841808,0.002588709
ALOX15B,-0.10698452,0.109446646
MOXD1,-0.107039105,0.042680869
DIS3L2,-0.107089851,0.030713682
COQ6,-0.107093303,0.041404626
FAM110A,-0.107216863,0.107183749
PLXNB1,-0.107231286,0.247597598
FHIP2A,-0.107268062,0.071416351
EIF3B,-0.107369189,0.00341375
RALGPS2,-0.107562681,0.181906131
GNAL,-0.107807002,0.14540443
POTEJ,-0.107807541,0.257014389
NARS2,-0.107867069,0.063872827
MAP4,-0.108032549,0.016225673
SLC25A40,-0.108136937,0.318485414
LRRC1,-0.108223202,0.015963358
RELA,-0.108226196,0.007787097
ABCA1,-0.108315331,0.335799657
COMMD1,-0.108431102,0.206595105
CRTAP,-0.108470591,0.014666045
ASPSCR1,-0.108726353,0.234815214
SPECC1,-0.108816523,0.027600556
VTI1B,-0.108827118,0.005265974
UBE2H,-0.108938098,0.073857486
BRI3,-0.108965166,0.372231476
TGFBR3,-0.109097874,0.392322021
PLXNB2,-0.109176623,0.016474095
ARMC1,-0.109213983,0.017017821
GNB4,-0.109322949,0.127428516
TIMM8A,-0.109437099,0.031107262
RTN1,-0.109462431,0.243897241
MOCOS,-0.109485063,0.020886604
MMAB,-0.109621822,0.073784518
TRMT2A,-0.109871503,0.040678316
IRF9,-0.109873302,0.249543817
PRDM10,-0.109916803,0.172371888
EIF2S1,-0.1101725,0.002146764
SNX3,-0.110222807,0.003810719
WWP2,-0.110313807,0.131705411
SPNS1,-0.110383078,0.05550297
SLC25A33;SLC25A36,-0.110453955,0.13201512
TCIRG1,-0.110455138,0.053469914
NIPSNAP1,-0.110479017,0.101585709
DDX39A,-0.110539651,0.00664447
TACC2,-0.11086359,0.001237188
DUT,-0.11087879,0.110755688
TRIM21,-0.110929613,0.004955321
FBXL12,-0.110994633,0.253984077
PSMD14,-0.111061597,0.059644397
CTBP2,-0.111249526,0.451441629
TJAP1,-0.111414709,0.051084661
PLCD1,-0.111456701,0.044625532
CD81,-0.11155294,0.423167049
APC,-0.11173329,0.033652607
RFTN1,-0.111872418,0.01485297
AP4M1,-0.111917026,0.279025301
IMPACT,-0.111929281,0.022036783
PDCL3,-0.112002269,0.056248835
SCARB2,-0.112418591,0.009116162
CNKSR1,-0.112450429,0.32995783
PRPF40B,-0.112539862,0.097771856
RASSF7,-0.112832297,0.236147491
PM20D1,-0.11286438,0.582590313
TYRO3,-0.112880439,0.011114688
PML,-0.112926967,0.002908108
DTD1,-0.113043462,0.013903477
RALB,-0.113130545,9.67E-05
LYN,-0.113325329,0.015793098
TEAD1,-0.113341077,0.196018088
SGPP1,-0.113377701,0.027865073
HEXIM1,-0.113387476,0.013241722
HNRNPD,-0.113519714,0.00824881
FBLN7,-0.113628425,0.241819314
RAP2B,-0.113705541,0.001406313
NDUFAF2,-0.113791563,0.010236898
GRN,-0.113837798,0.03061134
ANKRD52,-0.113856477,0.266586164
RAB2A,-0.113869797,0.006457782
NID1,-0.113992558,0.042522122
PLEK2,-0.114180984,0.089470708
NDUFB10,-0.114303029,0.178786056
PTGFRN,-0.11450493,0.009475923
GLTP,-0.114573507,0.08916286
CCT4,-0.114601029,0.00019813
GSKIP,-0.114725094,0.025511732
LRRC45,-0.114767194,0.239783718
KIFBP,-0.114806828,0.310170696
ANXA4,-0.115359221,0.004921506
TAPBPL,-0.115459419,0.213501384
P3H1,-0.115663146,0.024702603
ATP6V0D1,-0.115745323,0.018389136
AP2B1,-0.115959898,0.004508036
CIAO3,-0.115983341,0.176974102
BPHL,-0.116195777,0.011114688
RAB3D,-0.116259529,0.000366935
CAPN2,-0.116428979,0.007067288
COMMD3,-0.116671217,0.01757729
PHF20,-0.116802017,0.025870594
MMP14,-0.116813589,0.00817348
RAB27B,-0.11691427,0.004560218
CAMK2G,-0.117236691,0.006788555
NECTIN1,-0.117292263,0.06630834
MAP2,-0.117362468,0.006786702
CAP1,-0.117370942,0.020671762
THBS1,-0.117534757,0.024062856
POLR2G,-0.117550699,0.013575332
EVI5L,-0.117624023,0.000154008
EEF2K,-0.117730077,0.00108233
PDLIM5,-0.11778164,0.000259173
ACSL5,-0.117833095,0.146411489
EFS,-0.11812212,0.018366229
DUSP22,-0.118140553,0.040708046
PRODH,-0.118185235,0.391547121
HSPA13,-0.118208339,0.010416334
PRELP,-0.118240884,0.01696937
BTC,-0.118433599,0.135188035
BTF3L4,-0.118544862,0.00361506
CAPN5,-0.118645365,0.02254971
IGBP1,-0.118728637,0.060470575
CYB5R3,-0.118925302,0.001885862
SMARCAD1,-0.11897499,0.198811369
KLHL25,-0.118983152,0.165757267
CCDC88B,-0.11906038,0.490352494
NME3,-0.119250881,0.009923776
UBTD1,-0.119395673,0.147384825
DENND4B,-0.119435247,0.040088529
DCTN6,-0.119577375,0.077605041
FMNL1,-0.119741813,0.125994443
MECR,-0.119751342,0.107098207
RNF11,-0.119891687,0.107954251
CTDSPL,-0.119938214,0.209568915
SBSN,-0.120010443,0.028855246
SH3PXD2B,-0.120032829,0.026578024
RRP1,-0.120040232,0.205452215
IFIT5,-0.120123978,0.063800818
FBXO7,-0.120244339,0.049547799
FLNC,-0.120252924,0.00298147
OSBPL11,-0.120366594,0.069706514
POLR1G,-0.12043082,0.136881888
MYLK,-0.120537836,0.004537471
ARHGAP6,-0.120605719,0.14035577
CDC5L,-0.1207424,0.081218338
NEO1,-0.120906767,0.235727501
ASAH1,-0.120936927,0.029425659
BMP2K,-0.121114386,0.03444114
CYTH1,-0.121114578,0.000404961
HK1,-0.121220058,0.002116586
APOL4,-0.12126123,0.015857903
NAAA,-0.121325168,0.090119914
RB1CC1,-0.121373739,0.152786076
SMN2,-0.121435887,0.16093442
SNX1,-0.121466084,0.000590783
EPS15L1,-0.121498774,0.188308012
EPB41,-0.121672581,0.008867761
HLA-B,-0.121721267,0.547189954
IFITM3,-0.121734002,0.157889002
RAB4B,-0.121895013,0.01889844
FBLN1,-0.121976338,0.05096632
SEPHS1,-0.121999034,0.03816775
ANKRD13A,-0.122022192,0.076324771
FBLN1,-0.122286724,0.161238432
DOK3,-0.122288315,0.056741767
B3GLCT,-0.122344662,0.298271845
CAV1,-0.12238104,0.002570975
TRIOBP,-0.122427894,0.308712009
ANXA8L1,-0.122430428,0.007605923
MRPS36,-0.122478823,0.002746268
COMMD8,-0.122487032,0.010694495
NFKB1,-0.122544701,0.025083581
MAP1B,-0.12271304,0.010991349
TCEAL4,-0.122774762,0.043259704
EIF2B2,-0.122913166,0.029170559
EIF5A,-0.122989194,0.003811562
UNC13D,-0.123007806,0.083627254
CUL5,-0.123156978,0.000753642
AKT2,-0.123270054,0.037980545
MDH2,-0.123289935,0.000295854
TLN1,-0.123329041,0.009429223
TARS2,-0.12352561,0.000959757
HLA-DRA,-0.123595121,0.018745957
USP1,-0.123792796,0.423515574
PPOX,-0.123859955,0.111486498
ARPC5,-0.123885759,0.009526365
WTAP,-0.12390393,0.37671268
MRPL21,-0.123907116,0.001539343
C11orf68,-0.123982231,0.117885332
QPCTL,-0.124351903,0.175455407
ANKZF1,-0.124428773,0.033580177
TFB2M,-0.124530157,0.18449856
KDM1A,-0.124538756,0.039926095
NAA50,-0.124545669,0.19171267
ROR2,-0.124640577,0.035115915
MAGOH;MAGOHB,-0.124646429,0.007418981
RNF10,-0.124814409,0.041649319
PRRC2A,-0.124910786,0.228916951
HERC3,-0.124937073,0.237405797
ACTR1A,-0.125029544,0.001287241
TPM1,-0.125030688,0.032482126
ECI1,-0.125162957,0.040656591
CUL4A,-0.125165659,0.001356493
DENND1A,-0.125462244,0.217991363
TRIM5,-0.125479678,0.054656317
MGMT,-0.125588682,0.125892462
PXN,-0.125593585,0.024243276
BNIPL,-0.125615947,0.29363611
TUBB2A,-0.125876348,0.002898032
SDR39U1,-0.125885715,0.116514942
HDAC7,-0.125937388,0.049075053
PLA2R1,-0.125952312,0.084671706
ARHGAP10,-0.12600431,0.355131132
URI1,-0.126048479,0.003826526
TNK2,-0.12604968,0.147103012
FHL3,-0.126086503,0.100166234
ANXA3,-0.126184275,0.01286715
HGS,-0.12625059,0.011405743
MAPK1,-0.12630797,0.005461609
FBXW5,-0.126376935,0.212554049
MED13L,-0.126467099,0.109030851
CD2BP2,-0.12647708,0.081861135
TRIM28,-0.126573901,0.001127986
DEGS2,-0.126592952,0.163649291
WDFY1,-0.126731949,0.006836316
GSDMA,-0.126758473,0.047885864
FAM210A,-0.126808753,0.107098207
BCL2L13,-0.126915563,0.004335
ELP5,-0.12696541,0.021152731
TUBB3,-0.126998026,0.003700497
MGLL,-0.127000464,0.086081443
PLEKHF1,-0.127027389,0.113809732
PTGES3,-0.127068487,0.250148847
STOM,-0.127215298,0.002383432
SH3KBP1,-0.127408574,0.008562079
UBR3,-0.12744126,0.007647724
FBXO28,-0.127442927,0.131902955
GPC6,-0.127482886,0.156878898
TOM1L2,-0.127542327,0.003788736
MYD88,-0.127624776,0.023127646
GALNT16,-0.127661361,0.104121437
CUL4B,-0.127706571,0.004244153
ANKRD12,-0.127931785,0.3166594
COMMD2,-0.12803793,0.033461692
AIFM1,-0.128137904,0.001021844
EIF4A1,-0.128464846,0.004201102
ARHGAP25,-0.128691301,0.095159482
SAR1A,-0.128728806,0.02188171
CDH1,-0.128807312,0.009804398
CELF2,-0.128850474,0.01691438
SSBP1,-0.128851326,0.021442438
ALG13,-0.128915293,0.056558191
DDX19A,-0.129121344,0.012039137
TCEA1,-0.129259743,0.005458249
CSNK2A1,-0.129269882,0.054709165
NAPA,-0.129404838,0.010331648
LIN7C,-0.129501227,0.001893196
NEK9,-0.129669381,0.01890219
OGN,-0.129829294,0.031483093
KBTBD6,-0.12990629,0.109493984
PICALM,-0.129951151,0.020377372
TIMP1,-0.130040284,0.087028051
TECPR1,-0.130226887,0.099145273
APOB,-0.130273573,0.010951969
MAB21L4,-0.130325853,0.020053492
PRPF39,-0.130476644,0.137106577
ESF1,-0.130543808,0.036709957
GOT2,-0.130544522,0.003177376
TPBG,-0.13059797,0.0026121
PPP1CA,-0.130602498,0.000441332
RAB5C,-0.130613424,0.020112734
RANGAP1,-0.130805867,0.00045024
TCAF2,-0.130926207,0.207174374
SVIL,-0.130998036,0.001080498
MINDY1,-0.131151387,0.078000997
PCBP1,-0.131188357,0.000693785
RTKN,-0.131349432,0.054242529
TSC1,-0.1314339,0.056157889
ACAT1,-0.131641608,0.000127127
TRIM28,-0.131739674,0.1177123
DBR1,-0.131782036,0.030641649
SNX4,-0.131847787,0.044179206
MLX,-0.131954989,0.047287394
LAMC3,-0.132028217,0.144142371
TBC1D9B,-0.132314838,0.00534823
CSDE1,-0.132341161,0.002203158
KIF1B,-0.132540851,0.010196662
KRAS,-0.132549033,0.02675411
PARD3B,-0.132670233,0.077402172
ATP1B1,-0.132754774,0.048867643
ALDH1L2,-0.132917417,0.016791215
LMAN1,-0.132953507,0.002928115
URB2,-0.133489874,0.355725755
F8A3,-0.133988628,0.00737105
LPAR1,-0.134003029,0.077992513
NIBAN2,-0.134057936,0.000350329
CNP,-0.134168652,0.004265038
FGB,-0.134445244,0.108359927
ANAPC2,-0.134475985,0.038573519
FBXO9,-0.134617133,0.135717459
CYB5A,-0.134840516,0.001325882
BRCC3,-0.134936218,0.133425026
SNX7,-0.135021832,0.081540545
THADA,-0.135137771,0.010405364
TMEM106B,-0.13523435,0.075028311
GGA1,-0.135399315,0.046606002
ZMYND8,-0.135535019,0.119068073
TNIP1,-0.135591462,0.013360885
ASAP2,-0.135769969,0.287387033
NCSTN,-0.135842582,0.000642899
NOTCH2,-0.135850695,0.017598867
MRPL23,-0.135977015,0.108331606
ELP3,-0.13607146,0.003452212
PCOLCE,-0.136105775,0.413034872
PCBP2,-0.136117372,0.003764456
GRAMD1C,-0.136215691,0.010615363
NAA10,-0.136247786,0.007401279
PSMA1,-0.136287047,0.002604797
ATP2A3,-0.136556435,0.209398296
SEPTIN9,-0.136882912,0.000269296
DCTN4,-0.136947765,0.004048074
PLCB3,-0.136994182,0.000192426
KANK2,-0.137018813,0.010625628
AAK1,-0.137020754,0.024786806
STAT1,-0.137113905,0.004348271
STAT5B,-0.137132187,0.025948552
CPD,-0.13719428,0.020431956
STUB1,-0.137294565,0.00727355
PKN1,-0.137365672,0.033236874
CYBB,-0.137524606,0.178084304
TRAP1,-0.137841481,0.008896845
MYO1G,-0.138011416,0.006398619
ITGAX,-0.138313353,0.180888594
SEC16A,-0.138340233,0.005481906
TNS3,-0.138346023,0.350425429
CRIP2,-0.138517133,0.000808825
STK10,-0.138648982,0.19823572
SEPTIN2,-0.138796385,0.003960033
PPP2R3A,-0.138864549,0.115211093
RND3,-0.139007827,0.095447673
GPRC5C,-0.139024301,0.046080909
SHPRH,-0.139112064,0.11449896
GSDME,-0.139300545,0.241244909
SH3GLB1,-0.139351401,0.000660578
YAP1,-0.139384699,0.1546886
HNRNPH2,-0.13939175,0.009243597
RNASE7,-0.139529951,0.001543215
ATP5F1A,-0.139612662,0.196643138
FGD5,-0.139624394,0.070714689
GAPDH,-0.139636315,0.000364064
WDR26,-0.139722776,0.000388693
EEFSEC,-0.139982294,0.003211108
GOPC,-0.140002763,0.016660838
POLR2L,-0.140030752,0.009842081
RIPK4,-0.140107534,0.010382683
PPWD1,-0.140172205,0.007692149
LARP4B,-0.140427689,0.043012129
PUF60,-0.140430145,0.002611234
RDX,-0.140472196,0.009583415
SLIRP,-0.140788162,0.033107237
SLC35A4,-0.140803537,0.001751494
PTPN12,-0.140923198,0.004332417
RPS6KB1,-0.141114979,0.358812663
SEPHS2,-0.141139724,0.161297795
TUBB6,-0.141408297,0.28816624
GPSM2,-0.141582916,0.030945472
MAP2K2,-0.141700141,0.034362235
PPP2R5E,-0.141722659,0.001208764
ANXA1,-0.141807768,0.001702143
NOP16,-0.141829379,0.052878114
FBXO11,-0.142024596,0.17110631
ABCF1,-0.14205597,0.237223366
C15orf40,-0.142119993,0.060952432
RPRD1B,-0.142189518,0.029979439
AP1M1,-0.142224134,0.004293404
PDGFRA,-0.142258098,0.032749485
NUDT8,-0.142273793,0.032749485
LMBRD2,-0.142547479,0.054212711
FAM114A2,-0.142869481,0.009621452
GOLGA3,-0.14290264,0.000629012
SPON1,-0.143445445,0.021319904
KIAA1217,-0.143450861,0.139898726
LIPA,-0.143557354,0.028247475
ITGA2,-0.143558303,0.005749379
STK38,-0.143575629,0.005178199
VPS18,-0.143579543,0.011234687
LSR,-0.14384581,0.058182086
KTI12,-0.143947698,0.06540159
HTT,-0.14401815,0.007956598
VPS35,-0.144108004,0.000785964
BSPRY,-0.144276685,0.004732497
TMED5,-0.14438026,0.004149039
RSU1,-0.144758145,0.123786089
PACS2,-0.144889129,0.04578001
PSMA3,-0.144906072,0.000682334
SNRK,-0.145177547,0.213231946
ANO6,-0.145187815,0.005838902
BCAR1,-0.145235478,0.019104242
MYH9,-0.145269554,0.00066657
SLC29A1,-0.145483657,0.025169215
BABAM2,-0.145588019,0.090864611
SORL1,-0.145627529,0.169895418
ANAPC4,-0.145655799,0.095465233
MYH10,-0.145698246,0.000799572
EIF4A2,-0.145750705,0.040528574
CROT,-0.145781998,0.119436676
PTPN6,-0.145783134,0.002446241
CXADR,-0.145875789,0.02757383
TRAPPC1,-0.145949764,0.038174097
ZFYVE26,-0.145958473,0.21238248
STK3,-0.146055101,0.080960166
STAT2,-0.146131917,0.110383541
ANXA2,-0.146209238,0.003535097
FCGRT,-0.146410314,0.026979008
RAB27A,-0.146423839,0.080322185
SMG9,-0.146443237,0.371441602
ELP6,-0.146522594,0.05441185
CYP2C18,-0.146632233,0.035594852
CAB39,-0.147340637,0.024423485
NCF1;NCF1B,-0.147405155,0.12567884
ZBTB4,-0.147520662,0.293987173
ELAVL1,-0.147564154,0.000377195
GAN,-0.147574572,0.012485045
ARFGEF3,-0.147649474,0.369062532
UBE2J1,-0.147669066,0.149646817
CWC27,-0.147747071,0.012863339
PHKA2,-0.147932849,0.010529436
MRPL20,-0.147951264,0.071141755
MAOB,-0.147953126,0.006000678
ZFP91,-0.148039393,0.231608915
BAG1,-0.148064729,0.047386619
CAPNS1,-0.148075473,0.00322012
GGT6,-0.148235772,0.172611439
HRG,-0.148242575,0.031242902
RNF39,-0.148388772,0.044578959
ZBTB40,-0.14843342,0.013742722
UBE4A,-0.148439541,0.002505354
LGALS8,-0.148500144,5.21E-05
STX12,-0.148508836,0.009824211
TRAPPC2L,-0.148573781,0.053478178
P2RX7,-0.148696921,0.062627918
NUDT16,-0.148918592,0.000326348
FLNA,-0.149029599,0.000516496
CLTC,-0.149056702,0.302527111
CRNN,-0.149106437,0.077808113
HEATR3,-0.149121813,0.068464522
MED18,-0.149167863,0.263067633
ATP2B1,-0.149185349,0.007491775
CHAMP1,-0.149410484,0.401377904
IFIH1,-0.149472694,0.078704173
PAXX,-0.149490382,0.019738599
NPLOC4,-0.149516185,0.005111295
TBCC,-0.149529776,0.007015768
TNXB,-0.149541641,0.002519393
ACTR2,-0.149569115,0.006182308
KLHL22,-0.149607512,0.027310639
DCUN1D3,-0.14972823,0.021222394
RABL3,-0.149794861,0.062397005
QSOX1,-0.149839157,0.043277403
PRAF2,-0.149882278,0.075746518
MTX3,-0.149972799,0.017419479
STRIP1,-0.150346917,0.003340626
FAM186A,-0.15035613,0.24566778
ATP6V1F,-0.150531155,0.029820536
MRPL39,-0.150696773,0.011490904
MRPL24,-0.150970757,0.012459768
ATP6AP1,-0.151050716,0.0152654
SNX2,-0.151180082,0.000881241
PRPF31,-0.151226172,0.447622461
SUSD2,-0.151227456,0.009646521
HRAS,-0.151323697,0.011994554
DSCC1,-0.151392713,0.023395818
SPART,-0.151501711,0.004874872
PEX5,-0.15179095,0.268662938
CSPG4,-0.151936905,0.005749379
DTNA;DTNB,-0.152019306,0.027737612
TMOD1,-0.152080381,0.016524903
TOLLIP,-0.152126656,0.008920646
VPS26B,-0.15214427,0.00489818
MRPS18A,-0.152378374,0.001739757
LANCL1,-0.152931265,0.001056764
SORBS2,-0.153016874,0.009785755
NFATC2,-0.153179927,0.019525395
GTF2A2,-0.153221493,0.158529931
DAG1,-0.15327347,0.014020113
SYF2,-0.153276687,0.066456708
LRATD1,-0.15371245,0.047363866
COG6,-0.153737881,0.024618406
MRPS11,-0.153743869,0.026660813
FER,-0.153790465,0.007497627
TADA1,-0.153862138,0.018176377
HNRNPD,-0.153897119,0.000642899
RDH13,-0.153902202,0.003082871
SET,-0.154104347,0.025462673
BICD2,-0.154157109,0.002505297
IGF2R,-0.154220152,0.009475923
EIF5,-0.154240087,0.017462091
BIRC6,-0.15424206,0.002190444
NAPG,-0.154248374,0.022117558
STAT3,-0.154302856,0.011985042
TMEM245,-0.154365238,0.020772653
LRBA,-0.154537889,0.002484658
PTP4A1,-0.154707996,0.163275963
SYNJ1,-0.154831106,0.110785402
ZNF326,-0.154880265,0.009482404
MYH11,-0.154965536,0.025046816
MNT,-0.155043342,0.312573312
IPPK,-0.155060404,0.025107668
HADH,-0.155264595,0.000442381
PIP4K2C,-0.155306162,0.006946664
MRPL53,-0.155307238,0.017629492
CCDC25,-0.155437987,0.051590267
PPP1R12A,-0.155631414,0.001671755
CFLAR,-0.155782735,0.073315221
PLEKHF2,-0.155796118,0.019866548
DDX59,-0.155895869,0.00325181
PIGQ,-0.155976948,0.085239722
ACTR5,-0.156352429,0.253855574
GPKOW,-0.156515663,0.132783161
MYCT1,-0.156526039,0.021578489
KHSRP,-0.156633223,0.014180499
TOMM40,-0.156987344,0.163275963
COQ9,-0.156987359,0.028345975
MANF,-0.157005803,0.024062199
CCDC43,-0.157209271,0.061192883
TRAF2,-0.157296588,0.001046284
RBPMS,-0.157422118,0.027551511
EEF1G,-0.157445557,0.00163049
GNG12,-0.157519354,0.002505347
CGNL1,-0.157623381,0.034322814
CDC27,-0.157771701,0.025628238
TINAGL1,-0.157789429,0.10154563
DCTN3,-0.157792888,0.003448494
MAPKAPK2,-0.157869822,0.00428364
UTP3,-0.158034643,0.071255227
SLC52A2,-0.158125967,0.003900739
POR,-0.15819005,0.000117661
SMAD1,-0.15832307,0.027156879
L2HGDH,-0.158633055,0.025083581
PDIA6,-0.158671463,0.001401967
STAT5A,-0.15884631,0.026740322
MRPS27,-0.158928607,0.018366229
SIRT3,-0.158992494,0.003321055
RAB30,-0.159006169,0.004559739
PAPLN,-0.159017708,0.051831316
ZCCHC7,-0.159062028,0.017322717
SUV39H2,-0.159068858,0.010694484
PPP4R3B,-0.159075156,0.040494032
PROSER1,-0.15918726,0.010159341
ALG9,-0.159316523,0.011628417
DNAJB4,-0.159374724,0.200898696
FIS1,-0.159447848,0.029240474
AEBP1,-0.159506031,0.006966372
MRPL45,-0.159764869,0.000718058
RAB14,-0.159783648,0.002746347
ACAA1,-0.159812435,0.02201501
AQP3,-0.159901905,0.055035198
BPIFC,-0.159963072,0.000685295
MAP1LC3B;MAP1LC3B2,-0.159976381,0.062377025
REPS1,-0.16007217,0.005134684
JUN,-0.160126881,0.027486274
PLEKHO2,-0.160168227,0.054819596
ANGPTL5,-0.160579072,0.0392076
HPS4,-0.160671583,0.069038347
HNRNPH3,-0.16069714,0.0867447
ATG5,-0.16073345,0.017914744
NCDN,-0.160753369,0.228060695
DHRS4,-0.160799589,0.004134495
RNF31,-0.160829645,0.008675253
STRN4,-0.160869815,0.001514197
AZI2,-0.161070692,0.161099101
TACC1,-0.161218605,0.059570283
APPL2,-0.161453391,0.002645946
ITCH,-0.161598527,0.132736769
ACIN1,-0.1617101,0.001091629
PDCD4,-0.162008709,0.004037607
PARP14,-0.162155757,0.002302134
DCLK2,-0.162173012,0.079430306
SEMA4C,-0.162271332,0.042675314
FCGR1A;FCGR1B,-0.162459188,0.18043453
ALKBH4,-0.16246224,0.012223398
EIF4H,-0.16250081,0.003377807
CA12,-0.162575553,0.001130758
NIPSNAP2,-0.162577142,0.145791691
TAB2,-0.16259336,0.01213992
ALKBH3,-0.162748884,0.04544188
TMEM219,-0.162749401,0.018833822
CACNA1A,-0.162817317,0.109709754
UBR4,-0.162850134,0.000799517
WDR81,-0.163015376,0.002012796
THBS2,-0.163079042,0.027619922
PLB1,-0.163106791,0.112360479
ATP6V1C2,-0.163297352,0.153095146
HLA-B,-0.163374179,0.000368324
MRPL43,-0.163378556,0.168105881
RFXANK,-0.163435858,0.011145868
TUBA4A,-0.163436569,0.011996997
EPS8L1,-0.163511996,0.044179206
PLG,-0.163667172,0.060001227
RAP2C,-0.163780322,0.079811226
RIPK1,-0.163820486,0.005526128
KPNA3,-0.163971748,0.005169168
ELMO2,-0.164099582,0.169981022
PRPF18,-0.164115279,0.007364645
MRPS16,-0.164370217,0.000805593
NPM1,-0.164429129,0.006899982
SCAMP3,-0.164581775,0.000359146
RAB12,-0.164604575,0.00821568
TIMM8B,-0.164642589,0.017987565
HOOK3,-0.164705268,0.056272484
EYA3,-0.164732776,0.006946664
YLPM1,-0.16480913,0.085525245
USP9X,-0.164930663,0.001536279
STRN,-0.165304367,0.001005102
PAIP1,-0.165346646,0.008930807
KLC3,-0.165353978,0.003133471
PI4KB,-0.165788665,0.004035321
TFE3,-0.16581686,0.036592883
GDE1,-0.16584762,0.061341841
PRXL2B,-0.16590855,0.084911004
CLUH,-0.16596211,0.003013512
OSBP,-0.166108425,0.02515606
ADAMTSL4,-0.166116693,0.257356656
UQCC1,-0.166158602,0.06488775
POLR3A,-0.166301285,0.006934409
GTF2H2;GTF2H2C_2,-0.166371694,0.036339899
SLC4A1AP,-0.166493065,0.000922023
PHKA1,-0.166864004,0.057872959
ZNF451,-0.166902748,0.015329297
UBE2Q1,-0.166984804,0.062363299
HLA-DPB1,-0.166985766,0.297371093
ATP1B3,-0.167090654,0.008649058
ASCC1,-0.167099102,0.20860141
NCS1,-0.167127793,0.018331379
PDLIM2,-0.167173034,0.004212135
MIER1,-0.167257033,0.12431552
ZNF830,-0.167484961,0.053944217
ZNF407,-0.167496268,0.004400964
LRRK1,-0.167767091,0.232512177
PCYOX1,-0.167775759,0.000211011
PRPF19,-0.167826045,0.067598566
MTDH,-0.16793673,0.088953263
UGGT2,-0.167994018,0.138483294
NOS1,-0.168171956,0.06528246
RAB10,-0.16819998,0.000193612
COQ8A,-0.168272394,0.02552779
DMD,-0.168337007,0.018366229
PYM1,-0.168411496,0.093000102
UBXN6,-0.168419063,0.000147176
FILIP1L,-0.168504449,0.043573535
ZGPAT,-0.168567329,0.002294015
MRPL46,-0.168594846,0.0018092
HARS2,-0.168610712,0.018872883
ENY2,-0.168618546,0.04434193
SCAMP1,-0.168791917,0.003263516
CNOT6L,-0.168796513,0.004992943
PSMA7,-0.168919267,0.003517069
ADA2,-0.168937446,0.034984045
ARHGEF10L,-0.169206428,0.000946435
TRAFD1,-0.169282186,0.037732054
INPP5A,-0.169354421,0.000297082
DDHD1,-0.169533823,0.041564227
ANKFY1,-0.169638338,0.000959757
LMAN2L,-0.16981816,0.294631036
GNA13,-0.169859246,0.000211011
IFT122,-0.169953354,0.007469258
TMEM87A,-0.170030154,0.248289244
ARL1,-0.170134189,0.01760986
COQ5,-0.170146391,0.002456132
HACE1,-0.170165205,0.022293601
OLFML2A,-0.170259044,0.017267242
EFL1,-0.170283665,0.017012485
AIMP2,-0.170389054,0.001408085
EP400,-0.170512848,0.199715939
NSA2,-0.170517951,0.031560235
BTF3,-0.170556507,0.001828333
EGFR,-0.170575405,0.000144127
GOLGA2,-0.170633928,0.30467724
CLCA4,-0.170684132,0.004745906
DSC2,-0.170719457,0.016014424
EXOSC2,-0.170737631,0.008007205
COL6A6,-0.170805486,0.065906452
TRIM65,-0.170869132,0.086294502
VPS4A,-0.170884229,0.007551286
BRD8,-0.171110338,0.00048212
THOC7,-0.171184392,0.084407649
SLC43A3,-0.171187542,0.025515236
CPT2,-0.171221116,0.001536279
RALA,-0.17156918,0.003399854
HUWE1,-0.171579994,0.001662222
METTL16,-0.1716047,0.001159736
KCTD10,-0.171661348,0.042099169
DST,-0.171700988,0.306962786
MTMR1,-0.171789243,0.003534069
HOOK1,-0.171815596,0.000873816
ARPC1B,-0.171822973,0.005617011
HYDIN,-0.171892595,0.201422229
FLRT3,-0.171938069,0.001168053
PXDN,-0.17212775,0.081555651
M6PR,-0.172475604,0.050528664
LLGL1,-0.17250342,0.00048212
ZNF672,-0.172653171,0.02340021
CTTN,-0.172661903,0.003125861
CYB5B,-0.172771506,0.008544601
PCCB,-0.173026678,0.000638691
SMCR8,-0.173031476,0.031793425
FXYD3,-0.173172766,0.005330951
BLOC1S3,-0.173212004,0.010641718
POLR2A,-0.173500735,0.007957616
SFXN4,-0.173534846,0.055516926
CAVIN1,-0.173543759,0.000582881
ZNF185,-0.173544389,0.000110174
NECAP2,-0.173546758,0.047286693
SNX21,-0.173570693,0.020481211
TJP1,-0.173711013,0.000853955
ABLIM1,-0.17374809,0.000100785
SEC14L3,-0.174061995,0.115627324
MVP,-0.174096698,0.00048212
ATP1A1,-0.174148888,0.001898921
RIC8A,-0.174207125,0.020115538
TCAF2,-0.174752899,0.015039462
SBSN,-0.174786769,0.004392547
ARPC3,-0.174821824,0.000672975
MRPL58,-0.174832808,0.000923997
BPNT2,-0.174869481,0.003479156
SDC4,-0.174886818,0.072504818
MAD2L1,-0.174983616,0.027002007
SARNP,-0.175293994,0.0028646
TSPAN14,-0.175428268,0.000209206
TSPYL2,-0.175445791,0.033724206
SERPINA10,-0.175499475,0.260989331
NPRL3,-0.175869717,0.004212135
DCT,-0.175876827,0.021008974
SETMAR,-0.175937102,0.001080498
RNF135,-0.176101739,0.000158281
NFKB2,-0.176151658,0.011319279
LRPAP1,-0.176173827,0.053545201
FLG,-0.176192282,0.001813269
PHLDB3,-0.176208968,0.026599291
NPEPL1,-0.176323746,0.003062884
SARG,-0.176683063,0.025399334
CSNK1G1,-0.176713224,0.388542338
ARHGEF10,-0.17681818,0.004623078
ADGRL2,-0.176851734,0.00301371
EXOSC5,-0.176980318,0.013312801
CD63,-0.17706531,0.114278109
KIF5B,-0.177147264,0.001365469
PPP4R1,-0.177242616,0.001430741
SLC37A4,-0.177277963,0.068613509
RBMS1,-0.177411866,0.05479049
ARPC5L,-0.17741365,0.000862097
CCDC93,-0.177487835,0.151166971
OSBPL2,-0.177542678,0.011502159
WASH2P;WASH3P,-0.17759539,0.007067288
NPR2,-0.177610811,0.022458777
PNPLA2,-0.177867349,0.046189247
PRTN3,-0.177875386,0.135979322
PPP1CC,-0.177880675,0.008227971
ACAD9,-0.177998112,0.000470305
S100A13,-0.178070726,0.077342101
CCDC85C,-0.178099941,0.007311765
RDH11,-0.178218715,0.001901005
CSNK2A2,-0.178440918,0.003259982
EEF1D,-0.17860437,0.106969037
PSMB10,-0.178628583,0.011261461
DCUN1D4,-0.178824277,0.001365321
PTPRZ1,-0.178900945,0.001172678
SFRP2,-0.178923636,0.103224427
DNAAF5,-0.179046507,0.082935492
ABHD5,-0.179122851,0.000834217
LPCAT2,-0.179179587,0.015709577
DCN,-0.179224112,0.002240323
MFSD5,-0.179492903,0.018292478
PSMB8,-0.179522057,0.001794024
NECTIN4,-0.179528825,0.000321348
KIF3A,-0.179531714,0.03494149
NAA15,-0.179554661,0.007035883
GFM2,-0.179641164,0.012656898
TAX1BP1,-0.179785153,0.004737036
PIP,-0.179832241,0.153609149
LNPEP,-0.180115581,0.000285657
EHBP1L1,-0.180118856,0.0012192
NDUFAF4,-0.18021645,0.081328626
PARVG,-0.180226681,0.056917266
BLMH,-0.18037965,0.00519688
IP6K1,-0.180416345,0.012409957
PARG,-0.180465741,0.282035136
SUFU,-0.180484842,0.101813416
PTX3,-0.180485319,0.261170807
ATP7A,-0.180681261,0.007523676
YARS1,-0.180700166,0.003826526
ACSL4,-0.180706498,0.159398203
FKBPL,-0.180809047,0.034879735
WDR19,-0.180831574,0.004605695
UBE2D1;UBE2D4,-0.181340653,0.02317416
RAB18,-0.181400819,0.000858089
HMOX2,-0.181448344,0.00045895
AHNAK,-0.181460553,0.004903408
TRAPPC13,-0.181496635,0.072359068
PDCD10,-0.181544278,0.003000318
STK24,-0.181675564,0.001000348
SF3B1,-0.181750221,0.02201501
YKT6,-0.181918205,0.028036572
TNKS1BP1,-0.18210936,0.008536791
SEPTIN8,-0.182362627,0.001352771
PAN3,-0.182606115,0.030343236
FLNB,-0.182661394,0.000363711
ZC3H12A,-0.182832263,0.011521884
NUP35,-0.183043978,0.03648894
ECHDC1,-0.183048396,0.02141122
INPP4A,-0.183134192,0.003417268
USP24,-0.183231726,0.025190938
RHBDF2,-0.183277996,0.173886824
RIPK2,-0.18360047,0.101928526
FRMD8,-0.183659117,0.007247694
SLC49A4,-0.183683368,0.087142741
LGALS9,-0.183832073,0.119210194
PDHX,-0.183863202,0.010529657
PDCD6,-0.183987682,0.003213244
PABPC1,-0.184059423,0.000999415
EARS2,-0.184074887,0.001676593
LMAN2,-0.18410004,0.001835814
SASH1,-0.18410509,0.011852699
CLIP1,-0.184230099,0.005330355
XRCC4,-0.184261305,0.116764049
EFEMP1,-0.184378326,0.223550306
CYSRT1,-0.18441634,0.019268669
TSEN34,-0.184483483,0.011610315
DARS2,-0.184580913,0.013548471
DOCK11,-0.184699378,0.071243302
SLC38A2,-0.184778024,0.047606114
DOCK10,-0.184809303,0.040111112
RIPOR1,-0.184914389,0.096389044
STEAP4,-0.185081269,0.02438017
PRUNE2,-0.185118863,0.003448494
MARS2,-0.185271432,0.013522318
CEP131,-0.1853146,0.190293958
MALT1,-0.185317684,0.016712327
ABCB8,-0.185345379,0.030124436
ORMDL3,-0.185354862,0.010652525
CAPN1,-0.185395866,0.000386794
DVL2,-0.185412787,0.067578652
R3HDM1,-0.185542026,0.022565362
MED30,-0.185675095,0.014536272
SNX6,-0.185766506,0.001607351
TTC30A;TTC30B,-0.185897202,0.063760558
SCFD1,-0.186051896,0.007737715
SUPT5H,-0.1862149,0.001089721
EPCAM,-0.186216122,0.036936837
ARL13B,-0.186229635,0.040629647
PRKCD,-0.186547168,0.001444214
SORT1,-0.186623228,0.000785964
POLB,-0.186623236,0.157263507
FOSL2,-0.186946874,0.035255769
FAM50A,-0.187045623,0.003266575
KRR1,-0.1871011,0.217377792
RIOK3,-0.187141574,0.180876362
AP3B1,-0.187204458,0.000785964
SF3B2,-0.187223613,0.000468098
CD1A,-0.187284766,0.001230682
PDIA3,-0.187284955,0.27252038
PTK2,-0.187310874,0.001211215
REXO4,-0.187575401,0.00104552
LSM12,-0.187578454,0.01084105
UTP23,-0.187692078,0.010511366
VAMP8,-0.187796123,0.001443457
GATD1,-0.187824568,0.025515236
DUS3L,-0.187861236,0.131462948
NUMBL,-0.187990201,0.081910641
TGFBI,-0.188146866,0.003826526
LARP7,-0.188152472,0.002309382
SLMAP,-0.188157237,0.001119624
USO1,-0.188161797,0.001038851
EHD2,-0.188287362,0.000260293
NDUFV3,-0.188300757,0.023741499
HNRNPUL1,-0.188330205,0.003016879
NSF,-0.188393321,0.000468931
PGAM5,-0.188407182,0.010671041
SMPD1,-0.188454598,0.000258376
TOX4,-0.188561848,0.001025551
ACTR3,-0.188767311,0.000774327
IRAK1,-0.188979846,0.020898672
S100A8,-0.189146812,0.347247398
PPIP5K1,-0.189225909,0.005934967
BLMH,-0.189351302,0.002682728
PDK2,-0.189418594,0.074100005
IKBKB,-0.189430024,0.000565326
GALNT2,-0.18943866,0.01547738
ALDH3B1,-0.189446071,0.054408536
NTN1,-0.189585796,0.18754734
POP4,-0.189620924,0.006994448
SLC44A2,-0.189700569,0.021301607
STK17B,-0.189994345,0.020769775
CCDC120,-0.190099656,0.150634419
ELMO3,-0.190467882,0.000375705
DNAJC8,-0.190605928,0.002215291
PLXNA1,-0.190667712,0.068613483
BORCS6,-0.19073138,0.141947593
POLM,-0.190760672,0.040270807
RNF25,-0.190790521,0.033818837
TTN,-0.190822292,0.005476532
SHMT1,-0.190824568,0.000258376
RCOR3,-0.190847225,0.029387744
SCAMP2,-0.19086626,0.000522598
FIG4,-0.190940605,0.003487126
MB21D2,-0.191000518,0.07222695
ITGA3,-0.191022034,0.022497684
MTIF2,-0.191031859,0.00876704
MPO,-0.191089619,0.361262636
PIGS,-0.191170515,0.298271845
HNRNPA1,-0.191212378,0.001736859
PPAN,-0.191227973,0.010026726
KRT38,-0.191350506,0.124092424
ACAP3,-0.191399309,0.024893445
DENND2C,-0.191460604,0.017465921
PPP1R9B,-0.191464187,0.007762883
TSC22D4,-0.19148234,0.007468988
RBM8A,-0.191517833,0.003823042
FERMT2,-0.191565269,0.003240218
RAB5B,-0.191628625,0.000785964
TRIM38,-0.191673206,0.010144822
SYTL1,-0.191841131,0.001036312
BOD1L1,-0.19190995,0.001716368
SPTA1,-0.191978073,0.010737733
SORBS1,-0.19223968,0.003269345
KDM5C,-0.192244557,0.014527144
TIA1,-0.192319591,0.057210926
GABPA,-0.192336915,0.0026121
UQCRB,-0.192355476,0.001202732
ATG9A,-0.19252732,0.081720534
MAST3,-0.192528898,0.017085875
MAPK8IP3,-0.19257003,0.02317416
PARVA,-0.192616702,0.001786945
FUS,-0.192641099,0.002054898
ATP6V1C1,-0.192868056,0.033050514
STRN3,-0.193142283,0.000579351
METTL7A,-0.193178615,0.004111065
IFIT1,-0.193373679,0.1324078
HDAC4,-0.193470834,0.033637621
DDX28,-0.19349383,0.019590548
FYB1,-0.19354338,0.029438679
TM9SF4,-0.19355645,0.023438731
ELN,-0.193592766,0.089868618
MRPL47,-0.193680686,0.002831164
ABCB6,-0.193739299,0.019278068
SEC24C,-0.193739993,0.001960876
AKAP1,-0.194094456,0.040354442
POSTN,-0.194148886,0.001358473
TBC1D2B,-0.194193631,0.011977099
SIPA1,-0.194346304,0.070607189
RING1,-0.194355742,0.012738416
DENND4C,-0.194393283,0.002918431
AMPD3,-0.194539145,0.002076268
MGME1,-0.194643838,0.008129594
COPZ1,-0.194686065,0.014263395
MACF1,-0.194725222,0.002422072
RTF2,-0.194815786,0.012651571
ILK,-0.194874135,0.017593686
CAVIN3,-0.194893452,0.000824286
GPX4,-0.194913472,0.009316701
ZNHIT2,-0.194983671,0.054652706
KLHDC2,-0.195027328,0.053332913
SMG6,-0.195184638,0.013575332
PRKAB2,-0.195401106,0.003811562
SLC35F6,-0.195402423,0.009633002
CUL1,-0.195569679,0.00052763
TMEM160,-0.195596366,0.016870074
PAPOLA,-0.19565326,0.001427931
SPRYD7,-0.195656038,0.044434968
BAG6,-0.195719905,0.00045895
ZWILCH,-0.195750785,0.018253991
ESRP1,-0.195781744,0.000630935
HNRNPDL,-0.19590505,0.005343662
PHIP,-0.195939961,0.201479367
GAB1,-0.195979787,0.101657366
RAB8B,-0.195985063,0.034108895
PRPF6,-0.196102869,0.143254654
CELSR1,-0.196120988,0.013093332
FAM180B,-0.196252584,0.131105266
STK11,-0.196314536,0.027798651
CAVIN2,-0.196433064,0.001904305
MRPL15,-0.196479451,0.009152813
SLK,-0.196492259,0.031045995
TRAF1,-0.196596747,0.005050693
RBM4,-0.196621935,0.0046908
PLA2G7,-0.196643098,0.017790224
RMDN2,-0.196708961,0.002168387
ELF2,-0.196713242,0.002338676
ARAP1,-0.196808084,0.023034636
RBCK1,-0.196998726,0.269676882
NDUFA4,-0.197023934,0.028103143
MRPL37,-0.197071716,0.00698571
STEAP3,-0.197126589,0.01221199
RBPJ,-0.197146735,0.028077237
PRKAG1,-0.197318275,0.004668666
C19orf53,-0.197449671,0.016304933
DECR1,-0.19745255,0.001101521
MRPL33,-0.197503615,0.012472577
FAM174A,-0.197527464,0.041307739
KDM1B,-0.197806959,0.01032823
PSMB2,-0.198120856,0.000234838
ATXN2L,-0.198126381,0.016142742
RAB11FIP5,-0.198237789,0.000843955
HECTD1,-0.198424377,0.001443457
GEMIN4,-0.198508716,0.083895677
VPS72,-0.198582424,0.026918109
UBP1,-0.198671412,0.011073321
GSDMD,-0.19873698,0.120311243
RBBP5,-0.198844975,0.024012995
CNN2,-0.198861506,0.003929815
FLNB,-0.198900906,0.12396164
BSDC1,-0.198952399,0.000252093
SLC12A4,-0.198960381,0.000273395
MTMR6,-0.19901433,0.004084982
ARFGEF1,-0.199026767,0.012315072
HADHA,-0.199163799,6.79E-05
GDPD2,-0.199253739,0.038349983
EIF2B3,-0.199253795,0.001254901
RPL36A,-0.199319202,0.022911281
PTGS1,-0.199355659,0.000714787
MAP2K1,-0.199504212,0.047419082
SYPL1,-0.199530953,0.003219152
ANXA7,-0.199545487,0.002448726
CSK,-0.199677785,0.018613485
DMAC2L,-0.19973648,0.015819621
HEATR5A,-0.1999455,0.019388578
ACADVL,-0.199956546,6.30E-05
PTBP3,-0.200056877,0.032482117
COMMD7,-0.200106332,0.021222394
KIF13A,-0.200337621,0.018056447
CPM,-0.200453001,0.002815092
TRIM41,-0.200640306,0.039409899
RELL1,-0.200914258,0.00619955
ARHGAP40;HS3ST3A1;HS3ST3B1;HS3ST6,-0.201003373,0.046504692
ARPC2,-0.20101915,0.000698322
NBEAL1,-0.201078081,0.010109461
DHX40,-0.201139448,0.001230682
KLHL36,-0.201263424,0.056781812
EEF1D,-0.20130452,0.001645102
ZG16B,-0.201358572,0.037517561
ALPK1,-0.201405514,0.046723192
LMTK2,-0.20153215,0.003053434
ABT1,-0.201571428,0.02317416
ARHGAP27,-0.201642072,0.142424086
UEVLD,-0.201785072,0.008439684
PICALM,-0.201808459,0.001527392
TBC1D15,-0.201914954,0.003788736
CCDC12,-0.201941855,0.014207014
HECTD3,-0.202032695,0.001941669
METTL3,-0.202069855,0.025148381
TREX1,-0.202104282,0.068079966
VAV3,-0.202256756,0.010331648
RB1,-0.202293755,0.00155069
APP,-0.202353773,0.001736859
COA1,-0.202560369,0.153416107
FARP1,-0.202581732,0.077497691
GATA3,-0.202591207,0.007611134
RAB25,-0.202599546,0.002451692
VANGL1,-0.202623971,0.124716614
VWA5A,-0.202739283,0.001960489
FASTKD1,-0.202948281,0.013717043
RASA3,-0.203039895,0.008342707
QPCT,-0.203132989,0.006057024
EMP3,-0.203137754,0.03328745
BAZ1B,-0.203198266,0.328758265
LUZP1,-0.203302656,0.001585413
ZNF687,-0.203323623,0.006102822
MBP,-0.203449229,0.0086552
OCIAD1,-0.203514189,0.022193829
ARPC4,-0.203560762,0.000954928
S100A11,-0.203605029,0.003182588
C19orf12,-0.203624643,0.021796329
YBX1,-0.203744103,0.035401881
BAG3,-0.203796191,0.00051766
SDC1,-0.203798615,0.004067771
RFT1,-0.20400331,0.000642899
TBC1D8,-0.20410665,0.003301708
FN1,-0.204268,0.01696937
ATP2B4,-0.204345287,0.000388693
SH3GL1,-0.204409015,0.00144523
NPC1,-0.20453408,0.013895979
NMT2,-0.204612583,0.147969517
NEK7,-0.204621629,0.002296313
GHDC,-0.204623128,0.00600792
ALOX5,-0.204641527,0.037761098
BAIAP2,-0.204712528,0.001695262
ARSB,-0.204767845,0.022443865
MAP3K2,-0.204809977,0.135275591
CLSTN1,-0.204997126,0.032523138
OSBPL3,-0.205086543,0.021521887
ASAP3,-0.205149691,0.001909066
HPCAL1,-0.205205952,0.026143848
MAP3K20,-0.205231625,0.00187567
PRRG4,-0.205316686,0.007078164
ZC3HAV1,-0.205364282,0.000434228
TGM3,-0.205532665,0.000717935
TNKS1BP1,-0.205590303,0.000894781
GATD3B,-0.205610614,0.259187849
FOXK1,-0.20562559,0.001662222
PRCC,-0.205641511,0.0625499
NEFM,-0.205659542,0.006946664
WRNIP1,-0.205667085,0.01108255
DTD2,-0.205719945,0.005698724
RMC1,-0.205724507,0.009175005
CHDH,-0.2057831,0.007642503
POLR2B,-0.205859948,0.000487613
TUT4,-0.205869025,0.00082205
ZBTB33,-0.205886868,0.004462271
PLSCR4,-0.206031675,0.012148388
C1QB,-0.206088228,0.03570519
PABPC4,-0.206092031,0.000438915
EEF1A1,-0.206516199,0.000598329
LRPPRC,-0.206524394,0.001081859
CHMP2B,-0.206530161,0.023105764
FBRS,-0.206687642,0.000923997
PDLIM4,-0.206739242,0.009315908
STON2,-0.206752255,0.001211551
RPL5,-0.20683033,0.000215656
TIAL1,-0.20691245,0.002918991
MAGED2,-0.206918393,0.036542973
PCYOX1L,-0.206957462,0.014378358
SRI,-0.206973293,0.000168491
CEMIP2,-0.207481345,0.009928195
KALRN,-0.20759384,0.015945226
WDR37,-0.207600129,0.009287677
PTPN9,-0.207607636,0.044179206
TTC28,-0.207741845,0.002684402
RTCB,-0.207784642,0.000224572
TSFM,-0.207814948,0.00600792
SPATS2L,-0.208091057,0.02053294
ARCN1,-0.208140314,0.000256094
SMOC2,-0.208169905,0.053348991
KDM3A,-0.208197854,0.149899692
RAPGEF1,-0.208362757,0.015373384
CAMKK2,-0.208391919,0.106969037
INPP5D,-0.208419187,0.024639692
TXNDC15,-0.20847712,0.002574022
MRPS5,-0.208489324,0.002187915
MED27,-0.208516482,0.069129973
HCCS,-0.208533073,0.000766205
FAM234A,-0.208562396,0.011314094
NUP85,-0.208665683,0.010694484
STIM1,-0.208730737,0.002574022
VPS13B,-0.20880711,0.014743352
FLII,-0.20892733,0.000935449
NFS1,-0.20897321,0.026114053
GBF1,-0.209001404,0.001875916
GET4,-0.209055877,0.016282043
HADHB,-0.209062506,0.000969368
BICDL2,-0.209086195,0.102984964
TMA7,-0.209134981,0.009908015
JUNB,-0.209243062,0.01771335
CNN1,-0.209319233,0.00103981
TLE5,-0.209414578,0.196643138
AIFM2,-0.209477228,0.032418573
FIP1L1,-0.209562522,0.141947593
LSS,-0.209569143,0.000209195
TRMT61B,-0.209763111,0.055801347
TTI2,-0.209769469,0.006083923
NUB1,-0.21006791,0.078746368
PTPMT1,-0.210140614,0.023128717
DEF6,-0.210293578,0.006783151
COG7,-0.21035906,0.019330004
PARP9,-0.210432598,0.033461692
FAT1,-0.210513313,0.06957169
SEH1L,-0.210543591,0.002201839
IFT140,-0.210601031,0.038796738
NELFB,-0.210766192,0.102477791
RRBP1,-0.210777609,0.000175502
COBLL1,-0.210783056,0.005005365
PRRC2B,-0.210797823,0.058626119
HNRNPA3,-0.210803976,0.00082205
STARD7,-0.210960869,0.084501292
RPS6KA1,-0.210986341,0.000983708
PARP4,-0.211024589,0.030597432
NID2,-0.211051224,0.007957616
ESPN,-0.211173949,0.006886601
SCAPER,-0.211198379,0.00454883
PRRX2,-0.211292056,0.001165262
LPAR2,-0.211371858,0.011986937
RAB3GAP1,-0.211505261,0.002252756
ARHGEF16,-0.211519619,0.044578959
MGAT2,-0.211621102,0.002324471
DCTN1,-0.211790821,7.98E-05
MARF1,-0.211920883,0.017455798
GALC,-0.212121181,0.075668785
EIF3F,-0.212245106,0.00048212
ST14,-0.212434005,0.080024062
LRRC8C,-0.212490491,0.177740091
SEC31A,-0.212528634,0.000858089
PSIP1,-0.212585159,0.00062112
ACAT1,-0.212596462,0.060376491
ANKS1A,-0.212637456,0.000104321
ERCC8,-0.212681154,0.034108895
PLEC,-0.21274296,0.039974547
BBS9,-0.21274381,0.015358825
FAM111A,-0.212775292,0.009891454
RUBCN,-0.212831732,0.002807223
ZHX1,-0.212965804,0.032276583
DIAPH1,-0.213016324,0.003259982
GBA,-0.213026997,0.001491046
RPAP1,-0.213046998,0.048500251
ZDHHC5,-0.21308444,0.019587414
POSTN,-0.213098683,0.04887433
EIF2S3;EIF2S3B,-0.213138536,0.002116586
ACTR10,-0.21321287,0.025766375
KDM5B,-0.213328714,0.005143356
SCARA5,-0.21344746,0.06540159
EPDR1,-0.213478269,0.001277593
NAA50,-0.213579735,0.002504963
SMARCA4,-0.213664347,0.009663725
PLAU,-0.213675637,0.011678982
ZNF384,-0.213782533,0.004233926
SNAPIN,-0.213827007,0.03529814
CTSK,-0.21388814,0.07922117
NDUFS8,-0.214266208,0.230329825
TYK2,-0.214303127,0.01408821
CAD,-0.214432047,9.09E-05
NELFE,-0.214482206,0.012244171
COL6A1,-0.214588572,0.00024787
NOMO1;NOMO2;NOMO3,-0.214648961,0.011986937
MON2,-0.21468988,7.45E-05
NFIA,-0.214794818,0.009204103
SPTAN1,-0.214810528,0.000108753
KCTD4,-0.214936313,0.008050136
HNRNPA2B1,-0.215225595,0.002421162
MYH11,-0.215312009,0.003826526
ACOX1,-0.215345459,0.000172722
CD4,-0.215389727,0.012096704
CFH,-0.215400389,0.014238276
LMBRD1,-0.215455512,0.063182433
MRPL51,-0.21547214,0.016702969
PWWP2A,-0.215499578,0.057290643
CMTR2,-0.215693008,0.001388395
HLA-DQA1,-0.215728714,0.088761778
MCF2L,-0.215742195,0.03559217
ABHD4,-0.215833957,0.009809451
TBC1D4,-0.21605982,0.000805146
DDRGK1,-0.21637926,0.017994755
POLR3F,-0.216648226,0.000957932
CHADL,-0.216667757,0.23911387
SLC17A5,-0.216719281,0.013740922
AKAP13,-0.216728216,0.00016222
POLR2C,-0.216793038,0.102872056
KANSL2,-0.216795666,0.001516212
CHRDL2,-0.216845636,0.253192897
GP1BA,-0.216865203,0.122158737
CFD,-0.2168709,0.018186556
UQCRC2,-0.216936355,0.000481085
HNRNPUL2,-0.216993159,5.20E-05
MRPL4,-0.217139127,0.001716204
OSBPL8,-0.217205795,0.025190938
GTF2E1,-0.217244928,0.008112989
RIN1,-0.21737248,0.018453968
EXT2,-0.217411022,0.003890161
MET,-0.217594932,0.022709678
ERG28,-0.217637242,0.009271016
ZBED1,-0.217641221,0.004613276
MRPL9,-0.217702843,0.000946435
ERN1,-0.217740014,0.009609981
PPL,-0.217762453,0.000780582
SH3BP2,-0.217766611,0.019832715
UBN2,-0.217772704,0.005969607
PSMA2,-0.218035671,0.001206275
XXYLT1,-0.218095829,0.025750744
ADGRG1,-0.218379915,0.000107626
MBLAC2,-0.218442766,0.013266985
GIT2,-0.218512892,0.000607202
CCDC124,-0.218573807,0.000986745
FGFR1OP2,-0.218680406,0.163645962
CRACDL,-0.218826101,0.014512808
MPPE1,-0.218939684,0.005416865
PSMA6,-0.219018215,7.91E-05
SNRPB2,-0.219037691,0.011754505
DEPTOR,-0.219129756,0.00810668
TBC1D5,-0.219156507,0.000859387
USP3,-0.219202352,0.004660204
CCDC86,-0.219228665,0.001057753
TUFT1,-0.219412074,0.002558021
TOR1B,-0.219511476,0.05384398
PXK,-0.219546453,0.018872114
LTBP1,-0.219609854,0.005995717
ANP32A,-0.219796094,0.012544978
PLEKHA2,-0.219820805,0.001074654
TMEM259,-0.21990917,0.005930326
F7,-0.219966363,0.065924559
AP2S1,-0.21998086,0.002379157
VASP,-0.219990536,0.000167418
HMOX1,-0.220090047,0.034372279
ELP1,-0.220104783,0.000420374
CRYBG3,-0.220105404,0.001695262
CDCP1,-0.220126645,0.076526334
RPA1,-0.220128207,0.000164181
GOSR1,-0.220148118,0.039726179
MAP2K4,-0.22023568,0.001946804
FBLN5,-0.220385248,0.019261349
RORA,-0.220489582,0.022142491
RAPGEF4,-0.220518306,0.111217131
ZDHHC13,-0.220539967,0.033050514
KTN1,-0.220573049,0.00011676
CEP97,-0.220645417,0.004300338
DSC1,-0.220765038,0.000655446
PTK2B,-0.220820017,4.00E-05
YIPF6,-0.220930184,0.004136344
F12,-0.221069066,0.009271134
SYNRG,-0.221097797,0.007292032
VPS13C,-0.221322285,0.000601814
ZBTB20,-0.221379283,0.006994448
OCRL,-0.221450081,0.001012442
AP2A1,-0.22146831,0.001027913
ACTN1;ACTN2,-0.221482909,0.113215007
ITGB4,-0.221638567,0.007307404
CD9,-0.221724854,0.000745757
ZNF185,-0.221887581,0.012244171
USP32,-0.221990079,0.020670437
RDH14,-0.222019795,0.000167362
AKTIP,-0.222159542,0.003199011
MTG2,-0.222174895,0.090587773
FZD6,-0.222185752,0.136572578
TRMT10C,-0.222369038,0.000121242
CPA3,-0.222370432,0.003641399
TOP3B,-0.222401606,0.00745668
ENGASE,-0.222647756,0.001719642
AHR,-0.222687802,0.006786702
PRDM2,-0.222776788,0.006807835
ALOX5AP,-0.222998255,0.086916
EMC8,-0.223031441,0.013744312
RPRD2,-0.223080092,0.044513842
DYNC1LI2,-0.22314856,0.003263005
AGFG1,-0.223157272,0.00305444
ITPKC,-0.223294735,0.010518586
LRRC57,-0.223327374,0.000821893
PRKD2,-0.223344994,0.005242614
MRPL38,-0.22334772,0.03464571
INTS7,-0.223380144,0.01547738
ST7,-0.22338129,0.006457782
CUTC,-0.223406381,0.009724006
TENT5B,-0.223434144,0.008106963
MRPL48,-0.223546532,0.000142427
PCGF1,-0.22360247,0.004276238
TAF4,-0.223605294,0.000259207
PDLIM7,-0.223635044,0.001263839
COX4I1,-0.223685354,0.000143944
CANX,-0.22377971,0.000394924
ARL8A,-0.22380419,0.003402141
PHACTR4,-0.223882165,0.088031761
ABCE1,-0.223898615,0.001122987
NRBP2,-0.224104135,0.002029023
HIP1,-0.224167975,0.000889629
CCDC47,-0.224172245,0.013177961
RAB33B,-0.224179091,0.043862701
BCLAF3,-0.224269332,0.004272754
ARHGEF26,-0.224364049,0.017907756
CASK,-0.224366516,0.000176044
ERMAP,-0.224391042,0.033056796
SCAI,-0.224425627,0.00154905
PLXNC1,-0.224508575,0.001430671
WNK1,-0.224621487,5.20E-05
XRCC5,-0.224622053,0.000117661
FGFR3,-0.224726292,0.004462271
DNM1L,-0.224832708,0.001405274
PCDHGB4;PCDHGB5,-0.224875128,0.02515606
ANP32E,-0.22488281,0.000118441
PDCD7,-0.224967391,0.011253486
ESYT1,-0.224988531,0.000175502
KCNK7,-0.22512741,0.039075943
SH2D4A,-0.225131419,0.043534253
CPSF3,-0.225136888,0.000855067
MAPT,-0.225200696,0.002608771
EXOSC6,-0.225226151,0.000644939
TRAPPC12,-0.225293189,0.051386857
CDK17,-0.225869998,0.006241044
ARHGEF11,-0.22588348,0.040494032
NCAPD3,-0.225936734,0.000935449
WASL,-0.225945976,0.239279543
BCL11A,-0.225964014,0.007059098
DHRS1,-0.226001053,0.003006612
RIC1,-0.226008554,0.010123088
RPP25L,-0.226022713,0.003348604
GOLGA7,-0.226041025,0.000476141
CHCHD6,-0.226042348,0.021887252
RUFY1,-0.226104617,0.007261153
BORCS7,-0.22619179,0.004351063
GP9,-0.226220646,0.068529537
RIT1,-0.226353892,0.002422289
PDAP1,-0.226486095,0.002092929
CRYBG1,-0.226566884,0.000625796
XRCC6,-0.226787935,9.67E-05
COX15,-0.226814435,0.012244171
CYBA,-0.226922686,0.104285258
NFASC,-0.226966903,0.004532933
NDUFA5,-0.227048506,0.008603936
ABCA12,-0.227089571,0.007359035
TBC1D17,-0.227107859,0.005293093
RBSN,-0.227208113,0.001284467
CUL3,-0.227223219,0.000554361
IGFBP3,-0.227330748,0.138246122
RAB6A,-0.227357542,0.000436592
PALMD,-0.227492403,0.001573376
GOLM2,-0.227942951,0.003936048
BLOC1S1,-0.227963108,0.000319785
RAB8A,-0.228226824,0.067211891
KEAP1,-0.22838442,0.003531685
CCDC115,-0.228397581,0.005610889
DHX32,-0.228497777,0.000425196
ASH2L,-0.228526729,0.002058301
DOCK5,-0.228531781,0.003266575
BRD3,-0.228539116,0.032509606
ABCC4,-0.228843149,0.006515844
ENAH,-0.229108011,0.018792186
AQP5,-0.229115163,0.176295815
MYO1C,-0.229327566,0.000118441
RIPK3,-0.229468487,0.058536042
DYSF,-0.22949501,0.036418005
SFXN2,-0.229507588,0.024001288
PDSS2,-0.229585241,0.002508969
TLE4,-0.229895596,0.003171543
GAS2L1,-0.230022604,0.000627579
MPHOSPH6,-0.23016473,0.032482126
HK2,-0.230241764,0.075745976
POLR3B,-0.230324301,0.002652669
TDRD7,-0.230332187,0.011996997
CARMIL1,-0.230356422,0.072772516
EIF2B4,-0.230434205,0.003649535
TAF6L,-0.230653919,0.00531423
MNDA,-0.230753569,0.005332627
WDR89,-0.230811919,0.000538246
KRT77,-0.230960727,0.002189199
APMAP,-0.231053588,0.000604555
BCKDK,-0.231257705,0.000204241
TGM1,-0.231315771,0.001885987
MAP1S,-0.231316579,0.012709307
RTF1,-0.23132575,0.003259982
GUSB,-0.231332259,0.009615265
SH3GLB2,-0.231336663,0.000258376
ERCC6,-0.231350198,0.002579828
MRPS10,-0.231468374,0.050104318
SLC2A1,-0.231531138,0.002282376
HSPA12B,-0.231830997,0.001230682
FEM1B,-0.231865156,0.020167607
LRSAM1,-0.231882173,0.083100385
EIF3H,-0.231899288,0.004626273
UQCRFS1,-0.231999123,0.001503532
EFR3A,-0.232154051,0.003765314
CASKIN2,-0.232205403,0.008249344
EML4,-0.232240811,0.000220595
RASA4;RASA4B,-0.232401931,0.040678316
CD151,-0.232423092,0.040597136
PSMB1,-0.232467835,0.001631364
ANKRD50,-0.232521167,0.015945226
RPL12,-0.232603033,0.000809719
AKAP10,-0.232670126,0.017083962
SMC6,-0.232694879,0.004328685
TOP2A,-0.2327306,0.000473532
PSD4,-0.232739599,0.006606648
HPS1,-0.233027741,0.01668953
PGRMC2,-0.23316321,0.000122942
OSBPL5,-0.233261398,0.005175244
IRF2BP1,-0.233299677,0.012723772
MYO9A,-0.233335691,0.001083663
SRP14,-0.233372075,0.08880149
ALOX12,-0.233392281,0.00565427
DNAJC1,-0.233404303,0.004233926
SRP54,-0.233513983,0.004660204
CLASP1,-0.233608421,0.015741923
PODN,-0.233620454,0.041562344
SDHD,-0.233657324,0.156407442
ARVCF,-0.233694437,0.034165545
DOCK2,-0.233732688,0.007459383
ERGIC1,-0.233748459,0.000246519
CAB39L,-0.233876542,0.002177601
SH2D3A,-0.233907233,0.0010735
EFNA5,-0.23395052,0.043281334
FEZ2,-0.233979192,0.021034286
EXOSC1,-0.233984292,0.021520395
ITFG1,-0.234163462,0.000363385
TNR,-0.234193724,0.068813712
MRPL2,-0.234265163,0.059283602
ZFC3H1,-0.234357633,0.003222655
TPRN,-0.234749152,0.039586602
ATP11B,-0.234819765,0.008199375
BCL2L2;PABPN1,-0.234872685,0.003845275
DAP,-0.234940692,0.019144364
RAPH1,-0.23494158,0.0173437
DIAPH2,-0.234946272,0.031822622
SMAP2,-0.234979634,0.164908462
NDUFS3,-0.234981375,0.000262745
CAPNS2,-0.235008966,0.001437501
VAC14,-0.235120277,0.005226386
RIOX1,-0.235131302,0.006466374
RNF40,-0.235189832,0.002636033
GTF2H1,-0.235226432,0.020983413
TMED10,-0.235227876,0.001130758
EXOG,-0.235229638,0.025918764
WDR45B,-0.235258943,0.029845994
ALDH6A1,-0.235278694,0.001008954
TMEM40,-0.235316317,0.004811148
DLG1,-0.235329491,0.000235029
GPX8,-0.235679524,0.001700527
GNL1,-0.235682783,0.002924125
MED8,-0.235936032,0.184631735
RAPGEF2,-0.235961792,0.003795362
TMEM63A,-0.235987269,0.006524266
IBA57,-0.235997137,0.002039885
ZNF512,-0.236091901,0.00134258
STK11IP,-0.236193872,0.004806344
PEX19,-0.236209782,0.063176749
BORCS5,-0.236221214,0.020228076
TTPAL,-0.236279775,0.010138691
POGZ,-0.236295431,0.001055082
ATAD2,-0.236670913,0.002907228
MRPL19,-0.236703837,0.000148815
NMT1,-0.236773011,0.004462271
GTF2E2,-0.23678071,0.086173539
ASPH,-0.236829974,0.001206275
SIPA1L3,-0.236945727,0.000359146
ELMO1,-0.23704542,0.067111132
NRBP1,-0.237244061,0.018829212
CMA1,-0.237266187,0.00564609
SPTBN4,-0.23729124,0.009078553
FAM241A,-0.237377163,0.001513971
PURA,-0.237396952,0.00040977
ADGRF4,-0.237468866,0.008039695
YBEY,-0.237476339,0.002230105
AP4E1,-0.237555328,0.051971326
MRPL13,-0.237556102,0.002168387
PHAF1,-0.237576066,0.03492832
CPSF2,-0.237576874,0.000170069
ATP5PD,-0.237792282,0.00703452
CEP43,-0.238026415,0.005889425
GOLPH3L,-0.238028583,0.002893137
DNAJC5,-0.238037282,0.014917042
MESD,-0.238039977,0.016272465
COMMD4,-0.238051023,0.010469631
FRMD6,-0.238080637,0.000396662
REEP5,-0.23828064,7.96E-05
CDK5,-0.238308808,0.013124794
ECPAS,-0.238498913,0.000612451
PIAS1,-0.238629638,0.005416844
DGCR2,-0.238900651,0.00239471
IL34,-0.239306951,0.015513066
MEN1,-0.239374517,0.01037049
PTPRF,-0.239447277,0.0011878
ANKRD28,-0.23947372,0.038091617
DYRK1A,-0.239475966,0.0272997
PDLIM7,-0.239481823,0.005380071
ARPC1A,-0.239483759,0.000785188
NSDHL,-0.23951493,0.002016616
TP53I11,-0.239594502,0.003474317
DAP3,-0.239644156,0.000329939
SBNO2,-0.239693392,0.025399334
ADCK5,-0.239949402,0.032565211
TMED4,-0.24004178,0.001885862
RAB13,-0.240050242,0.008711746
MYOF,-0.240193259,0.000225261
VPS37A,-0.240525454,0.004552322
GPSM1,-0.240605359,0.018366229
TMEM159,-0.240735928,0.014504279
RRS1,-0.240771711,0.031763278
HOOK2,-0.240912867,0.000366561
CD36,-0.241044982,0.025418481
CLEC2A,-0.241097296,0.003207458
MAOA,-0.241352262,0.000723982
SNX30,-0.241424462,0.000608253
TACO1,-0.241485121,0.00134546
BTG1,-0.241608475,0.00569173
ATL3,-0.241786147,0.000601814
UGCG,-0.241845712,0.018176377
UBE3C,-0.241876338,0.001871498
RNASEH2A,-0.24188759,0.000368324
TELO2,-0.242083662,0.001725315
PLA2G4A,-0.242271315,0.000723982
ATP6V0A1,-0.242288894,0.000328123
CPNE1,-0.242380148,0.001073724
MACC1,-0.242576704,0.003313389
EIF2AK4,-0.242659276,0.001723909
AAR2,-0.242669707,0.026657101
MRPL49,-0.24268866,0.000254304
GAPVD1,-0.242713357,0.000196616
ADCY3,-0.242747356,0.006629406
TMCC3,-0.242877847,0.00256409
EXOC8,-0.243076638,0.000185479
STAB1,-0.243273474,0.021008974
KCTD5,-0.243284404,0.053351751
TMED9,-0.243452939,0.000139404
ANAPC1,-0.24348135,0.00042427
AQR,-0.243626701,0.000941103
TET2,-0.243637426,0.004689197
TMEM143,-0.243697898,0.021276312
COX7B,-0.243779985,0.004413299
L1RE1,-0.243819528,0.000499736
EHD1,-0.243995051,0.00016222
EXOSC4,-0.244108494,0.000482753
CACYBP,-0.244120751,0.003748571
MGAT5,-0.244172575,0.006284677
ISY1,-0.244196054,0.006048561
IL21,-0.244246288,0.107954251
ASPN,-0.244386138,0.002269952
OCLN,-0.244592655,0.073548087
DEF8,-0.244598203,0.002733434
MYO1B,-0.244802319,0.000432654
SP3,-0.244804819,0.014666045
ACSL3,-0.244822678,0.010026726
GALNT3,-0.244895945,0.013778577
SDCCAG8,-0.245023269,0.000721494
MRPL50,-0.245026408,0.018512128
PIP4P2,-0.245036071,0.009381044
OSGEPL1,-0.24507837,0.00669378
MFAP1,-0.245094492,0.001377271
MED20,-0.245132442,0.019114331
PHAX,-0.245275734,0.000425296
ZNF703,-0.245305475,0.010330803
ZFP36L2,-0.245306532,0.002805164
REEP3,-0.245320494,0.085374606
RAB3GAP2,-0.245442703,0.003693139
SPATS2,-0.245513911,0.001227883
HNRNPK,-0.245573797,0.000216276
RBM17,-0.245589882,0.007734466
TOMM34,-0.24562733,0.013072368
ODF3B,-0.245739432,0.007615374
SS18,-0.24577242,0.003313389
STXBP3,-0.245833079,0.000235209
PLOD1,-0.245880438,0.004273393
BCL6,-0.24604681,0.00184429
PYCR2,-0.246059082,0.005068884
ACOT9,-0.246089914,0.013179057
VPS25,-0.246101986,0.001120492
COG5,-0.246152199,0.000932113
SAFB2,-0.246196871,0.005286226
NELFA,-0.246211645,0.00359092
UCKL1,-0.246572604,0.024770183
AP1G2,-0.246699381,0.003205238
ACSL1,-0.246777684,0.0010735
EZR,-0.246818224,0.00058226
MTMR12,-0.24682051,0.006424127
IQGAP1,-0.246850364,0.000485193
EIF2B5,-0.24686126,0.008447553
NDUFB3,-0.246867622,0.001405333
VDR,-0.247017003,0.025046816
RPAP3,-0.247059176,0.008342707
STOML2,-0.247072069,0.00889076
TIMMDC1,-0.247187234,0.000756911
TFCP2,-0.247236956,0.010330803
SEPTIN10,-0.247278367,0.000269725
SCRIB,-0.247318602,0.000122942
PEX14,-0.247335761,0.000722205
VIM,-0.2473802,0.000463832
CDC42BPG,-0.247406083,0.052512338
TNFSF12;TNFSF13,-0.247410115,0.022119285
PSG4,-0.247519939,0.009774529
ZMPSTE24,-0.247571536,0.002832906
CACTIN,-0.247857721,0.005471378
DGKA,-0.24804128,0.00078496
RAB7B,-0.24832664,0.001408085
FTL,-0.248397144,0.03717632
LY6G6C,-0.248429329,0.001432813
ACOX1,-0.248562105,0.001296696
MEF2D,-0.248579399,0.005072403
UXT,-0.248597842,0.00391813
COX6A1,-0.248806787,0.001786945
RADX,-0.248876093,0.053344616
MLH1,-0.249055023,0.00077907
CD207,-0.249113757,0.000136633
COPB1,-0.249157377,0.000785964
SYNCRIP,-0.249329693,0.00012044
FHIP1A,-0.249448526,0.000210123
PACSIN2,-0.249724276,0.000104437
SNTB2,-0.249874804,0.000304278
DNAJC10,-0.249969505,0.00378227
FAM120A,-0.249970338,0.0002775
GATAD2B,-0.250014648,0.007519686
ZW10,-0.250048237,0.006924997
NF1,-0.250144491,0.010858638
SLC15A1,-0.250321883,0.001835814
CCDC9,-0.250467231,0.004408937
ZFYVE1,-0.250578158,0.002707146
LAMB2,-0.250681282,0.002983728
OPA3,-0.250732296,0.04802002
TGOLN2,-0.250824321,0.037432384
TOR3A,-0.250888733,0.002610102
ACVR2A,-0.250947387,0.085605944
RTRAF,-0.250992382,0.002695927
KDELR2,-0.250995981,0.013042523
EEF1A2,-0.251155838,0.081090358
PTPN14,-0.251302184,0.001092914
BAZ1A,-0.25153026,0.032482126
IFT172,-0.251586634,0.000679637
DOLPP1,-0.251607487,0.005857561
ABCD1,-0.251685981,0.002519393
MLEC,-0.251980652,0.000484798
KPNA2,-0.251989556,0.012069825
NEMF,-0.252064819,0.011132647
ANXA8,-0.252116113,0.00615172
WDR35,-0.252240425,0.006494939
GJA1,-0.252291557,0.00058226
TSPO,-0.252386113,0.015394999
EPG5,-0.252404215,0.000664933
STX4,-0.252611324,0.000633697
WASF2,-0.252652777,0.029947979
LAMB1,-0.252658489,0.009438786
STRADA,-0.252763511,0.035548962
TACSTD2,-0.252763616,0.000150148
COX14,-0.252824873,0.015885929
ADARB1,-0.253106149,0.000883271
OSBPL6,-0.253141453,0.000980383
KPNA6,-0.25314628,6.30E-05
VAMP7,-0.253172958,0.000224385
CTIF,-0.253223647,0.000262745
MARCHF5,-0.25349651,0.012176538
INTS6,-0.253599742,0.028689733
ERCC1,-0.253723124,0.002419258
CLPX,-0.253733112,0.002343441
NBEAL2,-0.253761098,0.000208548
MIS12,-0.253958489,0.001074654
ARL8B,-0.254033399,0.000199427
AP5S1,-0.25416736,0.012578711
TMEM168,-0.254172565,0.011983726
SYNE1,-0.254254736,0.001687294
WDR59,-0.254350931,0.023229937
RBM12,-0.25443175,0.002364082
UTP18,-0.2544675,0.045827036
ADAP2,-0.254650732,0.000856389
MAP3K5,-0.254763496,0.039945523
MAN2A1,-0.254792021,7.09E-05
ZC2HC1A,-0.254870296,0.002511494
ILVBL,-0.254992681,0.000220499
PPP1R8,-0.255053783,0.070144712
ATM,-0.255063537,0.018457316
PTGES2,-0.255261985,0.000255548
LSM14B,-0.255397835,0.028646189
ALDH3A2,-0.25553194,0.001260584
DIS3,-0.255564184,0.000416213
ZHX2,-0.255590194,0.0209139
MON1B,-0.255605145,0.000501481
PTPN1,-0.255699461,0.000370136
GPALPP1,-0.255858675,0.024980561
ADAM15,-0.256111329,0.019619848
DIP2B,-0.256175297,0.058197305
ACTR8,-0.256175543,0.001230682
TSPYL5,-0.25635047,0.001620839
SMTN,-0.256395925,0.009944829
RAPGEFL1,-0.256721958,0.000136633
MRPL27,-0.256781082,0.033637621
SIL1,-0.256877152,0.000641955
HIP1R,-0.257033439,0.002823348
TTC19,-0.257097363,0.011315841
ARHGEF18,-0.257108011,0.002940125
NCOA6,-0.257182721,0.001762717
DCAF5,-0.257217425,0.002526635
EHD3,-0.257270541,0.003823042
FLCN,-0.257313452,0.005787246
RNF149,-0.257389521,0.038697628
PRSS8,-0.257612858,0.029979439
HMG20B,-0.257722388,0.002854393
RPL17,-0.257811533,0.004664786
OARD1,-0.257881327,0.005140527
PSCA,-0.257945231,0.075369857
CTNNB1,-0.257962094,0.000522597
SF3A1,-0.257985278,0.003108214
PHF2,-0.258062197,0.005132869
ARHGAP17,-0.25819491,0.038560962
GPAM,-0.258285361,0.000486663
STAT6,-0.258355189,0.002039885
ACOT8,-0.258366099,0.002456962
RAE1,-0.258369594,0.004042127
RPS19BP1,-0.258377382,0.007612146
VAMP2,-0.258404735,0.211660062
PARVB,-0.258664794,0.018960998
ARFIP2,-0.258727645,0.005199262
FBH1,-0.258828084,0.004683485
CHD3,-0.258891081,0.003296424
LETMD1,-0.25894093,0.000990264
IL37,-0.259003788,0.035616738
CCDC80,-0.259043663,0.001543215
PLEKHA1,-0.259044084,0.057881085
EIF3L,-0.259088097,0.000628018
SLC25A46,-0.259103641,0.024246448
RRN3,-0.25922795,0.00129528
RRP7A,-0.259242659,0.00632454
COQ10B,-0.259316924,0.004664786
RASIP1,-0.259321915,0.030764554
MBNL2,-0.259333773,0.001911585
GLB1L2,-0.259346633,0.010677763
TP53BP1,-0.259500989,0.010214826
TMPO,-0.259528339,8.74E-05
CNTNAP3;CNTNAP3B,-0.259941147,0.000145499
RASA1,-0.259982573,0.004055618
USP48,-0.259999752,0.000366054
PACS1,-0.260036992,0.007363577
GAS7,-0.260154336,0.013685635
POMGNT2,-0.260266629,0.000259173
NDUFA10,-0.260270556,0.001251269
DDX52,-0.260283419,0.001177592
DICER1,-0.260347577,0.049554846
SEPSECS,-0.260362916,0.001566126
SMG5,-0.26052265,0.00270184
ABR,-0.260657376,0.002217275
PLIN1,-0.260724405,0.21508368
PKN2,-0.26075363,0.112325626
ATL1,-0.260973782,0.000241645
PI4K2A,-0.261017049,6.46E-06
ARID2,-0.261189199,0.014542227
RUFY3,-0.261295963,0.003284896
PURB,-0.261301657,0.003369611
GJB2,-0.261447043,0.002325932
ETF1,-0.261529729,0.002574022
PLOD3,-0.261543076,0.004288204
MYO1D,-0.261552653,0.000730101
DNAJB12,-0.261648383,0.005097534
CYP3A5,-0.261695745,0.014072529
HMGB1,-0.261787223,0.000644939
AFDN,-0.261861567,0.002028859
MRPS28,-0.262086684,0.001741237
HSPG2,-0.262174405,0.000872569
VAPB,-0.262384261,0.000185529
AGTRAP,-0.26247019,0.009315908
VPS11,-0.262723326,0.00037022
ATCAY;BNIP2,-0.262952564,0.038952473
ATP10D,-0.262971273,0.002168481
MDC1,-0.263001133,0.002352047
SCYL3,-0.263017268,0.001323648
PGAP4,-0.263115131,0.032027246
GAS6,-0.263116402,0.007690243
DECR2,-0.263161453,0.012664781
ATP5IF1,-0.263202663,0.002694097
GPR107,-0.263265534,0.00084038
LMO7,-0.263414673,0.005566899
COL1A1,-0.263461186,6.30E-05
PAF1,-0.263546106,0.002078092
VRK3,-0.263601628,0.000358166
SYNJ2BP,-0.26367277,0.002480384
TANGO6,-0.26370332,0.003182588
HERC2,-0.263831406,0.000359742
PTPN13,-0.263931763,0.001223805
PARL,-0.263982993,0.009774529
OXA1L,-0.26401988,0.004794524
NCOA5,-0.264221558,0.001669637
ABCC10,-0.264478747,0.001996255
RALBP1,-0.264498772,0.007700392
PKP4,-0.264553407,0.000500015
RGP1,-0.264574851,0.000579146
COL8A1,-0.264578053,0.051084661
ETFDH,-0.264622908,6.30E-05
PCF11,-0.264712183,0.001360212
COL17A1,-0.264804926,0.065374019
RPS18,-0.264837529,0.001314881
LONP2,-0.264875561,0.000395314
TM9SF2,-0.264890005,0.004643798
NOTCH3,-0.265119811,0.002742692
NDUFA1,-0.265139564,0.001372178
ARL5A,-0.265325862,0.003585741
TLN2,-0.265366786,0.029835519
TFG,-0.265367397,0.096528675
PTBP1,-0.265480901,0.000259207
HSDL2,-0.265519675,0.000689677
KRT34,-0.265547667,0.100536833
PCDH1,-0.26560357,0.011294159
DBT,-0.265617479,0.006384389
ECD,-0.265804201,0.00078496
SORBS3,-0.265897849,0.002694097
NDUFA13,-0.26599697,0.000182367
KBTBD11,-0.266032618,0.01135823
NUP214,-0.26610595,0.000200508
GNB1L,-0.266252709,0.0289092
CWF19L1,-0.266273997,0.000175502
PRXL2A,-0.266349098,0.000954568
COIL,-0.266404753,0.002867487
SFXN3,-0.266536104,0.000215348
COX7A2,-0.266651359,0.000158423
CLK2,-0.26671996,0.000258376
SEPTIN5,-0.266754497,0.001541811
EIF4A3,-0.266841205,0.00061196
NTHL1,-0.266865296,0.001820196
SERPINH1,-0.266965569,0.000216673
POP1,-0.266968411,0.013592219
TOM1L1,-0.267232721,0.017970604
LLGL2,-0.267356125,5.20E-05
SF3B3,-0.267364613,0.00026849
RPL22,-0.267371173,0.005434676
IQSEC1,-0.267597194,0.145094837
VPS36,-0.267623475,0.000585787
GRHL3,-0.267634334,0.003969996
NR3C1,-0.267868592,0.003977037
AP1M2,-0.268225234,0.002592313
ACKR1,-0.268260527,0.001289717
SMNDC1,-0.26826427,0.000262745
POLA1,-0.268304858,0.005996642
RARRES2,-0.268378503,0.054663151
FTSJ3,-0.268406535,0.071689136
ELMOD2,-0.268516012,0.006530788
LRATD2,-0.268668327,0.018814986
MADD,-0.268723157,0.002273824
SRGAP2,-0.268770449,0.000628018
SHROOM3,-0.268792023,0.039154973
RPS16,-0.268796469,0.000922023
CD2AP,-0.268871347,0.00021841
EIF2S2,-0.268878867,0.000476515
KIF2A,-0.268924963,0.009340852
ATP5PO,-0.26893328,0.000117178
DMXL1,-0.268969051,0.019481452
NOP14,-0.269022121,0.001330587
PLP2,-0.269243987,0.0016543
PPFIBP2,-0.269277254,0.000224385
CCDC126,-0.269282798,0.010984446
WDR55,-0.269309657,0.002854743
BRPF1,-0.269338431,0.012320212
BCR,-0.269417101,0.004842899
POLR1A,-0.269494275,0.006149248
ATG2B,-0.269508063,0.072945538
ATG16L1,-0.269530857,0.027938019
ACSBG1,-0.269547299,0.07778947
KLK10,-0.269602429,0.006924997
AHNAK2,-0.269609651,0.001310735
LAD1,-0.269617581,0.000261004
CNOT2,-0.269623456,0.010618541
IWS1,-0.269725308,0.00793077
LAMA5,-0.269730959,0.000548927
HLA-C,-0.269753317,0.176199423
PPP6R3,-0.269827439,0.000894781
PHB,-0.269872807,0.000168491
MRPS22,-0.269920837,0.000618454
VANGL2,-0.269926233,0.002453125
MAP4K3,-0.269951101,0.000358166
DPH1,-0.269968351,0.017196269
SEC14L1,-0.270092689,0.002115597
DUSP12,-0.27023984,0.031052702
DENND2D,-0.270595086,0.01013721
COMMD5,-0.270600499,0.000602935
MMRN1,-0.27073309,0.029094249
PPM1L,-0.270782864,0.021305392
SLC25A24,-0.270805638,0.000148815
MID1,-0.270829774,0.004478712
PEAK1,-0.27086858,0.001473633
TMED7,-0.271007447,0.000385633
FECH,-0.271032082,0.056570057
NUP205,-0.271119984,0.001641568
MPRIP,-0.271124183,0.000715778
MAPRE1,-0.271246252,0.001630832
MRPS23,-0.271446344,0.000179011
YTHDF3,-0.271591202,0.00063862
RHBDD1,-0.271724465,0.003938407
RFX1,-0.271757227,0.009669103
CYP4F3,-0.271812522,0.002278173
SEC23IP,-0.271849237,0.00150436
FUBP1,-0.271931336,0.003859217
EDC4,-0.271958949,0.001855598
SMC5,-0.271965048,0.001083171
RAB5A,-0.272023772,0.015096694
ATXN1,-0.272031285,0.00067436
MFSD8,-0.272274622,0.019525395
DES,-0.272385325,0.00013109
MITD1,-0.272394642,0.001378499
LYPD3,-0.272591938,0.0247092
IST1,-0.272661237,0.000291958
ABHD17A,-0.272712442,0.001074654
COMMD9,-0.27275,0.015735121
SREK1,-0.272788522,0.003280437
NCL,-0.272810082,0.002798307
CPNE3,-0.272863302,0.000358556
DHX15,-0.273123158,0.000598922
TOPBP1,-0.273157297,0.001132555
NUDT21,-0.273193317,0.000579366
EXTL3,-0.273201056,0.00131573
TTC12,-0.273239888,0.006069306
GGA3,-0.273258082,0.001536279
C4BPA,-0.273325273,0.077194829
ANO9,-0.273349078,0.010416334
MTMR9,-0.273405907,0.000419956
DPM1,-0.273498819,6.30E-05
VPS37C,-0.273594436,0.001389825
H2AC19;H2AC20,-0.273640817,0.002167656
TRIM14,-0.27381554,0.002734695
RPL21,-0.2739161,0.009475923
STRBP,-0.27392237,0.001864108
MYH14,-0.273953697,0.000730101
IQGAP2,-0.274066996,0.006934409
MPP1,-0.274102623,0.002039885
PIK3C2G,-0.274127605,0.001205914
HAL,-0.274332839,0.002039885
NCKAP1L,-0.274341338,0.019922345
BZW1,-0.274382915,0.036158127
MIDEAS,-0.274392421,0.006082193
CYP4X1,-0.2743976,0.014275911
ELOA,-0.274531648,0.007243651
FAM135A,-0.274550697,0.005589185
ABCF3,-0.27463551,0.003252565
GBA2,-0.274663829,0.001348198
KIAA0930,-0.274682257,0.000327703
SETD3,-0.274801498,0.120887744
MAP3K8,-0.274958826,0.001240832
ANKH,-0.274966914,0.002511494
FMO5,-0.27504999,0.00846981
CABLES1,-0.275068684,0.030800657
MRPS17,-0.275086267,0.000872569
YPEL5,-0.275160126,0.014544354
HLA-C,-0.27518934,0.023675985
FAM162A,-0.27522261,0.001393592
NUP93,-0.275240427,0.000455409
LYST,-0.275290431,0.012424721
HTATIP2,-0.27529784,0.000180743
RAB24,-0.275316059,0.003030707
WDR82,-0.275467279,0.00174289
SPATA20,-0.275468008,0.000983708
SRPRB,-0.275709066,0.000154008
CIRBP,-0.275824558,0.049565936
DHX9,-0.275841816,0.000106772
TBC1D23,-0.275853412,0.009891454
PTCD3,-0.275933842,0.000922023
PHC3,-0.275983813,0.00144523
EPHA1,-0.275994052,0.095337577
KNTC1,-0.276055888,0.009359103
CDC16,-0.276064933,0.036354835
TUBA8,-0.276072134,0.042921803
NUP210,-0.276133091,0.018295395
DLG3,-0.276154331,0.001670219
RPLP0,-0.276180846,0.000118441
DNAJC13,-0.276266715,0.043543151
ZRANB2,-0.276330829,0.002719439
EHD4,-0.27656726,0.000207665
PEF1,-0.276637888,0.002236606
LRRC47,-0.27665062,0.000978954
LRRC40,-0.276740486,0.002570975
LIMCH1,-0.276827612,0.00056004
CIC,-0.277037954,0.00801849
TLCD1,-0.277067503,0.133928291
NDE1,-0.277221174,0.00061098
RTN4IP1,-0.277239274,0.01327721
ATXN2,-0.277320201,0.019351869
GUF1,-0.277353956,0.005152817
TMEM199,-0.277383275,0.000582535
LAMA4,-0.277413769,0.004284621
RBMX,-0.277415,7.78E-05
PLGRKT,-0.277475964,0.003262441
CBX5,-0.277515376,0.001325882
EGLN1,-0.27754344,0.000472858
BRD2,-0.277671197,0.020431189
ZBTB11,-0.277728839,0.005443692
NUP50,-0.277779418,0.005438764
SMG8,-0.277816108,0.061880754
WDFY2,-0.27781986,0.010611434
FERMT3,-0.27796282,0.003459148
HDAC5,-0.278007345,0.002588709
TRABD,-0.278035292,0.001815826
CSTF2,-0.278156103,0.016519239
PUSL1,-0.278178775,0.007615559
USE1,-0.278252205,0.000335731
AP1G1,-0.278346561,0.005076712
GSK3A,-0.278432792,0.001074654
SLC25A3,-0.278594728,0.000117661
RPS19,-0.278857664,0.001393592
EHHADH,-0.278886874,0.000290556
FLG2,-0.278920554,0.000367691
CYLD,-0.278939465,0.000837031
ALDH18A1,-0.278999286,0.003452212
ERBIN,-0.27902385,0.00019813
FOXK2,-0.27910329,0.000880392
PTGIS,-0.279127576,0.020007307
MPHOSPH8,-0.279296339,0.000859387
LSM4,-0.279304702,0.001661443
EFTUD2,-0.27944234,0.000122942
MICALCL,-0.279579686,0.035401881
TERF2,-0.279619013,0.004557014
DHCR7,-0.279683799,0.000658724
CLCN7,-0.27982383,0.010993399
HSD17B7,-0.280013979,0.001123411
MRPL55,-0.280262091,0.087100655
MED25,-0.280281645,0.004115701
ARL14EP,-0.280383879,0.001885862
TBC1D14,-0.280482698,0.001030068
MAX,-0.280524926,0.017862363
TJP3,-0.280573902,0.117925592
CDSN,-0.280580638,0.013795734
GPR89A;GPR89B,-0.280729724,0.01559805
ARHGAP12,-0.280750259,0.012525423
TRIM24,-0.280766417,0.002149445
CLK3,-0.280783821,0.015201562
SERBP1,-0.280802378,0.000333414
ERLEC1,-0.280847492,0.000745549
SYNE2,-0.281097787,0.014069374
AFTPH,-0.281152776,0.02135734
GRB7,-0.281192925,0.001954285
DNAJC9,-0.281224993,0.000941513
HERC1,-0.281267519,0.000931514
PMS2,-0.281383347,0.009696229
RNASEL,-0.281485274,9.15E-05
IP6K2,-0.281512182,0.000931636
MGST3,-0.281518491,0.000627576
PLEC,-0.281695783,5.20E-05
SQOR,-0.281945608,0.000149699
NADK,-0.281983125,0.00359092
MBNL1,-0.282099706,0.001520089
GLT8D2,-0.282178399,0.029849316
FOXRED1,-0.282365744,0.008002453
FBLL1,-0.282456903,0.005344477
MRPL44,-0.28246654,0.007253604
COL6A3,-0.28255569,0.000304941
SRRM2,-0.282720537,0.012510921
BBS1,-0.282860369,0.001893196
LENG1,-0.282878236,0.006938534
CELSR2,-0.283107291,0.000806937
ALS2CL,-0.283112027,0.032619781
POLG,-0.28323952,0.000503752
VAPA,-0.283302212,0.000170069
AFAP1L2,-0.283343491,0.043543151
SMARCC1,-0.283351037,0.048327498
MAPRE2,-0.283374144,0.000371317
SHOC2,-0.283769175,0.004400964
TMEM14C,-0.283781515,0.000436883
CALCOCO1,-0.283904138,0.0324989
ATP8B1,-0.284169677,0.007242726
SPTBN1,-0.284390819,0.000366054
WIZ,-0.284411201,0.0010735
DSC3,-0.284434583,7.74E-05
DNAJA4,-0.284437511,0.006108029
PLCD3,-0.284464808,0.02749767
MAVS,-0.284555479,0.004921451
LRRC15,-0.284692316,0.007307373
ARFGAP2,-0.284836474,0.009116162
ELOVL7,-0.284928148,0.045442862
RPS12,-0.285063564,0.027272381
MRPS15,-0.285063816,0.000359085
HP1BP3,-0.285168215,0.001311426
MAP4K2,-0.285169703,0.001321618
VPS13D,-0.285245431,0.090741712
POLD2,-0.285259199,0.001635685
CHP1,-0.285261582,0.012564824
COPG1,-0.28530722,0.000655446
SLC11A2,-0.285546548,0.007691005
SNU13,-0.285588436,0.00245487
KIF1C,-0.285616027,0.101585709
PSMB3,-0.285670977,0.000757837
ARHGEF4,-0.285703541,0.000498487
GIGYF1,-0.285786203,0.000993044
ZMAT2,-0.285828917,0.001094978
METTL5,-0.285866506,0.000335731
TARDBP,-0.28589125,0.023783507
TTF2,-0.285923034,0.000118441
DDX11;DDX11L8,-0.285933587,0.000779798
RBM19,-0.285972033,0.000629012
CPSF1,-0.285979158,0.107098207
ARL6IP5,-0.286068321,0.002138245
TMBIM1,-0.286069869,0.003240283
CCDC22,-0.28609966,0.001338476
MAP4K5,-0.286100351,0.025948552
RPS23,-0.286231087,0.001715059
SNX14,-0.286285109,0.001459582
IL33,-0.286337433,0.021141721
EIF3E,-0.286358545,0.001170919
TMEM123,-0.286359582,0.012787048
TIMM44,-0.286562763,0.003113072
PLEKHM2,-0.286659688,0.006036105
UST,-0.286796232,0.004106809
AGPAT3,-0.286801844,0.003713806
HDGFL3,-0.286809759,0.001240832
SMPD2,-0.286960426,0.005838902
KIAA1671,-0.286976608,0.000436883
NAA30,-0.287240035,0.012525423
SF3A3,-0.287281052,0.001404262
PROM2,-0.287288116,0.000118441
HNRNPR,-0.287387085,0.000440917
ARRDC1,-0.287445416,0.004491574
CDK7,-0.287449391,0.011337089
OSBPL10,-0.28745579,0.00045895
RNF123,-0.287514754,0.013000102
CORO1C,-0.287591773,0.000875975
THBD,-0.287595318,0.007260561
ZNF598,-0.287636033,0.001024361
TMX3,-0.287684603,0.000601814
SIGMAR1,-0.287692402,0.002859132
EIF4E2,-0.287704341,0.008836758
KBTBD4,-0.287742919,0.000514028
DIDO1,-0.287786888,0.010993566
FAM91A1,-0.28781962,0.002149358
DDX20,-0.287909136,0.00130644
BRD9,-0.287958791,0.001960489
ZDHHC21,-0.288039986,0.004130402
UACA,-0.288040871,0.02611088
MAP3K7,-0.288058386,0.010888821
SLC38A7,-0.288072841,0.001756502
RFC4,-0.28812861,0.004689197
POU3F1,-0.288190799,0.002091308
WFS1,-0.288210721,0.073857486
SIDT2,-0.288235684,0.000717563
ABCB9,-0.288275004,0.041457834
FBXO38,-0.288348027,0.008920646
RETREG3,-0.28853182,0.045091154
APOOL,-0.288628374,0.002093319
GNA15,-0.288731726,0.024781115
CDC23,-0.288761707,0.006606648
CDK5RAP3,-0.288788848,0.000122286
SIRT6,-0.28880982,0.001046023
MRPL28,-0.288882437,0.010225335
GTPBP10,-0.288924541,0.000821893
DHX36,-0.288942362,0.000388693
THBS3,-0.289015189,0.01685088
TTC39B,-0.289069047,0.013506755
COQ7,-0.289081112,0.013506755
HEATR6,-0.289113935,0.000772401
HCFC1,-0.289119234,0.037912774
TTC8,-0.289197329,0.017116708
MOB2,-0.289235936,0.014571903
GOLIM4,-0.289285843,0.005152817
GIMAP1,-0.289426704,0.001529842
CYB5R1,-0.289486413,0.000203475
ACVR1B,-0.289607361,0.00972618
MANEA,-0.289653348,0.010771947
RBBP6,-0.289886559,0.002644656
KIF21A,-0.289960573,0.01547738
SF1,-0.289965928,0.000732536
VCPIP1,-0.290123469,0.005664431
SART3,-0.290367579,0.001358473
IGF1R,-0.29042597,0.005717721
UBL4A,-0.290503374,0.009376212
SLC25A5,-0.290562687,7.91E-05
CLEC16A,-0.290567168,0.002906093
PSMB4,-0.290584173,0.000983708
RHOT1,-0.290592193,0.000259207
CHMP2A,-0.290760833,0.001665726
DNAJC7,-0.290846713,0.002775351
MCTS1,-0.290945694,0.002075939
CNNM4,-0.291049674,0.026748322
ARHGEF1,-0.291372796,0.000334116
PLD1,-0.291403153,0.000402951
SAP30BP,-0.291483621,0.005856731
GBP6,-0.291544523,0.002036696
NIFK,-0.291580051,0.096528675
TMEM134,-0.291610968,0.004048074
DCP1A,-0.291675991,0.025496207
PIP5K1C,-0.291702737,0.004913459
DHRS7,-0.291707325,0.002508969
CPNE6,-0.291720791,0.014263395
FERMT1,-0.291761023,0.000567023
TRANK1,-0.291804099,0.047567733
NCLN,-0.291932713,0.000557401
SLC25A23,-0.291960817,0.001823725
SNX17,-0.291968572,0.002697015
MSI2,-0.29204153,0.005749379
GSK3B,-0.29215653,0.03816775
HPSE,-0.292204365,0.001286888
IKBIP,-0.292227185,0.006836316
TNRC6B,-0.292305051,0.003052919
FARP2,-0.292421822,0.002812403
MED15,-0.292422003,0.002202504
RPS10,-0.292525943,0.000501932
RCOR1,-0.292609133,0.000395361
UNC45A,-0.292659958,0.000707435
RPS3A,-0.292663445,0.000923544
CLPTM1L,-0.292712895,0.002588709
EMC9,-0.292798248,0.012525423
EPHA2,-0.292835602,0.011986937
TRAPPC5,-0.292849652,0.038368631
QKI,-0.292945755,0.001130758
ESRP2,-0.29314965,0.003731801
PARD6G,-0.293269472,0.000130636
LAMA3,-0.293407288,0.076755915
DIP2C,-0.29340909,0.002854743
VDAC1,-0.293488867,9.94E-05
KRT72,-0.293500617,0.00134546
SEC11C,-0.293539672,0.000730657
KATNA1,-0.293736484,0.020840687
POLR1E,-0.293877864,0.002461842
TRIP12,-0.293967519,0.017779287
HNRNPA0,-0.294186089,0.000259173
POLR1B,-0.2942402,0.006938534
PSAPL1,-0.294305843,0.001206275
TIMM23,-0.294395162,0.017377612
MMP7,-0.29461111,0.030045745
TMEM30A,-0.29461706,0.00323287
EIF4G1,-0.29475789,0.000286351
SLC7A1,-0.294805425,0.011858591
JAK2,-0.294847598,0.00616768
NMD3,-0.294902977,0.003542444
PALS1,-0.295092334,0.010611442
HOMER3,-0.295300395,0.003729341
ZC3H11A,-0.295332529,0.011578472
HNRNPU,-0.295416789,0.00019813
ITGA2B,-0.295472674,0.02356053
AP5B1,-0.295478776,0.004351063
TNS2,-0.295507043,0.011117805
ZADH2,-0.295677975,0.017521529
WDR18,-0.29570472,0.006923362
PCYT1A,-0.295771111,0.000503248
RHOT2,-0.295867211,0.000615238
HTATSF1,-0.295909604,0.00043574
RAB21,-0.295934909,0.000788567
WDR11,-0.295947116,0.031451029
LRRC41,-0.295982264,0.006518911
CTNNA1,-0.296069429,7.48E-05
PI4K2B,-0.296098515,0.000350329
ARHGEF2,-0.296146893,0.073231596
MAP2K7,-0.296203105,0.014134046
APBB2,-0.296214581,0.000395591
VIRMA,-0.296239414,0.004179957
ROCK1,-0.296303824,0.001079692
UTRN,-0.296312123,0.000160668
GPC1,-0.296357959,9.67E-05
PPIB,-0.296358493,0.000474559
PIGO,-0.296466111,0.092392072
CC2D1B,-0.296541729,0.007315872
RIOX2,-0.296552357,0.114009556
CHP2,-0.296641451,0.000117661
ATP5MJ,-0.296684002,0.000167253
SRSF11,-0.296684115,0.000932785
RABGEF1,-0.296742249,0.004600507
ARL6IP4,-0.296781153,0.000231499
ERBB2,-0.297001043,0.011113955
SYK,-0.297071541,0.019564116
INTS14,-0.297406731,0.001503532
EIF4ENIF1,-0.297427127,0.001607351
ABCD3,-0.297444885,0.000118441
TLCD3A,-0.297535174,0.001456654
TMX1,-0.297718608,0.009609981
MACF1,-0.297730219,1.60E-05
MID2,-0.29805933,0.083134957
EIF3M,-0.298097416,0.012108663
EDEM2,-0.29810828,0.003758112
MATN2,-0.298115601,0.015014002
YOD1,-0.298215084,0.016433641
SRP72,-0.298272379,0.059212108
STING1,-0.298292888,0.000359706
PRIM1,-0.298359429,0.002687882
PELP1,-0.298365881,0.001780605
CYP4B1,-0.298433515,0.009734121
CHID1,-0.29848617,0.023225655
TDRKH,-0.2985064,0.001534103
STIM2,-0.298574742,0.001045435
SFXN1,-0.298592512,0.000441332
HSD17B11,-0.298611363,0.001661443
FBLN2,-0.298620576,0.00105966
CWF19L2,-0.298703323,0.000497042
ADPGK,-0.298759939,0.001163735
HNRNPR,-0.298805744,0.043562967
TMEM65,-0.298881319,0.000580102
PHB2,-0.298937669,0.000106969
SNRNP200,-0.29895009,3.76E-05
ARHGEF12,-0.299043837,0.000497042
C1QA,-0.299087797,0.019325066
RETREG1,-0.299129961,0.000774327
C1QC,-0.299206341,0.003528538
ANP32B,-0.299298323,0.000781427
UVRAG,-0.29948348,0.011325054
SIPA1L1,-0.299520734,0.003246607
KIAA2013,-0.299559752,0.02284686
DNAJA1,-0.299583678,0.02317416
FMN1,-0.299785801,0.001067789
CHD1L,-0.29990525,0.027310639
SUN1,-0.300000892,0.064675994
FUBP3,-0.300064999,0.001256983
LEO1,-0.300096198,0.003649549
SSR1,-0.300213249,9.09E-05
WAC,-0.300296882,0.002607623
RPS2,-0.300367753,0.000911651
SLC25A52,-0.300690522,0.012651288
CNOT3,-0.300782202,0.017011488
TBC1D2,-0.300826229,0.000792302
PRKRA,-0.300834658,7.20E-05
RFC3,-0.300972216,0.018317201
CLEC2B,-0.301058123,0.001393592
RELCH,-0.301217479,0.000512299
CD55,-0.301240704,0.009693139
HACL1,-0.301261448,0.01185343
ACACA,-0.301430706,0.000387832
EIF3A,-0.301538976,8.74E-05
MAEA,-0.301564028,0.004495284
NR2F6,-0.301573437,0.001357202
ACAP2,-0.30191337,0.007247694
MRPL17,-0.302093288,0.006691116
RPL36AL,-0.302206182,0.003714475
ZNF512B,-0.302323474,0.008862286
ARFGAP1,-0.302351572,0.008075331
PAK4,-0.302404533,0.000437041
GPD2,-0.302429697,4.17E-05
RPS25,-0.302504221,0.000862097
NIPBL,-0.302520441,0.113370351
LIPK,-0.302606734,0.002190418
NKIRAS2,-0.302632059,0.014340373
PTGES,-0.30293846,0.003205238
CNOT11,-0.302949203,0.006146785
PPP1R21,-0.302952839,0.009820279
HCFC2,-0.302962552,0.000189552
ZNFX1,-0.303028234,0.01365674
CC2D1A,-0.303065467,0.000237135
SENP1,-0.303149853,0.002826694
TOE1,-0.303356279,0.000173993
MPV17,-0.303416672,0.001862817
FMC1;LUC7L2,-0.303432493,0.000622474
MED31,-0.303445593,0.00022015
TVP23B;TVP23C,-0.303463451,0.015055031
PALS2,-0.303496198,0.009307508
GTPBP6,-0.303579174,0.001015985
GRHL1,-0.30358244,0.043277403
LPIN3,-0.303589875,0.000730101
SRBD1,-0.303590381,0.038569785
NSUN5,-0.30371252,0.000796498
ULK3,-0.303780374,0.003222589
PA2G4,-0.303807594,0.00130644
SELENOH,-0.303810682,0.000541008
CTNNBL1,-0.303900778,0.000483587
TNFAIP3,-0.304032787,0.002071324
ANAPC7,-0.304063657,0.000160333
MLYCD,-0.304128588,0.01042778
MRPS25,-0.304260882,0.005527463
KANK1,-0.304299689,0.001393592
NDUFA6,-0.304420104,0.001206275
LETM1,-0.304421325,0.000116079
TMEM70,-0.30442375,0.001715059
TEP1,-0.30447785,0.001810923
TM9SF1,-0.30454904,0.000477191
NHSL1,-0.304673652,0.002446498
DOCK1,-0.304674841,0.000419353
RPTOR,-0.304784596,0.005861908
RPP30,-0.304843838,0.003476558
KRT4,-0.304903049,0.007809153
MSH3,-0.304903478,0.001833756
YEATS4,-0.304966397,0.056741767
GRAMD4,-0.305076916,0.000363711
CEP76,-0.305133561,0.001697059
AGTPBP1,-0.305198925,0.005447626
ORC2,-0.305270973,0.001278376
LDLRAP1,-0.305298773,0.01071171
DHODH,-0.305311502,0.032883689
TFAP2C,-0.305360215,0.000419353
GJB3,-0.305574263,0.001783727
ERLIN2,-0.30560533,4.05E-05
STX11,-0.305635142,0.000587503
RPS20,-0.305637258,0.000908348
NDUFA7,-0.305666676,0.001175387
ANK1,-0.305845814,0.000531313
TPPP,-0.306013057,0.004045066
PPP1R37,-0.306038936,0.036686395
CCDC6,-0.306068714,0.000542533
AP5M1,-0.306135777,0.019481452
VDAC2,-0.306157269,7.50E-05
TMEM43,-0.306309512,0.00012212
CLDND1,-0.306357562,0.031849772
NEIL2,-0.306360981,0.007067288
TMBIM6,-0.306477503,0.002275093
AFAP1,-0.306489587,0.003084877
PIGN,-0.306536075,0.00102949
MALL,-0.306622794,0.003065498
GLCE,-0.306674154,0.015419303
THOC6,-0.306698033,0.002325932
SLC5A1,-0.306728287,0.059167705
COPA,-0.306784725,0.000641955
ARAF,-0.306980034,0.003890161
LIG1,-0.306991319,0.031849772
CHIC2,-0.30725333,0.010991349
RNGTT,-0.307260606,0.003428573
TRAPPC8,-0.307322247,0.008798767
MIA3,-0.307322565,0.007384825
MCU,-0.307691542,0.00679957
AFG3L2,-0.307757436,7.11E-05
USP30,-0.307851363,0.003649549
SPAG1,-0.307900231,0.023400937
KRT82,-0.307916344,0.014508983
NDUFB6,-0.307970449,0.00963157
NUDT16L1,-0.307997299,0.033364576
RPS15A,-0.308018542,0.000307165
SLC27A4,-0.308022076,0.000375705
DDX42,-0.308068925,0.00071517
RRM1,-0.308110597,0.007429956
RGS12,-0.308139821,0.00328758
ABI1,-0.308367609,0.000194081
UIMC1,-0.308463311,0.00231495
TNK1,-0.308582343,0.000377583
ATAT1,-0.308604046,0.001590264
COL15A1,-0.308661884,0.020189223
KRT7,-0.308687664,0.035960644
PBXIP1,-0.308854316,0.007364645
MOV10,-0.308900838,0.003731801
MTCH2,-0.308901636,0.000395314
PPFIBP1,-0.309139915,0.030375495
GIGYF2,-0.309296151,0.016642561
TBL3,-0.309411769,0.002046933
SEC24B,-0.309516024,0.020621227
SLAIN2,-0.309533195,0.011986937
POLD1,-0.309535149,0.0005917
SMARCA1,-0.309849818,0.000118441
CDK9,-0.30995425,0.000919149
MED23,-0.309960445,0.057756521
MED1,-0.309966761,0.003263005
ANKHD1,-0.310001297,0.001012514
DNAJA3,-0.310011231,0.000587621
STX8,-0.310068454,0.003372826
SYNGR1,-0.310176976,0.024113259
ILKAP,-0.310210512,0.021438922
SNX8,-0.310272132,0.000139407
TMF1,-0.310339091,0.00950498
UNC13B,-0.310397077,0.001324174
LIPH,-0.310402958,0.000122942
AWAT2,-0.310418691,0.019528517
MRPS2,-0.310424234,0.004336377
CHCHD3,-0.310435174,0.006511656
TLE3,-0.310437717,0.0324989
INTS12,-0.310441109,0.000812767
CUSTOS,-0.310466652,0.000478842
TRAPPC9,-0.310467514,0.010330803
S100A16,-0.31049786,9.00E-05
ADAM10,-0.31053394,0.004351063
NUP54,-0.31060457,0.026094776
ARF6,-0.310604878,0.000610984
USP19,-0.310619671,0.059149442
SLC12A2,-0.310637542,0.014773251
PIGU,-0.31064951,0.008239007
SLC12A9,-0.310758774,0.020952281
BRAT1,-0.310782589,0.001525585
CDC42BPA,-0.310784657,5.20E-05
DYNLT1,-0.310788058,0.001702143
ASAP1,-0.310836461,0.001536279
SEPTIN7,-0.310958553,0.000262745
ZFP36L1,-0.310966907,0.000730101
COL3A1,-0.311012791,0.000287905
RPS17,-0.311179531,0.000573016
SUPT6H,-0.311245785,0.0379951
PARD3,-0.311271,2.47E-05
VAV2,-0.31157409,0.077552669
YTHDF2,-0.311624987,0.001045435
WDR13,-0.311684161,0.001503534
FHL2,-0.311745947,0.006871837
NCOA4,-0.311776411,0.000104437
ZFR,-0.311781921,0.001790477
FXR1,-0.311798243,0.020431956
LAMC1,-0.312007158,0.000428073
PTPN23,-0.312142919,0.000395314
TAOK1,-0.312319189,0.005749379
LMNB2,-0.312419752,5.67E-05
STX10,-0.312502977,0.001713526
TRIM32,-0.312553414,0.002324929
ERCC5,-0.31268918,0.000307165
AP3M2,-0.312715657,0.001089721
WDFY3,-0.312888203,0.007044815
ACSM3,-0.31302728,0.007825801
ORC4,-0.313111442,0.000196083
CDC34,-0.313224035,0.029805486
BDH1,-0.313253114,7.45E-05
TANC1,-0.313343541,0.075099514
CHI3L1,-0.31347694,0.01502937
RPS9,-0.313494967,0.000853955
BCL9L,-0.31350677,0.003340626
PPP2R5C,-0.31351244,0.041987848
SPPL2B,-0.313544901,0.002279969
NCKAP1,-0.313601801,0.000410843
FCHO1,-0.313604539,0.002360981
DAGLB,-0.313794571,0.000511707
WAS,-0.313796702,0.000984602
OLFML3,-0.313868464,0.00362676
FADS2,-0.314055817,0.141977857
GPRIN2,-0.314084563,0.001204882
MYO5A,-0.314087271,0.001096512
MKRN2,-0.314102447,0.007311765
DDX3X,-0.314128408,0.000408089
ENDOG,-0.314143122,0.000859387
DYNC1LI1,-0.314226951,0.000808825
SOX15,-0.3142463,0.007083536
MTG1,-0.314301409,0.007459383
KICS2,-0.314338897,0.001230682
RIPOR2,-0.314355839,0.0011878
CLN3,-0.314366659,0.013201579
RTN4,-0.314402699,0.000262745
PPP6R2,-0.314412417,0.009609981
PIP4P1,-0.314418538,0.022248293
SRSF9,-0.314423516,0.023225655
PNPT1,-0.314485914,0.032083271
RBM39,-0.314763435,0.000687071
PLRG1,-0.31496154,0.010146652
RANBP6,-0.314994533,0.003016879
METTL17,-0.315027383,0.003046802
YIF1A,-0.315042775,0.001044378
COL7A1,-0.315065949,0.058360239
EIF5B,-0.315249948,0.00224646
TNFAIP8L2,-0.315332659,0.000396223
NDUFA9,-0.315413705,0.000367329
UQCR10,-0.315531983,0.000206481
HDAC6,-0.315589167,0.007858766
SMARCB1,-0.31568322,0.00807766
DOP1B,-0.315704498,0.030656271
GPX7,-0.315771233,0.000419956
CAV2,-0.315790494,0.007634676
AVL9,-0.315911371,0.0101452
CYFIP1,-0.315933701,0.000870632
AKT1S1,-0.315982127,0.036574325
COX7C,-0.315983937,0.000122942
EPHB6,-0.315984723,0.000730101
MTMR14,-0.315996439,0.005082151
RPS20,-0.316194683,0.000987481
PALLD,-0.316268049,0.000247762
U2AF2,-0.316315336,0.000540791
CSNK2B,-0.316491582,0.000146273
PPIP5K2,-0.316493431,0.00425699
SPEN,-0.316515798,0.005167079
ABHD12,-0.316539664,0.054745261
ZNF592,-0.316589218,0.000685341
RRP15,-0.316768128,0.012510243
POLA2,-0.316782146,0.003300439
GIMAP4,-0.316788474,0.009820279
SCCPDH,-0.31708033,6.03E-05
MACO1,-0.317154778,0.001289776
DNAJA2,-0.317187221,0.000238837
TANC2,-0.317216805,0.002354334
NUP133,-0.317320189,0.028158265
TUBG1,-0.317368874,0.008102365
FYTTD1,-0.317396366,0.001886269
TRAF3IP1,-0.317562072,0.001230682
MT-CO2,-0.317729023,0.00042427
NCOA2,-0.317738723,0.000671156
NUMA1,-0.317779068,7.29E-05
CLYBL,-0.317814998,0.013923688
EIF3K,-0.318103402,0.12635717
SLU7,-0.318190114,0.000766565
BTAF1,-0.318271114,0.004930049
ROCK2,-0.318274086,0.050528664
PAWR,-0.318337149,0.018330021
NHP2,-0.318371025,0.018575763
GSTK1,-0.31839379,0.000812767
LIMS1,-0.318400233,0.00021891
RANBP9,-0.318487096,0.000730101
BOK,-0.318559652,0.002574022
PLEKHG3,-0.318671279,0.039244977
TSR1,-0.318758687,0.067206001
CKAP4,-0.318763593,0.000592309
RPN2,-0.318827867,0.00021841
DDX54,-0.318859743,0.000193182
METTL15,-0.318883031,0.000381733
USP6NL,-0.318898806,0.001954285
ARMC8,-0.318910785,0.011440453
COL6A2,-0.318956296,0.00042427
FASTKD2,-0.318984873,0.001662222
COX6C,-0.319167613,0.00019237
INO80,-0.319211894,0.00269139
KIN,-0.319216672,0.002172389
NKTR,-0.319345126,0.001083767
TOMM70,-0.319437292,9.46E-05
CSTF2T,-0.319450459,0.018597664
ALG11,-0.319540605,0.003198287
ATR,-0.319588143,0.000546196
NOP9,-0.319600674,0.00177578
RBFOX1;RBFOX2,-0.31981296,0.001148527
WDR13,-0.319901271,0.007695971
RPS4X,-0.320060545,0.000709681
QRICH1,-0.320155504,0.001359844
SFRP1,-0.320173598,0.004971205
UBR5,-0.320222966,0.005257607
BAIAP2L1,-0.320257459,0.04721104
PIK3C3,-0.320328905,0.010795853
DNAJB6,-0.320363775,0.001217575
SLC1A4,-0.320503408,0.033656621
IMMT,-0.320551847,0.015039462
MCUB,-0.320612207,0.000472848
CEP350,-0.320696029,0.01359632
TPRG1,-0.320703281,0.000263655
NLRX1,-0.320703634,0.001767556
FARSA,-0.32085704,0.000687071
CYP4F12,-0.320963599,0.00073273
SEC23B,-0.321153141,0.011859019
TRIP10,-0.321231328,0.000643669
PHF3,-0.321271646,0.000937059
SRCIN1,-0.321310967,6.46E-06
DTX2,-0.321444758,0.001420668
AP1S1,-0.321499242,0.016516355
COA3,-0.321604117,0.001607351
SH3PXD2A,-0.321697555,0.00043011
MAP3K6,-0.321777799,0.001405603
EIF3C;EIF3CL,-0.321843855,0.000208548
SLC33A1,-0.32189381,0.010832635
KMT5A,-0.322021621,0.000491698
AGAP3,-0.322190732,0.003960033
HNRNPLL,-0.322249762,0.002570975
SLC25A11,-0.322266577,0.000184067
COX7A2L,-0.322321811,0.004386039
FKBP8,-0.322378616,0.00184429
MAP7,-0.322392608,0.088031761
RABL6,-0.322438575,0.008781518
LDAH,-0.322687432,0.007935865
LARP4B,-0.322687907,0.002217275
CTNND1,-0.32275402,0.000304827
FRY,-0.322918401,0.033043254
EIF2AK2,-0.322984545,0.138415807
DNAJC19,-0.322991104,0.000689981
SMUG1,-0.323112425,0.022749005
GTF2H4,-0.323204944,0.004266389
FNBP1L,-0.323390811,0.000762332
UQCRQ,-0.323465588,4.09E-05
SH3D19,-0.323539428,0.004898513
PHF5A,-0.323554292,0.016433641
ARMC10,-0.323591526,0.011341599
UPF2,-0.323631799,0.000205456
MIPOL1,-0.323770171,0.003811562
CRYBG1,-0.323774281,0.002132424
ARHGEF4,-0.323829291,0.000953775
ANK3,-0.323843382,0.00013109
THRAP3,-0.323908681,0.009116162
MRPL34,-0.324005996,0.000404715
SNF8,-0.324114397,0.021008974
NRM,-0.324261621,0.001095585
ATL2,-0.324316155,0.000136176
DGKZ,-0.324470552,0.001072598
ARFGAP2,-0.324497314,0.000405954
WDR45,-0.32472846,0.01145322
APCDD1,-0.324851779,0.000543924
LDB3,-0.325002261,0.019060629
PSMB7,-0.325066067,0.000262745
PLK3,-0.325095113,0.00062112
CREG1,-0.325178994,0.047337458
NVL,-0.325325132,0.008930807
ANKLE2,-0.325345393,0.00021841
COX20,-0.325395032,0.000329939
CHAD,-0.32540705,0.011370961
OPA1,-0.325490852,0.000154008
PPFIA1,-0.325602015,0.000282964
HECTD4,-0.325622518,0.001083171
SMC4,-0.326012784,0.000567023
CPEB2,-0.326059212,0.000247018
TP53BP2,-0.326175623,0.001737978
BRK1,-0.326291483,0.044114646
HDLBP,-0.326371776,0.00259584
GOLGB1,-0.326374721,0.00021841
SPATA5L1,-0.326450289,0.001671755
SND1,-0.326680373,0.000182367
AP2M1,-0.326886214,0.000327605
RPS7,-0.326937785,0.000260798
GMIP,-0.327004555,0.000999542
RBM10,-0.327013646,0.012488687
LCE6A,-0.327036187,0.027960837
FAU,-0.327203615,0.001338325
ADAR,-0.327223295,0.002098192
DDX1,-0.327241291,0.000301549
EIF3D,-0.32733903,0.000154008
TMED1,-0.327373625,0.002524611
MSN;RDX,-0.327446455,0.004463439
BCAP31,-0.327593167,0.000263799
SDAD1,-0.327620294,0.004265038
TCF20,-0.327635004,0.002722343
ZNF622,-0.3278439,0.000385633
INTS9,-0.327933667,0.000672185
KIAA1522,-0.32795224,0.000107979
PMEL,-0.328071832,0.018331379
ANXA9,-0.328073079,0.003207458
MIOS,-0.32826054,0.001974083
TASOR,-0.3282743,0.000235021
EED,-0.328309199,0.004018861
RAB38,-0.328324214,0.000946735
PRRC2C,-0.328360552,0.021881875
SLC27A3,-0.328385437,0.076678926
POLR2E,-0.32841967,0.010403442
DDX10,-0.328468026,0.002872266
MICALL1,-0.328532199,0.002765622
BNIP1,-0.328607674,0.000507885
AGAP1,-0.328667432,0.004554195
SLIT3,-0.32896981,0.000503752
NOC2L,-0.329006157,0.008902492
CXXC1,-0.32928094,0.001614261
RUFY2,-0.329434151,0.033308589
GOLGA4,-0.329487926,0.057277138
CUX1,-0.329517594,0.000869682
RPTN,-0.329518142,0.003479397
RAB11A,-0.329664086,0.004557014
KIFC3,-0.329833336,0.001256983
SERPINA12,-0.329840451,0.000633697
MAPK7,-0.329887202,0.000625796
EBP,-0.329893401,0.000231036
SLC9A6,-0.329923801,0.000852257
HMGB3,-0.32998804,0.004513705
PPFIA3,-0.330296397,7.33E-05
CASC3,-0.330429704,0.001390869
MORC2,-0.33055324,0.000886947
MTM1,-0.330555462,0.003930658
COL21A1,-0.330573344,0.000295562
EMG1,-0.33057677,0.000360668
THOC1,-0.330644976,0.010427111
CLIP4,-0.330775978,0.000482753
CLIP2,-0.3307917,0.007778642
CRIPT,-0.330802619,0.000104437
BICRA,-0.330876712,0.004414867
TRIP6,-0.330982298,0.000245007
EPS8L2,-0.331059605,0.001536279
TBRG4,-0.331226765,0.000844049
NTPCR,-0.331227783,0.000136633
SNX33,-0.331259143,0.000935449
TAF7,-0.331323019,0.000436288
TRAF7,-0.331568428,0.000126985
ATP5PB,-0.331606198,6.30E-05
PLA2G4D,-0.331649454,0.015512999
HBS1L,-0.331696649,0.257356656
TJP2,-0.331816784,0.000235209
EVL,-0.331826466,0.001914539
HSD17B4,-0.331959771,0.000136176
PDZD8,-0.332099667,0.00064891
NACC1,-0.332518597,0.020527483
EML3,-0.332529388,0.013962908
RFC1,-0.33267499,0.00013109
DSG3,-0.332697308,0.008500625
SNX9,-0.332798101,0.003092998
SLC25A44,-0.332813455,0.004792503
SEC22B,-0.332815418,8.74E-05
SLC30A9,-0.332881267,0.000512299
KMT2D,-0.332963599,0.000269296
PLEKHA5,-0.333092318,0.000655446
RPS8,-0.33322878,0.001499148
CTSV,-0.333299198,0.00144375
PRORP,-0.33340955,0.020431189
RPS5,-0.333605565,0.001723909
SPRYD3,-0.333996816,0.007083536
ERC1,-0.334009809,0.000333874
XRN2,-0.334031379,0.000859108
KDM6A;UTY,-0.334085694,0.000343386
IGSF3,-0.334126081,0.002579384
FNDC3A,-0.334243003,0.00015836
CPT1A,-0.334273101,0.001754825
PGS1,-0.334306997,0.000207825
CDC40,-0.334345589,0.022851631
DSN1,-0.334450028,6.73E-05
MROH6,-0.33453451,0.001617439
KDM2A,-0.334554372,0.000307165
SPTLC3,-0.334810523,0.006221964
AHDC1,-0.335002282,0.000546929
CERS6,-0.33505655,0.008116532
SMPD3,-0.335060155,0.025898844
MED16,-0.335083997,0.010026726
RBM15,-0.335169139,0.007977141
RALGAPA1,-0.33538156,0.00013109
MRPL40,-0.335429279,0.020007307
BCAS3,-0.335806301,0.001741237
SEC61G,-0.335815324,0.009266593
PAXBP1,-0.335951477,0.000892637
ENTPD2,-0.335976054,0.0028646
FBN1,-0.336019021,0.000975118
SYNGR2,-0.336119174,0.006046252
KIF3B,-0.336189889,0.003788944
USF1;USF2,-0.336342884,0.001979806
YME1L1,-0.33640203,0.037826273
TOR1A,-0.336484508,0.0272997
DDX51,-0.336633948,0.001815826
PPP4R3A,-0.336728252,0.003452212
MRTFB,-0.336908544,0.000476141
BGN,-0.336930642,0.000633189
APOBR,-0.336946231,0.02165307
TECR,-0.337230411,2.58E-05
RBM33,-0.33730637,0.003102326
SYNCRIP,-0.337323289,0.003898791
TMEM167B,-0.337411245,0.004634646
CDKAL1,-0.33767312,0.000238027
MPZL3,-0.337690651,0.001289776
MEPCE,-0.337707701,0.003263005
TPST2,-0.337722602,0.006922924
EIF1;EIF1B,-0.337791191,0.006691116
MTFMT,-0.337819192,0.00425699
DCAKD,-0.337824333,0.032088233
MDN1,-0.337840502,0.002805164
ATP2A2,-0.337855521,0.006888677
TSPAN9,-0.337862369,0.031823255
RFX5,-0.337904573,0.003065677
CIZ1,-0.337983573,0.001095585
EVI5,-0.338040372,0.0005917
NSUN4,-0.338139083,0.002039885
TTC21B,-0.33819394,0.001973299
MGP,-0.338194967,0.029898031
TSC2,-0.338361746,0.000335731
ELP4,-0.338875868,0.000593432
EMILIN1,-0.338898089,0.008007205
TIMM29,-0.338900763,0.009663725
RINT1,-0.339000925,0.002382876
VDAC3,-0.339161314,3.57E-05
PAK6,-0.339216156,0.000136633
RRP8,-0.339231428,0.001079692
LRCH3,-0.339385767,0.006773833
FAM83F,-0.339389885,0.007560785
PPP2R5C,-0.339588798,0.000118441
TSG101,-0.339625117,0.001036312
HECA,-0.33964293,0.013698402
KRT10,-0.339663756,0.000225261
CTTNBP2NL,-0.339672257,0.000148815
BRD4,-0.339685396,0.0004434
RANBP2,-0.339735487,0.039401319
WDR48,-0.339769665,0.007578492
IKBKE,-0.339775162,0.000420458
STX17,-0.339780307,0.000578115
FARSB,-0.339881431,0.000588264
NDUFA11,-0.339953975,0.014190396
PRR12,-0.339959351,0.000200508
AGPAT2,-0.340042395,0.002341461
PRKAA1,-0.340101132,0.006788555
ALG1,-0.340135673,0.000216276
ELOVL4,-0.340158389,0.00048212
STAG2,-0.340227082,0.00141825
MYADM,-0.340268093,0.005532709
MLLT1,-0.340418074,0.0001396
PLXNA2,-0.340447636,0.000730101
SCAMP4,-0.34049169,0.005806485
OLFML1,-0.340621427,0.001620839
CCNH,-0.340674216,0.001359844
GALNT1,-0.340789563,0.000260032
CYP51A1,-0.340820204,0.000170386
NUFIP2,-0.340856192,0.001621965
NMES1,-0.341004063,0.000890659
MRPS7,-0.34108049,0.000218712
KSR1,-0.341084506,0.020768063
VKORC1L1,-0.341219506,0.002505297
PLEKHN1,-0.341285673,0.000202018
NUP62,-0.341329601,0.002265592
MOSPD2,-0.341336311,0.007957616
LMOD1,-0.341343246,0.001746209
TM9SF3,-0.34134472,5.94E-05
MAPKAP1,-0.34158845,0.000856072
SAP130,-0.341603918,0.001104548
MRPS18B,-0.34164748,0.008516803
TGM5,-0.341668869,0.013813854
UXS1,-0.341740246,0.003929815
EMC10,-0.341928082,0.002217968
POGK,-0.341991798,0.000291958
MARK2,-0.342128619,0.027551981
MBOAT7,-0.342216053,0.003171543
METAP1,-0.342368827,0.001662222
LRWD1,-0.342585187,0.000419956
FGFBP1,-0.342681657,0.000551309
PRAG1,-0.342697178,0.006457782
ATP11A,-0.342797858,0.002133929
COL14A1,-0.342839533,0.003269345
H3-3B;H3C12;H3C13,-0.34284818,0.017604717
SLC12A6,-0.342933847,0.001453692
RER1,-0.343132481,0.000136633
UBL3,-0.343150857,0.007964312
H4-16,-0.34320368,0.000271919
EPHX3,-0.34331529,0.002905405
RSF1,-0.343406029,0.001256351
TOMM5,-0.343455106,0.003407189
PHYH,-0.343508397,0.037472889
KDM5A,-0.343643694,0.004675169
OFD1,-0.34383963,0.001503532
MFSD10,-0.344258265,0.001265664
GLG1,-0.344287992,0.019392679
EIF1AX;EIF1AY,-0.344499075,0.004414867
SLC4A1,-0.34454948,0.001074654
FYCO1,-0.344600376,0.01571055
SRRM1,-0.344627986,0.001535254
HMGB2,-0.344738163,0.000770551
ATAD1,-0.344775044,0.013558468
HACD2,-0.344871417,0.017866646
DHX33,-0.344872935,0.000686483
SH2B1,-0.34487764,0.000592739
NDUFS5,-0.344908118,0.000419956
PDGFD,-0.344990368,0.009116162
RAB3A,-0.344992043,0.001206275
SAMD1,-0.345087477,0.00340915
AP3M1,-0.345196704,0.000156464
NPNT,-0.345296688,0.075436848
SOS2,-0.345334178,0.000126985
KIF9;STARD9,-0.345591042,0.000350329
HR,-0.345646231,0.003713678
MIA2,-0.345727278,0.000259207
NDUFA8,-0.345766095,0.00890319
NNT,-0.345813767,0.000689677
CTSG,-0.345858025,0.001239334
AGRN,-0.345911286,0.022308471
SF1,-0.345991312,0.020744034
SDR16C5,-0.346015591,7.09E-05
NKRF,-0.346104229,0.006253197
SRP9,-0.346210087,0.005124723
ITM2B,-0.346235293,0.01555823
GRTP1,-0.346293529,0.003487126
S100A14,-0.346315349,0.00015014
WBP11,-0.346581866,0.000771688
ATG3,-0.346595682,0.026899707
BMS1,-0.346600304,0.000102649
F3,-0.346669388,0.002600634
RDH10,-0.346695069,0.002451719
OTUD6B,-0.346765123,0.001115442
KRT75,-0.346767008,0.044367709
NUMB,-0.346772836,0.000883508
CCAR2,-0.346830465,0.003764456
MRPL16,-0.346871,0.03331884
SMG1,-0.347005538,0.008256548
GFAP,-0.347216102,0.006802018
PES1,-0.347242857,0.006923362
SON,-0.347387056,0.024167204
DDX6,-0.347409891,0.000496613
CISD3,-0.347519627,0.000297082
SLC4A2,-0.347573825,0.000987481
SEC24A,-0.347710455,0.012653617
MAMDC2,-0.347718906,0.148639497
MTPAP,-0.347877529,0.000935449
MAL2,-0.347950042,0.000629208
SGK3,-0.347955818,0.000642899
UTP20,-0.3480329,0.000834217
NECAP1,-0.348043891,0.001193912
BCAS2,-0.348050344,0.024053342
CYP27A1,-0.3480515,0.000781866
FAM98C,-0.348235282,0.001145725
IPMK,-0.348462695,0.013779553
LRCH4,-0.348503883,0.00045895
WDR3,-0.348769074,0.010991349
RPS3,-0.348956218,0.001144168
GMEB1,-0.349185502,0.002754691
POLQ,-0.34941766,0.000745757
PTPN21,-0.34942777,0.016945791
NCBP3,-0.349443376,0.003321055
RPN1,-0.349516572,0.000154157
TTC39C,-0.349538618,0.014180499
DNM2,-0.349551321,6.37E-05
PLA2G4E,-0.349672916,0.00259722
MXRA5,-0.349694706,0.00112443
DDOST,-0.349928639,5.77E-05
MTMR2,-0.349958583,0.000840593
ILF3,-0.350145381,0.000375705
PECR,-0.350187577,0.009416385
TINCR,-0.350209547,0.000301994
MIB1,-0.350467685,0.003303028
DOCK9,-0.350563347,0.042267456
MFF,-0.350581694,0.000461373
RAB22A,-0.350700505,0.002058301
TMEM11,-0.350810039,8.74E-05
TAPT1,-0.350857479,0.001315168
AKAP8,-0.350858353,0.000660936
NDUFS2,-0.351057624,0.000434699
ERCC2,-0.351136268,0.016314429
RDH12,-0.351345268,0.000126877
WASHC4,-0.351544264,0.006606648
GOLGA5,-0.351673719,0.006514685
GDAP2,-0.351802766,0.003345048
TECPR2,-0.351939745,0.00058226
SPTB,-0.352021729,0.006834724
KIF13B,-0.35204621,0.003326122
PADI2,-0.352230902,0.001239334
PLD2,-0.352257609,0.0007334
SP110,-0.352313331,0.000983708
YTHDF1,-0.352409241,0.000785114
BCL7C,-0.352721699,0.00042236
MIB2,-0.352858347,0.001202732
CPZ,-0.352941436,0.005768744
VPS26C,-0.352991617,0.004508036
STX18,-0.353001634,0.002058301
ARHGEF28,-0.353249665,9.15E-05
ORC5,-0.353287054,0.001592926
FAM120C,-0.353295462,0.000415391
TRIM29,-0.353429465,0.000125248
TMED2,-0.353633593,0.000786297
COG1,-0.353682301,0.000498431
SRRT,-0.353693973,0.000859387
SRPK2,-0.353761937,0.000779798
XRN1,-0.353837828,0.016897998
AP3D1,-0.353867157,0.008605753
SRSF5,-0.353912492,0.03383428
CNNM3,-0.353922169,0.005591872
VPS41,-0.354024091,0.000278819
CD74,-0.354087009,0.006890359
CCZ1;CCZ1B,-0.354117372,0.000245965
USP2,-0.3542608,0.000327605
EIF2D,-0.354281124,0.040926935
MGST2,-0.354329407,0.065244832
ITGA6,-0.354330383,0.019464732
ZC3H13,-0.354590442,0.001713526
FAM98B,-0.354843478,0.000366054
DNAJC17,-0.354907412,0.001495777
HACD3,-0.355129108,0.000485087
CRTC2,-0.355130041,0.000512901
SMAD5,-0.355172865,0.009393263
SLC25A20,-0.355393466,0.010394915
WDR7,-0.35548509,0.000167855
RRP9,-0.355487628,0.001810923
TUBGCP4,-0.35552542,4.90E-05
ABCE1,-0.3555351,0.000382808
PAK1IP1,-0.355697006,0.000416213
USP40,-0.355758943,0.015822137
MYZAP,-0.355826008,0.001365469
VSIG10L,-0.355852734,0.002275093
PDXDC1,-0.355995334,0.011000939
CBLC,-0.35612888,0.002645946
TREX2,-0.35630123,0.054550403
NDUFAF7,-0.356482499,0.000238837
INIP,-0.356830496,0.009941695
FAM20B,-0.356851044,0.000412715
WDR74,-0.356872158,0.004806846
PNISR,-0.357133497,0.000350223
FDFT1,-0.357135886,0.005960925
FAM89A,-0.357183955,0.000269296
ZC3H15,-0.357198781,0.000331344
ZMYM2,-0.357236125,0.001121698
ABCB10,-0.357552782,0.003520944
GATAD2A,-0.357676254,0.000520742
MAP4K4,-0.357714588,0.0019282
INPP5F,-0.357767861,0.001304228
AKAP8L,-0.357899952,0.000690462
SPCS2,-0.357917711,0.006865457
ALDOA,-0.357985962,0.046816204
PEX6,-0.358020938,0.000687071
TMEM192,-0.358138525,0.018292478
ABCF2,-0.358307397,0.001786945
SLC25A4,-0.358381203,0.000170069
UHRF2,-0.35845349,0.000557667
TMED3,-0.358495791,0.000118441
TEAD3,-0.358504921,0.003856854
TAF3,-0.358587916,0.003994881
PRKCB,-0.358601103,0.001453692
OTUD4,-0.358652771,0.010888821
LYAR,-0.358699986,0.002520364
TAMM41,-0.358838404,0.004830964
DAB2IP,-0.358948724,0.0011878
MAFG,-0.358994635,0.000272913
ATP2C2,-0.359052507,0.000419956
PLEC,-0.359085297,0.000556744
BUD31,-0.359180884,0.000799572
RAF1,-0.359205188,0.005981548
NDUFA12,-0.359293503,0.001650382
RPS24,-0.359327801,0.003960851
WDR36,-0.359548679,0.039305644
HSD17B13,-0.359712604,0.022638583
GPN1,-0.359975076,0.015741923
PIK3C2A,-0.360017421,0.00569173
TCAF1,-0.360047553,0.002946206
DRAP1,-0.360053675,0.000258376
TMPRSS11F,-0.360065611,8.76E-05
CGGBP1,-0.360076438,0.001090508
ECM2,-0.360081774,0.016524903
LPGAT1,-0.360144304,0.000761273
GHITM,-0.360436895,0.010265766
RPF1,-0.360570086,0.003205238
HDGFL2,-0.36059725,0.002019983
VRK2,-0.360622598,0.000367548
ATAD2B,-0.360637367,0.004806344
ATP5MK,-0.360700853,0.000116079
ILF2,-0.360715993,0.000419956
GCN1,-0.360734079,0.001214382
RALGAPB,-0.360784062,0.00816394
MT-ATP6,-0.360807105,0.000238837
RPS6,-0.360822265,0.000906174
FCHO2,-0.360964551,0.005111295
ALYREF,-0.360993099,4.05E-05
SSR4,-0.361087182,0.000350105
MAP2K3,-0.361162957,0.007964312
PDK3,-0.361417538,0.002135341
VWA8,-0.361419903,0.011627811
SZT2,-0.361572781,0.004726915
RPL10A,-0.361613235,0.000367691
STK25,-0.361764611,0.004664786
ZNF207,-0.361804996,0.001513971
SPOUT1,-0.361935652,0.000216821
TRPM4,-0.362053908,0.005338473
DTX3L,-0.362247529,0.000420597
RBL2,-0.362269297,0.000340678
KIAA0100,-0.362494194,0.000233922
SPATA5,-0.362647304,0.003717948
COG8,-0.362746674,0.000272913
IGSF8,-0.36275342,0.007809153
R3HCC1,-0.36301377,0.003713806
TRIM62,-0.363040998,0.000136633
ADD2,-0.363076657,0.012315072
SMYD3,-0.363080448,0.000269296
GORASP1,-0.363194957,0.001719642
MCEE,-0.363287686,0.0035371
SLTM,-0.363329112,0.000481577
ANKRD35,-0.363522495,0.007661814
DLG2,-0.363577233,0.000350105
WDR70,-0.363615666,0.001813269
KCTD18,-0.3636467,0.000879664
NEBL,-0.363668685,0.004495424
HSPA12A,-0.363753567,0.009936479
PELO,-0.363755562,0.01771335
OS9,-0.363945865,0.004623078
SMARCAL1,-0.363954627,0.000633798
AGPS,-0.363964012,0.003859217
CCDC61,-0.364317372,0.000655446
NRK,-0.364343721,0.015839677
ATP6AP2,-0.36438592,0.000391915
GRK2,-0.364429989,0.000394427
ALOXE3,-0.36477655,0.001884373
MYO6,-0.3647855,0.000990463
PEX1,-0.364820017,0.00125394
TTC37,-0.365006862,0.002164948
SCAF11,-0.365126064,0.001964124
SEC23A,-0.365147894,0.001498785
EMC1,-0.365229528,0.003168092
ATXN1L,-0.36552002,0.001815826
DOLK,-0.365528469,0.006190373
BRI3BP,-0.365583884,0.004287671
LMF2,-0.365675375,7.83E-06
MCC,-0.365689169,0.001265464
PEX3,-0.366038183,0.00174289
TRIM25,-0.366096517,0.000344937
KRT25,-0.366324597,0.001869785
F11R,-0.366350402,0.000766989
APTX,-0.366418793,0.000930386
GTF3C4,-0.366561021,0.006018573
HNRNPL,-0.366664464,0.000116079
INF2,-0.366745222,0.000410073
PREB,-0.366791826,0.000547188
GAR1,-0.366832679,0.001414665
KLK9,-0.366860331,0.0026121
MTOR,-0.366877877,0.004084982
DNAJC11,-0.367018153,0.006836316
AKAP17A,-0.36702384,0.000108278
SBDS,-0.36725968,9.94E-05
RBM26,-0.367284992,0.00632454
AMFR,-0.36735448,0.000507885
LRBA,-0.367444542,0.062366184
COL2A1,-0.367539513,0.002170388
ARHGEF7,-0.367554119,0.007131479
ECI2,-0.367589807,0.000343386
CASP2,-0.367713528,0.002214902
VPS35L,-0.367820937,0.002754691
RPS13,-0.367846335,0.000607176
DYNC1H1,-0.367854057,0.000262221
GCFC2,-0.368014044,0.003374448
CHD4,-0.368101215,0.013000588
PF4;PF4V1,-0.368115942,0.000615142
MYO1F,-0.368247237,0.005477684
LNX1,-0.368321179,0.010888821
CHMP1A,-0.368841153,0.006480422
MRTO4,-0.368900824,0.0535032
KIFAP3,-0.368946683,0.000956115
FXR2,-0.368971525,0.000474559
STXBP1,-0.368985985,0.003504536
CDK2,-0.369143579,0.003821945
SMAP1,-0.369451038,0.00696544
GOLGA1,-0.369568173,0.000216821
TXLNA,-0.369599654,0.000395314
KLC2,-0.369705274,0.000373809
TRAPPC11,-0.369707786,0.000658745
ATP13A4,-0.369906087,0.000785114
MTMR10,-0.370165066,0.002421162
COPG2,-0.370274825,0.011464401
NDUFB11,-0.370354332,0.002302931
SRSF1,-0.370358696,0.000193751
ARGLU1,-0.370393349,0.00364097
SMDT1,-0.370511129,0.001295783
STAU1,-0.370655737,0.003198387
FAM193A,-0.370798482,0.0001866
NLRP10,-0.370823212,0.052644987
PON2,-0.370843712,0.002481552
NUP88,-0.370875805,0.022129725
PSMB5,-0.370933767,0.000323395
PRELID1,-0.371183482,0.000350329
INTS10,-0.371244376,0.00109801
PARS2,-0.37147279,0.008905342
MAGT1,-0.371554406,0.000333414
SMARCA5,-0.371671563,0.019238869
OAS3,-0.37167382,0.002183187
FAM177A1,-0.371776722,0.001241227
CNOT1,-0.371815976,0.003520944
PTRH2,-0.371816999,0.001600928
IFT74,-0.371934233,0.000203302
EPHB3,-0.371935798,0.002265592
RTN3,-0.372148206,0.002900113
NDC1,-0.372158464,0.001469056
SNRPA1,-0.372194768,0.000484798
GNPAT,-0.372284118,0.032306723
STX6,-0.372360204,0.01495199
ASCC3,-0.372397435,0.066296012
CISD1,-0.372709487,0.00058226
RPLP1,-0.372777916,0.007038441
CBR4,-0.373061573,0.000116429
ACBD5,-0.373174765,0.106375265
NDUFA4L2,-0.373185033,0.018359472
CAPRIN1,-0.373203703,0.000325624
SSBP2;SSBP3,-0.373204738,0.000363711
PIK3R2,-0.373475484,0.003321055
REEP4,-0.373623979,0.000416213
MTREX,-0.373691486,0.007416979
ORAI1,-0.373856145,0.015416177
TCHH,-0.373966128,0.019890262
CTDSPL2,-0.374042328,0.005857561
U2AF1;U2AF1L5,-0.374073803,0.003205238
HNRNPC,-0.374084762,0.000256094
CYP2J2,-0.374216558,0.002593297
BARGIN;SH3BP1,-0.374507361,0.002394443
UTP6,-0.374580308,0.00099174
LUC7L3,-0.37481121,0.011376147
SUB1,-0.374875322,0.003600004
SPHK1,-0.374916815,0.000125248
SEC61B,-0.374933461,0.025011146
RALGAPA2,-0.375091428,0.000175502
MAN1A2,-0.375159762,0.002487661
AGPAT1,-0.375334896,0.001427931
CPSF4,-0.375346288,0.001130758
CEP170B,-0.37541177,0.004807225
NIPSNAP3A,-0.375412576,0.000586546
APEX1,-0.375412814,0.002185792
SDHC,-0.375453797,0.000368202
DHX35,-0.375463342,0.000660936
HMGA1,-0.375749847,0.004972634
PPIF,-0.375843767,0.000563814
RPL27A,-0.375911062,0.000340102
PPP1R10,-0.375955089,0.000374273
HOMER2,-0.376030051,0.004358238
PCBP2,-0.376167588,0.003535097
NFIX,-0.376176645,0.001823669
TEX2,-0.376196808,0.00190045
MTA1,-0.376288261,0.00027582
DHCR24,-0.376394585,0.018386419
ANKRD16,-0.376600807,0.00269139
DCAF13,-0.376679492,0.007852355
ALG2,-0.377335905,0.003504536
GTF2F2,-0.377346866,0.001487464
BLOC1S6,-0.377493205,0.028899665
UFSP2,-0.377822702,0.009594659
CUL9,-0.377824435,0.004605948
UPF1,-0.378081232,0.001783457
TAPBP,-0.378098691,0.001720864
RPS14,-0.37830173,0.002415258
MST1R,-0.378420798,0.014072907
GRIP1,-0.378479989,0.000404961
RBM3,-0.378575926,0.007254564
B3GAT3,-0.378731482,0.000672975
NUP188,-0.378732893,0.013813854
BMPR2,-0.378770837,0.000359085
MCUR1,-0.378790141,0.003874133
ARID1B,-0.378797295,0.00025437
SACM1L,-0.378895561,0.00012212
EMD,-0.378942115,6.30E-05
BIN3,-0.379101857,0.006802516
LAMB3,-0.379412381,0.044114646
CERS4,-0.37943446,0.000228378
COL1A2,-0.379481648,8.23E-06
MPP7,-0.379631646,0.000121927
ANAPC5,-0.379633546,0.019144364
SLC25A12,-0.379804635,0.000233922
CKAP5,-0.379867566,0.001894408
RASA2,-0.380079413,0.009973598
RPL3,-0.380159556,0.000799572
RPL6,-0.380211567,0.000628018
TOMM40L,-0.380431842,0.001998996
MRPS31,-0.380569257,0.000224385
NDUFC1,-0.380607369,0.000450436
CORO2A,-0.380742607,0.001206275
ABI2,-0.380748094,0.000196616
BAK1,-0.380838384,0.005532454
UFL1,-0.380955142,0.010869759
DHX30,-0.380980944,0.000246741
WDR33,-0.381006486,0.000954465
EWSR1,-0.381109645,0.000420597
HTRA1,-0.381211571,0.047086745
IRF2BP2,-0.381248175,0.000169382
MTA2,-0.381263671,6.03E-05
MYO9B,-0.381361204,0.002283915
DEGS1,-0.38141145,0.011140143
TMEM97,-0.381417339,0.002945298
MECP2,-0.381497926,0.000225261
PHLDA2,-0.381507966,0.001083767
AADAC,-0.381509189,0.000258894
PLEKHA7,-0.381523406,0.001630526
PNKP,-0.381609476,0.000664349
VKORC1,-0.381709517,0.004542606
AVEN,-0.381728494,0.000395314
SUDS3,-0.38184383,0.002028859
RPL27,-0.381870416,0.000615238
KLF3,-0.381900836,0.000488813
DIMT1,-0.381920758,0.000558221
ITPRID2,-0.381948952,0.118060481
LSG1,-0.382022612,0.000207825
LTN1,-0.382079687,0.00025437
MBTD1,-0.382181558,0.001144849
DDX50,-0.382455551,6.30E-05
CEP192,-0.382715941,7.47E-05
UGT1A6,-0.382860947,0.000628018
FKBP3,-0.383100002,0.000118441
CCL27,-0.38311709,0.003253332
CTCF,-0.383157023,0.000579366
NUP155,-0.383179585,0.009884714
MAN1B1,-0.383261713,0.001715059
NDST1,-0.383292223,0.000873816
STXBP5,-0.383384747,0.000169382
ZC3HAV1L,-0.383394044,0.000359085
FOCAD,-0.383409248,0.000220595
HSD17B8,-0.383666706,0.000923997
TAF1,-0.383910373,0.000579351
LECT2,-0.3841859,0.000785114
DUOX1,-0.384524732,0.000245965
USP10,-0.384526996,0.001462235
IRS2,-0.384721376,0.002823348
UBASH3B,-0.384767742,0.001204882
MOGS,-0.384821417,0.000419956
STAP2,-0.3849174,0.000395313
NUAK2,-0.384928239,0.000176932
CAMSAP2,-0.38501909,0.000910068
RUSF1,-0.385038997,0.0289192
SLC37A2,-0.385320136,0.037245219
MBOAT2,-0.385417227,0.003502135
KRT1,-0.385454912,0.00021841
TCF25,-0.385476281,0.000696766
ARHGAP23,-0.385536775,0.000118441
ATAD3A,-0.385547852,0.007760153
LRRC59,-0.385647929,0.004737981
GIT1,-0.385665128,0.000256094
NFAT5,-0.385673552,0.000243613
MSH6,-0.385711146,0.0005917
ARFGEF2,-0.38606896,0.016159436
SFSWAP,-0.386236592,0.002092929
CENPC,-0.386270254,9.00E-05
EXOC7,-0.386317331,0.00023559
ARHGEF19,-0.386348146,0.000209195
GLE1,-0.386360391,0.000642899
RPL4,-0.386380841,0.000604555
TMEM33,-0.386467712,2.47E-05
VPS8,-0.386568344,0.006412202
STT3B,-0.386661037,0.005642861
TMEM87B,-0.387013305,0.01221199
TANK,-0.387018284,0.008207668
SRSF6,-0.387216227,0.013328508
PARP1,-0.387217427,0.040926935
SMU1,-0.387219537,0.000117661
RPL26,-0.387231828,0.000750339
FHIP1B,-0.387618632,0.001112937
VPS39,-0.387642886,0.000259207
SLC30A1,-0.387657257,0.013453626
DDX5,-0.387735584,4.95E-05
MT-ND2,-0.387902082,0.000578867
TIMM50,-0.388092893,0.000144663
PRPF8,-0.388135731,0.000438304
FAM120B,-0.388223439,0.011627811
CARD19,-0.388441668,0.001130758
CEBPB,-0.388797131,0.000865876
CHD1,-0.388876211,0.000808825
LMNA,-0.389015694,0.000125248
APOO,-0.389027,0.001090508
FBXL18,-0.389160905,0.00082782
UBXN4,-0.389175394,0.009891454
RNF20,-0.38918983,0.000911993
CYC1,-0.38921369,0.000167362
SFPQ,-0.389233661,7.45E-05
KIAA1191,-0.389315876,0.003604431
YEATS2,-0.389403414,0.000409354
EXOSC9,-0.389739446,0.002053895
TRIP4,-0.389812169,0.00305444
RAVER1,-0.389920435,0.000977556
LRRC8E,-0.390104433,0.001543215
ARHGAP29,-0.390334614,0.004875
LMF1,-0.390407607,0.001087583
NUP58,-0.390810718,0.00045895
AP4B1,-0.390918391,0.00027192
CLASP2,-0.391108973,0.004025442
POGLUT1,-0.391134401,0.000127127
LSM14A,-0.391419827,0.000440917
SUPV3L1,-0.391430667,0.001561188
HMGN2;HMGN3,-0.391535392,0.030405751
TSR3,-0.391629149,0.001151645
ORC3,-0.39194025,0.000730101
MLF2,-0.392060056,0.001941669
SEC62,-0.392229302,0.003261292
SLC25A6,-0.392308558,0.000858174
RPS29,-0.392328119,0.012320212
SMURF2,-0.392329568,0.001525585
LBR,-0.392439265,0.00239471
RNF213,-0.392507981,0.001393592
COG2,-0.392515143,0.000409902
ZC3H14,-0.39261813,0.001116406
NCOR1,-0.392732398,0.000551822
AGO1,-0.39281699,0.000591924
RPL14,-0.392923278,0.000806937
TBC1D22B,-0.393022029,0.010814474
GIPC2,-0.393080637,0.001040573
MMGT1,-0.393260568,0.000198071
YTHDC2,-0.393280206,0.001118948
DDX21,-0.39354841,0.008819517
SPTLC1,-0.393681953,0.000335731
RHAG,-0.393856895,0.000465269
COG4,-0.393904664,0.001115442
TMEM177,-0.393908213,0.000696766
CROCC,-0.393927998,0.00076458
LARP1,-0.39412498,0.029752519
SLC35B2,-0.394133749,0.001160323
WDR75,-0.394164272,0.000270614
ZSCAN9,-0.394315506,0.020558439
SKIV2L,-0.39485605,0.003211328
CERS3,-0.395394838,0.012176538
NIPAL1,-0.395436189,0.000434904
RALY,-0.395452534,0.004805606
LAMA2,-0.395462656,0.009185659
ALG14,-0.395602419,0.000484798
PIK3C2B,-0.395755388,5.20E-05
IMMT,-0.396013355,0.000394924
GTF3C5,-0.396021626,0.000935449
KDSR,-0.396288184,0.00339386
YIPF1,-0.396338052,0.001011192
MYO1E,-0.396343524,0.004351063
TARBP1,-0.396580195,0.00144523
PITPNM3,-0.396778994,0.000156328
MGAT1,-0.396779401,0.003088906
RBM7,-0.39682791,0.000994323
CYP4F22,-0.396947031,0.032266445
SNX13,-0.397332825,8.74E-05
RMDN3,-0.397383972,0.00134546
MAD1L1,-0.397448723,0.000855797
PIK3R4,-0.397518283,0.004115701
MICAL3,-0.39758371,6.03E-05
PPP1R13L,-0.39759476,0.000235021
TBK1,-0.397650132,0.00468945
RPL7,-0.397743283,0.000601814
ZSWIM8,-0.397798095,0.000671211
MAGIX,-0.397811097,0.009820279
NUP107,-0.397826135,0.003140163
EXOC2,-0.397914713,0.000585787
EMC7,-0.397915096,0.000501895
USP34,-0.397927811,0.003839782
PIK3CB,-0.398057803,0.000370481
TRPT1,-0.398212105,0.000176044
CMIP,-0.398248565,0.001304931
KRT14,-0.398365497,0.000721122
ABLIM2,-0.398368674,0.000628018
SLC25A17,-0.398416369,0.001752341
HSPB8,-0.398456653,0.001914539
COL4A1,-0.398705619,0.004560218
NFIB,-0.398792287,0.000350329
RAPGEF6,-0.398820016,0.000104437
BET1,-0.398927387,0.000154308
TMX4,-0.398944253,0.009393899
ZNF638,-0.399027107,0.001901888
ARHGAP5,-0.399037755,0.001074228
DHRS7B,-0.39927325,0.000313729
MYCBP,-0.399413537,0.002546902
N4BP2L1,-0.399480597,0.000321735
BCL2,-0.399500026,0.00139019
HMGN1,-0.399506651,0.000629929
CLPB,-0.39962344,0.002579384
LIMK2,-0.39984057,0.000922023
CAMSAP1,-0.399919004,0.01359632
SEC63,-0.400129651,0.000195114
NFIC,-0.400182655,0.025994314
HNRNPM,-0.400221273,0.000523295
GAK,-0.400308761,0.001358473
TBCK,-0.400354388,0.002918431
SLC25A1,-0.400355863,0.000193525
MATR3,-0.400602303,0.000370136
SRPRA,-0.400680147,0.009972074
HSD11B1,-0.400922643,0.003805325
SLC27A1,-0.401125503,0.002092929
ABHD16A,-0.401298511,0.000806937
ARAP2,-0.401382372,0.000136176
ATP2C1,-0.401466345,0.000516496
NT5DC2,-0.401472489,0.000404961
GDPD3,-0.401480953,0.025996146
COL12A1,-0.4015135,0.000796017
CBL,-0.401519171,0.000779798
TBC1D10A,-0.401539899,0.004620656
NCEH1,-0.401723415,0.000216821
PACSIN3,-0.401861634,0.022142566
EXOSC3,-0.402106764,0.005536806
ABCB7,-0.402258313,0.006673139
PATL1,-0.402327254,0.000395313
H2BC11;H2BC17;H2BC21;H2BC3;H2BU1,-0.402469468,0.005175244
BPTF,-0.402472438,0.001091446
SLC25A22,-0.402582607,0.002279267
IFI16,-0.402947488,0.017539953
EMC6,-0.403020025,0.000170069
MFN1,-0.403133961,0.01490726
ALKBH5,-0.403149169,0.000154008
KLK7,-0.403307314,0.000984446
TMEM165,-0.403335416,0.008107857
WASHC5,-0.403385536,0.001579754
NOSIP,-0.403439568,0.000544545
SH3YL1,-0.403559459,0.027272218
RIF1,-0.403596933,0.001095585
H1-4,-0.403661017,6.30E-05
MKKS,-0.403731455,0.000274689
RAI14,-0.403766207,0.004379212
CDK19,-0.403829055,0.000443814
SLC25A13,-0.403862163,0.007962623
ARMCX1,-0.404079058,0.000207665
UBE3B,-0.404216992,0.000649102
CDC73,-0.404238611,0.005782723
NOL8,-0.404353802,7.45E-05
TXNIP,-0.404424992,0.004766163
GTF2F1,-0.404593694,0.030844236
UBAP2L,-0.404771232,0.000350329
NHSL1,-0.404985718,0.002687882
MZT2B,-0.405046406,0.000406328
FHDC1,-0.405093765,0.001090508
EPB42,-0.405378338,0.000331344
NBN,-0.405397826,0.003303028
GPAA1,-0.40559465,0.00714885
PEX11B,-0.405603558,0.002653387
H2BC10;H2BC12;H2BC13;H2BC14;H2BC15;H2BC18;H2BC5;H2BC9;H2BS1,-0.405711171,0.000253325
ARPC4,-0.405792341,0.000953775
NCOR2,-0.406436305,0.000142846
TMEM201,-0.406497894,0.006239093
SGPL1,-0.406560677,0.000823492
SRCAP,-0.406571064,0.00034103
SNRPA,-0.406576488,0.001121561
HMGN5,-0.406598891,0.003321785
RBM15B,-0.40660105,0.000436592
TUBGCP3,-0.406928807,0.000220617
TMEM41A,-0.406947182,0.000263655
RPL24,-0.407132649,0.000579366
NONO,-0.407142807,5.49E-05
PPIL2,-0.40714978,0.000835008
CSNK1A1,-0.407601676,0.000173778
PTRH1,-0.40813415,0.000262221
CDKN2AIP,-0.408185166,0.000883271
LIG4,-0.40827315,9.09E-05
ZCCHC8,-0.408283512,0.000556744
OTUD7B,-0.408410377,0.00195863
TFB1M,-0.408753874,0.000388693
XAB2,-0.409084861,0.000512901
GSDMC,-0.409292574,0.003259982
TASP1,-0.409667949,0.000691475
SNRPE,-0.409808451,0.000363385
BTBD11,-0.409941162,0.00163049
MRPS35,-0.410029117,0.000888018
INTS13,-0.410391058,0.000252093
SPTLC2,-0.41069418,0.000993952
COG3,-0.410824081,0.016208266
EMC2,-0.410909301,0.002167656
ZNF148,-0.410985515,0.000188019
NXF1,-0.411306611,0.00130644
GRK6,-0.411388939,0.000837031
SPG7,-0.411626422,0.000557401
CDC42EP1,-0.411687781,0.000239497
TRAPPC10,-0.411823583,0.000416879
FHIP2B,-0.411922718,0.001512895
RPL23,-0.41200843,0.000539583
DDX60,-0.412109206,0.0019282
SPCS3,-0.412120612,0.002113771
CPEB4,-0.41212624,0.000350105
VWA1,-0.412242307,0.000259207
CDC42BPB,-0.412473075,0.001914539
CSNK1E,-0.412478288,0.000204775
VPS51,-0.412537814,0.010363871
RBM14,-0.412545344,0.009589444
TBC1D10B,-0.412546876,0.000653092
RPS6KA4,-0.412711371,0.001495777
PQBP1,-0.412867099,0.073857486
KRT32,-0.412987772,0.0899718
HPF1,-0.413096441,0.001405333
EXOC6B,-0.413142843,0.037245219
WNT4,-0.413283243,0.001961302
ATP9B,-0.413310715,0.000837898
KHNYN,-0.413446866,7.40E-05
NEPRO,-0.413492731,0.000954074
POM121C,-0.41361821,0.003726553
SBNO1,-0.413760387,0.000260637
TMLHE,-0.413831593,0.005664431
ZFPL1,-0.413978268,0.004284621
DSP,-0.414185983,5.20E-05
CLINT1,-0.414303257,0.012069825
TPR,-0.414431355,0.005648459
DAAM1,-0.414850898,0.000392979
MED10,-0.415105948,0.007051803
PRPF3,-0.41512518,0.000297425
SCEL,-0.415135651,0.000364064
NIP7,-0.415155827,0.000189552
EPB41L5,-0.415175565,0.000168926
HLA-DRB1,-0.415381045,0.000512885
SBF2,-0.415440102,0.002142805
CWC22,-0.415640848,0.000532358
ZNF362,-0.415859133,0.000709783
RICTOR,-0.416062971,0.00016222
FBXO42,-0.416125603,0.001722663
PIK3CA,-0.416573119,0.000218712
CUX1,-0.416992737,0.000378263
ELMOD1,-0.41701641,0.000158281
GNL3,-0.417066286,0.005493045
PDZD2,-0.417318758,0.00058226
DENR,-0.417702696,0.000363711
CSRP2,-0.417808298,0.001932781
DDX17,-0.417885649,0.000569529
ATP5MG,-0.417903993,0.000455816
RMND1,-0.418028902,0.000244494
FNBP1,-0.418688256,0.000139407
SNRPD1,-0.418854549,0.000615238
TMEM63B,-0.418904219,0.000944064
SLFN5,-0.418916517,0.001159736
RTN4,-0.419053112,0.006560434
USP16,-0.419065108,0.005768744
MTX1,-0.419175592,0.005128282
PLBD1,-0.4191958,0.000497042
TPRG1L,-0.419962394,0.003072614
EXOC6,-0.420053601,0.000881631
FUT8,-0.420104043,0.000999542
TOGARAM1,-0.420113228,6.46E-06
MAPKBP1,-0.42019005,0.000872569
MAGI1,-0.420953242,0.000256094
ZFYVE21,-0.421017802,0.000950687
SRSF2;SRSF8,-0.421048668,0.001759047
DHX16,-0.421102745,0.000441507
TMA16,-0.421107046,0.008107857
EXPH5,-0.421210565,0.000286351
UTP11,-0.421258768,0.00023559
CLDN1,-0.421283295,0.001170165
KRT2,-0.421359657,0.000139407
SCAF1,-0.421384876,0.000542533
DSG1,-0.421826285,0.000164297
SUN2,-0.421901174,0.000512299
POU2F3,-0.422050352,0.00021841
SNX29,-0.422062681,0.008589378
MAK16,-0.422105369,0.000781866
RPL9P9,-0.422441587,0.000801255
NDUFS7,-0.422531395,0.009600468
KRT27,-0.42267462,0.016260616
U2SURP,-0.422710843,0.014800676
CRNKL1,-0.422960563,0.001027913
SPTBN2,-0.423032479,0.00019813
SUGP1,-0.423095648,0.001265664
TRA2A,-0.423134294,0.00103981
MTX2,-0.423199876,0.001286249
NRF1,-0.42338705,0.000904461
RPL29,-0.423479133,0.000582289
SLC25A10,-0.423520303,5.64E-05
NMNAT1,-0.42353283,0.004409309
FHOD1,-0.42414668,0.000419956
TRIM4,-0.424159247,0.000282136
DDX41,-0.424380539,7.09E-05
RBM47,-0.424390498,0.000450436
CLN6,-0.424598749,0.000241505
ZMYND11,-0.424622677,0.000231036
DDX49,-0.424958945,0.003846488
DNMT1,-0.425026434,0.00103037
CSNK1G3,-0.425028231,0.000136176
ATP6V0A2,-0.425251676,0.007253559
C8orf82,-0.425365892,0.000935449
FRYL,-0.425366773,0.003320336
ESYT2,-0.425458422,0.00021891
MFN2,-0.425467253,0.000564607
ITIH5,-0.4255463,0.001183271
USP12,-0.425696878,0.000954928
PUM1,-0.425982953,0.000505681
TOR1AIP1,-0.425996286,0.000932113
NAA20,-0.42607227,0.003050747
ARHGAP32,-0.426146251,0.000193525
GFAP,-0.426238365,0.000667961
BGN,-0.42626935,0.005491733
SIN3A,-0.426302481,0.013778577
TMEM205,-0.426505699,0.000244494
DNTTIP1,-0.426548081,4.95E-05
GCA,-0.426556289,0.025813958
NOB1,-0.426615158,0.003537215
GSE1,-0.426675182,0.000870632
CYP2W1,-0.426766728,0.000484798
ANO10,-0.426881428,0.000246519
PIP4K2B,-0.426883043,0.002252756
JAK1,-0.427030316,0.013360885
OAS2,-0.427081554,0.002122391
PDS5B,-0.427131928,0.002324929
EDC3,-0.427633874,0.007782516
DNMBP,-0.427686657,0.000387832
KRT78,-0.427732268,0.000199069
HMG20A,-0.427782833,0.010161882
RPL7A,-0.427815694,0.000476141
IDH3A,-0.427890516,0.003026111
MEAF6,-0.428007177,0.001533713
API5,-0.428112468,0.012662524
ALOX12B,-0.428186726,0.000598703
BBS7,-0.428212455,0.000881241
BRD1,-0.428291962,0.06540159
WNK2,-0.428309574,0.001132638
FAF2,-0.42858362,0.007557866
PATJ,-0.428658296,0.000179698
MTA3,-0.428707395,0.000333414
AKAP9,-0.428780369,0.000487271
RCC2,-0.429067128,6.66E-05
KRT17,-0.429605219,0.017929584
PLEKHG5,-0.42978473,0.000707435
NOL7,-0.429810796,0.001616436
RAVER2,-0.430080753,0.000484798
G3BP2,-0.430082114,7.09E-05
FMR1,-0.430327108,0.00134258
CAMSAP3,-0.430491232,0.002168481
NKPD1,-0.430691477,6.84E-05
NDUFC2,-0.430693935,0.000582289
CDK12,-0.430772279,6.03E-05
MPG,-0.430772555,0.000762395
HSD17B12,-0.431004648,0.00261958
NDUFB8,-0.431300678,0.003726969
SLC22A18,-0.431357928,0.001345227
SRSF3,-0.431359532,0.000156066
ERGIC3,-0.431360008,0.001424505
PKP3,-0.431433638,7.50E-05
TMEM68,-0.431615855,0.000154008
EDF1,-0.431665084,0.000154008
BCL11B,-0.432027907,0.000415391
TMEM256,-0.43241019,0.021844084
ANKRD22,-0.432427351,0.000335905
KLK14,-0.43271889,0.003011078
CTNNA2,-0.432779228,0.000990264
SUPT16H,-0.432822221,0.024786806
RPS6KB2,-0.433162443,0.000211046
ATG2A,-0.433292837,0.007317316
TRRAP,-0.433403389,0.000307165
DPAGT1,-0.433477538,0.000937059
UTP25,-0.433610338,0.000168491
DNM3,-0.4337656,0.034751539
KRT6A,-0.434079982,0.021941192
RPRD1A,-0.434241918,0.002504963
ARHGAP35,-0.434526253,0.000788567
DCUN1D5,-0.434653093,0.002332168
PLCH2,-0.434823101,0.013872958
RPL30,-0.435218416,0.003280437
G3BP1,-0.435639014,5.21E-05
JUP,-0.435715831,0.000118441
ARID1A,-0.435936831,0.001780353
KRT9,-0.435965129,0.000855797
SMARCA2,-0.436040068,0.054289827
AGK,-0.436219501,0.000117661
SETX,-0.436284163,0.000478621
ACSS2,-0.436604328,0.01013419
SLC39A10,-0.436796054,0.000702675
COBL,-0.436811487,0.00030362
LPCAT3,-0.436883299,0.000379985
TCOF1,-0.436920294,0.006077983
ASB6,-0.437011743,0.003016879
KRT18,-0.437053367,0.001427931
SRSF10,-0.437765715,0.000193525
BAZ2B,-0.438175831,0.000359105
TTC7A,-0.43824988,0.002228719
RBM42,-0.438361881,0.001503532
ERMP1,-0.438383223,0.001043341
KLF5,-0.438464681,0.000106772
DTNBP1,-0.438468922,0.013575332
MCM3AP,-0.438694067,0.000872569
FAM83G,-0.438789139,0.008390429
SHB,-0.438880193,8.19E-05
NIPAL4,-0.438936707,0.001602032
MSH2,-0.439369775,0.002204847
SENP3,-0.439713617,0.00073843
ABHD17B,-0.439741311,4.58E-05
GOSR2,-0.439960899,0.000341816
RPL23A,-0.4400814,0.000671211
RAB11FIP1,-0.44021001,0.000910215
NOP53,-0.440534799,7.29E-05
SLBP,-0.440611965,0.000409038
UBAC2,-0.441072756,0.000117661
USP8,-0.44123857,0.000323963
POLDIP3,-0.441282502,0.025255878
SF3B4,-0.441346476,0.000730101
FAM32A,-0.441397174,0.00134546
SRPK1,-0.441557338,4.24E-05
NAA16,-0.441671381,0.01966383
TFAP2A,-0.441821986,0.000247762
KRT19,-0.441835064,0.012336388
COL28A1,-0.441921433,0.000598882
PNPLA6,-0.441987139,7.83E-05
CPSF7,-0.442061997,0.000359085
POLR3C,-0.442144412,0.000118441
MRPS34,-0.442250804,0.016043233
LAMC2,-0.442260129,0.003497393
KDM3B,-0.442441826,0.002867882
YARS2,-0.443174452,7.83E-05
AGO4,-0.443347064,0.002907228
PEX16,-0.44368349,0.000350329
THEM6,-0.443689963,0.0007735
RPL8,-0.443797705,0.000283455
RPL13,-0.44381492,0.001095585
CRYBG2,-0.443910768,0.000715112
BAZ2A,-0.444192824,0.001024361
ZNF750,-0.444305781,0.000578867
MRRF,-0.444820167,0.000524439
TMEM126A,-0.444872052,0.001901888
EEF1AKNMT,-0.445154379,0.000761273
DGAT2,-0.445365941,0.000154008
INTS11,-0.445523692,0.003171543
CDS1,-0.446025911,0.000155364
RPL10,-0.44621829,0.000481085
RREB1,-0.446313361,0.000729966
DAPK3,-0.446334425,0.000514028
COX7A1,-0.446411173,0.003023405
SNRPB;SNRPN,-0.446423517,0.000383453
EPB41L4B,-0.44648576,0.000263799
VPS33A,-0.446623563,0.010795853
MCAT,-0.446683889,0.001024948
MMAA,-0.446895273,0.000606782
RXRA,-0.447001313,0.005226386
PDK1,-0.447023875,0.001976009
SPG11,-0.447172179,0.000233582
SMARCE1,-0.447197271,0.010144822
ERBB3,-0.447231462,0.000413819
WLS,-0.447351793,0.017011488
INTS3,-0.447396458,0.002112626
FIBP,-0.447468917,0.002508969
NAB2,-0.447602166,0.00134258
PUM2,-0.447696315,0.002448804
PI4KA,-0.448271835,0.00076267
RNPS1,-0.448651989,3.57E-05
METAP2,-0.44883756,0.001752341
MED17,-0.448892976,0.000381254
JAGN1,-0.448899704,0.002128477
KCT2,-0.44891296,0.00177578
EIF4G3,-0.448951566,0.010405364
LMNB1,-0.449005708,0.000121747
AP5Z1,-0.449029165,0.000344938
EP300,-0.44920605,0.000238837
C17orf75,-0.449423918,0.005956261
NR2C1,-0.449519288,0.000412715
FKBP11,-0.449903931,0.002177601
SLC39A2,-0.449922727,0.00295524
TMCO1,-0.449974232,0.001465248
NOP2,-0.450052109,5.02E-05
GTF3C3,-0.450063082,0.000476141
STX19,-0.45026224,0.003670841
TRIM26,-0.450481206,0.000916154
STT3A,-0.450591581,0.006546692
PRPF38A,-0.450682251,0.000209195
TFIP11,-0.450767248,0.000117661
HSDL1,-0.451477078,0.000477191
USP54,-0.451494482,0.000359085
KRT5,-0.451624688,0.000543607
SNTB1,-0.451742515,0.005532709
TNS4,-0.4520203,7.40E-05
PISD,-0.452023833,0.000149934
FAM8A1,-0.452474824,0.00048212
SMC3,-0.452511466,0.007597743
MED14,-0.452721671,0.000218712
TAOK3,-0.452858309,0.001231734
ALG3,-0.45291252,0.000865379
NELFCD,-0.452969997,0.00026916
DYM,-0.452976606,0.002047379
INPP5K,-0.453088856,0.004670555
AADACL2,-0.453140208,0.00065547
TMTC3,-0.45321964,0.002230105
SOWAHC,-0.453765337,0.002095282
DLG5,-0.454800451,0.000406328
CCDC186,-0.45488514,0.00067436
ATP13A1,-0.454902,0.000580532
SNRNP70,-0.455175406,0.001467041
FBL,-0.455304043,8.26E-05
TMEM109,-0.455372358,0.002446241
AAAS,-0.455421242,0.014690313
TUBGCP2,-0.455521474,2.58E-05
CMAS,-0.455523682,0.000834217
BCS1L,-0.45557804,0.000332179
KRT8,-0.455778568,0.002116228
BUB3,-0.456068427,0.00012044
ARMH3,-0.456130696,0.003256175
DDX56,-0.456275511,4.75E-05
PRPF4,-0.456428789,0.00402589
WAPL,-0.456436414,0.001535254
GLYR1,-0.45645268,0.001410895
DHX37,-0.456676279,0.00030363
VPS13A,-0.456829272,0.000107626
TBL2,-0.457043967,0.000122589
UQCR11,-0.457355814,0.004182171
RBM12B,-0.457631425,0.000210123
MAPRE3,-0.457979371,0.002767668
MAGI2,-0.458021229,0.003269345
SLC28A3,-0.458192759,0.001653659
GRIPAP1,-0.458300786,0.004393552
PIH1D1,-0.458317529,0.000283455
PDIA5,-0.458342112,0.0010735
UNG,-0.458450527,0.000118441
TRIP11,-0.458521443,0.000154008
SF3B5,-0.458874718,0.007083677
MTMR3,-0.459195758,5.03E-05
VRK1,-0.459419878,0.000568904
ANAPC10,-0.459778706,5.20E-05
RPL15,-0.459837258,0.000385633
DNAJC2,-0.460170796,0.000245706
FUNDC2,-0.460572758,0.000865876
SETD1A,-0.460580139,0.002058301
TMEM41B,-0.460677415,0.003127403
NDUFB4,-0.460814922,0.011335941
SDR9C7,-0.461089814,0.000346502
MACF1,-0.461204218,0.00077907
KRT33B,-0.461274668,0.005175244
FEN1,-0.461819926,0.000283455
RPL35,-0.462040517,0.003452543
BYSL,-0.462125612,0.001715059
EPPK1,-0.462170452,7.33E-05
SCFD2,-0.462573642,0.000170753
MAP4K4,-0.462826379,2.47E-05
PCIF1,-0.463595256,0.000468931
PBRM1,-0.463597777,7.89E-05
CARS2,-0.463682532,0.000889706
BNIP3;BNIP3L,-0.463722628,0.000562883
SPECC1L,-0.464194469,6.30E-05
FOCAD,-0.4643044,1.64E-05
UTP14A,-0.464416819,0.000481085
TAP2,-0.464528354,0.000204775
SMARCD1,-0.464791106,8.74E-05
STX16,-0.464922546,0.000153347
PIEZO1,-0.464962959,0.000211011
SOS1,-0.465253671,0.000148815
MYO19,-0.465520348,0.000170069
BOP1,-0.465686897,0.000211121
RPL7L1,-0.465747895,0.003697559
PRPF4B,-0.465788178,0.000299043
FNBP4,-0.465985998,0.00105966
KLK11,-0.466110671,0.001005102
IDUA,-0.466228034,0.00077907
C6orf132,-0.466299676,0.005265974
DEK,-0.466401245,0.012148388
DCAF1,-0.466423337,0.001662222
CDIPT,-0.466682206,0.000419956
KHDRBS1,-0.466910188,0.000237122
CDK11B,-0.4669539,0.002983352
TIMM21,-0.467009248,0.002990704
TCERG1,-0.467295051,0.001715059
NF2,-0.46731309,0.002456132
NOL10,-0.467457177,0.000192426
CCNK,-0.467559544,0.000587503
NCBP1,-0.468015165,0.000628018
HEATR5B,-0.468106683,0.000343386
MT-CO3,-0.46821547,0.000540791
SEC11A,-0.46830071,0.000521148
TAOK2,-0.46869543,0.00015014
TAF6,-0.468742681,0.000153347
DAD1,-0.468799816,0.004340661
VPS16,-0.468820286,0.000154008
RETSAT,-0.46890922,0.001377063
MICU1,-0.469148976,0.000385633
KRT73,-0.469191774,0.000785964
EEPD1,-0.469194198,0.001206275
TRIM56,-0.469441827,0.000171849
TIMM13,-0.469780635,9.67E-05
SLC27A5,-0.469824082,0.000178346
PUM3,-0.469840158,6.30E-05
ATRX,-0.469960954,0.000122942
RPL34,-0.470252205,0.012128635
SCO2,-0.470369405,0.00023559
H2AZ2,-0.470839692,0.000146022
ALG12,-0.470906993,0.000721494
TNC,-0.471010103,0.000808186
SBF1,-0.471180724,0.000154157
DERL1,-0.471234626,0.010723397
ETV6,-0.47136653,0.000856072
UTP4,-0.471393976,0.000219696
AUH,-0.471833949,0.000438576
NUP160,-0.471953082,0.005295938
KRT74,-0.472080659,0.006382119
TRIR,-0.472249967,0.000193525
CGN,-0.472427025,7.29E-05
RETREG2,-0.472692326,0.000142846
SF3A2,-0.472694997,0.001301061
DHX29,-0.472709131,0.019517232
TP63,-0.472908951,0.009091702
MMTAG2,-0.473012006,0.000277948
LEMD3,-0.473604327,0.000350105
DHRS3,-0.473714503,0.000154008
NGEF,-0.473721215,0.004559153
CYP20A1,-0.473863818,0.000465023
PLLP,-0.47415416,0.004554195
GNL3L,-0.474166425,0.000621431
SAMM50,-0.474206815,0.00619955
THYN1,-0.474219085,0.002900113
YY1,-0.474375319,0.000364064
RBM27,-0.474429134,0.002746453
CCDC90B,-0.474700478,0.000175502
TRAF3IP2,-0.475146406,0.000239497
DHX8,-0.4752993,0.00012044
KRT23,-0.475973926,0.002600634
SYNE3,-0.475997715,0.000136633
NOLC1,-0.476251521,0.000348013
DKC1,-0.476273843,0.000245965
RAD50,-0.476394334,0.005391398
KRT19,-0.476629823,0.001869678
SRP68,-0.47687024,0.002918991
MYO18A,-0.476887559,0.000491698
KIAA1671,-0.476935026,7.09E-05
SCYL1,-0.477200335,0.000262745
CISD2,-0.477341805,0.000273395
HM13,-0.47736607,0.001693456
RPS11,-0.477734359,0.01154104
EXOC5,-0.47822992,0.003805264
NDUFB1,-0.478382252,0.00082157
LEMD2,-0.478943872,0.001505185
ARHGEF37,-0.479357186,0.000730101
MAPK13,-0.479670566,1.64E-05
SDCBP2,-0.479819636,0.005414207
ALG8,-0.47982405,0.003054862
NDUFB5,-0.47989093,0.007463636
MT-ATP8,-0.480017553,0.002204847
SNRPD3,-0.480027559,0.004474765
RPL38,-0.480202742,0.001204882
NPM1,-0.480565459,0.011994554
DDX18,-0.480703306,0.00171929
CDYL,-0.480710895,0.000135512
DST,-0.481116639,0.005907248
B4GALT4,-0.481343225,0.00021841
COMTD1,-0.481375629,0.000974421
KLK5,-0.481548202,0.002694097
DHX38,-0.481613721,2.76E-05
LIPN,-0.481639342,0.006262059
NAA35,-0.48202458,0.000215656
SEC61A1,-0.482256163,0.001560171
MORC3,-0.482351529,0.003472475
PNN,-0.48273739,7.09E-05
SNRNP40,-0.483538302,0.001406829
DOCK6,-0.483853575,0.000170069
TM7SF2,-0.484381468,0.000146273
GTF3C2,-0.484470802,0.0002174
LRCH1,-0.484523434,0.000220595
ELN,-0.484916417,0.000154008
RFC5,-0.484993264,0.000359742
KRT16,-0.485171611,0.020290951
KRT24,-0.485533268,0.000360668
HAX1,-0.485554851,3.57E-05
SQLE,-0.485616208,0.000110174
SLC35F2,-0.485725752,0.000568423
BZW2,-0.485990504,0.000233922
SART1,-0.486029491,0.000377195
TFAM,-0.486520561,7.09E-05
HSD11B2,-0.486616806,0.000505681
CYP39A1,-0.486801336,0.000144551
SAFB,-0.488085625,0.00261161
LRRC8A,-0.488153018,0.005940618
EXOC4,-0.488354944,0.000309139
MPDU1,-0.488406454,0.000148815
TIMP3,-0.488561446,0.00190045
THAP11,-0.488822715,0.000590783
RPL19,-0.489118874,0.001582428
RBM28,-0.48923359,0.007468988
CPSF6,-0.489319923,0.002727466
SURF1,-0.489459483,0.003649549
DRG1,-0.489914462,0.000628018
NOP58,-0.489973265,0.000629743
STAG1,-0.490397682,7.98E-05
PADI1,-0.490550914,0.000990264
RPS27,-0.490553129,0.004736902
CENPB,-0.491051367,7.09E-05
ZBTB2,-0.491271459,0.000137544
MROH1,-0.49131399,0.012225462
FRG1,-0.491398814,0.000672185
PLPP6,-0.491429844,0.001863923
KRT76,-0.491544487,0.000154008
PCM1,-0.491691642,0.000118441
ZNF770,-0.492330636,0.000200611
KRT77,-0.492451309,0.000193751
BRIX1,-0.49305008,9.09E-05
LYZ,-0.493091922,0.026701424
DOCK7,-0.493132871,0.000963034
PARP12,-0.49453871,0.000359146
KRT84,-0.49501593,0.001310735
NCKIPSD,-0.495137314,0.001024948
SNW1,-0.495257783,0.001357202
SEL1L,-0.495304087,0.000749883
TAP2,-0.496538263,0.000259173
DHX57,-0.496888716,0.000158679
CNOT10,-0.497284279,0.000350329
IFFO2,-0.497332878,6.84E-05
MTMR11,-0.497799266,0.000588264
CMTR1,-0.497867457,0.000653186
STX5,-0.498326196,0.001859974
CRAT,-0.498364623,0.002352047
RPL18A,-0.49849826,0.000855832
TRIM2,-0.498525556,0.005059105
VIPAS39,-0.49874577,0.000167418
PGAP1,-0.499212638,0.000285713
EXOSC10,-0.499598115,0.000156414
SCYL2,-0.499803784,0.000122942
CAPN7,-0.499835934,0.000220595
RPL37A,-0.499904734,0.000265601
PTPN2,-0.499981132,7.45E-05
NUP98,-0.500255681,0.001752341
ERLIN1,-0.50027246,0.000395314
SLC35E1,-0.500677653,0.00103981
NDUFS4,-0.500723295,0.000218351
LNPK,-0.500898945,0.003202427
H1-1,-0.501040965,0.000371317
AMOTL1,-0.501106486,0.000405344
RPF2,-0.501189258,0.000890659
RBM34,-0.501392282,0.000110174
ABHD6,-0.50156183,0.002224083
FAM83B,-0.501574334,0.001230682
UPF3B,-0.501893424,5.20E-05
CASZ1,-0.502075659,0.002888649
EVPL,-0.502828666,0.000148815
ALG6,-0.502870366,0.000721494
ESYT3,-0.503306556,0.000497042
RECQL,-0.503448963,0.000299043
ZBTB7B,-0.503524285,0.002148105
CHUK,-0.503863686,0.001418531
ABHD12B,-0.504225193,0.001620839
NOL9,-0.5043796,0.000189801
DIPK2A,-0.504735841,0.000441507
YIPF5,-0.504779027,0.002640893
CHERP,-0.504821782,5.20E-05
XRCC1,-0.505008553,0.000733503
NOL6,-0.505069866,0.000659842
CSTF3,-0.50511549,0.003295733
DAPL1,-0.50560427,0.000941103
GRAMD2B,-0.505730016,0.000192426
TMEM19,-0.505960475,0.000136633
RPL32,-0.506213162,0.003263005
THOC2,-0.506214856,0.000191107
CXCL14,-0.506584056,0.003764456
C11orf98,-0.50843757,0.000318268
EIF2A,-0.508899955,0.001175387
MT-ND5,-0.509715623,0.000771688
MGST1,-0.5107287,0.0079364
PCNT,-0.510777503,0.000154008
TRIM33,-0.511252735,9.09E-05
ANO8,-0.511292043,0.001040358
FAM83C,-0.511309637,0.000363711
MACROD1,-0.511713693,0.00042427
ADNP,-0.511739067,9.09E-05
MBD2,-0.511739922,0.000579366
IK,-0.511871389,0.000715347
VPS45,-0.51193907,0.004791707
ARHGEF5,-0.512306305,0.001976009
RPL18,-0.512920389,0.006850531
CHD8,-0.513477633,0.00099391
WIPF2,-0.514463564,0.000628018
BCAP29,-0.514664947,0.000263655
YIPF4,-0.515053316,0.000184067
GTF3C1,-0.515113589,0.006853354
NMNAT3,-0.515422288,0.000304941
GNL2,-0.515481578,0.000192426
RRP1B,-0.5155015,0.000176943
RPL13A,-0.51587526,0.005764082
NFIB,-0.51628225,0.002016998
EXOC1,-0.517107095,0.000154008
PRKDC,-0.517141227,5.64E-05
CFAP43,-0.517613947,0.001030598
SCEL,-0.517887755,0.001161025
SRSF7,-0.51803732,0.004714253
EIF4G2,-0.518871943,0.002526232
MAST4,-0.51948898,0.000274178
KRT86,-0.520012427,0.003552213
ITPRIP,-0.520070639,0.001021844
RPL11,-0.520331587,0.000762695
SYMPK,-0.520633269,0.000193612
TEX10,-0.521277109,0.000283455
TOMM22,-0.521830429,0.000147176
LCLAT1,-0.522449765,0.000369323
HELB,-0.52268958,0.009572887
TRAM1,-0.52291644,0.004459128
SMC1A,-0.523084119,1.40E-05
MSMO1,-0.523310166,0.002148105
SLC66A2,-0.523976709,0.000184067
SNRPG;SNRPGP15,-0.524003526,0.003499804
DDX27,-0.524006053,0.000156414
MPHOSPH10,-0.524014561,0.000350105
EXOC3,-0.524198373,0.000628018
LAS1L,-0.524225626,0.000140227
MYO5B,-0.524808785,0.000702675
PTPN3,-0.525347972,3.72E-05
TRIM3,-0.525568097,0.000183732
SMARCD2,-0.525640305,0.000329758
VSIG8,-0.525641311,0.001780353
DIP2A,-0.525855199,0.001206275
CHD2,-0.526148659,7.83E-05
PXMP4,-0.527432863,0.001140425
RPS15,-0.52754337,0.01015978
WDR46,-0.527997802,0.000271919
NUP153,-0.528253053,0.000145499
QSOX2,-0.528510125,0.006843871
RBM22,-0.52867867,0.00012212
FKBP15,-0.528778712,0.000197602
ODR4,-0.529159384,1.64E-05
PDCD11,-0.529360096,0.000473145
PIGK,-0.529804269,0.000146273
CES4A,-0.530562452,0.004574904
ITPR2,-0.53087126,0.000104563
USP39,-0.531480156,3.57E-05
ZNF385A,-0.531615759,0.000107626
KRT6B,-0.531763675,0.008647189
VPS50,-0.531986801,0.000216821
RPS27L,-0.532410706,0.006696896
HEATR1,-0.532858114,0.000367433
SLC35A3,-0.532876713,0.000824352
SMCHD1,-0.532914216,7.83E-06
KRT79,-0.533882985,0.012622832
VMA21,-0.534771203,0.000173993
TAP1,-0.53520899,0.001345227
CCAR1,-0.535357659,0.004864118
KRT15,-0.535411669,0.001098584
SMPD4,-0.535986692,0.000126985
PIGT,-0.536584042,6.30E-05
KRT80,-0.536902743,0.000286351
AHCTF1,-0.537052552,0.001479284
SMC2,-0.537522237,0.000154157
YTHDC1,-0.537591329,0.001661443
IMP3,-0.538069348,9.09E-05
PSPC1,-0.538237178,0.000174345
RPL31,-0.538347782,0.000231036
MT-ND1,-0.538456005,0.001356493
TMPO,-0.538910439,0.000340102
ACP7,-0.539088618,0.000216821
CEBPZ,-0.539572789,9.09E-05
VPS33B,-0.539687475,0.000329758
LITAF,-0.539718342,6.30E-05
H1-5,-0.540761078,7.68E-06
RAD21,-0.541593179,7.83E-05
ITPR3,-0.541980981,0.003129474
STS,-0.542022014,0.000687775
KAT7,-0.542944067,0.000375705
RCL1,-0.543067504,0.000119156
TUT7,-0.544130415,0.000388693
SPAST,-0.544235931,6.43E-05
UTP15,-0.546326619,0.000256094
INTS5,-0.546547335,0.000935449
SURF4,-0.547769626,0.000659452
GTF2I,-0.548522314,0.000642899
UBAP2,-0.548725324,2.34E-05
WDR43,-0.548966737,0.000122942
PELP1,-0.549153082,0.000465269
KRT36,-0.549348801,0.006938534
DNTTIP2,-0.549922794,7.74E-05
HPS6,-0.550174357,0.001295572
RPL28,-0.550175247,0.000973101
PRPF38B,-0.550188801,0.000143531
UBTF,-0.550898163,0.000910068
MRE11,-0.551813728,0.000725997
MTCH1,-0.552655904,0.007335671
DDX47,-0.55281063,0.000172781
MACROH2A1,-0.553288544,0.000122942
MT-ND4,-0.554724842,0.00066889
THOC5,-0.555924332,0.001204882
TGFBRAP1,-0.556363348,0.005646709
DDX24,-0.556713192,0.000137512
TASOR2,-0.55689247,0.000225261
HRNR,-0.557247832,0.00090561
GRHL2,-0.558836518,0.000395314
RPL36,-0.558884679,0.001713526
MINK1,-0.559078789,0.034737915
RRP12,-0.559587181,9.09E-05
AATF,-0.560043756,0.000142427
KRT13,-0.560322094,0.000149699
AGO2,-0.560746406,0.00055543
SLC25A10,-0.561953408,0.000262745
ELOVL1,-0.562960704,0.000351409
SNRPD2,-0.564837297,0.000262745
ZBTB38,-0.565730236,0.001074654
NOC4L,-0.567173549,9.80E-05
KRT31,-0.568099071,0.012150713
AUP1,-0.570183921,0.000192521
OCIAD2,-0.571111143,0.000221284
CTR9,-0.57118882,0.000808825
RBM25,-0.572641976,0.003486162
TTC7B,-0.572661967,0.00056004
TRIM29,-0.574049503,0.000994511
PWP2,-0.574397691,8.74E-05
POF1B,-0.575428122,0.000346502
KRT71,-0.575501017,0.017660219
HNRNPLL,-0.576164399,0.00556648
DERPC,-0.578601251,0.001713543
PTDSS1,-0.580434381,0.000395314
PKP1,-0.580961911,0.000124848
CWH43,-0.582880133,7.09E-05
CXCL12,-0.583425886,0.001367048
WEE1,-0.583852643,0.000256094
ACOT13,-0.584133015,0.000410984
TMEM214,-0.584365216,0.000154008
DDX46,-0.586387963,0.000935449
UGT3A2,-0.586520134,0.001885862
H2AC21,-0.587544692,0.00058226
RSL1D1,-0.587641039,0.000404905
ATP5MF,-0.587893569,0.00481544
LIG3,-0.588898042,0.000273901
NOC3L,-0.589297782,0.000170069
FAM83H,-0.589456851,0.001655248
H1-10,-0.589929467,0.000655446
NAT10,-0.591404294,0.000117661
TTC14,-0.592269794,0.001123411
COL6A3,-0.593129831,0.002101752
ZEB2,-0.593817227,8.33E-05
XPC,-0.594047834,9.94E-05
TRMU,-0.595267685,0.002149445
COL4A2,-0.596937967,0.003518793
IER3IP1,-0.598524085,8.72E-06
CLN8,-0.598806847,0.000259207
EI24,-0.598932241,0.000301209
KRT83,-0.599589199,0.000670394
PHLDA3,-0.601132081,0.00459351
SSRP1,-0.602818238,5.01E-05
CELF1,-0.605808417,0.000238027
MED12,-0.606202482,0.000192426
SRPX,-0.606316015,0.001130758
GTPBP4,-0.607417446,0.000126985
RCC1,-0.60761423,0.000595972
SCAF8,-0.609420076,1.64E-05
BCLAF1,-0.609489313,0.000691475
ERCC3,-0.610390445,0.000484798
CNOT9,-0.612721288,0.000146273
NAA25,-0.613250863,6.03E-05
FAM98A,-0.615268111,7.45E-05
NOP56,-0.618668068,0.001049613
CEPT1,-0.626086709,0.000154157
EBNA1BP2,-0.626492512,0.00164817
MAP7D1,-0.628618907,0.000117661
RPL35A,-0.629778413,0.000297082
VPS53,-0.631886839,0.000149335
SMARCC2,-0.632424238,0.000154008
VPS52,-0.635272153,0.000231036
ZMIZ2,-0.636520388,2.47E-05
NBAS,-0.640895592,9.14E-05
MYBBP1A,-0.643312491,0.000122589
HAUS6,-0.648701134,0.001887458
LMNA,-0.65213685,0.000404961
PPIG,-0.652922511,4.24E-05
COL18A1,-0.653784965,2.37E-05
AGFG2,-0.654968294,4.05E-05
EMC3,-0.659044575,6.68E-05
TOP1,-0.65937244,5.68E-05
DDB2,-0.664147342,0.000117661
PIN4,-0.666359142,0.000395313
DDX23,-0.684552214,5.03E-05
KRT85,-0.689433189,0.004375071
PDS5A,-0.691295029,6.46E-05
MACROH2A2,-0.703437655,7.40E-05
PLCXD1,-0.704407966,0.000855314
SYVN1,-0.711309874,4.00E-05
TOP2B,-0.715188267,1.64E-05
KPRP,-0.721805927,0.000687071
TMEM167A,-0.723940831,0.000642899
H3-2,-0.726049743,0.000994511
KLK13,-0.735877934,0.000358166
H1-0,-0.739050775,0.000263655
KRT13,-0.81494221,0.000370136
XP32,-0.829097899,9.57E-05
