Genes,log2FC(S2/P1),q value
LMNA,-4.926046913,6.77389E-06
MB,4.895731091,3.79257E-05
PGK1,2.500054276,3.79257E-05
FASN,2.316132779,3.79257E-05
NME2,4.106374842,3.79257E-05
ATP5PB,-3.350958019,3.79257E-05
CHCHD3,-2.738896533,3.79257E-05
IL1RN,3.769728231,3.85475E-05
FKBP1A,3.135223203,3.85475E-05
RPL5,-3.29010593,3.85475E-05
CSTA,3.329719712,3.85475E-05
UBE2K,2.563853712,3.85475E-05
FABP5,4.462229163,3.85475E-05
ECHS1,-3.131342376,3.85475E-05
PTBP3,-2.454835481,3.85475E-05
ATAD3,-2.548772404,3.85475E-05
TNXB,-2.115655084,3.8701E-05
UTRN,-1.748459594,3.8701E-05
PMM1,1.412502208,3.8701E-05
IKBKG,-1.829020241,3.8701E-05
GPI,3.292638757,3.8701E-05
LMNB1,-3.854177788,3.8701E-05
GSTM2,4.640152634,3.8701E-05
CA3,4.344618049,3.8701E-05
IMPDH2,2.127152061,3.8701E-05
ADH5,2.794260191,3.8701E-05
H1-4,-6.736599128,3.8701E-05
PPM1A,1.299756361,3.8701E-05
PSMA2,-2.233111536,3.8701E-05
IDI1,2.973248742,3.8701E-05
VBP1,1.993888361,3.8701E-05
PSMC6,1.048660763,3.8701E-05
PPP2CB,1.440402817,3.8701E-05
SERPINA6,2.905909165,3.8701E-05
NPEPPS,2.426536441,3.8701E-05
BCAP31,-2.387271851,3.8701E-05
CDK13,6.02161143,3.8701E-05
NOMO1,-3.960492305,3.8701E-05
PCP4L1,2.549707061,3.8701E-05
APOOL,-2.937152811,3.8701E-05
GVIN1,4.820229549,3.8701E-05
VPS26B,-4.154823885,3.8701E-05
SCAMP1,-1.497671037,3.8701E-05
NAE1,2.058946115,3.8701E-05
HRNR,-6.795388967,3.8701E-05
IMPA2,2.614127737,3.8701E-05
PPA2,1.703616428,3.8701E-05
USP14,1.696617931,3.8701E-05
PKM,2.735726046,3.94033E-05
H2BC8;H2BC9,-8.357461915,3.94033E-05
IMMT,-2.479673587,3.94033E-05
ACAT2,3.164581791,3.94033E-05
PABPN1,-1.89134374,3.94033E-05
HNRNPUL1,-1.537347723,3.94033E-05
MTCO2,-2.567131772,4.23316E-05
HSD17B8,-3.247203706,4.44979E-05
YWHAZ,1.882898711,4.44979E-05
HINT1,3.359857459,4.44979E-05
MIA3,-2.012683948,4.44979E-05
HMGCS1,2.541043591,4.44979E-05
CMBL,4.501829475,4.44979E-05
PTRH2,-1.870205182,4.44979E-05
FDPS,2.650648736,4.44979E-05
GPS1,2.562808448,4.44979E-05
UCHL3,2.966972959,4.44979E-05
NT5C,3.450090387,4.44979E-05
MAP7D1,-1.074375992,4.64731E-05
ADSS2,2.17467539,4.64731E-05
ADSL,2.383192346,4.64731E-05
ACTB;ACTG1,2.787789636,4.64731E-05
NLN,2.174376947,4.64731E-05
RPN1,-1.794471319,4.64731E-05
TALDO1,2.542998532,4.64731E-05
SELENOO,1.706490153,4.64731E-05
DST,-5.861842143,4.79287E-05
MPI,3.248521203,4.89951E-05
SYPL1,1.740920881,4.99615E-05
TOM1,1.412878715,4.99615E-05
FLG2,-3.242179958,4.99615E-05
FLOT2,-1.526343349,4.99615E-05
TPI1,3.107046307,5.22317E-05
RBMXL1,-3.353155231,5.22317E-05
TREX2,-3.544087481,5.22317E-05
NFIB,-1.552790805,5.25726E-05
HEBP2,2.672600251,5.25726E-05
CES2G,2.916146828,5.36718E-05
PRMT1,2.031557529,5.45941E-05
GAPDH,2.53094316,5.51817E-05
ADH7,3.311154398,5.68611E-05
RDH13,-2.403960278,5.75344E-05
ACO1,2.018848127,5.7902E-05
H1-5,-6.430755816,5.7902E-05
GBE1,3.052147239,5.86606E-05
COL6A3,-3.420694576,5.92915E-05
NEFL,-4.491590668,5.92915E-05
APOD,4.120750203,6.04011E-05
ARF4,2.931112101,6.04011E-05
G6PDX,2.574160919,6.04011E-05
KRT2,-5.701320265,6.04011E-05
ITGA6,-3.606707554,6.04011E-05
ALDH1A2,2.218005325,6.04011E-05
AFG3L2,-2.507712745,6.04011E-05
CRYL1,3.110430516,6.04011E-05
COL6A1,-1.701934153,6.11092E-05
CASP14,1.513757951,6.15112E-05
SULT1A1,2.346400359,6.15112E-05
CKAP4,-2.854625308,6.15112E-05
PRKAR1A,1.708817295,6.15112E-05
PAFAH1B2,5.325524396,6.20158E-05
ATIC,2.900716079,6.20158E-05
DHDH,2.710559313,6.20158E-05
H2AZ1;H2AZ2,-4.650721211,6.27061E-05
CP,3.730370137,6.27061E-05
TRNT1,1.470669351,6.27061E-05
SHMT1,2.637491658,6.33021E-05
ASL,2.373604848,6.33021E-05
RPL22L1,-4.198402035,6.33021E-05
ENO1,3.004507781,6.42294E-05
RPL34,-3.593183574,6.43831E-05
GMPS,1.15437796,6.45264E-05
RPS14,-3.50893625,6.48961E-05
TTR,2.8428793,6.57892E-05
HIP1R,-2.112854597,6.57892E-05
H2-Q10,3.009416018,6.77711E-05
GAMT,2.507574226,6.8314E-05
PRDX6,4.180068138,6.84273E-05
CMA1,-4.372872543,6.84273E-05
NEDD8,1.882106828,6.84273E-05
RAD23B,3.752822164,6.84273E-05
YWHAE,1.904972167,6.84273E-05
MAT2A,2.487621551,6.84273E-05
SLMAP,-1.502099021,6.84273E-05
SPTBN1,-1.969652967,6.84273E-05
PGM2,2.979444818,6.84273E-05
GSPT1,1.673884532,6.84273E-05
PSIP1,-2.528430899,6.84273E-05
KRT34,-4.276271123,6.84273E-05
RBP7,2.183998311,6.84273E-05
TRIM2,-2.456239436,6.84273E-05
RRBP1,-2.61272505,7.0188E-05
NT5C3B,1.394576928,7.08874E-05
LDHA,3.089182357,7.11259E-05
SOD2,2.133602465,7.11259E-05
H2AX,-5.732974619,7.11259E-05
PAFAH1B1,1.870868657,7.11259E-05
PHB1,-2.773112932,7.11259E-05
HSPG2,-3.017533675,7.11259E-05
TGM3,-1.825060509,7.11259E-05
TSN,3.46300783,7.11259E-05
GMDS,2.134776435,7.11259E-05
LIMA1,-1.502316688,7.11259E-05
PLEC,-2.455338574,7.11259E-05
SERPINH1,-1.976683484,7.17085E-05
PEA15,3.438183901,7.17085E-05
ALDH3A1,3.697719473,7.29268E-05
IPO5,2.291396324,7.36475E-05
PGD,3.359705621,7.37795E-05
COPS3,1.343287208,7.40248E-05
GSTM1,3.440923405,7.40248E-05
NUP85,4.482797272,7.47933E-05
OPLAH,2.066377752,7.56818E-05
AARS1,2.279226595,7.61454E-05
SCRN1,2.428006269,7.67625E-05
H1-2,-6.816883705,7.72759E-05
ADPRS,2.621136722,7.76196E-05
UBA1,2.028814158,7.81997E-05
UGT1A7,-2.216485901,7.81997E-05
SGPP1,-2.202590357,7.81997E-05
PREP,3.166031587,7.81997E-05
ME1,2.511369573,7.82677E-05
H1-0,-6.304774603,7.82677E-05
DNAJA1,-1.591558665,7.82677E-05
SPR,2.397670909,7.82677E-05
GALM,2.829333705,7.82677E-05
DSG1A,-2.572923494,7.92614E-05
CKB,3.368639211,7.96763E-05
PAPSS2,1.432997106,8.02771E-05
GPX4,-2.094534783,8.36325E-05
MARCKS,2.997541607,8.4475E-05
ELOB,1.576603735,8.4475E-05
IPO7,1.809759281,8.63637E-05
COL6A2,-3.445641379,8.6446E-05
HSPA4,2.164443915,8.6446E-05
PSMD2,1.720362556,8.6446E-05
MRPS5,3.106351487,8.6446E-05
SSBP1,-2.046367457,8.6446E-05
MDH1,2.862384404,8.68084E-05
CA13,3.699035836,8.68084E-05
PFN2,2.092889115,8.68084E-05
NUDT5,2.538903591,8.80342E-05
PMM2,2.675068968,8.80342E-05
S100A10,2.438452541,8.93095E-05
NDUFA13,-3.395516119,9.02213E-05
SF3A1,-2.480515252,9.10656E-05
EIF6,1.457541881,9.15278E-05
ESYT1,-1.478120716,9.15278E-05
DDX3X,-2.421749559,9.15278E-05
CALM4,4.117002766,9.15278E-05
FBL,-4.679209255,9.21417E-05
USP5,2.273401555,9.21417E-05
GM94,2.580804041,9.21417E-05
RALY,-3.895444429,9.21417E-05
PHB2,-1.948385316,9.22891E-05
VIM,-2.737583944,9.22891E-05
PPP2R2A,1.927200167,9.22891E-05
FYCO1,-3.927381286,9.22891E-05
RPS10,-3.562562961,9.26035E-05
IVL,2.193164394,9.37483E-05
ATP6V1D,1.040439408,9.37483E-05
HSP90B1,-1.043836159,9.49642E-05
LARP7,-2.371725897,9.49642E-05
NDRG2,2.2880445,9.51497E-05
PFDN2,2.209552755,9.57086E-05
KRT10,-4.937083962,9.57086E-05
PSMB1,-2.661297082,9.69317E-05
NEFM,-2.315952023,9.92152E-05
RBM22,-1.661481585,9.92152E-05
DOHH,2.99601303,9.92152E-05
JPT1,2.556677733,0.000100218
AKR1A1,2.683310979,0.000100637
PSMC1,0.73064477,0.000101796
PPP2R1A,1.428959132,0.000101796
DNM1L,0.691859766,0.000101796
GMPPA,1.967428752,0.000101796
RALB,2.453676379,0.000101796
RPS12,-4.127762632,0.000102048
PPIA,2.296978999,0.000104016
VMP1,-2.194700801,0.000104016
GDI1,2.440929231,0.000104361
PAPSS1,1.753053405,0.000104361
KNG1,2.506346979,0.000104977
SH3BGRL3,2.153053504,0.000104977
PSMD9,1.673351222,0.000106977
PDLIM4,-1.300528927,0.000109891
DCPS,2.72369775,0.000110506
SRPK1,-3.094234297,0.000112526
RPS6,-3.177380864,0.000112526
LOXL1,-2.592176585,0.000112526
PCYT2,1.522337895,0.000112526
PGM1,2.646897858,0.000112526
CRIP2,2.78026645,0.000112526
FLG,-2.393591412,0.00011306
SERPINB12,2.103752497,0.000114962
DPP3,2.473221664,0.00011547
CARS1,1.155905731,0.00011547
HSPB1,2.364463005,0.000116012
TOR1AIP1,-2.841463319,0.000116012
NENF,2.452353673,0.000116012
HNRNPU,-2.837423114,0.000119706
GSTA3,1.95468907,0.000119852
RPL23,-3.859311073,0.000120202
SPAG7,-1.262454571,0.000120202
ISOC1,2.835977923,0.000120202
PHPT1,2.677863376,0.000120202
PRPF19,-1.98445376,0.00012028
NUMA1,-2.186109133,0.000121697
CLIC4,2.102396354,0.000123689
ENSA,1.855289471,0.000123795
CRIP1,3.873556574,0.000123795
KRT9,-6.867022769,0.000123795
COASY,1.258922749,0.000123795
DSC1,-1.464840844,0.000123816
RPS19,-3.524897503,0.000123816
BET1,-2.47995107,0.000125129
CES1C,4.04947654,0.000125129
H3C11;H3C15,-7.105073607,0.000125129
KRT87,-3.462659682,0.000125129
SHTN1,1.244095237,0.000125129
AACS,1.366020563,0.000125129
HTRA1,-3.558191769,0.000125129
ENO3,3.213238917,0.000126817
BGN,-2.413919327,0.000126817
PDLIM7,-5.782431961,0.000126817
MYOF,-1.314382393,0.000126817
TXLNA,-2.571772607,0.000126817
NAMPT,1.723302196,0.000126817
GM5938,4.341069826,0.000127934
FLOT1,-1.594238468,0.000127934
SKIV2L,-2.610002305,0.000127934
RPS27L,-3.832013955,0.000127934
DYNLL2,1.145307822,0.000127934
UCHL1,2.875393668,0.000127934
NDUFB8,-2.943749778,0.000128066
CMPK2,1.08359872,0.000129193
AK1,3.511299401,0.000129193
LTA4H,2.867639223,0.000130596
BOLA1,1.939793891,0.000130596
HNRNPK,-2.752261807,0.000132335
HNRNPM,-2.187692346,0.000132641
HUWE1,1.04872918,0.000134786
ARF1,3.458592135,0.000134952
PGM3,2.302281438,0.000134952
LGALSL,2.816553833,0.000134972
SERPINA1A,4.62334201,0.000137873
APEX1,-1.868059892,0.000137873
MTAP,2.346277987,0.000137873
PRPSAP1,1.676566783,0.000137873
VARS2,-2.361239201,0.000139513
HIP1,-1.118983746,0.000139521
CAV1,-1.6900334,0.000140393
IRF3,0.918039611,0.000140393
SEC23IP,0.904292335,0.000140393
ATP5MK,-2.949586306,0.000140921
FUBP3,-2.15553748,0.000142171
PEBP1,4.516281673,0.000142171
LARP1,-2.069981567,0.000142171
ZMPSTE24,-1.830879385,0.000142171
HSPA12A,-2.0617735,0.000142171
ADH1,2.9680108,0.000142879
TJP2,-2.426662532,0.000143347
DECR1,-3.104399318,0.000143392
QKI,-1.290236183,0.00014387
MARCKSL1,1.240317058,0.000145075
ATP5PO,-2.24850757,0.000145075
PSMC4,1.519648553,0.000149377
FH,1.459176149,0.000149377
PRPH,-4.078684193,0.000149749
ESD,2.522004446,0.000149749
VAPA,-1.891196916,0.000149794
LUM,2.751250583,0.000153418
HADHA,-1.7371106,0.000153418
APOA4,2.360463672,0.00015844
CD109,1.61392533,0.00015844
DHRS1,-1.858471359,0.00015844
ADPRH,2.651936335,0.000158522
SH3BGRL,2.779049436,0.000158522
NME1,1.942948176,0.000159597
SF3B6,-3.326426351,0.000159675
PYGB,2.185641839,0.000159675
NDUFB5,-2.733394755,0.000159675
PYCARD,2.874785496,0.000159675
CFL2,2.166647655,0.00016155
KPNB1,0.865748955,0.00016155
GPD2,-1.763895778,0.00016155
SERPINA1D,3.281470575,0.0001634
STAT5B,1.917549065,0.000165029
PSMC3,0.798463371,0.000167945
MYH8,-5.919084964,0.000167945
MYO1B,-1.442941123,0.000167945
CAB39,1.41583305,0.000167945
ERO1A,3.282716149,0.000167945
RNH1,2.688729927,0.000167945
CRYZL1,1.025306312,0.000167945
PPP6C,1.777783345,0.000167945
TBCB,2.693579633,0.000167945
CMPK1,3.259910269,0.000167945
GDA,2.391558871,0.000167945
CHMP2A,-1.309343983,0.000167994
SETMAR,3.905207069,0.000168168
SEPTIN11,-1.326160474,0.000168168
CRYAB,2.12884928,0.000169508
MAPK14,2.616817164,0.000169508
AHCY,2.612583845,0.000169508
NHLRC2,1.576696069,0.000169508
UBA5,1.681112851,0.000169508
DNAJB11,-1.767251308,0.000169508
FABP4,3.629032525,0.000174271
AUP1,-2.352382752,0.000175335
CRAT,-2.025809138,0.000178434
FUS,-2.779101104,0.000178434
NRBP1,1.184690292,0.000178434
ARHGDIA,3.265815919,0.000178434
CZIB,2.416286037,0.000178914
MYH2,-5.367875581,0.000179737
COX7A2,-2.129750948,0.000179946
UBE2V1,1.391358238,0.000179946
TMX1,-2.050013737,0.000179953
NDUFB7,-1.922997543,0.000179953
TSNAX,1.415656811,0.000179953
ATP2A2,-1.380486594,0.000180092
PGAM2,3.018228182,0.000180092
CKM,3.125891435,0.000180092
SERPINC1,2.173458319,0.000180092
PURA,-1.968725445,0.000180092
VPS45,-2.494280748,0.000180092
NANS,2.643279006,0.000180092
PSMD13,0.919388372,0.000180092
GARS1,2.453932868,0.000180653
ATP6V1G1,2.717021724,0.000181356
2310050C09RIK,-3.478888069,0.000185938
GDI2,1.574271697,0.00018608
RDH14,-2.055034513,0.00018608
SAMM50,-1.649971275,0.000186257
ATL3,-0.885103705,0.000186403
TIMM44,-1.903177426,0.000187059
MBP,-3.368068265,0.000187059
MAP2,-0.705649912,0.000187059
H4C16,-4.860488836,0.000187059
CDK6,1.437693774,0.000187059
SLC25A12,-1.710820649,0.000187059
PTGR1,1.847906956,0.000187059
SNW1,-1.681760837,0.000187059
PPA1,3.508134085,0.000187059
ACIN1,-2.188361062,0.000187059
TOMM40,-3.209443453,0.000188014
GPD1,1.883023101,0.000188499
RPL30,-2.840210457,0.000190591
THOP1,2.565890076,0.000191475
DHFR,1.735420708,0.000192438
PGAM1,2.238121635,0.000193261
RHOA,2.47034748,0.000193651
RPL17,-3.805894283,0.000194017
SPAG9,1.06677474,0.000194858
SEPTIN7,-1.6625291,0.000195014
PPP1R9B,-1.530897228,0.0001961
GUK1,1.67487373,0.000199613
MYH1,-5.684383732,0.000205212
ITPA,2.610517321,0.000205212
PFDN5,2.606126239,0.000205212
VCL,1.363093251,0.000205688
SERPINF1,-3.185145016,0.00020637
EIF3H,-1.797284903,0.00020637
RPL29,-5.251363982,0.000208121
AHCTF1,2.442897607,0.000209393
GGCT,1.942544814,0.000209393
ANK3,-2.531754876,0.000215099
SELENBP1,3.168822551,0.000215099
TXNL1,1.216441902,0.000215099
TRAPPC12,-1.971405541,0.000215099
RABEP2,1.585572264,0.000215099
HSPA2,0.789860171,0.000215225
RBBP9,2.206818211,0.000216815
ENO2,3.139185521,0.000216815
CCS,1.581023725,0.000216815
RAP1GDS1,1.800883942,0.000217664
DCUN1D1,2.927747513,0.000217786
LDHB,2.613418893,0.000218554
SERPINA1B,3.46393794,0.000218554
SCRN3,2.011467541,0.000218554
PAWR,-1.055889002,0.000218614
MAOA,-1.225173169,0.000222559
RPS20,-3.234952269,0.000224395
PAFAH1B3,3.22039928,0.000225042
MRPS23,-2.564241283,0.000225188
GPD1L,1.542749854,0.000225571
SMARCC2,-2.598845219,0.000225571
NIT2,3.0347241,0.000225571
HPX,3.750890543,0.000225875
HNRNPR,-1.747889998,0.000226525
PSMC2,1.153263192,0.000226839
LRRC47,-1.896759451,0.000226839
STOML2,-0.666456202,0.000228004
HDHD2,2.638770511,0.000229352
NDUFC2,-3.373625739,0.000229352
FXR1,-2.624450732,0.00023036
PPP1R14B,2.03631372,0.00023036
PTGR2,2.505476774,0.00023036
MRPL18,-1.678495955,0.00023036
WASF2,-1.830022464,0.00023054
PALLD,-2.545899934,0.00023054
RPS8,-3.550148642,0.000232996
CAVIN3,-1.758205929,0.000232996
KRT24,-3.867557994,0.000233764
CHORDC1,1.955566765,0.000233764
EIF4EBP1,2.627424535,0.000234099
ARL1,1.680757548,0.000234434
CAPZA1,1.249906439,0.000234704
KLK5,-1.44988418,0.000236274
RPL6,-3.705755926,0.000237222
SRSF7,-2.559113513,0.000237222
OPA1,-1.570932372,0.000237831
PFAS,1.945491414,0.000237912
PSMA3,-1.699480177,0.000239123
XPNPEP1,1.7111188,0.000239302
CAP1,2.050494785,0.000239653
SOD3,1.838389441,0.000242104
PFKL,1.485077953,0.000243496
QARS1,1.411637126,0.000243496
SMC1A,-1.522619469,0.000243496
BUB3,-2.925013739,0.000243496
UAP1,2.469058139,0.000243532
ARHGAP1,1.364088597,0.000245234
RPS6KB2,-2.670942806,0.00024586
RPL24,-2.732267265,0.000246047
EIF4E,1.688264018,0.000249915
RCN1,1.857617287,0.000249915
ACADS,1.325943097,0.000251366
PPP4R4,3.690782805,0.000251366
IDH1,2.675273113,0.000258073
GC,4.346071785,0.000263255
MATR3,-1.512757366,0.000263255
EIF2A,-2.087856657,0.000263279
MVP,-1.27507535,0.000263279
PRDX5,2.023410321,0.000264705
PSMC5,1.059935856,0.000266897
TMSB10,-3.382795044,0.000266897
LGALS1,2.206406056,0.000268138
POLR2B,-1.750518549,0.000270025
APPL1,1.115890096,0.000270025
TTN,-3.671562987,0.000270328
GOT1,2.463137295,0.000271127
GSTZ1,2.367365203,0.000271127
CDSN,-0.91857468,0.000272402
COTL1,1.633836156,0.000272402
STK26,-1.245677314,0.000272924
PLP2,-1.907479578,0.000276465
LARS1,0.806021132,0.000279359
BOLA2,1.972499588,0.000280333
SEC11A,-3.123542809,0.000280333
CCT8,0.972240719,0.000280349
TSC22D1,3.133294606,0.000280349
SYNJ1,-1.566990502,0.000280349
NDUFS8,-2.139461522,0.000280349
SPTAN1,-1.197652406,0.000280429
ITPR3,-3.084309349,0.000280429
EMC7,-4.038907261,0.000280429
NDUFA7,-2.203199563,0.000280429
KRT79,-3.236447371,0.000283013
CSE1L,1.685785734,0.000283013
SRSF3,-3.919887462,0.000286617
IL1RAP,3.508742899,0.000286659
RBM3,-2.498620166,0.000286995
GSTP1,3.769460514,0.000286995
PXN,1.301910747,0.000286995
ST13,1.917084432,0.000286995
SEPTIN8,-1.736087295,0.000287977
TMEM41B,-4.195210507,0.000287977
EVPL,-2.28022879,0.000287977
TMEM67,-2.98646983,0.00028854
XDH,2.16641575,0.00028868
EFTUD2,-2.001441773,0.000292341
ACOX3,0.866118174,0.000292937
AFDN,-1.005835544,0.000294432
LAMTOR5,1.475630308,0.000296687
NAA20,-2.180900635,0.000299706
SOWAHC,-2.374224398,0.000299706
SGPL1,-1.545492494,0.000299706
ALDH7A1,2.232507213,0.000299706
GNG12,1.784186628,0.0003014
TMEM65,-2.041527867,0.00030306
NT5C3A,2.501824885,0.00030306
FMR1,-2.947568266,0.000306555
SCRN2,3.718598344,0.000306555
HDLBP,-2.181166483,0.000306555
PLS3,1.84432143,0.000306634
RPL13,-4.133834861,0.00030687
MCM2,0.785652105,0.000308995
FKBP15,-1.480738114,0.000308995
BCAS1,-2.786220021,0.000308995
SFXN3,-1.693192814,0.000308995
AUH,-7.22277401,0.000308995
LETM1,-1.567178049,0.000308995
NIPBL,-2.234637838,0.000311641
ERLIN2,-2.131959222,0.000313117
MTPN,2.867243653,0.000315186
LYPLAL1,2.045961032,0.000315256
SH3GL1,-1.669104053,0.000315398
PSMD1,1.674339059,0.000315796
AZGP1,2.669375832,0.000317053
VDAC1,-1.91742102,0.000318854
UBE2M,1.462270207,0.000319414
HSPBP1,3.192420403,0.000319414
NASP,1.620046045,0.000320808
SERPINA12,-2.632749547,0.000321036
RYR1,-2.603785407,0.000323828
DDAH2,2.075526801,0.000324293
TMSB15B1,2.356808782,0.000324768
MYH7,-5.564633353,0.000325449
AKR1B1,2.622844704,0.000325877
CUL2,1.854589741,0.000325877
PRDX3,2.433219988,0.000327264
HNRNPUL2,-2.397666599,0.000327264
PSMD11,1.242349661,0.000327264
SDR9C7,-2.76261837,0.000327264
NDUFS2,-1.878185503,0.000327264
COX6C,-3.794980046,0.000327264
MYO18A,-2.391328584,0.000327264
RPL27,-3.479633463,0.000328916
AS3MT,1.951725201,0.000328916
GSTO1,2.218263736,0.000330147
CTTN,-1.299511107,0.000330147
MARS1,0.771108506,0.000330147
ASPH,-1.76244219,0.000330147
EHD4,-1.711503245,0.000330147
MICU2,-2.4021164,0.000332812
KPRP,-10.95796832,0.000336033
FAIM,1.706065671,0.000336033
RPLP0,-2.364685409,0.000336181
BROX,1.994160324,0.000336181
EIF3C,-1.879296763,0.000336181
CILP2,-4.030580402,0.000337962
H3-3B;H3-5,-3.122002458,0.000337962
RABGGTB,1.749567327,0.000337962
ACYP2,2.436476587,0.000337962
LNPK,-2.633567651,0.000337962
MRI1,2.162595106,0.000337962
EFHD2,1.653761299,0.000337962
ITIH2,1.881600372,0.000340139
CCT7,1.00719922,0.000341282
RAP1A,2.886672621,0.000343805
EMD,-3.103096273,0.000346225
DDX1,-1.37717302,0.000349941
IDE,2.227095537,0.0003514
ALB,4.464439271,0.000351968
PITPNA,1.009770395,0.000351968
CDKN2AIP,-2.323903134,0.000351968
ADK,2.309985769,0.000352176
LCP1,2.531940926,0.000352176
PDXK,2.7865212,0.000352176
OTUB1,2.635724038,0.000359847
ADI1,2.784334143,0.000359902
GALK1,3.323885815,0.000359902
PMP2,-2.850646956,0.000366772
SORD,3.047934697,0.00036932
PGAM5,-1.279215579,0.000370599
AVIL,1.95403389,0.000370723
PTBP1,-1.461406201,0.000372787
HACD2,-2.75830609,0.000372787
NQO2,2.459022151,0.000372787
EML2,1.728011042,0.000373063
PVALB,6.273939912,0.000373764
HSPA12B,-2.294374169,0.000373764
MCTS1,-1.156989754,0.000373764
UQCR10,-1.631022017,0.000374107
ROCK1,-1.571010449,0.000374468
FAM83G,-1.113456951,0.000376296
BLVRA,2.466612191,0.000376296
CAND1,1.592976725,0.000378492
RPS24,-3.019602444,0.000378607
TWF1,1.813839084,0.000378607
ACLY,1.568878323,0.000380197
CAPZA2,1.916171973,0.000382453
DES,-4.80497124,0.000383964
S100A16,-1.956892946,0.000384324
HADHB,-1.443135889,0.000385665
GLOD4,2.341418186,0.000386521
DCTN6,-0.557499744,0.000387584
SLC38A10,-0.868009765,0.000388363
CHKB,1.686861069,0.000390313
LANCL2,2.812323396,0.000392486
KRT81;KRT86,-2.232716884,0.000392593
PSME1,2.483699768,0.000395515
PITPNB,2.115305786,0.00039606
AGFG2,-3.923888236,0.000396162
HMGB2,-3.763411539,0.000396232
KRT78,-2.637551876,0.000398118
ATP5MF,-4.76416623,0.000398523
CTBS,1.620990019,0.000399203
YY1,-4.483189464,0.00040002
GLRX3,1.851843941,0.000400226
PDLIM5,-2.140081605,0.00040316
STX18,-3.607546299,0.000407462
RPS7,-2.735753467,0.00040821
KTI12,2.39162098,0.000410305
TKT,1.801021003,0.000410934
DPH7,3.583994271,0.000414782
PPP2R2D,1.557128607,0.000415009
EIF3A,-1.809400714,0.000417389
LRRC59,-2.09233732,0.000417619
NPL,2.062817827,0.000417619
DAP3,-2.395503519,0.000417619
DHRS11,1.258184891,0.000418254
ATP2A3,-1.564590089,0.000418254
FLNA,-1.257681938,0.000418254
RPL13A,-2.746922287,0.000423572
RPS3A,-2.686419961,0.000424698
KHDRBS1,-2.927746068,0.000424698
DDX19A,-1.124489603,0.000424698
LACC1,1.690269349,0.000424698
TNPO2,1.384323207,0.000424698
DPH5,1.1678549,0.000424698
MYOZ1,-6.799283595,0.000424698
CTSB,2.906384172,0.000425322
NUDT9,2.425915875,0.000425322
KLK7,-2.012917299,0.000425322
PFDN1,0.854767101,0.000425322
PLCD1,1.643544119,0.000428188
ACTN2,-4.372470625,0.000428779
NDRG3,1.779938096,0.000429487
SEPTIN9,-1.482524997,0.000430586
HOOK3,-0.794999888,0.000432952
SRRT,-2.035070132,0.00043413
MAPK12,2.166807539,0.000437046
H2-K1,0.803034078,0.000440397
LSG1,2.317735339,0.000441404
MRPL2,-2.823565515,0.000441404
NQO1,2.162760726,0.000443474
HSP90AB1,0.607353312,0.000444489
ATP6V1C1,0.887224143,0.00045258
TMED7,-1.416781588,0.000456124
RDX,-0.672414035,0.000456568
ALG5,-2.743284385,0.000460335
RPL19,-3.644852278,0.00046349
UPF1,-1.102618194,0.000463667
PSMD3,0.665016892,0.000466066
TIMM10,5.026642429,0.000466517
TRDN,-1.93482587,0.000469475
COL18A1,-4.053377784,0.000469475
HSPB6,2.366090151,0.000469475
NPM1,-2.806058195,0.000469475
AAMDC,2.126974141,0.000469475
SERPINA10,1.680373855,0.000469475
PECR,-1.899185883,0.000469475
SUCLG2,1.4895878,0.000469475
LAMC1,-1.732767507,0.000470089
AHSG,2.000083024,0.000470383
MIPEP,-1.15448646,0.000472217
CBX5,-2.864587217,0.000473215
OGT,-1.081488988,0.000476239
CHIT1,2.542502641,0.000477359
KRT1,-3.845896551,0.000477964
DPY30,2.883388951,0.000477964
EIF3D,-2.573651454,0.000478324
NCL,-3.391684374,0.000478806
PFN1,2.202111771,0.000478806
LARS2,-0.66127524,0.000478806
GPKOW,-3.676156831,0.000484378
RPL7,-3.562834128,0.000486022
PTRHD1,1.959373212,0.000488722
TIPRL,1.553603579,0.000488722
GDPD3,-4.397057168,0.000488722
GSS,2.339361146,0.000494609
SYPL2,2.307853764,0.000495706
RPL22,-3.380722667,0.000496454
SF3B2,-1.636523607,0.000496454
TUFM,-1.392970404,0.000497845
ELN,-4.25085276,0.000501648
CYRIB,1.619785268,0.000501648
MVK,2.037885981,0.000501648
SPARC,1.430975013,0.00050346
PRPF40A,-3.775528552,0.000504508
FN1,-0.887728027,0.000505233
DYNC1I2,0.837097832,0.000505604
SERPINB5,2.26164791,0.000510623
MRPL16,-1.665735465,0.000511543
GRCC10,2.069522708,0.000511947
MCUR1,-1.625638215,0.000512941
APRT,1.935886545,0.000514049
FNTA,2.766899916,0.000514049
LEMD3,-2.941260508,0.000514049
HEXB,-2.07868959,0.000519696
XPOT,2.325378497,0.000520753
AGL,1.841561896,0.000521466
MYH4,-5.169227146,0.000522127
ARPC1B,-1.672194881,0.000522415
EPS8,-2.35441155,0.000523764
HSPB11,2.932073315,0.000523764
GFUS,1.593231717,0.00052523
NFIX,-6.052924678,0.000526817
PKP1,-11.31285784,0.000526978
GLO1,3.2485123,0.000526978
NDRG1,1.253955331,0.000528122
RPS17,-2.477481856,0.000529668
STIM1,-1.776048225,0.000529668
ESYT2,-2.293446069,0.000529668
ME3,2.024999061,0.000529668
ICA,3.656758438,0.000529668
UQCRFS1,-1.675047416,0.00053033
PRPS2,3.078498827,0.00053033
FAM120A,-0.667637937,0.000530962
NDUFS7,-2.68649321,0.000533027
NUP98,-1.197112695,0.000533773
CBR3,2.148027024,0.000533773
REXO2,1.910940514,0.000534206
ARHGEF7,0.766008521,0.000535004
THTPA,2.422793253,0.000540373
AIFM1,-1.570322921,0.000540373
SF1,-1.331594012,0.000541824
PSMD12,1.37253616,0.000543448
COPS6,1.672092912,0.00054592
MCM6,0.737481799,0.000546709
COX5A,-1.882390506,0.000554904
RSL1D1,-3.467605901,0.000556298
DDOST,-2.640038198,0.000557012
NOB1,-4.034709637,0.000557012
SERPINB2,1.8770683,0.000557109
IVD,1.009148641,0.000557591
TRIM16,1.450918385,0.00055835
HDAC6,-1.657593385,0.000558463
TCERG1,-1.807903409,0.000560092
PPIL3,1.971511623,0.000561036
PCMT1,1.155612374,0.000562581
NEB,-3.307131399,0.000563586
CRYZ,1.368312802,0.000563758
UBE3C,1.366616644,0.000564106
SNRPD1,-2.054167653,0.000564555
CYP2D22,-3.579983715,0.000564555
RPL11,-2.681559992,0.000564603
COPS7A,1.488177732,0.000567335
ATXN3,1.509423255,0.000568418
LSM4,-3.461483472,0.000568626
GSTM6,3.021367908,0.000568654
EIF3E,-1.933921695,0.000569173
ADO,1.8428509,0.000569173
PDE5A,5.596964119,0.000569173
ETFDH,-2.234917436,0.000569173
RPS9,-2.861665504,0.000570323
OGFR,2.108184433,0.000570323
UBFD1,2.186491405,0.000570396
HSD17B12,-1.195749656,0.000572651
CRK,2.040736343,0.000577349
NUP107,-2.456472765,0.000577349
SELENOH,-6.559937179,0.000577455
AKAP2,-1.014482603,0.000577719
H2AC20;HIST2H2AA2,-6.18962587,0.000577719
SGTA,1.712146558,0.000577719
EMC3,-2.834622704,0.000577719
GAK,-3.984871969,0.000577719
SF3B1,-1.792585756,0.000577719
HERC4,1.838037071,0.000577884
AFM,5.280200244,0.000580847
HNRNPH2,-1.460559275,0.000580847
CALU,1.406154491,0.000583082
N6AMT1,3.58953368,0.000583588
MYH10,-1.088308879,0.000583765
ISOC2A,2.137610189,0.000585711
U2AF1,-4.789148165,0.000586644
ARHGEF12,-1.560695704,0.000587396
AHSA1,1.444271563,0.000587818
MAPK8,1.337576255,0.000587818
GART,1.224089173,0.000588711
MRPL45,-2.951239615,0.000588711
BCAS3,-2.371939324,0.000590237
GANAB,1.693664497,0.000590559
SMARCD2,-3.913624509,0.000590559
FABP3,4.207519264,0.000590981
SCP2,-1.596805576,0.000590981
FBLN2,-3.28317502,0.000590981
FADD,2.056467534,0.000590981
DDX3Y,-1.339374868,0.000590981
CAMKK1,2.835687792,0.000590981
PYCR2,-2.278139364,0.000590981
CLASP1,-1.889746197,0.000591257
TGM2,-1.666587709,0.000591469
STOM,-2.450025803,0.000591469
MSI2,-1.33682949,0.000591469
DDX5,-1.619551871,0.000591615
NIBAN2,1.676566097,0.000595197
PRKACA,1.523365234,0.000597713
PRPF31,-1.981489295,0.000599569
UQCRQ,-2.482343419,0.000599957
CNPY2,1.837855504,0.000599957
TIMM17B,-2.082189865,0.000599957
XRCC5,-0.831570511,0.000601361
TTC1,1.290613011,0.000601361
PPL,-1.162023874,0.000601361
ABAT,3.047494556,0.000602434
DSP,-3.079031205,0.00060331
SEPTIN2,-1.300920746,0.00060331
S100A1,3.445065134,0.00060331
SERBP1,-1.943775542,0.000604487
DNPH1,4.090102639,0.00060607
TAGLN2,1.380411196,0.00060607
SSRP1,-6.360897371,0.000607022
DDB1,1.739024883,0.000607022
SYNM,-2.100465224,0.000607022
SACM1L,-1.3825033,0.000607022
TTLL12,1.611875743,0.000607705
CALML3,3.307655562,0.000607705
OTUD6B,-1.431401101,0.000609783
PNKP,-1.677732061,0.000610734
RABEPK,4.256044487,0.000612123
ZFYVE21,-2.356430386,0.000613735
SULT2B1,2.05796286,0.000615305
CCT2,0.896668509,0.000615789
FAF2,-3.131563688,0.000615789
DDX21,-3.830591224,0.000615789
MTR,2.444598422,0.000619268
PDXP,3.159023014,0.00062347
EXOC5,-4.030042703,0.00062374
GSTM5,3.755124913,0.000626045
ADIPOQ,2.477751552,0.000626045
CLIC1,1.723793786,0.000626045
THBS3,-1.794228143,0.000631291
ATOX1,2.135659863,0.000632028
SOD1,2.5523145,0.000632028
C1QB,-3.981324162,0.000632028
RPS27,-1.890426848,0.000632028
P4HA1,-0.637339606,0.000634892
UBA6,2.052239768,0.000641231
GMFG,1.934383441,0.000641231
SEPTIN5,-1.829259445,0.000643462
DPH6,1.609728909,0.000643674
LAMB2,-2.265132732,0.000644303
CRYBG1,-0.983195016,0.000645087
TLN2,-1.176916172,0.000645087
G3BP1,-2.539181737,0.000645835
RPS18,-2.256897591,0.000650474
SKP1,2.839821014,0.000655953
PGGHG,1.54298979,0.00065605
DDX6,-1.962883075,0.000656729
HEATR5A,5.073785194,0.000656729
RARS1,0.899162397,0.000656729
NDUFA9,-1.165526214,0.000656729
SCAF11,-3.373828189,0.000662209
PARP1,-4.561964859,0.000662209
SCOC,4.500320736,0.000662209
DSTN,2.947728905,0.000662209
AAK1,-1.59536794,0.000663211
PDLIM1,0.685446768,0.000664934
MFAP4,1.375816149,0.000664934
MCCC1,-1.952977887,0.000669125
RFK,1.948839211,0.000670125
VPS35L,-1.867932918,0.000670649
DBI,1.774001509,0.00067318
RPL7A,-2.168039003,0.000676576
NOP10,-2.785280812,0.000676576
PTPA,1.008757333,0.000677195
EIF5A,-2.381199767,0.000677336
RPL12,-3.075707714,0.000678054
DNMT1,-3.321479287,0.000678904
EPB41,-2.040295916,0.000678904
PPP1R11,3.391110907,0.000678904
CSPG4,-1.163281758,0.000678904
KLHL40,-2.520858023,0.000678904
NDUFA10,-1.748176172,0.000679194
TMTC3,-2.468444816,0.00068159
OSGEP,0.961652843,0.00068159
ABRAXAS2,-0.783638821,0.000683621
VAC14,-0.950857351,0.000683621
ALDH2,2.07893483,0.000685863
NACA,-2.40123726,0.000685863
SDF2,-1.557021677,0.000685863
HSPA4L,1.60318839,0.000688246
HSPBAP1,1.968021895,0.00069188
FARSA,-1.897943396,0.00069188
ABI1,-1.394864164,0.00069188
SORBS3,-3.636947339,0.000693085
SERPINF2,1.983966504,0.000694816
HSPA8,0.962675121,0.00070244
PZP,3.135720265,0.00070244
PGRMC2,-2.3994082,0.00070244
POF1B,-3.465259627,0.00070244
MYL9,1.697291958,0.000705272
UFM1,2.762718235,0.000705766
UQCRB,-1.592030923,0.000706236
SSB,-1.940908284,0.000706277
LUC7L2,-1.308221108,0.000708071
L3HYPDH,2.301477849,0.000708071
TMED9,-1.222023029,0.000713639
PACSIN3,-1.843027247,0.000716473
SCEL,-4.018940149,0.000716473
NDUFA6,-2.371048802,0.000721613
COQ3,-1.541875891,0.000726953
DNAJC19,-2.186678017,0.000726953
HMBS,1.679422449,0.000733171
YWHAQ,2.04452068,0.000733171
CPSF2,-2.205702002,0.000733322
KRT33A,-5.3290965,0.000733322
CLNS1A,1.674322551,0.000736212
CIAPIN1,2.196055657,0.000737631
BLTP1,3.039645424,0.000738118
CARHSP1,3.380902693,0.000742402
RNPEP,1.742307163,0.000748763
HOMER3,-3.222595604,0.000748763
WDR1,1.945587867,0.000757561
COMT,2.18114572,0.000757561
COX7C,-2.536894278,0.000757561
DBT,-0.879122066,0.000757561
RPL18A,-3.548149088,0.000757561
RPL23A,-2.745231767,0.000757561
PSMB4,-1.455789858,0.000757561
RBM39,-1.41154983,0.000757561
TMEM43,-0.954434563,0.000757561
GNPDA2,1.892712353,0.000757817
UBAP2L,-1.106390948,0.000758546
CAVIN1,-1.284869734,0.000764933
CASP8,0.737703482,0.000764933
POFUT1,1.980554991,0.000764933
PCOLCE,-2.400297342,0.000767645
SMTNL2,-2.332963941,0.000767645
CTU1,3.487060995,0.000767645
GMPR2,2.493713103,0.000768723
LDB3,-3.786907941,0.000770064
THNSL2,2.026741587,0.000772625
SP3,-5.147166059,0.000772826
PTK2B,-1.01605154,0.000778878
SARNP,-2.452493224,0.000779953
ATXN7L3B,1.67995556,0.000781414
NUCB2,1.15287841,0.000781419
ALPK3,-2.57525021,0.000785277
RPL3,-3.062210933,0.000785867
ILK,-1.973321121,0.000791198
NUDT12,1.137369615,0.000791198
NT5M,2.886347774,0.000791675
SERPINA7,2.893902449,0.0007924
FUNDC2,-2.095191377,0.0007924
SUMO1,-1.532282477,0.000796977
CTBP1,1.652046257,0.000800931
MRRF,-2.468156018,0.000801375
IL36A,7.547485939,0.000801375
H1-3,-6.577808653,0.000801667
TIMP2,-2.775590107,0.000803804
SCD1,-4.341637192,0.000808169
HIGD1A,-2.117607005,0.000809215
ACP7,-3.461777828,0.00080975
BCLAF1,-3.751885007,0.000819794
ETF1,1.085077958,0.000827738
DNTTIP2,-1.238514107,0.000827738
PFKM,1.333747541,0.000828384
OLFML3,-2.130462787,0.000829548
SSH3,1.057050855,0.000829548
PSMD6,1.252535433,0.000829548
RANBP2,-1.707004012,0.000832015
BZW2,-3.120981461,0.000832329
OGA,1.22793212,0.000832589
NID1,-1.997150436,0.000832646
MYBPC1,-2.891072091,0.000833464
MRC1,1.223653229,0.000834649
TCOF1,-4.566135382,0.000835475
SNRNP40,-3.596320625,0.000838951
MDP1,1.58552878,0.000840072
G3BP2,-2.821581424,0.000840842
GHITM,-4.030879868,0.000840842
Q9D7E4,3.148385638,0.000840842
ZYG11B,4.105050314,0.000841701
PPIL1,1.292527337,0.000844682
UBE2O,0.941779933,0.000846343
PRKAB2,1.500758103,0.000847361
PRPF8,-3.01398764,0.000856655
ECI2,-1.627653649,0.000856655
SPARCL1,1.363064907,0.000864771
NUP35,-3.036537074,0.000864771
VAPB,-1.576824342,0.000864771
WDR54,2.982698412,0.000864771
IL18,1.165484476,0.000865366
ALDH5A1,1.31798444,0.000865701
RENBP,4.669662995,0.000865736
HNRNPC,-2.294088222,0.000866396
TMPO,-2.215037033,0.000870727
TPR,-1.79091978,0.00087653
RPS3,-1.802223925,0.00087653
GGA1,1.047444343,0.000876594
ANKRD2,1.850291603,0.000878518
CYC1,-2.486771067,0.000881226
EEF2,1.181991739,0.000884928
SND1,-2.103006136,0.000884928
CAVIN4,-2.260854308,0.000893052
HIBCH,1.484172003,0.000893832
INA,-4.356350579,0.000901023
TFRC,-1.213568197,0.000901023
TEX264,-1.987142902,0.00090871
IPO4,1.217796451,0.00090871
AP3B1,-0.745789198,0.00090871
PMPCA,0.680101524,0.000909917
IAH1,2.609020891,0.000911827
DCTN1,-0.519976158,0.000919246
NPTN,1.107953724,0.000919246
NT5C2,1.634466705,0.000924378
NDUFA4,-3.324084742,0.000924378
IMPA1,1.786825794,0.000927329
SYNJ2BP,-1.985045063,0.000928185
KRT14,-4.129009987,0.000935
DNAJC9,-1.660508213,0.000935356
LRRFIP1,0.983203866,0.000935857
HNRNPLL,-2.74248186,0.000936175
RTCB,-1.014237446,0.000941216
PDK2,1.633943042,0.000941324
PURB,-2.130523146,0.000943838
ALDH3A2,-1.956608762,0.000943838
TBCA,2.071325338,0.000943838
PYCR1,-1.611732163,0.000944533
MECP2,-4.926086717,0.000944533
PFKP,1.798932209,0.000956989
IGTP,-2.098436688,0.000958379
ZFAND6,3.505833644,0.000958379
AKR1B8,2.19997085,0.000966842
CCZ1,-1.152507626,0.000966842
CNDP2,2.69559147,0.000966842
SLC4A1,-3.124573248,0.000976475
SERPINB6,2.54626113,0.000978249
VDAC3,-1.655284637,0.000979263
LIN7C,-0.752327425,0.00098099
LXN,2.787202288,0.000986913
SNX4,-1.037682897,0.00098725
RAB11FIP5,-1.231646501,0.000989228
RPS26,-3.440368874,0.000992471
NFATC1,-2.201262497,0.000993102
ARPC4,-2.1857842,0.000993102
LAP3,1.850178876,0.000993102
NDUFA8,-2.016533227,0.000993102
CSTB,3.39812904,0.000995926
NDUFS3,-1.210327547,0.000995926
GMFB,1.069263932,0.001000724
PCDH1,2.027642488,0.001005968
CAMSAP3,-1.829380797,0.001009953
MRPL40,-2.421856139,0.001013472
RPS16,-2.688184839,0.001013687
ADCK1,-2.81876273,0.001016413
VPS35,1.198933337,0.001016413
RPL26,-3.146486122,0.001019285
NUDCD2,1.536495321,0.001024879
LACTB2,2.173578647,0.001025841
PDAP1,-1.790859484,0.001025984
SMU1,-2.146510344,0.001031147
F12,2.547670895,0.001031147
DTNA,-2.773329628,0.001031147
PIN1,1.313038592,0.001036761
ECH1,-1.36142981,0.001036813
GSTT1,1.430030968,0.001036813
MYOT,-5.233394043,0.001036813
SMPD3,-1.310546221,0.001036813
CFD,2.879689236,0.001037354
EFL1,-1.275242244,0.001041544
AMDHD2,2.238510552,0.001041757
VAMP2,-1.25485707,0.001043193
RPS25,-4.256334508,0.001048572
LRPPRC,-0.896204758,0.001049452
MAP2K2,1.967473779,0.001050477
PANK4,1.392051833,0.001050477
FLAD1,2.334376206,0.001050477
APIP,2.282490591,0.001053511
DSG1B,-2.952347614,0.001054931
PGM5,0.881860473,0.001054931
OBP1B,2.706219519,0.001055231
TSR2,0.604690881,0.001055231
SFXN1,-1.63427332,0.001061083
DCN,-2.631730225,0.001061148
HEXA,-1.930557922,0.001061148
TNPO1,1.047590097,0.001061148
SCYL1,-2.066006101,0.001062798
CNBP,2.389452894,0.001070933
FLNB,-0.767978365,0.001070933
KIF5B,0.567169872,0.001073183
GSTM7,2.392823842,0.001074869
ALDH9A1,1.704803198,0.001076198
RANBP3,1.129648461,0.001077013
CDC37,0.891068775,0.001078213
ATP5MG,-2.55588603,0.001079638
SERPINB3A,1.933663424,0.001084659
CIRBP,-2.139017284,0.001084659
MPST,1.374726406,0.001084659
TXN,1.519791042,0.001091825
TARS2,-5.244268792,0.001091825
CORO7,1.257650384,0.001094928
SNTA1,-1.18826363,0.001096053
SIRT5,0.97331556,0.001096053
ADA,1.972845167,0.001100109
PRRC2C,-1.304068611,0.001100109
TKFC,1.888487507,0.001100109
GAB1,1.509080283,0.001100109
CSRP1,1.581286751,0.001100773
SMAP1,-1.441379299,0.001100773
NAT2,3.163240709,0.001102692
NT5DC1,1.62755916,0.001102692
CAV2,-1.669806114,0.001104176
CNN3,-1.200386973,0.001105846
FKBP11,-2.687134655,0.001113566
HM13,-1.022900875,0.001117679
AIP,0.667437023,0.001121896
SRSF2,-3.813681462,0.001121896
MAPK9,1.52546925,0.001121896
NUDCD1,1.288384731,0.001122694
DDX18,-3.823697395,0.001124877
GATAD2B,-1.542021887,0.001126978
ARL2,1.161781938,0.001126978
SMYD1,1.280144457,0.001128473
PRPSAP2,1.178458398,0.001137551
NAPG,-1.469463383,0.001152084
CLPX,-1.493719704,0.001152084
OBP1A,4.161859004,0.001152216
CISD3,-3.834912017,0.001153994
PDZK1IP1,-2.743623077,0.001156255
PSMB6,-1.334742586,0.001164303
EMC2,-1.719807742,0.001164303
RSF1,-4.744312766,0.001169805
TRA2B,-1.687217195,0.001169886
SSR4,-2.802461892,0.001182009
MAPT,-1.138138246,0.001184227
GSPT2,2.465181745,0.001184227
PRX,-2.347253684,0.001185272
MASP1,2.697925656,0.001185432
PSAT1,2.796645237,0.001185508
TOR1AIP2,-1.406622066,0.001191046
INTS14,-3.861277189,0.001194775
HTATSF1,-2.439742873,0.001197955
COX17,1.367098699,0.001202486
NECAP2,-1.146649808,0.001204221
ZCCHC8,-4.595956091,0.001204445
PFKFB1,1.430006992,0.001220154
MYOM1,-3.392737274,0.001227389
PPM1B,1.307995201,0.001228999
GATD3,1.085395104,0.001228999
ARMH1,-4.556405418,0.001229754
TUFT1,-3.09985372,0.001230897
DLAT,0.999820129,0.001231604
SFPQ,-1.378722623,0.001231604
NHERF2,-1.405047382,0.001231604
RPL15,-2.396642968,0.001234957
GABPA,-2.84627375,0.001236403
VARS1,0.802584887,0.001237057
PGRMC1,-2.046095339,0.001239672
PSMA6,-1.291753189,0.001239672
VDAC2,-2.67935792,0.00125464
BPNT1,2.152806096,0.00125464
PPIB,-1.104434141,0.001256045
ARHGDIB,1.707576185,0.001256045
HSPA1A,3.519661198,0.001256045
TXNDC12,2.646952164,0.001256045
MSRA,1.774779926,0.001256045
RCC2,-3.057212495,0.001257165
FARSB,-2.601400737,0.001257165
ASPRV1,1.939489651,0.001259477
FGA,-1.34318106,0.001260399
RHEB,0.927916614,0.001269787
ACTR10,-0.578433146,0.001269787
TRMT61A,1.353924725,0.001272309
RCN3,2.004487543,0.001275739
CNOT6L,4.219178367,0.001275739
BBOX1,1.812038337,0.001275739
ACOT2,1.295231313,0.001275739
RPL21,-3.436452654,0.001283265
SFN,1.754539108,0.001283265
GOLPH3,-1.431292253,0.001284831
NIPSNAP2,-0.974852672,0.001286304
DCUN1D2,1.605103862,0.001286304
SNU13,-4.613751682,0.001286304
GSTT3,1.489678488,0.001296213
TAX1BP1,0.924204923,0.001298919
EPPK1,-2.713114187,0.001298919
EXOSC5,-1.700775531,0.001300943
MYO1C,-1.004124471,0.001300943
FAF1,0.762127071,0.001305835
CYCS,-1.015207534,0.001305835
TGFBR3,2.628939624,0.001307678
HIKESHI,0.865300733,0.001307983
RPL28,-3.077890503,0.001311342
PLIN4,-1.367938687,0.001311463
CASK,1.66385727,0.001312039
SRRM2,-2.61275591,0.001314818
ANPEP,1.357028347,0.001318914
ACOT7,1.94156634,0.001323231
ACYP1,1.91766507,0.001330669
RPTN,-2.985127193,0.001336868
GNAO1,-0.753407594,0.001341436
INPP5B,4.123496088,0.001342717
DNAJB1,-0.859318315,0.001348451
LTF,-3.167494935,0.00136231
TJP1,-0.931908471,0.001375492
HNRNPL,-1.552191934,0.001380942
PSPC1,-2.347586448,0.001382139
THBS1,-1.988836019,0.001388573
LGALS7,1.375762028,0.001389777
CDK9,-0.727000635,0.001391236
FCHO2,-0.996866101,0.001392952
CSTDC5,2.075899356,0.00139385
ITGAM,3.030630301,0.001396829
GMPPB,1.836842464,0.001408792
Q99M08,-2.243439898,0.001411182
MRPS21,-3.478306919,0.001417022
UBXN6,1.569964042,0.001419259
GSTA1;GSTA2,3.569294604,0.001425392
COL12A1,-3.29806273,0.001425392
ANKRD49,2.282852646,0.001425425
GABARAP,1.941858947,0.001427995
SRCIN1,-2.417496681,0.001430073
NUP93,-1.09485745,0.001437116
SFR1,1.17653277,0.001437351
MTARC2,-2.309707218,0.001438856
STAMBP,1.848110151,0.001441107
SMUG1,-0.876397047,0.00144182
DNAJC11,-2.98409794,0.001443096
COG4,5.565310065,0.001443096
RPS6KA3,1.674826643,0.001445934
ATL2,-1.109178162,0.001445934
CPSF6,-2.319353028,0.001460465
SERPING1,1.072146846,0.001468942
FAM98B,-1.716176885,0.001478785
GNPDA1,1.800997636,0.001489185
ARF5,2.039118972,0.001489185
RPS2,-2.128762175,0.001519479
HMGB1,-2.738404988,0.001520994
RILPL1,1.277130833,0.001523087
GSK3B,0.935908505,0.001527799
RPS4X,-2.939846165,0.001531289
RAB10,-0.624471606,0.001535622
UBA2,1.875668184,0.001535622
LUZP1,-3.360999835,0.001550975
OBOX1,2.197717783,0.001552699
MYOM3,-3.036377801,0.001553629
HRC,-2.413084838,0.001557248
HSP90AA1,0.705326374,0.001557248
CLTB,1.600509838,0.001557248
UGP2,1.006034392,0.001557248
RNPS1,-3.81697556,0.001557248
EHD1,-0.968802855,0.001557248
HYPK,1.820327284,0.001560696
LRG1,1.115029511,0.001560762
ZC3HAV1,-1.856707294,0.001561085
MAP1B,-0.978332791,0.001575202
UCHL5,1.02609896,0.001575202
PARN,1.735313303,0.001577341
UGDH,1.499491917,0.001578126
RUVBL2,-1.008077094,0.001580236
PPP2R5D,1.922882644,0.001590496
TARDBP,-1.819858398,0.001590902
BPHL,0.585829357,0.001599954
HTATIP2,-1.403313275,0.001618684
GNAQ,-0.908816561,0.001621347
KRTAP11-1,-5.784989206,0.001628031
ALDOC,1.553488558,0.001628932
SLC25A3,-2.030585716,0.001629257
MAPK13,-1.458164804,0.001629257
RPS23,-4.553197628,0.0016301
RDH11,-1.494221006,0.0016301
CORO1C,-1.684994525,0.001634975
ACADVL,-1.167172415,0.001637314
PHOSPHO1,0.769664284,0.001648013
EPS8L2,-1.609306452,0.001655712
NUCB1,1.064560606,0.001657166
LAMP2,2.094170564,0.001658555
RUVBL1,-1.292373496,0.001658555
PYM1,-1.525406881,0.001658555
DAP,-2.415306953,0.001658555
CA2,1.841947147,0.001658629
P4HB,0.849708745,0.001658629
ETHE1,1.727988906,0.001668878
S100A13,-1.177554434,0.00167353
MRPS2,-2.029794889,0.001680654
LYPD5,-3.660093007,0.001680654
BLVRB,2.030228993,0.001693094
MPRIP,-1.661601042,0.001698574
SLC25A24,-2.011020743,0.001699021
COQ6,-2.382177829,0.001722002
HAL,-0.761708238,0.001724843
OXR1,1.210211754,0.001724843
FXN,1.003162698,0.001725214
THOC2,-3.3224878,0.001725692
BAIAP2,-1.277165438,0.001727387
NDUFB9,-3.223591773,0.001738828
SETD3,-1.212001732,0.001749544
TOMM34,-0.513978619,0.001755645
OXSR1,1.553612175,0.001759007
PRMT3,-2.4179566,0.001759007
ANKRD39,2.152574848,0.001759007
ECE1,0.933866966,0.00176569
RMDN3,-1.888937981,0.001775445
SCGB2B20,6.214426803,0.001795133
CCDC51,-4.166733492,0.001801825
HIBADH,1.563509628,0.001801825
COL15A1,-1.544122229,0.001808538
PRMT7,1.856671374,0.001809541
PPM1G,1.004500753,0.001810034
MAP6,-1.120515325,0.001833679
DYSF,-2.085434622,0.001849252
ALOX5AP,-3.251581783,0.001854648
CUTC,1.073064137,0.001854648
Q91V76,4.424384309,0.001861796
RANBP1,1.858174883,0.001865554
RPL18,-3.834298501,0.001865554
URAH,1.365975459,0.001868062
SEC14L4,1.497017698,0.001879602
ISCA2,2.022353011,0.001880099
OSBPL8,-3.242335311,0.001884148
NDUFS6,-1.546114685,0.001919156
ALDH6A1,1.573668183,0.00192239
DIP2B,-2.119219479,0.001932875
FKBP10,1.571336637,0.001932875
CDC42,1.280334594,0.001934241
POSTN,-0.69451261,0.001943336
SAE1,1.780938679,0.001967079
AGT,2.351195042,0.001973609
FOSL2,-2.325429274,0.001973609
H1-1,-4.429100564,0.001998614
STEAP4,-0.93072556,0.002002558
BDH1,-8.543089825,0.002002595
PNP,1.98048074,0.002005726
ELP1,-1.233899817,0.002009603
DEGS1,-1.427673319,0.002010291
NXN,1.021957353,0.002020689
PIPOX,2.215768513,0.002021085
GIT1,-1.379055783,0.0020247
CD151,-1.261675908,0.00202663
IL36RN,2.304484459,0.002034052
EIF3J1;EIF3J2,-0.742277051,0.002039405
GAS7,-2.410907988,0.002057051
PHKG1,-1.1108913,0.002060062
FMNL2,-1.878509499,0.002070713
PCK2,1.495885302,0.002078097
PES1,-1.720465701,0.00208309
MSH6,-1.037692342,0.002085777
GPR155,3.444594792,0.002094807
PKP3,-3.653559884,0.002102345
ATP5PD,-1.27783976,0.002117534
ZNFX1,-4.437258976,0.002117675
S100A3,2.897800162,0.002122615
CASP6,1.563490414,0.00212465
CAPRIN1,-1.009040249,0.002127286
PPID,-0.95509052,0.002127286
PSMA1,-1.106780606,0.002131683
EZR,-1.463157893,0.002132769
MCPT4,-4.345065184,0.002136622
IRGQ,1.039123238,0.002137786
NDUFB10,-2.004051857,0.002137786
ERC1,-1.805980763,0.002139819
SARS1,0.81291722,0.00214347
FKBP4,1.291800398,0.00214347
SEC23A,-0.927219345,0.00214347
ABCD3,-1.057970171,0.002164123
MUG1,3.120435889,0.002168115
DHRS7,-1.674353341,0.00217011
ILF3,-2.965495542,0.00217011
PDK3,-1.95994765,0.002175051
CHAD,-2.737018193,0.002175846
RBMS2,-0.922097543,0.002175846
DSC3,-1.723149553,0.002189751
DNASE2,2.10175008,0.002189751
DYNLRB1,1.525097801,0.002201884
GCDH,-1.784819038,0.002210445
AK2,1.095100105,0.002217711
GET3,1.245139994,0.002222389
SIRPA,1.499311242,0.002222389
SF3B3,-0.963624873,0.002223556
PPP1R7,1.676967896,0.002231074
MBNL1,-2.820835126,0.002231074
ATP1A1,-0.906514924,0.002244197
FNDC1,-1.859868886,0.002244525
GJA1,-1.922820233,0.002244525
TMEM109,-1.55824384,0.002244525
FRMD8,-1.203490446,0.002244525
SRM,1.846030888,0.002258445
NUDT10;NUDT11,2.270462164,0.002258973
SPTBN2,-1.750042655,0.002258973
SRI,1.375281293,0.002258973
FBXO6,0.559601244,0.002258973
TXNDC9,-2.902940483,0.002259649
CREG1,1.916832031,0.002259952
GSN,1.062324297,0.00227355
POP1,-1.520659991,0.00227355
NECTIN1,1.568357079,0.002280568
NUDT16,-2.308118153,0.002285302
JPT2,1.382715546,0.002290546
SCIN,1.135140174,0.00230052
GMPR,1.591955374,0.00230052
LMCD1,1.534153541,0.002302177
LTV1,-0.910349544,0.002304358
GUCA2B,0.202206378,0.002309369
DNM1,-1.63489273,0.002309369
GRB2,0.860826732,0.002311546
EIF4G3,-1.062356892,0.002311546
MAT2B,2.522336318,0.002329871
ITIH4,1.310011645,0.002331841
GTPBP4,-0.843745985,0.002334274
VAMP5,-1.544609054,0.00233681
LAMTOR1,-1.489573299,0.002337263
BCKDK,-2.689888615,0.002348842
VAMP8,-0.960272737,0.002350773
GPSM3,1.901747532,0.002350773
NDUFS5,-1.446709753,0.002359161
RPL4,-1.888267335,0.002359161
HECTD4,-1.867967637,0.00236281
GPT,1.431876861,0.002363923
YME1L1,-2.1610219,0.002381322
ROCK2,-0.689897961,0.002384554
UCK2,0.904757499,0.002384554
STT3A,-1.46323142,0.00238686
DCXR,3.870295212,0.00238686
CLTA,1.568135203,0.00239058
EML4,-0.973223359,0.002409796
NAA10,1.174073999,0.002414475
TXNDC5,0.898526932,0.002416464
TMED10,-1.46039416,0.00242162
DAAM1,-0.761084935,0.002425703
ITM2B,-1.359861707,0.002431627
UBE3A,0.709192509,0.002434594
ENPP4,-1.603850967,0.002439519
MINPP1,2.42167603,0.002440526
COL22A1,-0.979903277,0.002443034
CFL1,1.589436553,0.002443034
S100G,4.656866718,0.002446958
ACP5,-2.546911721,0.002450797
SERPINB6B,2.054428823,0.002452533
LYSMD2,0.809974599,0.002460047
NR2C2AP,1.612651284,0.002460905
CDNF,2.685726867,0.002461145
HIF1AN,0.618695629,0.002468869
PNISR,-0.53019106,0.00246903
UTP14A,-2.193589549,0.00246903
PPP1R13L,-2.33258103,0.002473255
LMAN1,-1.067194304,0.002482688
PHGDH,1.564605998,0.002487131
EIF4E2,-1.097515628,0.002487131
TAGLN,2.390403243,0.002498709
CEND1,-0.873633699,0.002498709
EXOG,-1.335241776,0.002501179
DCTN3,-1.104226988,0.002503073
PDS5A,-0.368261698,0.002507012
EIF4B,-1.321010016,0.002512029
CDC26,1.305844157,0.002513942
USP11,2.886430482,0.002516587
SLC25A31,-0.75800967,0.002523327
DNMT3A,-1.043246591,0.002531059
UBE2N,1.43647265,0.002531059
MTCH2,-1.723115608,0.002531059
DHX9,-2.158487579,0.002540991
LPAR1,1.947599825,0.002540991
PDS5B,-1.085350957,0.002546319
BIN1,-1.49575099,0.002547723
DAGLB,2.191782258,0.00254912
LCMT1,1.070313857,0.002553984
TPMT,0.41090992,0.002563433
MIF,3.1352358,0.002563433
SLC25A4,-1.996688063,0.002563433
LMOD2,-1.206348819,0.002563433
MYEF2,-1.987335899,0.002563433
RDH1,-2.74053803,0.002563433
IL1F10,1.415832649,0.002563433
DERA,1.590808773,0.002563433
CELF1,-0.488526648,0.002568408
COL7A1,-2.891806078,0.002568408
ENDOU,1.525698342,0.00257277
IFFO1,1.622400039,0.002591763
SPTLC1,-1.176767083,0.002592222
WDR70,-0.814866018,0.002592222
COQ9,-1.500233804,0.002599745
COPS5,1.322821276,0.002600722
ALDH16A1,1.090054956,0.002602408
PPM1F,1.145311352,0.002602408
TDRD3,-1.240314336,0.002602408
DCAF1,-2.508271877,0.002611574
GBP9,0.826945379,0.002615301
ATP1B2,1.823310971,0.002624892
U2SURP,-3.826571072,0.00263018
SHARPIN,0.456792785,0.00263114
ABHD12B,-2.720897418,0.002642706
KRTDAP,2.389945819,0.002642706
PML,1.641808402,0.002642706
DIS3L2,1.003165221,0.002647222
GIMAP4,1.307728686,0.002647222
CPD,-1.826809342,0.002654284
PPAN,-1.570530896,0.002654504
DNAJC5,0.741578218,0.002655852
PDCL,2.527827823,0.002655852
SLC25A5,-2.884244881,0.002662757
UBAP2,-2.043761693,0.002662913
SERPINE2,-0.385427878,0.002672174
FARS2,0.853704103,0.002672174
FYTTD1,-1.074772589,0.002672544
SPEG,-3.303543379,0.002674697
SRRM1,-1.013107765,0.002676066
COMMD5,-1.033363123,0.002676066
TTC38,1.493340543,0.002677787
USP24,-0.987358689,0.002677787
CHUK,1.391965374,0.002677787
DDX42,-1.975909638,0.002677787
GPNMB,1.811402113,0.002677787
MYO15A,-2.054289425,0.002677787
KRT5,-2.937653217,0.002683709
PABPC4,-1.174712119,0.002688571
CPT1B,-1.44741993,0.002688571
PFDN4,1.156169702,0.002696348
TRIM47,1.003919938,0.002702263
TM9SF2,1.863029799,0.002703633
SET,-1.474221281,0.002706235
IL1R2,0.937778011,0.002709122
MARK2,-1.012978537,0.002709122
ACY1,0.381380251,0.002709122
CUX1,-0.654534393,0.002709898
NSRP1,-1.96076211,0.002713672
H2AC21,-0.546729665,0.002713672
ATG4A,4.138055477,0.002713672
TMCO1,-0.577663476,0.002713672
MUSTN1,1.534915548,0.002713672
RNF181,1.49233461,0.002713672
CST6,1.623766695,0.002713672
STAG1,-0.799920641,0.002713672
EIF2S3X,-0.704917906,0.002713672
KRT27,-2.830608576,0.002713672
CCDC127,-0.267102661,0.002715148
PSMA4,-1.451788433,0.002715148
BUD31,-1.795967058,0.002718298
AIMP2,1.018542541,0.00272165
TF,1.701653187,0.00272165
SUN1,-0.809369457,0.00272165
SGK3,-3.137457901,0.00272165
FXYD2,-1.658215081,0.002724925
F13B,1.755388679,0.002724925
GSTT2,1.278459359,0.002724925
MTDH,-2.837127936,0.002724925
RFTN1,3.491968656,0.002724934
CIAO3,0.774591034,0.002724934
NRDC,1.044686578,0.002724934
HOOK2,-3.236426216,0.002728836
TESC,1.841240496,0.002734625
RPP30,-2.703190999,0.002734783
UBE2F,0.637170651,0.002734783
REX1BD,1.807674745,0.002734783
TMSB15B2,1.143789172,0.002735689
RABL2,1.959738472,0.002735689
HACE1,1.533154071,0.002735689
NCBP3,-0.893978557,0.002735689
IPO11,1.451358739,0.002735689
ASB6,-0.782189019,0.002735689
CYGB,1.790228051,0.002735689
TSTD3,0.409551961,0.002735689
RPL7L1,-1.616338266,0.002735689
CTNNA1,-1.03243437,0.002739983
DNAH7B,-0.809611879,0.002741393
ANKRD29,-7.248431133,0.002744613
KLC1,0.988688987,0.002744613
RAN,1.789237669,0.002744613
MYH6,-1.409009803,0.002744613
PPP6R3,1.695377811,0.002744613
RAP2B,0.724064242,0.002746596
ATP1B4,-3.205113205,0.002747039
FAM151B,1.667082955,0.002747128
KRT23,-0.704012119,0.002747128
GPATCH8,-0.847058897,0.00275486
COL17A1,-1.822295021,0.00275486
HPCA,0.914170673,0.002758656
RAD21,-0.56794631,0.002758656
TATDN1,1.190028993,0.002769734
ADAL,2.833760907,0.002769734
RPL37,-2.770031501,0.002771253
TSC22D2,0.712130849,0.002772984
MUP4,3.144245382,0.002773844
CDC73,-1.377025884,0.002773844
ACSL5,-1.589300241,0.002773844
NAXE,1.753048195,0.002773844
RWDD4,-0.353052926,0.002773844
CAB39L,1.035227223,0.002773844
GNAI3,0.883437494,0.002773844
ENDOG,-4.619482512,0.002778115
SF3B4,-0.411767663,0.002778115
CRELD2,0.291558161,0.002778115
CS,-1.661227385,0.002778115
PFN3,3.582180123,0.002778115
SH3GLB1,-0.372883859,0.002778115
SMARCB1,-0.840911031,0.002778115
COQ10A,-1.202741803,0.002800236
PPT2,2.502075474,0.002800236
SIRT2,0.541183322,0.002800236
DDX27,-0.504913908,0.002800236
EBNA1BP2,-2.605784425,0.002800236
FABP7,0.472208962,0.002803448
RERG,2.11869908,0.002803448
FLII,-0.876946754,0.002803448
IGKV12-46,3.714889602,0.002804225
MACROH2A2,-0.369954615,0.002804854
ZFR,-1.124891163,0.002805619
ESRP1,-1.894414657,0.00280745
ACOT13,-0.777172214,0.00280745
RBP1,2.484220481,0.00282907
WDR43,-0.404182565,0.00282907
AP3S2,-2.040800092,0.00282907
BRD3,-0.498052381,0.00282907
ERLIN1,-1.806776543,0.00282907
EPCAM,-0.91915881,0.00282907
MAP3K6,4.221152404,0.00282907
TUBB1,-1.347357148,0.00283143
TRIM3,-1.656142929,0.00283143
VPS33A,-0.793039565,0.002835001
SAT2,1.043131106,0.002861013
Q9CRW3,1.432588797,0.002861013
OS9,-0.884427794,0.002863448
PLEKHA2,0.975387261,0.002863448
MTMR1,2.515411007,0.002868052
DCK,3.551497774,0.002874307
AGPS,1.741851794,0.002874307
TMUB1,-0.614348362,0.002874307
PSMB7,-1.628423191,0.002883088
CGNL1,-1.084603545,0.002883976
ACAT1,-1.012703507,0.002883976
ALOXE3,-1.171168946,0.002883976
FKBP9,-0.72671955,0.002883976
SUOX,0.838478423,0.002885135
TMEM59,-2.829319519,0.002885135
ZC3H11A,-0.428606489,0.002889973
TRAPPC6A,0.301114301,0.002889973
XPO1,1.387325051,0.002893861
PICALM,-1.0910467,0.002893861
TRIM56,-1.221912931,0.002893861
TTC39B,2.217114791,0.002893861
TCAF2,1.855327901,0.002893861
CMAS,-1.135785219,0.002893861
LMO7,-1.115391891,0.002894601
LYZ2,-1.497730002,0.002894601
KHDC4,-0.357028146,0.002894601
DHPS,0.34518574,0.002894601
ABCB7,-2.361258636,0.002894601
RBM26,-1.621761971,0.002894601
SPCS3,-1.233529734,0.002894601
SDHAF4,0.93259019,0.002894601
VPS52,-2.858754296,0.002894601
LTBP1,-0.7210854,0.002894601
RBM28,-1.580020443,0.002894601
DHRS7C,-0.924286419,0.002894601
TRIP10,-1.16929513,0.002894601
MCFD2,1.903585531,0.002894601
GSTM4,0.355398617,0.002894601
SERPINB1A,1.413405495,0.002894601
2310002L09RIK,-1.281598187,0.002894601
RPN2,-1.126620558,0.002894601
NAA80,2.620123371,0.002894601
ATP6AP1,1.054512333,0.002894601
WDFY3,-0.560078298,0.002899126
RECK,2.614427838,0.002899126
CCDC115,-1.60570159,0.002904246
GNAI2,0.448030763,0.002907635
RPL9,-2.933300722,0.002907635
AIDA,1.31565584,0.002907635
ECSIT,-0.823393088,0.002907635
ITPR2,-0.671180067,0.002907966
NAA25,-1.138794613,0.002909376
APOA2,1.230997716,0.002913379
FKBP5,0.643868132,0.002913379
CCAR2,-0.860627572,0.002914403
YTHDF2,-1.484595125,0.002914687
SUPT6H,-1.90534194,0.002915035
GLYR1,-0.708782588,0.002919742
PA2G4,-1.389117085,0.002926169
ALDH3B1,0.966368096,0.002926169
PTPRF,1.04984686,0.002930086
CANX,-0.345446624,0.002933297
MROH7,-1.358477277,0.00293499
DOCK1,-1.42668977,0.002935705
PRR14,-2.860364016,0.002939169
H2BC26;H2BU2,-1.204123023,0.002941868
DDX50,-0.701564928,0.002942552
MKI67,-1.375779712,0.002943496
NAA35,-2.697646341,0.002943496
ABITRAM,1.434215424,0.002943496
SLFN5,-1.327617615,0.002943496
WIPI1,0.57382538,0.002943496
TRIAP1,0.90183306,0.002943496
RIMOC1,0.678580023,0.002944463
ARID1A,-1.080496804,0.002944951
ITGA9,2.305968115,0.002944951
PKN1,-1.275830069,0.002944951
OBP2A,3.067642483,0.002944951
UQCRC2,-1.607617081,0.002944951
ACSL3,-0.857865833,0.002946879
SENP8,2.544146528,0.002946879
PSMA7,-0.867788453,0.002946879
ARHGAP12,-3.454220177,0.00294846
SLC25A42,-1.000001812,0.002950571
YARS2,-1.071658647,0.002950637
HGFAC,1.073074139,0.002950637
APEH,0.52445189,0.002952629
ATP5F1E,-2.08775276,0.002957687
SNRPA1,-2.173494271,0.002957687
NUFIP2,-1.132947522,0.002957687
Q8BGC1,1.28545508,0.002957687
CLPTM1L,-1.331552344,0.002957687
TBRG4,-1.503055136,0.002957687
TMEM9B,-1.348272312,0.002957687
PAXBP1,-1.056098021,0.002958816
PCBP1,-0.856889208,0.002958816
RALBP1,1.057491043,0.002958816
BNIP1,-0.499041624,0.002958816
CYFIP1,-0.954134786,0.002958816
PPWD1,-1.316833314,0.002958816
ACSBG1,-0.661921237,0.002958816
TCAP,-2.048250663,0.002960949
CTSK,-0.609651089,0.002960949
TNC,-1.058829126,0.002960949
GJB3,-1.741048228,0.002966176
RAB21,-0.660481182,0.002966241
SLC16A10,-1.491337845,0.002966241
SDHAF2,1.22979198,0.002966241
SNX18,0.715814551,0.002966241
CCDC86,-2.621908826,0.002966241
HAX1,-0.866201476,0.002966306
ATP2B4,-1.215865296,0.002966507
GTF2E2,-0.686883611,0.002966507
NOLC1,-2.252717642,0.002972041
CUL5,0.325995112,0.002972746
MACROH2A1,-9.855576354,0.002972746
TMOD1,-1.521260125,0.002972918
SLC16A3,-1.358999792,0.002973003
SH3KBP1,-1.349314787,0.002973003
ASPN,-1.930548444,0.002973003
YIF1B,-2.348902176,0.002973003
COX7A2L,-1.010107895,0.002974274
CELA2A,3.083913162,0.002978295
SULT6B1,2.726696612,0.002978295
CPE,0.523933622,0.002978295
PODN,-0.57296338,0.002978295
WWP1,-1.20216426,0.002978295
TBC1D22A,1.087501281,0.002978295
WFDC12,0.960043501,0.002978295
YTHDF1,-1.000106651,0.002980874
HSPA1B,0.976409698,0.002981023
AQP1,-1.193240516,0.002981023
RTF2,-0.666727334,0.002981023
CYP2D11,1.05690309,0.002982815
CSTF3,-0.452543213,0.002983179
EXOSC10,-0.706181264,0.002983825
WIZ,-1.363007791,0.002986304
TNNT1,-0.68454233,0.002986304
ALDH1A1,1.255409157,0.002986304
TEAD1,-1.153538068,0.002986304
ACCS,2.318973329,0.002986334
ARMT1,0.805615183,0.002986566
CABP7,1.188494726,0.002986566
PIR,1.254977897,0.002988407
RNF141,0.459594307,0.002992612
CD2AP,-1.088657777,0.002992612
SPON2,0.415987808,0.002994565
ERMP1,-1.489634688,0.003002123
PLAAT3,1.295036651,0.003004773
EXOC6B,-0.827380104,0.003004877
TNS1,-0.827545407,0.003004877
HSPA1L,5.69301167,0.003004877
OAT,1.211461307,0.003004877
UPP1,0.784639103,0.003004877
GIGYF2,-1.327319408,0.003004877
MFN1,-0.429260195,0.003004877
AKR1C14,0.514735823,0.003004877
PAM16,-0.68588003,0.003004877
MAGT1,-0.723997436,0.003004877
VPS28,0.555663136,0.003004877
OVCA2,0.325365936,0.003004877
DPH2,1.987712595,0.003016873
ADAMTS1,2.352316623,0.003016893
RPUSD2,1.769552606,0.003016893
EIF4G1,-0.486758417,0.003016893
CWC22,-1.071185977,0.003016893
MYO5A,-1.961367185,0.003016893
FDX1,0.835440836,0.003017329
SRR,0.822104095,0.003017329
MATN2,-0.890741349,0.003020688
KRT18,-1.51010147,0.003020688
HMGN1,-3.01729979,0.003020688
COQ8B,-2.313307335,0.003020688
Q5EBG8,1.057764252,0.003020688
NOL10,-0.938863106,0.003020688
ZNF512,-0.306232229,0.003020688
UBQLN1,1.615991684,0.003020688
CD207,-1.073099246,0.003020688
PLRG1,-0.749302185,0.003020688
NUDT14,0.841804303,0.003020688
DKC1,-2.396149007,0.003020688
PROB1,-0.622961346,0.00302152
R3HCC1,0.693585177,0.00302152
PIH1D1,0.796511064,0.00302152
DUT,1.284488828,0.003026163
PTGES,-0.592370383,0.003031213
IBSP,-3.43990328,0.003035775
VRK1,-0.250612256,0.003035775
RBMS1;RBMS3,-0.749598605,0.003035775
MYOZ3,-2.354969826,0.003035775
VIT,-2.32244011,0.003035775
GM4841,0.751441623,0.003037547
FHIT,0.587059886,0.003037547
MUP20;MUP3,1.740007055,0.003037547
KLK1B9,0.768523564,0.003037547
HK1,0.878293402,0.003037547
PCP4,2.292648056,0.003037547
RHOT2,-1.155530706,0.003037547
MRPL33,-1.605243254,0.003037547
CTSC,1.019294653,0.003039179
NFU1,-1.225027885,0.003039179
ALBFM1,3.538983076,0.003041403
EPM2A,0.186482153,0.003041645
MGP,-3.429250108,0.003042452
ERP29,0.921583916,0.003042482
PHIP,-0.897349941,0.003042482
EMC4,-1.15349368,0.003042482
HMGA1,-0.631006615,0.003044482
CORO2B,1.890529385,0.003044482
FBXW17,0.780034337,0.003044482
TUBB4A,-0.97326385,0.003044482
CRP,2.254227661,0.00304505
NSMAF,1.103797464,0.003045593
SAA4,1.173072327,0.003045593
COMMD8,0.780757822,0.003045593
ATXN2,-1.098963562,0.003045949
GBP4,2.371447036,0.003045949
MCMBP,2.059893586,0.003045949
MYCBP,1.2295093,0.003045949
MAP2K3,-1.304200065,0.003048527
PPME1,0.838158575,0.003048527
DSG4,-0.218768944,0.003055323
PMVK,1.292918272,0.003055323
HNRNPDL,-1.523753572,0.003055323
DDX51,-2.332031989,0.003055887
PHLDB1,-1.384012274,0.003055887
CHD7,-4.666437073,0.003055956
SFSWAP,-1.14572958,0.003055956
MVB12A,-1.900673972,0.003055956
INPP5K,1.563157998,0.003055956
SERPINB9B,1.147528068,0.003055956
CEP170B,-1.582850858,0.003057193
ABLIM2,-2.412565871,0.003057193
TTC32,1.530167592,0.003057193
TMED2,-1.255863423,0.003057193
USP25,1.215522761,0.003060991
TPRG1L,1.758941632,0.003060991
YPEL5,0.782260319,0.003062103
IDS,2.550000671,0.003062103
PRKCI,1.240838619,0.003062103
TRUB1,2.367017742,0.003062103
ACO2,1.546808948,0.003062103
NOP56,-2.579920041,0.003062103
FKBP1B,1.199025474,0.003062103
DHX30,-1.435117324,0.003064347
SAMHD1,0.772020141,0.003064605
ATXN2L,-2.028044126,0.003064605
CCDC124,-3.226097847,0.003064605
DSG3,-2.183308489,0.003064663
IPO13,1.204846712,0.003064904
OTUD1,1.310967593,0.003064904
XPO4,1.365562899,0.003064904
RNASE4,1.107435996,0.003064904
PPFIA1,-0.558366087,0.003066671
TP63,-0.761971358,0.003066671
PPOX,-0.823388729,0.003066671
SLC12A2,-1.598148957,0.003066671
ZNRD2,1.073314778,0.003066671
FRRS1,3.271592114,0.003066671
PPP1R1A,0.721770974,0.003066671
LBH,1.982846552,0.003067277
ALYREF,-4.61555626,0.003069154
SLC27A3,-0.212054707,0.003069154
SERPINA3K,2.308941002,0.003069154
WDR5,-1.24143693,0.003069154
DLG1,-1.403710597,0.003069154
RETREG1,-2.076580945,0.003069154
MT2,2.841986386,0.003074678
TMEM126A,-1.036301631,0.003074678
SPRR2B;SPRR2D;SPRR2G;SPRR2H;SPRR2K,2.209700885,0.003082117
PRPF4B,-0.693707713,0.003086936
KRT36,-3.479224753,0.00308887
NME3,3.282568282,0.003090684
1700001F09RIK;BC061237;GM10376;GM3486;GM3543;GM3573;GM3676;GM4181;GM47189;GM5800,-2.866734265,0.003092961
QTRT2,0.503632612,0.00309343
FOCAD,-1.236189702,0.003094333
RBM14,-1.690294814,0.003094333
UPF2,-1.029075687,0.003100546
BNIP3,-1.553260522,0.003100546
CNP,-0.974737214,0.003100546
LMNB2,-4.978582505,0.003100546
CDA,0.321019791,0.003100546
TLE5,-0.361945397,0.003100546
PPP3CA,0.783898138,0.003100546
TSR3,-1.565317211,0.003100546
DPF2,-0.965193651,0.003100546
DNAJC1,-0.496302822,0.003100546
CD47,1.811233068,0.003100546
ZFYVE16,1.863940281,0.003100546
AADACL2FM1,-2.078937854,0.003100546
TIGAR,0.925030668,0.003100546
GUF1,-0.897508391,0.003100546
C1RA,2.001568897,0.003100546
ASPA,4.551824642,0.003100546
KPTN,2.324065111,0.003100546
MTMR6,3.124241063,0.003100546
HLCS,1.02930904,0.003100546
NXF1,-0.529912463,0.003100546
NDUFA2,-2.190982012,0.003100546
MRPS17,-2.332459084,0.003100546
LSM12,-0.847784136,0.003100546
PSMG2,0.996421266,0.003100546
SLC12A7,2.084240038,0.003100546
POLB,-1.166451232,0.003104071
UQCC5,-1.659581532,0.003105482
Q8R3Y5,-0.730645257,0.003107173
UBASH3B,1.335725629,0.003108305
PUM3,-2.672470552,0.003108305
MOGS,-1.314550987,0.003111775
MAVS,-1.186906975,0.003111775
PPIG,-0.993547457,0.00312139
TCEA1,-1.232488938,0.00312139
GNAS,-1.080371785,0.00312139
CALM5,1.803165499,0.00312139
DNAJA2,-1.10741613,0.00312139
ADAP1,3.014809235,0.003125634
TARBP1,0.430716863,0.003125634
UBE2D1,0.847811937,0.003125634
NSUN2,0.585625022,0.003125634
ACP6,0.933827495,0.003125634
CACTIN,-0.551462241,0.003125634
PHAX,1.697771273,0.003125634
MYOZ2,-2.031718958,0.003125634
AGPAT1,-1.043127084,0.003127776
LCAT,0.842467062,0.003127776
SDC1,0.713585538,0.003127776
CTSG,-2.074180633,0.003127776
RPLP1,-2.181764443,0.003127776
NUDT1,0.363058652,0.003127776
UBE2D2,1.476132276,0.003127776
RIT1,1.24105116,0.003127776
TRMT10C,-1.019954885,0.003127776
CRPPA,0.636136715,0.003127776
GLT8D1,-2.148073279,0.003127776
FAM76B,-0.628852141,0.003127776
MPHOSPH10,-0.657547342,0.003127776
LMOD1,-1.067498934,0.003127776
TMX4,-5.078423492,0.003127776
NELFB,-1.243401315,0.003127776
ELOA,-1.5017049,0.003127776
WDR47,1.003121991,0.003127776
MBOAT7,-1.084712765,0.003127776
ILKAP,-0.995584501,0.003127776
RCC1,-0.408134263,0.003127776
FUBP1,-1.197969587,0.003127776
CES1F,0.261445165,0.003127776
NDUFAF1,-1.885737467,0.003127776
ACBD6,0.583252058,0.003127776
KRT20,-1.26340788,0.003127776
CNPY3,-0.788804713,0.003127776
EIF4ENIF1,-3.635754239,0.003127776
PBK,0.988946044,0.003127776
NAGK,1.111964909,0.003127776
NUBP1,0.650285067,0.003127776
SRSF10,-0.191080104,0.003127776
TIMM23,-0.413754137,0.003127776
RBPMS,3.033433386,0.003127776
PADI3,-1.152721619,0.003127776
OSBPL10,2.663371767,0.003127776
INPP4A,-1.823863565,0.003128902
ARL6,0.429324335,0.0031304
SURF1,-1.675451879,0.0031304
MTRES1,-1.366570953,0.0031304
UBE2A,0.661110672,0.0031304
CLCN1,-1.274644464,0.003131645
LYAR,-0.867503366,0.003134906
ECPAS,-0.442262137,0.003137112
OXLD1,1.542890145,0.0031405
ADH6A,0.555321305,0.003147355
FTSJ3,-0.977642946,0.003147355
SAP18,-5.933689892,0.003149624
RBM27,-0.853647637,0.003149624
NFKBIB,1.367177392,0.003149624
MRE11,-0.631394861,0.003149624
AKTIP,0.684125366,0.003149624
LSAMP,1.707729548,0.003149624
DUSP15,-1.819629535,0.003149624
SELENOM,2.110477234,0.003149624
GAR1,-0.503346613,0.003149624
LYG1,-2.089044307,0.003149624
OCIAD2,-1.393026062,0.003149624
ARR3,3.304620481,0.003149624
ZSWIM4,-3.376111191,0.003153012
ATP6V1C2,-1.575383052,0.003153012
IRF2BP1,-3.474675504,0.00315531
HFE,0.565174794,0.003161379
UAP1L1,1.651717438,0.003161379
XRCC1,-1.217355728,0.003161379
NDUFA12,-1.647654888,0.003161379
ASF1B,1.413725531,0.003161379
COX7A1,-3.154540115,0.003168056
FKBP8,-0.933996955,0.00316811
MAK16,-0.7085896,0.00316811
PSMD4,0.963067579,0.003171477
AOX1,1.435929602,0.003171477
PDCD11,-1.703200018,0.003173611
EXOC1,-0.805985252,0.003173611
UTP18,-1.087478621,0.003175678
RBM25,-1.002890305,0.003176344
PPCDC,2.36412455,0.003176344
SLC27A4,-1.033758084,0.003176344
HINT3,0.719254017,0.003176344
FAM227B,2.387430403,0.003177679
IGHV5-16,0.795744155,0.003180045
DNASE1L3,-0.697719821,0.003180045
NDUFAF7,0.880150776,0.003180045
PSPH,1.61895862,0.003183509
VAT1L,1.150013738,0.003191794
SEPSECS,-1.520333268,0.003195542
AAGAB,1.514250671,0.003195542
ANK1,-1.557420327,0.003198391
CARNS1,0.690829991,0.003198391
SIK3,0.301662862,0.003199317
ATG4B,0.886147269,0.003199317
MAB21L4,1.250692021,0.003202932
MRPS15,-1.23126443,0.003202932
VAT1,0.708386614,0.003204648
TPPP,-1.727467216,0.003204648
MTRR,0.481595724,0.003204648
TMA7,-2.664989275,0.003204648
NAT10,-0.129843403,0.003204648
SYNPO2,-2.574472393,0.003204648
ABCB10,-2.06047166,0.003204648
CDKN2B,0.782194529,0.003206162
EXOC3,-1.337100094,0.003206723
CRIPT,6.568271453,0.003207887
IGH-1A;IGHG,4.197404101,0.003212003
FNBP1,0.963863195,0.003213336
NIFK,-0.835240059,0.003213336
APMAP,-1.599092327,0.003213336
THBS4,-1.549766826,0.003213336
ARCN1,-0.324533981,0.003213641
NEXN,-1.899290183,0.003214661
TMLHE,-1.336408842,0.00321698
SRP14,-3.362053211,0.003220069
HECTD3,2.911846493,0.003220069
2200002D01RIK,-0.763036186,0.003221844
MOCS2,0.494847303,0.003227217
FPGT,0.104003861,0.003228343
EIF4EBP2,2.484693856,0.003230436
DPT,1.501294037,0.003232034
C1S1,1.432942743,0.003240508
MANBAL,-1.640428515,0.003240508
CCDC90B,-2.341337716,0.003241261
PARPBP,0.95745008,0.003243728
PCSK6,-1.603208832,0.003245996
CHMP6,-1.397924714,0.003245996
TCP1,0.892589974,0.003245996
ECM2,-1.204633284,0.003245996
NOP58,-0.684654445,0.003245996
PPP1R10,-0.803928179,0.003245996
EPN3,1.755845914,0.003245996
MRPS28,-0.489015872,0.003245996
PSMB3,-0.936046647,0.003245996
BRD2,-0.249700231,0.003248068
FUNDC1,-0.631749837,0.003248068
ALOX15,-0.893516306,0.003248351
CLASP2,-2.136533527,0.003251817
SDR39U1,-0.953136692,0.003251911
GLS,1.300752049,0.003252552
CYB5R4,2.313147263,0.00325372
GM5478,-1.135631139,0.003256596
CUL4A,1.211156802,0.003256596
FNDC3B,-0.806803994,0.003256596
ITIH5,-0.497910125,0.003256596
AQR,-0.744448122,0.003256596
FOXRED1,-1.976474224,0.003257917
TMEM205,-0.904151942,0.003260156
HDGFL2,-1.36894627,0.003262228
CNOT9,1.115227838,0.003262228
FBP2,4.494252319,0.003265555
WDFY2,1.063195382,0.003265555
COG5,0.893614407,0.003265555
MRPL46,-1.823587279,0.003266312
KRTAP13,-4.367958665,0.003267689
CHERP,-1.174779027,0.003267689
COMMD4,1.285803645,0.003273694
BOD1L,-1.497733818,0.003275565
MLYCD,-1.565894968,0.00327753
HOMER2,-1.588036869,0.003278597
KRTAP27-1,-1.94761251,0.003282065
GOLGA3,-1.162035838,0.00328522
AKAP12,1.066750731,0.003289043
MRPS6,-2.182606193,0.003289219
CGGBP1,-1.356656938,0.003289384
FILIP1L,-0.454668272,0.003293475
DDX23,-0.65207,0.003296775
KLF4,-1.181838379,0.003296775
ZMYND8,1.512866481,0.003299028
UFL1,-2.156372952,0.003299028
DHX16,-1.152390816,0.003301983
DNAH5,-1.853514295,0.003301983
NUDT7,0.795472695,0.003301983
MMP9,-1.974597973,0.003304148
SUPT16H,-0.632323103,0.003304148
IK,-0.435712963,0.003306498
NOC2L,-1.117388086,0.003306919
VCAM1,1.035718381,0.003312667
ELP3,0.790596578,0.003312667
WDR46,-1.142049463,0.003312667
BSPRY,1.095608789,0.003313985
DDA1,0.568691521,0.003313985
LAMTOR4,3.485067629,0.003316639
PIGR,0.503464061,0.003321904
RANBP10,-0.790022223,0.003321904
ARL6IP6,-0.909595099,0.003325814
PUM1;PUM2,-1.156912984,0.003326007
CGREF1,0.806239061,0.003326007
IST1,-1.322282887,0.003326007
FGFBP1,-1.507216194,0.003329181
N4BP1,1.053513274,0.003329181
GBP2,-0.493503522,0.003329181
KRT6B,-2.309367301,0.003329181
CAMKMT,2.011737713,0.003329935
SHOC2,-1.557817194,0.003331522
ATP5MC1;ATP5MC2;ATP5MC3,-6.658408882,0.003331522
TUBAL3,1.617219025,0.003331522
AGR2,-2.390247641,0.003333364
REEP5,-0.499164822,0.003333364
ERGIC3,-2.120587283,0.003333364
ATRX,-0.46053674,0.003333692
UBA7,1.499355278,0.003333692
XPO7,2.085560914,0.003333692
GFM1,1.452686056,0.003339423
CRTC2,0.610092564,0.003342375
POU2F1,-1.356714698,0.003343398
CPSF1,-1.185346055,0.003343398
CASTOR2,0.576808891,0.003348179
NFYC,-0.679604686,0.003351617
MAIP1,-0.489189705,0.003351617
NUBPL,-1.071727276,0.003351617
B3GLCT,1.519155213,0.003352156
HNMT,0.83375663,0.003356982
OR10H1;OR10H1B;OR10H5;OR10Z1;OR13C7;OR13C7B;OR13C7C;OR13C7D;OR8B4,1.549068164,0.003357854
ARHGEF10,1.492650849,0.003358917
APBA2,0.988363274,0.003363257
TFAM,-0.574540113,0.003365314
LCLAT1,-0.538573823,0.003365314
WLS,2.931010867,0.003366826
MAPKAP1,-2.010733911,0.003366826
OGFRL1,1.352864623,0.003366826
ISG20,-2.982726945,0.003366826
Q9D937,-0.678714478,0.003374007
KRT7,-1.895404749,0.003374007
SCARB2,0.768147576,0.003374083
XIRP2,-2.231423121,0.003374083
NRF1,-2.284095902,0.003374083
ELP2,0.655086832,0.003375288
FAM205A2;FAM205A3;FAM205A4,-9.436365184,0.003376513
PTPRO,-1.09825968,0.003376513
LMOD3,-1.65797926,0.003376513
U2AF2,-1.893383256,0.003376513
SURF6,-0.494464444,0.003376513
ATP11A,-2.393464908,0.003376513
RASIP1,-1.397071637,0.003376513
PRMT9,0.445500158,0.003376513
PROM2,-2.067515507,0.003376513
JAGN1,-0.349133102,0.003376513
CTNNA2,2.272707538,0.003376513
SMCHD1,-0.585255688,0.003376513
KCTD12,-1.498166049,0.003376513
VRK2,-1.130884821,0.003376513
RBM19,-2.406569316,0.003376513
CCDC9,-0.72405938,0.003376513
PPP1R14A,1.291831366,0.003376513
NOP2,-0.221874012,0.003376513
WDSUB1,0.471602663,0.003376513
PCK1,1.166021888,0.003376513
SLC27A1,-4.36923043,0.003378795
IGHV6-3;IGHV6-6,0.821111102,0.003380752
DHCR7,-3.02820222,0.003380752
FETUB,1.209172209,0.003380752
EXOSC3,-1.446138692,0.003382295
FAM177A1,3.371060677,0.003385693
PIK3CG,-1.879733939,0.003389356
CELA1,0.895686266,0.003390145
SYNPO2L,-1.983067607,0.003390153
SPRYD7,-2.677200947,0.003390509
LDHD,1.63757575,0.003390509
ADPRM,0.802879925,0.003390509
PPP3R1,1.526922887,0.003395009
COL14A1,-2.824087049,0.003395009
PELO,-0.938600074,0.003395009
DDX56,-1.570459984,0.003395009
IFNAR2,1.384078331,0.003398908
LEMD2,-0.937855707,0.003402129
POLR2I,0.452700751,0.003405697
NOP9,-0.83455758,0.003406949
LIG1,1.030499845,0.003408929
FLNC,-1.557287722,0.003411798
TPP1,-2.833672222,0.003413492
TBL3,-2.019797501,0.003413763
CNTF,1.062538468,0.003422058
PRUNE1,1.312922797,0.003422058
ACSL1,-1.144077502,0.003422082
NTAQ1,0.741968613,0.003422082
TANGO2,1.76919846,0.003423411
EIF2D,-1.134466328,0.003428941
IDH2,1.137956013,0.003429876
TCP11L1,0.348776062,0.003431354
C1QC,-1.089358339,0.003432196
GET4,0.933676126,0.003434721
NLRX1,-3.060121715,0.003436274
TFAP2A,-3.149812164,0.003440981
MFGE8,-2.101105762,0.003442672
PTPRG,2.54972645,0.003442672
EEF2KMT,1.938226161,0.003442672
RAB43,2.152535982,0.003442672
ZG16,-1.651757912,0.003442672
ANAPC13,2.083181039,0.003442672
PHYKPL,0.967489942,0.003442672
DDX19B,3.24376298,0.003442672
XRN2,-1.098522974,0.003442672
PREB,-0.525885953,0.003442672
MIA2,-0.281213398,0.003450455
DENR,-6.243062696,0.003455011
KNG2,0.459774246,0.003458092
CYBC1,-3.876687186,0.003458877
LRRC14,2.458505462,0.003458877
IRF2BP2,-5.48030996,0.003463692
RAD50,-1.035756629,0.003464809
MYL12B,2.263938004,0.003464809
LGALS4,-1.169109525,0.003465246
DCTPP1,0.954050109,0.003467435
MACROD1,1.10166511,0.003469019
PPP1R12A,-0.9966548,0.003469019
NES,-1.505904426,0.003470821
FNTB,0.603485663,0.003474546
COMP,-4.916662464,0.003479354
HDDC3,2.986558905,0.003479964
COL6A6,-1.226208983,0.003480542
PLCB4,-2.472816234,0.003480542
FXR2,-0.637231618,0.003480542
GNL3,-1.072529136,0.003483884
PLA2G4F,3.022218693,0.003485965
HADH,-0.393757617,0.003491214
KRTAP16-1,-1.905541914,0.00349627
MDN1,-3.398359716,0.003496965
CBS,2.18893437,0.003496965
PNPO,1.125472325,0.003496965
VTI1A,-2.97568452,0.003499475
CACNA2D2,1.100943797,0.003499475
THYN1,-0.918963893,0.003499475
CCT4,0.894459073,0.003504014
MRTO4,-1.458227298,0.003504014
SIN3A,-1.576128057,0.003511601
HYOU1,0.844048696,0.003512216
RBM20,1.376572056,0.003514723
TIAL1,-0.993272687,0.003516036
CD248,0.632031938,0.003519304
ITGA5,-0.847484275,0.003522034
SOS1,-0.435918509,0.003525236
MAN1A2,-0.81420577,0.003525772
EXOSC1,-1.701327135,0.003525772
PHKG2,1.555782427,0.003525772
SENP3,-0.565553836,0.003525772
5430402E10RIK;GM14744,1.589038208,0.003527875
MCCC2,-2.726535051,0.003532416
SNRPC,-0.873869469,0.003539975
MYBPC2,-1.028379173,0.003544636
UBR1,1.456764633,0.003544783
SEC61G,2.052377312,0.003546661
SARG,-1.644296688,0.003546661
DNAJC3,-3.945220552,0.003546661
NDUFB3,-2.387939307,0.003551528
RNF25,0.85250017,0.003551528
MRPL38,-0.669342585,0.003554405
AKR1C18,0.573247822,0.003555716
ELOVL1,-1.214051898,0.003557776
SPAG1,-1.753586639,0.003558062
RASSF4,0.824481087,0.003558719
PDGFRA,-1.605250662,0.003559458
ACTBL2,2.57963051,0.003559458
CHAC2,1.754141744,0.003572615
CD44,1.016538414,0.003576347
SELENOT,-0.468357245,0.003584136
RPL35,-2.950957511,0.003584136
HNRNPA0,-0.940221523,0.003584136
ASCC1,-2.017450079,0.003584136
CEP170,0.756963936,0.003596273
WASHC4,-1.066161562,0.003598917
MAP3K7,3.414316358,0.003601855
UBAP1,0.630228805,0.003601855
TRAPPC2,0.872599988,0.003601855
RPS11,-3.006972811,0.003609668
ECI1,-1.186152722,0.003610076
CERS3,-2.470095212,0.003610833
TTC27,0.89304568,0.003610833
SH3PXD2B,-0.942208448,0.003613527
ANGPTL7,-1.836929592,0.003621967
LRRC20,1.805625944,0.003622407
UBR2,0.711848969,0.00362258
UNC45A,-0.62147497,0.00362258
ATP5PF,1.39780007,0.003627438
SCGB1B27,1.829746016,0.003627438
IGFALS,1.627746611,0.003630881
CDC23,3.980023112,0.00363893
WDR45B,-1.776114392,0.00363893
AXL,0.634399288,0.003643019
RAB24,1.267096697,0.003643185
RAB27B,-0.587483109,0.003647032
DPM1,-1.807257304,0.003648609
FBXL8,2.814686897,0.003650882
PELP1,-0.502062899,0.003650882
EXOC2,-1.262186358,0.003660969
Q8BH50,1.532216717,0.003662791
RCOR1,-2.191646198,0.003662791
BAG5,0.674564225,0.003662791
RPF2,-0.472481694,0.003662791
GLA,0.815967029,0.003666087
GALNS,0.740793376,0.003666087
QDPR,1.177193975,0.003666087
RNGTT,-1.476831018,0.003667629
RMC1,-1.542611324,0.003667629
UBQLN4,0.886429517,0.003675073
HEXIM1,-0.765195377,0.003688847
ELAVL2;ELAVL3;ELAVL4,1.809758571,0.00369451
LGMN,-0.670596713,0.003708484
IGHV1-9,0.659777319,0.003708767
SRPK2,-0.4394151,0.003708767
RAB8A,-1.048668988,0.003708767
TRMT44,3.394724231,0.003715696
EXOSC9,-1.949019782,0.003715696
RRS1,-0.74826929,0.003717978
CORO6,-2.579397708,0.003724685
TPK1,1.294518247,0.003726066
LZIC,1.324093516,0.003746205
FTH1,0.798137902,0.003750952
SAMD4B,1.671948562,0.003758936
MRPS35,-3.572212964,0.003758936
POLDIP2,-0.707394409,0.003758936
CPA3,-6.269026162,0.003763222
TIMM29,-0.513546341,0.003770361
VPS16,-2.925978855,0.003770361
TRADD,-0.810459183,0.003774765
GSDMA,0.595461131,0.00377588
PSMB5,-1.142345627,0.003784758
CTF1,2.139726164,0.003784758
RGCC,0.661067244,0.003785382
DDC,3.076084746,0.003785939
CAPN1,-0.656126752,0.00379914
MRPL14,-2.135857074,0.00379914
MRPS26,-1.505182131,0.00379965
PNPLA2,-2.046590727,0.00379965
APOB,0.513692035,0.003803228
KRT80,-1.26312606,0.003803627
ADD2,-1.380921536,0.003803627
SNRPA,-1.552793071,0.003809445
DHRS4,-1.674440113,0.003809445
ACSS2,1.333216545,0.003810207
NUP88,-0.886185674,0.003814292
PNPT1,-0.737139207,0.003825249
LRRC57,-0.897188423,0.003828251
LIG3,-0.458384143,0.003832674
H1F10,-0.767347092,0.003832674
CA5B,3.006336106,0.003832674
NUMBL,1.275661959,0.003835952
ATP6V1A,1.243844468,0.003836388
RNASEL,1.463759977,0.00384279
GFOD1,-1.195111136,0.00384279
RPL14,-2.063357647,0.00384279
INTS9,-1.311259641,0.00385456
ADHFE1,1.124475415,0.003854796
FBXO7,2.706705965,0.003857621
LAMA3,-0.981302514,0.003857621
NDUFA5,-1.055497149,0.003857621
CSNK1D,-0.640129573,0.003857621
PSMG4,3.35101562,0.003857651
PPIC,1.390818564,0.003857651
NDUFS1,-0.898890923,0.003857651
DPP7,1.405573067,0.003857651
DNAJC7,-0.764823821,0.003857651
FCGBP,1.302476826,0.003862305
NOL11,-1.3418856,0.003862305
WARS1,0.814325747,0.003862675
CRBN,1.424242085,0.003862894
BCAT1,1.050319954,0.003863059
AKR7A2,1.537556856,0.003883432
ADPGK,2.629366747,0.003883432
SULT5A1,0.698973554,0.003883432
PIP4K2B,-1.087950319,0.003891375
TMPRSS11E,-1.097310308,0.003894761
POLR2G,-2.896986202,0.003901793
FLRT2,0.202544824,0.003909373
HAT1,0.790140309,0.003914838
Q8C5K5,2.359304175,0.003914838
PRPF39,0.541426998,0.003914838
METTL7A1,-3.653754133,0.003915085
PLOD1,1.266279236,0.003915085
RPL10A,-2.096340695,0.003915306
GAP43,1.094577247,0.003915445
RAB31,-0.785992576,0.003921602
CASQ2,-1.837127404,0.003922755
IPO8,1.156130203,0.003922755
TMEM214,-0.884519106,0.003922755
MBD2,-1.244692509,0.003930827
BRIX1,-2.809141006,0.00393311
PHLDA3,-1.885228914,0.003936526
RILP,1.137159527,0.003945342
ANK2,-0.578187938,0.003945342
VPS29,2.566190405,0.003945342
PRPS1,1.839349513,0.003950056
GALK2,1.487519912,0.003958953
DNASE1L2,1.497084979,0.003960093
UFSP1,0.370784858,0.003966035
DDAH1,1.551943637,0.003966499
ASNS,1.457059917,0.003972855
RBM42,-1.199078309,0.003972855
TBL2,-4.249642971,0.003972855
EIF5B,-2.066852057,0.003977143
CTH,1.537410521,0.003977143
ATP5MPL,-6.22461914,0.003981099
SRP72,-1.934682533,0.0039819
PM20D2,2.374044442,0.003984564
STXBP6,-2.660248441,0.003984564
FBLN5,-5.137469619,0.003984564
GDPGP1,0.165701154,0.003990171
LYRM7,1.12726591,0.004005233
SPRR1B,2.56034446,0.004013716
PACSIN2,-0.870968654,0.00401391
DNAJA3,-4.201305227,0.004019926
NAT9,0.403650475,0.004039015
ZEB2,-0.947093661,0.004039384
STAT3,0.664476742,0.004044358
SMAD1;SMAD5,-1.698868628,0.004044358
SCFD2,-2.004047776,0.004045573
TYW5,0.423198961,0.004046701
TCEAL3,1.389146097,0.004052308
PRRX1,-0.246611174,0.00405754
HNRNPA1,-0.647123851,0.004059199
METTL2,2.110630903,0.004062438
EFEMP1,0.597968437,0.004073311
EEF1A2,-0.941039494,0.004073869
STIP1,0.850481856,0.004073869
ALMS1,1.71510705,0.004073869
AQP5,-5.327244513,0.004073869
ARMH3,-3.371773877,0.004077735
USP3,-1.421556024,0.004078736
SERPINA3J,-2.451923175,0.004092092
TIA1,-2.181833696,0.004092092
PAIP1,4.5739476,0.004092092
ZFYVE1,0.696300676,0.004098559
MAP3K19,-4.993964675,0.004101951
NUDT19,1.049585635,0.004101951
OCRL,1.121212976,0.004101951
THOC5,-3.987125668,0.004101951
TMEM87A,2.512758268,0.004101951
SMARCA5,-2.798099995,0.004101951
SERHL,-1.405400784,0.004109216
MFAP1A;MFAP1B,-1.295450335,0.004110733
CTSA,2.090590667,0.004125042
GOLGB1,1.077415723,0.004129107
NLRP10,-2.488168605,0.004140762
IFT27,1.145212372,0.00415028
AP1S2,-1.49312927,0.004151595
SLC28A3,-3.529036072,0.004156029
RPL27A,-3.142364765,0.004162933
ORM2,1.473451368,0.004173755
RPL37A,-1.955321522,0.004190561
IL36G,3.329300375,0.004190561
SMS,1.808041389,0.004191179
BMS1,-1.473651564,0.004191179
INPP1,1.784715572,0.004196553
TFG,1.296356381,0.004196739
THOC1,-0.563737114,0.004203436
FAM114A1,0.534691816,0.004203436
CCDC50,-1.609309293,0.004207196
ACSF2,1.191219577,0.004229868
STARD5,1.796089793,0.004238408
PSME2,1.266507067,0.004238413
RPL32-PS,-1.678581607,0.0042424
ATP6V1B2,1.018575962,0.004249893
AP4B1,1.041806399,0.004251252
UBE2R2,-1.167541147,0.004251362
ANKRD13A,0.748126742,0.004251362
FUT11,1.509099741,0.004252653
MSN,-0.813421965,0.004256501
IFT22,1.548766272,0.004262172
NUDT2,2.073508911,0.0042667
BLTP2,-2.898833744,0.0042667
REXO1,-2.790639729,0.0042667
ACBD3,-1.353427987,0.0042667
AKR1C13,2.081218486,0.0042667
SGCD,-2.498306925,0.0042747
ZFAND1,1.252710834,0.004276679
CTNND1,-1.105015764,0.004278196
GTF2F1,-3.377401275,0.004283115
AOX4,-1.56774257,0.004287262
IWS1,-0.590887536,0.004287262
OTUB2,1.0794918,0.004288938
CDV3,0.926020536,0.00429762
ALDH4A1,0.817233952,0.00429762
SDHB,-0.826432412,0.00429762
Q9D727,3.404510578,0.004298887
KRT17,-2.89848298,0.004309102
NFATC2,-1.102423531,0.004311507
COA3,-1.09895165,0.004313821
PLIN3,0.611787812,0.004321314
CFAP157,2.104129681,0.004329383
FGGY,2.224816324,0.004331038
PTK2,-1.342133603,0.004340121
SLC25A35,-2.439620294,0.004340121
DGLUCY,1.343102169,0.004341955
RBM17,-1.277520937,0.004349468
PSMD8,1.449223401,0.004349468
HTRA2,-1.267338636,0.004349468
SERPINB11,-3.068303283,0.004349607
RHOT1,3.093224891,0.004360174
SH3BGRL2,1.384726817,0.004389189
FAM91A1,0.983267975,0.00441134
EIF2B4,0.584243207,0.00441134
GOLGA7,-0.726945094,0.00441134
DPH1,1.244621489,0.004423618
MYL6B,-1.610118533,0.004423618
GALT,3.593110676,0.004423762
CACNB1,-1.388963293,0.004427418
DDRGK1,-4.343483979,0.00443358
TAF6,1.216342941,0.004434069
BLTP3B,-0.90863249,0.004437324
DNM2,-0.889299164,0.004437324
MAPK3,0.768823135,0.004442108
KHSRP,-0.985102614,0.004442332
PEX7,0.67683399,0.004451672
RAB18,-0.764035048,0.004458816
KRT85,-2.176672118,0.004458816
ROR2,-1.742095423,0.004459424
C6,1.840652894,0.004464049
SWI5,3.464120793,0.004466542
RAB14,0.523358547,0.004467952
Q9CWU4,-2.255056814,0.004469088
CASP3,0.577709391,0.004495591
GPC1,-1.024918037,0.004523327
EMILIN1,-1.452158805,0.004529787
ATP13A1,-1.333245865,0.004535592
DNAJC13,-0.995599354,0.004592084
SLAIN2,-1.870289272,0.004594572
HCCS,-2.51671454,0.00459706
KLK8,-3.45189165,0.004607136
OTULIN,1.381919718,0.004612716
ATP6V1E1,0.607751172,0.004613109
LMF2,-2.466155982,0.004613109
ILF2,-1.167128088,0.004613109
CNOT10,-5.44464292,0.004640334
EMC8,-0.997461212,0.004651942
TST,0.884950181,0.004651942
TBC1D2B,-1.151761353,0.004651942
CHCHD6,-0.587660283,0.004651942
MICAL1,0.629659507,0.004656433
ITLN1,-2.764780455,0.004692231
SRSF9,-2.757518089,0.004692231
SART1,-0.734639758,0.004692231
DHCR24,1.816290756,0.00469492
CDKN1B,0.851947742,0.004697273
XYLB,2.066374752,0.004697273
RAB3GAP1,-1.28300471,0.004697273
TGFBI,-0.300104646,0.004712111
SLC25A20,-2.745978394,0.004729468
ABI3BP,-0.933503406,0.004747849
HACL1,1.585871301,0.004748336
ABCF2,-3.118628028,0.004753818
WDR18,-0.397833226,0.004759998
GSDME,2.769120223,0.004763126
IGKV1-110;IGKV1-117;IGKV1-88;IGKV1-99,0.727317269,0.004770237
GM3839,5.109652756,0.004776819
MRPL43,-0.274454085,0.004779772
FRG1,-0.948403858,0.004781272
CD74,-1.116523148,0.004784443
OSBPL1A,1.024639272,0.004789566
BCAS2,-3.359776158,0.004791557
PARK7,1.436566517,0.004795025
MYG1,1.017093245,0.004806877
CHD4,-3.558362294,0.004808953
PDP1,-1.022270648,0.004812528
PPP2R5E,-0.813836692,0.004812528
MMGT1,-1.783663082,0.004812528
FUOM,3.525196975,0.004812528
PITHD1,0.876949421,0.004820073
UGT2B1,-4.774887356,0.004849955
UBE2D3,2.172527928,0.004851379
NDUFB6,-1.889700655,0.004888962
GIPC2,3.425491366,0.00490199
RPL32,-2.16694903,0.00492059
ZNRF2,1.400190617,0.00492059
PSMG1,2.928822507,0.00492059
REEP3,-1.038030459,0.004922921
DMD,-1.287909826,0.004929973
PTAR1,3.485319106,0.004938579
COL1A2,-1.689274944,0.004941914
RNF114,0.955639871,0.00494493
PDCD4,-0.388694764,0.004949947
COL11A2,-4.877736456,0.004960195
PRR9,4.352825839,0.004960195
POMP,2.005840412,0.004960195
STARD10,1.159444837,0.004974163
FMO1,1.24972784,0.004983479
SNAP23,-0.821249687,0.00498427
SNX12,-1.196263639,0.004993131
ORM1,7.646048821,0.005020595
ABHD4,-1.531346896,0.005020828
PCYT1A,-0.736259722,0.005021902
CLINT1,-1.082042499,0.005024465
MAN2A1,-1.974886647,0.005051279
SMC3,-0.404289224,0.005051279
TBCD,0.748518864,0.005051773
VPS41,-1.595789171,0.005065045
SPART,-0.40836004,0.005065197
PRKAR2A,0.494295597,0.005065551
WDR26,2.506376943,0.005069181
RPL3L,-3.280454655,0.005082338
EWSR1,-1.68368195,0.005090027
CCT5,0.348760794,0.005106309
IRF2BPL,-2.89219661,0.005122797
HS1BP3,1.092995188,0.005131567
KATNA1,-3.295838194,0.005131581
POGLUT1,-0.420288149,0.005142683
MRPS18A,-2.996863435,0.005147933
NOP16,-3.509755839,0.005160256
SELENOS,-3.374320499,0.00516266
SHPK,4.531450914,0.005191151
KRT33B,-5.082516608,0.005212342
MYH7B,-2.833278809,0.005220529
WBP11,-2.520862899,0.005231987
MINK1,-4.503075537,0.005233813
YAP1,-0.944682938,0.005240886
TPM1,-2.090294842,0.005249994
KRT31,-1.558637331,0.00525121
FILIP1,-1.776149377,0.00526752
PARVB,-1.970165107,0.005281532
MECR,-0.507276279,0.005301723
STAT1,0.932796832,0.00533818
SNCG,1.58249902,0.005344144
DEK,-2.819889021,0.00534733
MICOS13,-3.58568182,0.00534733
EXOC8,-4.557352286,0.005352144
DNAJB4,-0.773939242,0.005352144
GSTK1,-0.575777599,0.005352144
PRDX4,1.486376092,0.005352911
SH3GL3,-2.885491049,0.005352916
IARS1,0.604264278,0.005358342
DCPP1,-3.044368297,0.005361783
RPL38,-1.724225495,0.00536753
OSBP,0.474713388,0.005414555
SERPINA3B,-1.787767375,0.005428144
ANXA1,-0.87081845,0.005442507
RABGAP1,0.659958337,0.005443028
TH,1.248158407,0.005450167
POLD1,-2.233362671,0.005452447
NONO,-1.819346223,0.005466807
PDGFRB,-0.720100175,0.005514082
ACADM,-0.955882448,0.005514082
ATP5IF1,-2.195005492,0.005548553
SLX9,-0.936432043,0.005553558
GULP1,-1.911115215,0.005567387
MCAT,-3.568460215,0.005567387
CNN1,-1.317682855,0.005582861
ENOPH1,1.191067653,0.005592831
TPM3,-1.122178551,0.005592851
PUS10,2.833962331,0.005592851
METTL27,0.481440483,0.005601658
JUP,-1.38960929,0.005604131
API5,-1.811833269,0.005616738
CDK11B,-2.28667806,0.005662806
SRP68,-0.784655764,0.005690126
Q91Z58,-0.774693619,0.005690126
TMEM100,-2.286417998,0.005690126
POGLUT2,-2.417304833,0.005690126
MYH13,-2.887008559,0.005693759
NARS1,1.043684681,0.005693759
JAK1,-1.922996473,0.005709128
SLC29A1,-2.415680484,0.005710623
GPLD1,0.778445358,0.005713812
LHPP,2.020165902,0.005716
PYGM,1.131252064,0.005737672
TRIT1,1.828590162,0.005741597
TXN2,1.573838627,0.005745622
ANXA7,-0.76346187,0.005745622
POLDIP3,-3.424151132,0.005745622
RHOJ,2.843391835,0.005745622
LSM1,0.429932028,0.005767771
PSMB2,-0.917367464,0.005790779
FDXR,-0.918962502,0.005809085
CD99,1.480491729,0.005809085
LIMS1,-1.132618649,0.005809085
TIMM50,-2.111833666,0.005857303
COX5B,-0.73638205,0.005864493
SKT,-1.373550057,0.005866789
NDUFV2,1.988454978,0.005872547
DFFA,1.395458298,0.005873465
RGN,3.102708875,0.005873465
PRRC1,0.726480361,0.005876997
NDUFAF2,-1.290652204,0.005876997
CWC15,-1.8511281,0.00587736
BPIFB9A,0.993908831,0.005879863
VPS18,-1.464765696,0.005885258
CAPN5,-1.129397977,0.00590141
PGGT1B,3.21602214,0.005933192
GFPT1,1.304211408,0.005958242
RARRES1,-2.069979762,0.005972215
PI16,1.355315863,0.005977865
CD9,0.984167183,0.005978055
ABCF3,0.69505378,0.005992257
NSFL1C,0.697470486,0.005994615
SEC22B,-1.211743825,0.005998791
MAP4K5,-0.852055179,0.005998791
COL4A2,-0.7022922,0.006006057
HCFC1,-2.548875248,0.006012314
MICALL1,-0.958840235,0.006017274
GAA,2.419324519,0.006017307
PRKACB,0.768757632,0.006032571
GTF2F2,-1.99433442,0.006037497
RPL36A,-5.242959658,0.006039518
SMYD5,3.123867868,0.006045142
TRAPPC9,-1.080992685,0.006052569
IQGAP2,-1.261612829,0.006052963
NDUFB11,-1.535390272,0.006063934
APOO,-2.066301877,0.006071955
CMTM5,-2.888379857,0.006072022
CENPV,-3.182453167,0.006085185
NOL3,-0.746929742,0.006086443
PRRC2A,-1.484054105,0.006094765
KRT8,-5.808394683,0.006146759
IFITM2,1.415037239,0.006153758
ISYNA1,2.024323286,0.006175349
PDCL3,2.107669912,0.006233168
CASP2,1.521780329,0.006247766
MVD,2.939929677,0.006249761
DDI2,0.93109276,0.00625637
UBXN4,-3.626827897,0.00625637
CISD1,-1.550487052,0.00625637
SCGB1B2,2.206873741,0.006282212
PSME3,0.875414083,0.006282251
SRSF4,-3.981754701,0.006288518
DPP8,1.348151701,0.006298957
WFS1,-2.01781609,0.006326072
CEPT1,-6.80050407,0.006339765
BAX,0.585276072,0.006343391
HSPH1,0.516894818,0.006349407
NHLRC3,3.510467844,0.006352873
F13A1,-1.260369614,0.006356061
PGP,1.738724549,0.006401399
SDCBP,-0.537512809,0.006402655
CHCHD1,-3.245750146,0.006402655
SF3A2,-3.252314671,0.006417504
HDAC1,-1.137623459,0.00643083
SEC24A,-1.620465292,0.006438698
SELENOP,2.494724854,0.006443352
RAPH1,-1.512565568,0.006444668
GOLGA2,-3.188444248,0.006455179
SH3BP1,-1.710454215,0.006458373
RHBDF1,-2.192111961,0.006458373
ACTR2,-0.646023817,0.006488205
PRPF3,-0.409834754,0.006488205
MAG,-1.815160485,0.006493522
RBP2,1.365854373,0.006512686
CTTNBP2NL,-1.486050856,0.006512686
NTAN1,1.504928961,0.006523929
ARHGEF6,-2.428155189,0.006523929
ACTR3,-1.436011015,0.006525403
MICU1,-2.407970109,0.006541205
SERPINB7,-1.347083461,0.006541205
CRTC3,-0.455706482,0.006554607
SIKE1,0.691824865,0.006554607
SERPINB6C,1.144333283,0.006554607
ECM1,0.449086377,0.006556502
UBA3,1.625404376,0.006556502
EIF3I,-0.651405518,0.006556502
RABGEF1,2.212961529,0.006565426
BABAM2,-3.409408923,0.006569844
TUBB2B,1.697721377,0.006580405
CDC5L,-3.823318866,0.00659566
AIF1L,3.464346288,0.006596604
LAMB1,-2.515988279,0.006618689
TOP2B,-2.860987478,0.006628086
KYAT1,2.541117647,0.006638113
EPX,-5.05806709,0.006643895
CPOX,-2.107595931,0.006692046
FN3KRP,-2.011891118,0.006695479
PLGRKT,-4.178717319,0.006697455
RPS15,-1.324539144,0.006700765
COBLL1,-0.791336887,0.006711077
MEAK7,-0.973071318,0.006719112
JPH1,-1.410202071,0.006720463
CLPTM1,-1.072502154,0.006729433
TP53BP1,-3.504087172,0.006766206
WDR73,5.787484716,0.006766206
SAR1A,0.975647639,0.006791137
GORASP2,1.407384662,0.00681193
IFITM3,-0.904602138,0.006831992
DRG1,-4.439612075,0.006839628
TMOD4,-2.157159024,0.006851028
TOE1,-0.827203594,0.006889765
GTF2I,-3.515343188,0.006894537
PPP2R1B,0.589715319,0.006903658
SNTB2,-1.894653613,0.006959364
GRHPR,1.005541614,0.006959364
NUDT3,1.525199028,0.006959364
GOPC,-0.676779218,0.006973195
NTPCR,-3.300956675,0.006974832
RPS13,-1.574013035,0.006977395
LBR,-3.754688528,0.006977395
ITIH3,0.682767672,0.006993441
SGCA,-2.75906781,0.007001311
ANAPC5,1.688198439,0.007001311
KLKB1,1.268528329,0.007007384
MYL10,-2.722939566,0.007007384
TRMT5,0.856189674,0.007009559
HDDC2,4.200534805,0.007010354
TPM2,-1.724564997,0.007014886
RPL8,-2.191272346,0.00702212
CNRIP1,0.811587945,0.007043761
CROT,0.975453812,0.007054399
ANP32B,-1.761989699,0.007064812
TIMM8B,-1.328574748,0.00706944
CNN2,-0.698262812,0.007091628
STX8,-2.460673825,0.00709395
BABAM1,0.409468112,0.00709395
PIP4K2A,-3.957791953,0.007101812
ANKFY1,0.445555123,0.007103413
TMEM11,-3.047781857,0.007111094
PSMD5,1.115739186,0.007112207
NUP205,-0.864694625,0.007126652
LRPAP1,-0.932050024,0.007126652
NUDC,0.90298451,0.007129297
GNA11,-0.8271691,0.007129297
GPX8,-2.939786727,0.007132203
CSTF2T,-2.028981724,0.007148872
ERI3,1.000057518,0.007160118
NDUFB1,-3.817429355,0.007175025
STX4,-0.897530166,0.007175025
RBP4,1.422812895,0.00717931
MRPL47,-2.147192037,0.00717931
PLA2G15,3.487569954,0.007189313
SRSF1,-4.238514312,0.007195546
NEU2,-7.894101429,0.007208717
MYLK,-0.77552404,0.007250611
PCMTD2,1.295858827,0.007273369
SPCS1,-3.477606488,0.007281867
NPC2,2.440228276,0.007285473
PSMD10,1.924473157,0.00728586
BASP1,1.054547077,0.007312946
SUB1,-3.271293859,0.007415307
STMN1,1.070634444,0.007431114
EXOSC4,-1.268584672,0.00743707
KANK2,-2.201082891,0.00744407
SAFB,-2.291880006,0.007450015
ALDH3B2,-0.336451907,0.00747947
BAG6,0.937082282,0.00747947
SBF1,-2.679971167,0.007484721
POFUT2,1.723877625,0.007514334
ZC3H15,-1.979450541,0.007558878
ASCC3,4.434562937,0.007564319
CD34,0.451775199,0.007575049
AHNAK,-0.836575535,0.007589853
SERPIND1,1.619418926,0.007642583
CPT2,-0.560408653,0.007651745
SEL1L,-1.33216781,0.007665135
USP39,-6.628753363,0.007672906
CPPED1,3.069158496,0.007678781
NUP62,-1.531466204,0.00768295
DCAF8,-0.765196261,0.007695646
CHDH,-2.257895972,0.007710462
WBP2,2.103516495,0.007723344
ARHGEF10L,0.774658352,0.007725231
DARS2,-2.385728777,0.007733011
PDLIM3,-1.300537761,0.007734421
SNRPG,-2.77769672,0.007735823
SYNE3,-3.266568335,0.007737237
C4BPA,2.807026283,0.007753395
CORO1A,1.113561674,0.007753915
SNX15,1.156726792,0.007804148
SERF1;SERF2,-3.432182479,0.007810376
SPATA5,-6.052035377,0.007817161
STK39,-0.880592634,0.007833474
SDSL,2.181248374,0.007844832
WIPF1,-1.990550119,0.007863073
SEC14L2,0.621782193,0.007876789
CD180,1.720075217,0.007889582
OLAH,1.61195672,0.007906892
CREB1,-3.678057458,0.007911783
SLC25A1,-2.016345971,0.007911783
RTN4IP1,-2.772842467,0.00793286
NCEH1,-3.730442575,0.007945142
BTD,2.368937475,0.007980837
UCK1,-1.060033039,0.008021835
SEC13,3.385209601,0.008021835
SCRIB,-3.006864616,0.008053393
NCF1,-3.953947087,0.008061338
ITSN1,-1.068851751,0.008116816
SLC25A10,-3.379986864,0.008131634
AHNAK2,-0.468880989,0.008133713
AP2B1,-1.357797727,0.008136742
ARHGEF1,-0.869336383,0.008175083
SYTL1,-1.11988151,0.008190644
PDIA5,-3.491890898,0.008222248
UEVLD,-1.24192962,0.008227751
DR1,-1.891272243,0.008227751
PKIG,3.203287278,0.008231485
PAICS,0.611699876,0.00824028
OSCP1,5.992979108,0.008241678
SCCPDH,-2.105463859,0.008245137
MCRIP1,-2.112497731,0.00826846
FAM136A,-2.604554255,0.008312885
UBL4A,-1.062677077,0.008344206
XRN1,-1.97865098,0.008407816
CALM1;CALM2;CALM3,2.752874976,0.008429055
MCL1,-1.576231835,0.00843557
HOMER1,-2.658744349,0.008442385
PIK3C3,-1.713661221,0.008452375
MYH11,-0.627841346,0.008453063
DDX46,-2.81958219,0.008469838
TBC1D9B,0.644030794,0.008488982
NCAM1,0.384880287,0.008501647
CRYM,1.685716253,0.008519484
AP2M1,-1.307919579,0.008519484
RGS10,0.701158265,0.008519484
TIAM1,-2.940630814,0.008530058
EIF2B1,0.592897602,0.008538673
ACTN3,-6.632282351,0.008539007
PSME4,2.986351077,0.008539007
CD163,4.265410255,0.00853989
TOLLIP,0.664675057,0.008570286
LSS,-1.410484205,0.008574666
DTYMK,1.197450262,0.00858082
ABCC1,-0.840271778,0.008598382
FMOD,-0.625164128,0.008674838
PRMT5,0.687055163,0.008674838
YARS1,0.37033871,0.008674838
CAD,0.621207029,0.008678677
ICAM1,1.497654241,0.008685724
ABRACL,6.81690612,0.008704829
GFPT2,2.208660566,0.008706034
IL6ST,0.489641416,0.008736226
SEC24B,-0.81135556,0.008736226
HHATL,-1.309377256,0.008736226
BDH2,1.359763926,0.00875605
ABTB1,1.771134349,0.008783179
ACADL,0.841221853,0.008788421
SEMG1,-5.897245097,0.008792913
LDLRAP1,-0.438833247,0.0088216
CAT,0.884892281,0.008823002
SYNPO,-4.713131211,0.008861431
MRPL1,-1.617156469,0.00886563
SOAT1,-3.321988107,0.008871795
FBXO44,1.499397268,0.008888137
SRPRA,-1.124552024,0.008926863
COPB1,0.70778651,0.008953178
RNF31,1.002487934,0.008956075
GLYCAM1,0.889414214,0.008965637
S100A11,1.764898391,0.008971371
MAPRE1,-0.92492087,0.008986373
PPP2CA,2.161045277,0.008989735
BZW1,-1.104422774,0.008990685
SERPINB13,2.223502702,0.008991152
TNS2,-1.438388935,0.00899615
ESP6,1.082635021,0.009003419
CDK2,1.100777599,0.009008683
LAMP1,1.675050549,0.00900919
SSR3,-3.725860773,0.00900919
NGEF,-1.085604609,0.009021611
NAXD,1.074920845,0.009037166
NUP37,1.396825831,0.00906367
TIMM21,-3.5787006,0.009065723
NCCRP1,1.409547656,0.009080355
ALDH1B1,0.944168539,0.009087016
ARFIP2,1.236802209,0.009140597
PGPEP1,2.441957224,0.009163394
METTL26,0.817534948,0.009219773
AFG1L,-3.21653714,0.009260359
HSPB8,-0.881053957,0.009273662
EPN1,1.510060731,0.009315318
SNX6,-0.470185859,0.009328307
RAB11B,-0.684295452,0.009328713
GNPNAT1,2.060298794,0.009364038
BTF3L4,2.802362213,0.009409788
EPRS1,0.365011364,0.009427506
BCAT2,1.060041013,0.009438645
EHD2,-0.30451667,0.009464037
SLC16A1,-1.082982637,0.009468624
CRKL,1.372288439,0.009495035
AKR1E2,0.82859434,0.009541601
UBR3,1.012283629,0.009576448
CPNE6,-7.750777952,0.009601124
SMTN,-1.722272604,0.009641446
SH2D4A,-2.988728393,0.00971878
TGM1,-1.423666748,0.00974553
PLCH2,2.655253952,0.009779266
ATP6V0A1,-0.694063489,0.009795075
SEPTIN10,-2.486856636,0.009815619
FAM83B,-3.020852677,0.009824936
ARFGAP1,-0.575285328,0.009824936
EMILIN2,-4.237705237,0.00989067
MIF4GD,-2.941717339,0.009895218
STBD1,-1.989389614,0.00999442
DOCK7,-1.675560164,0.010042619
CES1B,3.484550693,0.010050306
ELOC,0.803528195,0.010058706
NRAP,-2.590820185,0.010072097
NNMT,5.305230992,0.010075918
PRR33,-2.904617397,0.010075918
HNRNPA2B1,-0.717965437,0.010107505
Q9CXL3,-2.210867959,0.010131706
PPP1R3A,-1.960378949,0.010136847
L2HGDH,-3.038712652,0.010147945
SMTNL1,0.645346573,0.010168197
CISD2,-1.322750569,0.010169678
CCDC43,-1.748377187,0.010169678
PLBD2,2.089032649,0.010186323
CHMP4B,0.699576375,0.010195323
PMPCB,0.513578411,0.010199126
SLC44A2,3.175581858,0.010251668
KRT15,-1.499103559,0.010283741
NSF,-0.547855333,0.010334895
GNG10,1.249616811,0.010335437
NEMF,-2.09736842,0.010362173
PEPD,1.806851427,0.010449165
FBN1,-2.946356436,0.010449613
C8G,1.449660854,0.010464947
FBXO4,1.246089059,0.01053423
ADH6B,-3.66357636,0.010615364
DCAKD,-2.053848206,0.010656409
PEX14,-4.294972565,0.010735425
TMEM14C,-0.965719886,0.01076368
MAPRE2,-0.743610372,0.010774983
S100A14,1.429393878,0.010786529
LAMTOR3,0.755963944,0.010788026
LCN11,1.806510695,0.010791264
NBDY,1.089252712,0.010813296
PANK3,1.98394122,0.010836407
UBR4,0.444870213,0.010913932
TBC1D10A,-1.027440549,0.010918503
CRADD,2.752478817,0.010951062
KRT25,-4.064959145,0.010951062
TSC22D3,1.292573769,0.010951062
KLC4,1.60769228,0.011002138
SEPTIN6,-1.21439829,0.011010028
EEF1D,0.321905532,0.011047508
UBE2I,0.982121334,0.011047508
GYPC,-1.494662218,0.011047508
HOPX,2.716361281,0.011047508
PLCB3,-0.641603442,0.011070262
ZNF583,2.363558221,0.011070262
BLES03,0.821434042,0.011070262
PLEK,0.870498068,0.011070262
DCTN5,1.538306607,0.01111832
MDH2,-0.609732943,0.011118813
RPL10,-1.887377903,0.01113791
C8A,1.192819846,0.011152685
GLRX,0.937910707,0.011152685
DPP9,-1.221023264,0.011205551
KCTD5,0.557551441,0.011220046
TTL,2.649243438,0.011224638
HECTD1,0.366547355,0.011224638
CES2E,3.727081009,0.01125162
SF3B5,-1.068429023,0.011253739
SON,-2.392558846,0.011253739
UBL5,-1.26384606,0.011320421
CLIC5,-0.891866525,0.011382906
GPCPD1,2.162103784,0.011386526
SLC25A11,-1.222963668,0.01139103
FAM234A,-0.898870239,0.01143932
EIF1A;EIF1AX,-1.392406527,0.011440042
SNRNP70,-5.225757108,0.011440042
LYPLA1,2.871268813,0.011447643
IGKC,1.406386533,0.011450448
CDC34,-0.69487771,0.011460696
KRT6A,-2.404952529,0.011480636
RING1;RNF2,-2.724283727,0.011498787
PXK,-1.809217516,0.011498787
ACSL6,-1.051897523,0.011513965
IKBIP,-3.715738639,0.011534951
MPZ,-1.549811657,0.011561553
MAL2,-2.593884512,0.011568752
PRKCQ,-1.55384116,0.011589371
RAB35,-0.583697195,0.011589371
CCDC25,-2.22025061,0.011589371
GALE,2.486372077,0.011599744
MPC1,-3.036535131,0.011637735
PEX19,0.580625502,0.011637735
OLA1,0.710656736,0.011648551
FAM83H,-1.589717012,0.011663825
PLIN2,-0.799304167,0.011742345
DDX17,-4.437996826,0.011763878
MYH14,-0.696502359,0.011775194
CMC2,-2.881922068,0.011781078
TNKS1BP1,-0.495170028,0.011792792
SEH1L,-3.871267117,0.011812398
TNNC2,1.862994842,0.011824985
METAP2,-2.078091805,0.011860335
DDT,-1.557477233,0.011860335
PPP1CC,0.490886552,0.011860335
UBE2B,1.965811842,0.011860335
UFD1,-0.553887851,0.011860335
MCU,-1.373229069,0.011860335
CLTC,0.479377544,0.011860335
ARHGAP25,-4.201055869,0.011860335
SEC61B,-2.88989868,0.011860335
TRIP12,-1.854228357,0.011871797
STS,-1.633168896,0.011907409
CCDC22,-0.995871803,0.01195986
RAB27A,-1.334978726,0.011989386
CCER2,-2.049912459,0.011994202
PKIA,3.069738624,0.011994202
PDK1,-1.542779623,0.011994202
OPTN,1.060121605,0.011994202
CADM4,-1.166615774,0.011994202
SPP1,-1.864560894,0.012002722
HINT2,1.817492519,0.012042727
TPD52L2,-0.576298111,0.012057161
SSR1,-1.328650635,0.012060417
UROD,2.128351324,0.012079451
LRCH3,-3.425524734,0.012105788
TARS1,0.545849018,0.012105788
LRRFIP2,-1.080193791,0.012129891
NCKAP1,0.918311031,0.012144154
RNASEH2B,-4.462998041,0.012195977
BRCC3,1.897080463,0.012239209
NDUFA11,-2.152386213,0.012239209
DHODH,-1.846518619,0.012259929
DUSP3,1.298045881,0.01229049
AMY1,1.679902371,0.012329386
FKBP3,-0.858777986,0.012331161
NRIP2,-1.637992521,0.01234986
ATP6V1F,0.891715898,0.012351493
PPFIBP2,-0.748557251,0.012363788
C3,0.949187748,0.012363788
ACY3,3.341835609,0.012363788
CERT1,-0.89978048,0.012363788
ARL3,0.950855823,0.012363788
SYK,-0.780150667,0.012381343
RABGGTA,1.504214375,0.012430153
MRPL12,-0.866302828,0.012455736
DPYSL2,0.854441248,0.012472186
FAM162A,-1.556245608,0.012617509
GCN1,-2.77420973,0.012672532
CTNNB1,-0.945987052,0.012672532
MTHFD1,0.552604144,0.012690362
ASRGL1,1.873770955,0.012703452
KLHL31,-3.324226163,0.012716652
TRY10,-1.614565866,0.012752021
IPO9,0.856741155,0.012785309
RAI14,-2.060166045,0.012832168
ABR,-0.374500809,0.012844753
FYB1,-1.640972877,0.01290523
CDC16,1.219524942,0.012914501
YWHAH,0.734275555,0.012940734
CTPS1,0.689460813,0.012985347
GCLM,0.730444014,0.013022421
SORBS1,-1.621561397,0.013028328
MLIP,-1.393576917,0.013069023
UACA,-1.490348982,0.013097458
PPP1R2,1.065076147,0.013097458
PRKRA,-1.957698451,0.013133638
MYOM2,-1.557640606,0.013152598
HBS1L,-1.748041916,0.013154416
IGLC2;IGLC3,0.832338024,0.013194175
ITGB4,-0.826919229,0.013201132
GM17949,2.379973025,0.013222421
CYTH1,1.414367258,0.013250012
VAMP7,-1.567422563,0.013252008
THRAP3,-1.88044342,0.013269786
NR3C1,-1.132529097,0.013279002
CRABP2,0.75770101,0.013279002
SNRPB;SNRPN,-3.063705728,0.013320045
POLE3,-1.200791991,0.013322118
PARP3,-0.594482898,0.013337507
DNM3,-2.699451899,0.013359142
USO1,-0.390538735,0.013359142
ATP1A2,-1.144730144,0.013432841
ATG16L1,1.043777399,0.013442289
EHD3,-2.46849003,0.013460968
GANC,1.892995572,0.013510395
TRAPPC6B,1.587641764,0.013524339
STAM2,-0.4351446,0.013553543
CCAR1,-3.713282916,0.013560345
SLC41A3,-2.192884124,0.013594868
RNF123,1.453829562,0.01360033
SDF4,0.708565678,0.013667484
SIRT3,-2.833545896,0.013698766
CBR2,1.478891773,0.013721659
CSRP2,-1.988668189,0.013734653
FSCN1,0.865043568,0.013801155
CPA4,0.724740292,0.013802679
MTND5,-0.84398495,0.013832134
FHL1,-1.435179322,0.013832134
PLBD1,-4.33287082,0.013857687
HDGFL3,-1.227065247,0.013865139
SH3D19,-2.975420791,0.01388454
BSDC1,0.602386491,0.01391061
GLTP,0.955323404,0.013944409
AGO2,-1.331952115,0.013950862
TDRD7,-2.593462312,0.014017784
OBSCN,-4.206922302,0.014074635
TCHH,-5.168609383,0.014076635
CYB5A,-0.983441935,0.014076635
H6PD,1.581377704,0.014094683
CBL,-0.894424336,0.014121963
NGLY1,0.650550231,0.014121963
COQ7,-3.318555561,0.014146336
GTF2B,-1.270649673,0.014175478
TMED3,-3.834314534,0.014206562
STFA1,1.18444714,0.014212334
MYOC,-0.888055442,0.014266236
DUSP23,1.249445259,0.014266236
MSRB3,0.906007838,0.014266236
HBA,-1.079254898,0.014356585
MAN2B1,0.639505884,0.014362369
ACOT1,1.605979954,0.014411917
MAP1LC3A,-0.610092116,0.014427523
SYNC,-1.79203867,0.014429087
GPX3,1.174076814,0.014437006
PAFAH2,2.607182178,0.014519972
ILVBL,-0.637059675,0.014545706
KIF3B,-1.042078315,0.014567563
CHMP1A,1.553449463,0.014567563
VPS25,1.669345958,0.014567563
ELOVL4,-1.214230553,0.014567563
SCGB2B17,2.644439985,0.014567563
PCNA,0.757063904,0.014589729
CARMIL1,-1.815550469,0.014589836
SLC39A7,-2.67482389,0.014593109
IQSEC1,-1.042056597,0.014593109
SUN2,-4.760665591,0.014627669
CDK7,2.434451445,0.014661344
FECH,-1.286879085,0.014667077
ATP6V0A4,-4.762274549,0.014712147
AP2S1,1.67554552,0.014784946
CDC123,1.922915962,0.014787027
COPS2,0.604949849,0.014792618
SERPINB3B,0.725264214,0.014808092
DIAPH2,-3.414859803,0.014813269
HACD1,-2.945177669,0.01482764
PTPN23,-0.931124247,0.014838333
PLOD3,-1.338133457,0.014945049
STFA3,5.097854835,0.014967608
AIF1,1.061285428,0.014985254
MAN2B2,1.143717182,0.01506457
SMDT1,-4.893546759,0.01510899
RUFY3,-0.420007948,0.015178088
WDR12,0.585041412,0.015186367
TARS3,-0.880657183,0.015200072
SMPX,0.856897864,0.015240793
SPTB,-3.98259063,0.015282993
S100B,1.175238718,0.015339115
ATP6V0D1,-0.634834474,0.015362877
AKAP8,-1.139208521,0.015383068
MRPL9,-2.336024734,0.015406695
HNRNPH3,-0.908053311,0.015438149
PLP1,-4.20509417,0.015452219
HK2,1.003186759,0.015473594
IRGM1,-0.453292878,0.015474581
QSOX1,0.51822986,0.015516919
TMEM30A,-1.279095055,0.015527302
FRMD6,-0.909842678,0.015535924
ARFGEF1,0.614220592,0.01553986
COPG2,0.405842121,0.01553986
NISCH,0.963578541,0.015545046
RABAC1,-1.8896327,0.015561445
MYDGF,0.910786297,0.015599402
ALOX12B,-1.203406587,0.015632985
COPZ2,-0.833523054,0.015747453
DBNL,0.553727544,0.01577651
SBDS,-1.945409212,0.015783453
KRT90,-3.794919427,0.015885835
XRCC6,-0.703720475,0.015885835
CNST,-2.32405218,0.015885835
ADD3,-0.88178131,0.015893765
VPS36,-1.317462362,0.015899727
CAMK1,1.428089097,0.015969091
UTP20,-2.588226169,0.015970596
PABPC1,-0.525150651,0.016087255
PBXIP1,-1.364519844,0.016110466
MAP2K5,2.014025462,0.016161645
ARHGAP17,-1.137087597,0.016163387
DNAAF1,3.084905476,0.016189829
DIRAS1,1.617679796,0.016202949
MTREX,-1.606004747,0.01621722
CLPP,0.711758717,0.016256525
ELAC2,0.259499746,0.016256525
BCKDHB,1.088194832,0.016353236
F2,1.39868133,0.016379367
CNPY4,-1.123059622,0.01642961
THEM5,1.180978096,0.016524646
PIN4,-3.168068659,0.016524646
HSPE1,0.899997728,0.016833197
RPL35A,-1.144684469,0.016868223
TNFAIP8,1.257283791,0.01688697
PSAPL1,-1.91986846,0.016968872
DMTN,-2.718276299,0.016987188
TECR,-0.594905039,0.017119841
YRDC,1.528942432,0.017153268
INPPL1,-1.744145372,0.017179268
ATP4A,-1.49353898,0.017195498
CTSH,1.354721385,0.017216756
MYH3,-2.279113985,0.017260019
KIF13A,0.64104787,0.017290051
ARF2,2.499114704,0.017298098
RNF20,-0.410788824,0.017298802
THBD,-1.614136943,0.017312015
IMPDH1,1.337737478,0.017312015
NUP153,-0.927862372,0.017398844
LBP,-1.785330426,0.017405824
SLIRP,-2.385462532,0.017465302
HK3,1.476500914,0.017473227
DENND4C,-0.810434548,0.017542863
KYAT3,1.095383409,0.017596329
GPHN,0.483123137,0.01760253
ANXA5,0.879470588,0.017630828
ZFYVE28,1.783269165,0.017643305
GAPVD1,-0.343274694,0.017787326
APOH,2.061305631,0.01782657
GUCY1B1,1.875150542,0.017856588
DBR1,-3.110843615,0.017922651
SART3,-1.957366132,0.018004148
PALM,0.463942353,0.018021509
CBR4,-4.597901831,0.018037804
CAPN3,-1.607005911,0.01804479
IGSF8,-1.117405538,0.01804479
CCDC8,-1.828957109,0.018217458
KLF13,-1.440855884,0.018228179
CPB2,0.851466084,0.018441731
NAAA,1.011149446,0.018573531
DCTN4,-0.558752929,0.018628779
SSPN,-1.841139279,0.018655661
TPRKB,1.022614013,0.018655661
PLAA,0.706963921,0.018674558
SLK,-0.274118079,0.018694915
CYRIA,2.110293951,0.018717009
SERGEF,1.006763725,0.018735727
DLST,0.37541736,0.018772268
SASH1,-0.761770247,0.018778033
PCSK1N,1.138686776,0.018791718
TRIR,-3.006707839,0.01882503
ALKBH3,1.06937744,0.018851701
RPE,0.922795084,0.018880443
FA2H,-2.505536533,0.018891153
SRSF11,-1.347291354,0.018940399
STAT6,1.123799798,0.018965145
COQ8A,-0.895152535,0.018975225
HRAS,0.768320068,0.019011959
NID2,-0.861033304,0.019014053
SEC62,-1.923587477,0.019035729
RIPK1,-0.764336437,0.019085766
ZPR1,0.556647342,0.019085766
NUP133,-1.842294725,0.019085766
ARMC1,0.693905397,0.019090067
LAMA4,-1.291657503,0.01923501
PDXDC1,-0.520139184,0.019323799
RHOC,0.456399359,0.019335802
PTK7,0.95874123,0.019383963
TMEM167A,-2.097426197,0.019432707
NVL,-1.058040496,0.019644736
PHYHD1,2.092175184,0.019664916
COX7B,-3.32594287,0.019716358
CGN,-2.832124068,0.019716358
STXBP2,0.456132466,0.019716358
BCAM,-0.29194682,0.019716358
PUS1,-1.844897518,0.019738785
DLGAP4,0.344078796,0.019800803
ALDOA,0.744081419,0.01980292
DCLK1,-1.161458242,0.019820167
RRAGC,0.599637627,0.019850601
SASH3,0.866809553,0.019974859
PLA2G4E,-4.031111295,0.020006677
LDAH,0.601319403,0.020069255
CMYA5,-2.645401171,0.020090363
NELFA,-1.412260152,0.020128884
RPL31,-3.280915398,0.02017733
ADD1,-0.708846832,0.020182982
BPIFC,-0.958839839,0.020194381
CERS5,-1.607244451,0.020194381
PTEN,2.518019334,0.020208471
HMGB3,-2.103663234,0.020251927
PFKFB2,0.356495279,0.020265632
GGA2,-1.382860464,0.020268085
FGF1,1.558289026,0.020276107
UPRT,0.645937837,0.020279595
EIPR1,1.313503778,0.020279595
PLVAP,-1.049408237,0.020295933
MRPL41,-1.141596826,0.020316379
SRSF6,-3.567741262,0.020320007
ALOX12,-0.931264246,0.020510413
NANP,0.823468456,0.020549723
COG1,1.581144365,0.020549723
LSM3,1.459216278,0.020617891
TOP2A,1.585958545,0.020627149
SNRPD3,-4.508630127,0.020642509
HSPB2,1.202489251,0.020726164
ENTPD2,1.162078524,0.020857257
NEDD4,0.463992586,0.020914589
SPRR1A,2.840916871,0.020914589
Q8C3W1,1.032107077,0.020914589
FAM3C,-0.819038511,0.020914589
CAMK2B,-2.353728367,0.02102276
UBE2H,-0.994165666,0.02102276
CAMP,-1.299602194,0.021038423
FEN1,-2.060391564,0.021123871
MRFAP1,1.362540195,0.021174375
MRPL13,-2.738200721,0.021208581
PSAP,0.639796781,0.021212289
BCL10,2.764342813,0.021276603
DLG2,-2.69175538,0.021278897
AW551984,2.0724453,0.021326653
AP1M2,-1.095574596,0.021332575
NMRAL1,1.216310837,0.021361269
CCDC47,-2.760291604,0.021457629
GM14743,2.324601174,0.021506851
EXOSC2,-2.751174031,0.02166673
CYBB,-0.731734924,0.021699344
SULT1C2,4.085062936,0.021699344
GUCY1A1,1.344275764,0.021746921
PRKAA2,-0.520104915,0.021819235
MYO1E,-1.276759496,0.021941608
ARSA,3.399222507,0.021941608
MYD88,-1.038831665,0.022045443
HSD17B6;RDH16;RDH7,2.350410447,0.022077708
PGLS,0.862323886,0.022143325
ERLEC1,-1.822599479,0.022160977
IGHG2B,1.386441546,0.022267584
PTPN12,0.495179377,0.022325027
PDE6D,1.200291916,0.022351342
CAND2,0.685383748,0.022352107
SGCB,-1.556067278,0.02238031
GPR107,-1.705517998,0.02238031
RTN2,-1.219320006,0.022420912
SCFD1,0.63850238,0.022518262
DAPL1,-2.348174393,0.022518262
NDUFS4,-1.031264687,0.022533599
CA1,0.549598737,0.022537324
AP3S1,-0.821348368,0.022566185
PPP4R2,0.846930399,0.022595916
KPNA1,1.749532311,0.022595916
MESD,0.512274952,0.022595916
IGBP1,0.420501878,0.022603418
URM1,2.919682425,0.022700427
FMO2,-1.639467053,0.022736351
PPIF,-0.765937712,0.022745967
ASAP1,-0.679859249,0.022787242
ARFGAP2,-1.278927114,0.022791994
PRKCD,-0.439892777,0.022878921
SEC31A,0.4260155,0.022919629
GTPBP1,-0.641763684,0.022941092
MRPL11,-0.778762615,0.022986358
TMED4,-0.85507802,0.022988554
VPS4A,-0.814392864,0.023015516
APOBEC2,-0.488810635,0.02309447
AI182371,1.774238945,0.023177454
HDAC4,0.945857515,0.023177454
IGHA,1.541919182,0.02344197
MRPL21,-2.537569133,0.023537656
KLHL41,-1.004700098,0.023574789
STX19,-2.379595955,0.023581759
SERPINA1E,2.408386931,0.02361088
SH3GLB2,-0.308033799,0.023623823
STRAP,0.597318382,0.023672677
UNC119B,0.44802979,0.023715553
SWAP70,0.329356772,0.023822398
SDC4,-0.608923423,0.023871538
GBA1,-0.818283843,0.023871538
DARS1,0.418239484,0.023871538
SERPINA3M,1.852932814,0.02389091
UBE2Z,-0.609894702,0.02389091
VPS37C,0.970407409,0.023998982
GPX1,1.203996143,0.024219534
EPB41L3,-0.428630378,0.024219534
FERMT3,-1.15116175,0.024234682
LRP1,0.337108956,0.024289984
MTX2,-1.268867845,0.024450979
ATPAF1,1.0346805,0.024457635
PAOX,1.03387802,0.024466476
ALOX8,2.471274194,0.024484722
MLF2,-0.565344144,0.024670261
PQBP1,-2.73973223,0.024695544
HSD17B4,-0.54555729,0.024728161
FAM172A,-0.518537121,0.024728161
AARSD1,0.42324362,0.024787021
SNX9,-0.553854177,0.024823628
DPYSL5,1.56070523,0.024960304
PRKD2,0.963788365,0.024975345
AGFG1,-0.771163386,0.025023252
ATP6V1H,0.603723605,0.025023727
IARS2,0.480328925,0.025040795
KRT75,-1.800110865,0.025161679
DOCK11,-0.939217712,0.025260544
MMP2,-0.722482062,0.025272455
CHM,1.271438532,0.025280296
MYPN,-2.738032736,0.025408199
CLIP1,0.421367656,0.025427311
AGPAT4,-1.405570971,0.025472533
GLB1,1.286548317,0.025659822
CTSS,1.126520983,0.025706041
BOLA3,2.188169314,0.025727717
ATP1B3,0.39173303,0.026035663
AIMP1,0.501509818,0.026041944
KIF13B,-0.276493228,0.02604599
HP1BP3,-0.854160471,0.026120731
ACOT9,-0.546114991,0.026201066
STRN4,-0.683426679,0.026287296
WASHC1,-1.195333622,0.026287296
SNAP29,-0.446463166,0.026500506
PIP4K2C,-0.616173979,0.026515361
CC2D1B,-0.201270535,0.026566226
TPP2,0.342305413,0.026757111
NME4,1.398139606,0.026765078
GM12886;GM12888,-0.890459326,0.026794811
AWAT1,1.717672253,0.026797824
C2,0.589298516,0.026797824
CAPZB,0.560974374,0.026991508
HSPA14,0.542470736,0.026991508
ATE1,-0.982657989,0.02709819
STARD4,0.953399894,0.027128339
TFDP1,2.352790671,0.027171007
BIRC6,0.387154543,0.02718772
SEC23B,-0.415639724,0.027279656
NDUFB4,-1.688139439,0.027282051
DDR2,1.066554176,0.027360174
PGAP1,-0.787364127,0.027497499
ITGB2,-0.764379928,0.02751958
PIP4P1,-1.580565455,0.02751958
MEMO1,0.531562758,0.027672541
ZNF207,-0.825112192,0.027688146
CIAO2B,0.450891065,0.027780774
HARS1,0.605121057,0.027801128
SUCLG1,-0.970532662,0.027801128
GCAT,1.157116633,0.027814032
TUBB4B,2.134116252,0.027950391
CAPN2,0.44355195,0.028067606
MMS19,1.438512,0.028113551
JPH2,-2.205613609,0.028185247
NIT1,1.544470733,0.028297139
COMMD2,0.44985285,0.02830499
GSR,0.824647562,0.028347259
KTN1,-2.969419398,0.028408984
RUFY1,-0.289281101,0.028484818
LAMA2,-1.833589146,0.028605211
LIFR,0.735252688,0.028610924
DHX15,-0.56846168,0.028624135
FAM50A,-1.204922912,0.028770352
PTGIS,-0.330415969,0.028834464
NIF3L1,1.192053089,0.028924278
RBKS,1.451171023,0.028937142
NMT2,0.692755495,0.028985286
AMPD3,-2.08534865,0.029169858
RPS6KB1,0.926103864,0.029265193
FERMT2,-0.483249772,0.029274025
MINDY1,0.741861222,0.029339373
JSRP1,-1.385722365,0.029356163
PON2,-1.048476518,0.029356163
MRPL28,-4.393821312,0.029356163
MGL2,-1.112984205,0.029423857
MRPL39,-0.449112617,0.029541193
BCL2L13,-0.41966014,0.029717272
HDGF,0.73440876,0.029731618
ISG15,1.089420956,0.029847314
COX6B1,-0.785362244,0.030030968
ADAM10,0.8886877,0.030075705
TOMM22,-0.698757156,0.030154064
SYNCRIP,-0.753027649,0.030283369
SF3A3,-2.152786043,0.030299761
TTPAL,2.008912148,0.030314592
AMPD1,1.010713741,0.030324895
HSPB3,1.594217748,0.03033782
ATP2B1,-0.617855946,0.030420659
OXCT1,0.357511232,0.030452437
ACTL6A,0.3852811,0.030594607
SPINK5,0.523821945,0.030648499
COL5A2,-1.143831367,0.030684715
INPP5A,0.674032611,0.030712092
ABHD6,-1.343543628,0.030739317
MRPS31,-1.753677711,0.030837984
HSPA5,0.327769331,0.030929207
SMAP2,-0.705659304,0.030957196
ABCA8B,1.791088171,0.030993949
NUP43,0.450617017,0.031035354
AEBP1,-0.213368652,0.031068763
MOSPD2,0.951482317,0.031190319
KLHL13;KLHL9,1.222277042,0.031251837
COL2A1,-1.592616347,0.03129527
DNAJC24,1.31149606,0.031404326
PIK3CB,-0.720104739,0.031488075
STAC3,-1.891623891,0.031590834
PDE2A,1.770735839,0.03160675
ACP1,0.861378974,0.03160675
SPPL2A,0.377320115,0.031618339
MAN1A1,-0.819849832,0.031682555
PYCR3,-0.474805773,0.031830557
ALDH18A1,-0.582603854,0.031830557
APOE,0.692292665,0.03199141
NSDHL,-1.077945194,0.031993034
SNCA,-1.221219768,0.032003412
PLTP,1.978933901,0.032086685
BAG3,-0.304332889,0.032091713
HSPA9,0.523144099,0.032105575
PSMD7,0.416952302,0.032264566
SNX3,-0.630989473,0.032458104
RGL2,2.208463378,0.032586489
LPO,1.07128173,0.032657053
MRPS27,-0.842643385,0.032748845
NUDT16L1,-2.369630594,0.03282199
PF4,-1.691614935,0.032898284
GYG1,1.345235407,0.032922778
SMAD2,-1.194811918,0.033010476
DNPEP,0.93310665,0.033140358
COG7,1.071762477,0.033216798
EIF2S3Y,-0.276823559,0.033244544
UBE2G1,1.322698741,0.033444218
ARMC6,1.035318672,0.033485234
MRPL4,1.278883172,0.033623358
ITPKC,0.879538485,0.033677298
TXNRD3,-1.645825245,0.033728788
L1CAM,1.038608251,0.033740461
CLN5,0.768680356,0.033829756
BICD2,0.36134182,0.033829756
CACNA1S,-0.768894849,0.034033493
NCDN,0.98015728,0.034190384
SH2B1,0.741894386,0.034354922
COL1A1,-1.110677773,0.034370263
WASL,-1.790947815,0.034432188
CYB5R1,-0.906963568,0.034664424
RPS5,-1.600386523,0.034705514
BRK1,-1.171349666,0.034869467
SCGB2B26,1.591643292,0.034944448
OR52X1,2.691711758,0.035057451
FSTL1,0.587422556,0.035098374
SGCG,-3.483715644,0.035143687
PRKG1,0.421839868,0.035173923
ATP5F1C,-0.544260564,0.035173923
Q9CRC3,-1.143706263,0.035175544
C8B,1.629642676,0.035238911
STAB1,-0.984874025,0.035334456
CMTR1,-0.626926497,0.035334456
CES1D,0.613150075,0.035348968
ANKS1A,-0.34752426,0.03557117
PRDX2,1.131268644,0.035577377
UMPS,0.818774896,0.035586524
TNNT3,-1.34881809,0.035756162
NFKB2,2.256643626,0.035756162
RAB7A,-0.39719052,0.03580429
DEPTOR,-0.633724601,0.03580429
SERPINB9,0.568843059,0.035932571
PHYH,1.305661668,0.035999794
DTD1,0.346930339,0.036075589
LIMCH1,-0.574828766,0.036093809
LZTFL1,0.530839918,0.036110225
ELAVL1,-0.814519815,0.036183676
ESP15,-1.508749051,0.036205575
GSK3A,0.284361602,0.036283765
PLA2G7,1.005886784,0.03637977
PSMD14,-0.455738345,0.03667499
FAM120C,-3.461710644,0.03667499
MYO6,-0.515311974,0.036783934
TMEM79,1.522655298,0.036797797
PTER,1.116347792,0.036838529
GNG5,-0.729886013,0.036882608
PRDX1,0.810195546,0.036889579
HMGN5,0.315547058,0.037117555
TMEM119,-0.782405847,0.037329197
MRPL10,2.21140603,0.037413841
TRIM28,-0.437853891,0.037524356
RPS21,-0.512108262,0.037593443
DCPP3,-0.766357176,0.037596091
LONP1,0.290709257,0.037930723
CALCOCO1,-0.406535546,0.038326858
OXNAD1,1.043952986,0.038346891
ALDH1L1,0.350168471,0.038389975
RAB32,0.370568429,0.038407807
MTND1,2.007035285,0.038478802
PITPNM1,2.009766372,0.0385578
ACACA,-0.349841098,0.03866289
KIF1B,-0.458168333,0.03867153
C7,1.933746404,0.038677008
BLMH,1.167192498,0.038677008
CPNE1,-0.953331817,0.03885981
GRPEL1,0.647585635,0.038908545
SRSF5,-1.6826192,0.039174456
HGS,0.697873282,0.039283539
ELMO1,-0.819672107,0.039354517
RER1,-0.512459377,0.039509169
ACE,0.924393071,0.039527498
SNTB1,-0.734202467,0.039635529
NEFH,-0.838200103,0.0396451
BAG1,0.878415357,0.039708174
COMMD1,0.468959503,0.040015918
NAGLU,1.245807607,0.040021079
USP10,-0.992865463,0.040077408
TBCE,1.407034913,0.040396889
RAE1,-1.100749242,0.040591143
CTSD,0.815266259,0.041039483
PDLIM2,-0.77787904,0.041047183
ITIH1,0.521810072,0.041101901
SNRNP200,-0.625539378,0.041103308
ARHGAP5,1.809876029,0.041149114
EIF2B2,0.5303871,0.041288021
USP7,0.254679348,0.041321977
ABCF1,-1.30752307,0.041974778
TUBB6,-0.648824328,0.04202953
SEC16A,-1.511584929,0.042218494
DNAJC8,-0.800292491,0.042364279
MCM7,0.441431011,0.042375051
ASAH1,1.423756329,0.042476789
PLD4,0.462508587,0.042501013
MACO1,0.763390963,0.04272134
GAN,0.266696286,0.042737217
BRAF,1.610854029,0.042755643
VPS26A,0.293054092,0.042755643
KAT7,-1.137284179,0.042987928
OTUD7B,-1.020786159,0.043082709
LYN,0.604585601,0.043412995
ABCE1,-0.406509042,0.043593415
CARM1,0.394253273,0.043594321
RAB22A,1.543213244,0.043800164
CRABP1,0.429312338,0.043805567
DIS3,-1.119667253,0.044330515
CBX3,0.820497064,0.044343614
ANP32E,-0.453432257,0.044366342
PHF24,1.326842316,0.044366342
PRKAR2B,-0.475038455,0.044475255
KRT42,-1.28597859,0.044534896
STN1,-0.391776281,0.044944378
RAP1B,0.756818742,0.04508631
ABHD11,0.716580485,0.045249049
RACK1,0.270428548,0.045444561
MTCH1,-3.363824138,0.045488137
KPNA2,0.822683462,0.045514641
EDC3,-1.059309692,0.045603543
MRPL37,-0.836754617,0.045732845
PRKCA,0.535265598,0.045823454
GM1553,-1.951506471,0.045908568
CACNG1,1.877595036,0.046050577
ALOX5,-1.474198119,0.046419666
MTFR1L,-1.470354941,0.046419666
PNN,-1.599545969,0.046474746
GNS,0.932336887,0.046503291
PYGL,0.325215388,0.046575366
PPP3CB,0.410852523,0.04667098
ACAD8,-0.435968611,0.047059866
TSEN54,0.620738492,0.047110329
STAM,0.47694084,0.047173498
PEF1,-0.416505997,0.047279754
Q6PIU9,-0.300839862,0.047326032
SMC2,-0.318006184,0.047469252
CHMP5,-0.955439836,0.047499264
MRPL49,-1.390405534,0.047549233
LUC7L3,-1.162241085,0.047663027
LRBA,0.548770845,0.047684805
VWF,-1.620518825,0.047754105
CRNN,0.654005015,0.047785344
TOMM70,-0.773860945,0.047794159
PI4KA,-1.079393618,0.047965113
PPFIBP1,-0.404980809,0.047965113
PLXDC2,-0.576630317,0.048080406
SETD7,0.550242761,0.048092398
EXOC4,-1.620909013,0.048387849
SRC,-0.950006747,0.048387849
CFAP418,0.988903504,0.048440531
HDAC2,-1.925865268,0.048453654
COPS8,0.324969084,0.048566622
RNMT,0.392856164,0.048566622
GCLC,1.031082278,0.048597328
CDS1,-2.100998948,0.04861535
STK3,-0.581855653,0.04861535
SCLY,3.152471751,0.04861535
SERPINA9,-1.283017287,0.048628138
EXOC7,-1.149557866,0.048700989
CCDC6,0.368271582,0.048799917
SVIL,-0.508837509,0.048810571
IFI47,1.239031564,0.04881386
STMN2,0.493849524,0.049034657
METTL13,-0.850983815,0.049050354
TMX2,-1.900606934,0.049050354
CFH,-0.76747836,0.049092453
TWF2,0.737940962,0.049255233
F8A1,-0.654617614,0.049451534
ABHD14B,1.059749414,0.049620194
ERBB2,-1.459370311,0.049628808
RFTN2,2.330549179,0.049628808
APOA1,0.948893638,0.049947112
DYNC1LI1,0.264009062,0.049967314
WDR82,-0.791457608,0.05011668
BAG2,0.6265898,0.050232737
SUPT5H,-0.42070096,0.05036755
TBL1X,1.253587479,0.05036755
NELFCD,2.257659069,0.050583947
DCP1A,0.670038764,0.05076699
RAB12,0.696291536,0.050954389
MTMR3,-1.886349634,0.050993743
HAGHL,2.103426135,0.051265696
ZYX,-0.949500304,0.051845023
S100A4,-0.654044548,0.052004615
AKAP10,-0.708987793,0.052278825
IDH3B,0.487559532,0.052576671
LASP1,0.468288079,0.052794811
MACF1,-0.68303404,0.052823513
CLUH,0.787411633,0.052832604
DAZAP1,0.783515354,0.052897588
TUBA1A,-2.841008127,0.053000954
MLEC,-1.165611109,0.053337386
TMOD3,0.352741053,0.053404555
PRXL2B,0.492632231,0.054152195
SH3BP2,0.472290993,0.054155996
PPP1CA,0.482650701,0.054198762
NUP214,-0.800671265,0.054428645
USP8,-0.563455493,0.054435781
TOR1B,1.30009778,0.054435781
TXNDC17,1.693045757,0.054482288
DNAJC2,-1.076063661,0.054530703
DDX39A,0.665223308,0.054540079
FKBP2,-0.663801801,0.054715324
NAP1L1,0.521599727,0.054968141
RALGAPB,-1.021054985,0.05499392
NCK1,0.610891757,0.054994186
METAP1,0.781179523,0.055051357
SLC2A1,-0.509040712,0.05526641
4930438A08RIK,1.042605626,0.055399034
CSNK2A2,-0.655896088,0.055543721
PACS1,-1.430220017,0.056057114
VCP,0.148668506,0.056068744
ITGB1,-0.542740023,0.056504036
HNRNPA3,-0.403395217,0.056820914
Q3TQI7,-0.573452601,0.057031732
SCPEP1,0.645021991,0.057031732
GOLIM4,-0.921063363,0.057084855
GRK2,1.534461789,0.057099382
OMD,-0.618919007,0.05711169
RPS27A,0.576281881,0.057483709
PLD3,-1.023122443,0.057526018
TMOD2,0.618305963,0.057585498
MTMR9,1.358694577,0.057585498
SMNDC1,-0.84176146,0.057643912
STAT5A,-0.369322762,0.057645663
APOC1,1.061418893,0.057816672
AHDC1,0.94859772,0.05824243
KPNA3,0.39821148,0.058650307
CBLB,2.337655834,0.059293916
SORBS2,-1.497589618,0.059552369
NMT1,-0.439716654,0.059623737
UBE4B,0.404158042,0.059630782
OGDH,0.350370167,0.059736366
DBN1,0.534101286,0.059809924
SDHA,-0.530823957,0.059950064
CLIC3,0.883192119,0.060026673
RCAN1,0.382692053,0.060034441
DMAC2L,-1.270508004,0.060040334
PPP1R14C,0.856407425,0.060197649
ENPEP,-0.589165712,0.060212483
EPB41L1,-0.763882765,0.060577607
ANXA2,-0.373142222,0.06060837
GNL1,-0.529231381,0.060613747
ARMC10,-0.478048838,0.060634376
TTC37,-0.696077207,0.060836241
APAF1,2.193425683,0.061156339
SPTA1,-1.165196482,0.061542777
TOM1L2,0.393577836,0.061542777
CD300LD3,-1.10520083,0.061542777
TAOK1,-1.061629317,0.061567781
NEK9,0.683067166,0.061567781
PSMF1,0.988786908,0.061588404
KCMF1,-0.59661228,0.061604427
ARG1,0.638645447,0.061702272
EPM2AIP1,0.825747593,0.061954975
UBXN2B,2.61912027,0.062073031
ARHGAP18,-0.385224618,0.062283165
EGLN1,-0.759918078,0.062296147
CDH5,0.750739347,0.06249207
WDR77,0.848295104,0.062659182
ANP32A,-0.754933488,0.062858164
PTK6,1.034948757,0.063135736
SNX2,-0.367469505,0.063579802
MANF,-1.25209638,0.063851115
PWP1,1.228233476,0.063866688
SZRD1,2.667383344,0.06390535
ANXA8,-0.788917528,0.063976594
RNASEH2A,-2.625268045,0.064547034
RP2,-0.695068658,0.064624261
TBC1D1,-1.020301645,0.064648666
PLCL1,-1.103056313,0.064845127
RAD23A,1.042509163,0.065235129
PTPN11,-0.335510128,0.065368722
STX2,-0.598250331,0.065784692
INF2,-1.041720481,0.065784692
MAN2C1,1.104937839,0.065852305
KRT19,-2.215155394,0.065996909
ZBTB8OS,0.374298046,0.06615478
NHLRC1,1.415576278,0.066185242
ANKRD44,1.071737211,0.066275075
VCAN,0.422336528,0.066275075
PALMD,-0.601645987,0.066381834
COG8,0.406868587,0.066518375
CBR1,0.98774496,0.066568581
KLC3,0.365374798,0.066672683
UBXN1,-0.32663613,0.066672683
NGP,-2.490805109,0.066746667
CCDC93,-0.678813321,0.067136195
ECT2L,-2.389378682,0.06739054
RPS6KA4,-0.570767162,0.067780207
SARDH,0.807869448,0.067793839
HPRT1,1.132217716,0.068354678
NFKB1,-0.699689124,0.068354678
KRT76,-1.75965476,0.068437601
CSNK1A1,-1.251711798,0.068437601
EIF1;EIF1B,-0.504981969,0.068508953
DUSP14,-1.088763537,0.068585691
EIF4A3,-1.11006601,0.068599182
KRT71,-2.352930295,0.069466144
NUB1,0.306853688,0.069495131
UBR5,-1.299615741,0.069591063
TMEM38A,-1.437784805,0.069707101
CTU2,-0.662061168,0.069765079
STK38L,0.253630731,0.069765079
PLXNB2,0.374618082,0.070091373
PTPN6,-0.527808283,0.070432625
ACTR1B,-0.40934304,0.070601123
PHOSPHO2,1.24916325,0.071406683
SMPDL3A,1.21532677,0.071734076
EIF3F,0.353853207,0.071734076
ACSL4,-0.620593912,0.071734076
UBQLN2,0.456407255,0.071918396
PUF60,-0.596032667,0.072010437
SEPHS1,0.122394483,0.072143322
PPAT,1.289610355,0.072351978
ZSWIM8,-0.763657204,0.072593182
CCDC80,-0.391991737,0.072863717
NAP1L4,0.27490227,0.072920635
COPA,-0.238731825,0.072931704
RAB8B,-0.393205528,0.07305636
KIF21A,-0.492239154,0.07305636
CSDE1,-0.427003321,0.073871613
AGPAT3,-0.752288426,0.074176045
DCTN2,0.333312183,0.074427406
CYB5R2,1.413209454,0.074479858
CACYBP,0.240445738,0.074589082
PRNP,0.873815857,0.074650695
USP4,0.503085565,0.074954334
GLRX5,-0.96691488,0.075036277
ARRB1,0.357005166,0.075181762
CCT6B,0.510092504,0.075257491
CKMT1,-0.398412329,0.075419319
IQGAP1,-0.29797719,0.075419319
TMSB4X,-0.64514957,0.075723579
CPN2,0.675347188,0.076107157
ANKRD35,-0.762848394,0.076233123
PIGK,-0.847023219,0.076377155
PAK2,0.598951768,0.077097898
RNF39,0.521338143,0.077284904
NPEPL1,-0.517206664,0.078004775
BAP18,-0.776148047,0.07855924
MGST3,1.186691287,0.078746848
RRAS,-0.493993783,0.078975585
TSPO,-1.178472252,0.079030688
EEF1B,0.529430479,0.079253551
SMC4,-0.489963851,0.079255492
SERPINB8,-1.274830162,0.079264479
ARHGEF2,-0.874843786,0.079278216
PLPP1,-0.744577572,0.079526552
CST3,0.205852282,0.079775118
HPGD,0.888717199,0.079822791
SCYL2,-1.66563457,0.080157364
MYL2,-0.652191109,0.080297176
VWA8,-0.280789594,0.080611927
TAPT1,-2.03789329,0.080635881
ATAD1,-0.737979917,0.080635881
USP40,0.720144457,0.081234062
LGALS3,-0.676133001,0.081470963
SNUPN,-0.351464198,0.081708172
PSME3IP1,1.325813,0.081757376
SMAP,-0.748367699,0.082116119
PCIF1,-0.911692855,0.082299829
UBE2L3,0.246523038,0.082828322
ZNF185,-0.478231303,0.082900292
TRIM29,-0.759980207,0.083234068
MAP2K1,0.708536133,0.083353827
EEFSEC,0.67803265,0.083665613
PTPRC,-0.793895988,0.083854288
EHHADH,-0.642536291,0.083854288
RPIA,0.982373212,0.084714537
MOB4,0.828683552,0.08472198
SNX27,-0.266402534,0.084839472
CFAP36,0.482374268,0.084882413
SDF2L1,-0.433064479,0.084882413
SPG21,1.277811374,0.085052774
BNIP2,1.69211432,0.085144893
EEF1A1,-0.525745909,0.08563415
DRG2,-0.425966847,0.085973347
FUCA1,0.569827156,0.086002659
SNF8,-0.367518014,0.086155653
LY6D,-0.712084265,0.086553875
NAPRT,1.361606405,0.086767074
PDCD10,-0.544878553,0.087336877
MAP3K20,0.522946982,0.087513026
MCEE,0.774614271,0.087560255
CSNK2B,-0.74419822,0.08768342
ANXA9,-0.671060157,0.087916744
ZW10,-1.175228483,0.087956711
CA6,0.764637238,0.087980057
LSM7,-0.801764362,0.088267549
PTPRA,-0.773200808,0.088422059
TRIP11,-0.591714899,0.088442422
BIN2,0.655230448,0.088664231
VTA1,-1.032659631,0.088667551
HPGDS,2.142060222,0.088824116
MTX1,1.071297394,0.0895769
CASP1,0.475341929,0.089785363
PLPP3,-0.906978738,0.090498565
ACACB,-0.701082198,0.090824887
SUSD2,-0.693740221,0.091013627
NUCKS1,-1.154286046,0.091062697
WDR91,-0.661477594,0.091219885
PGLYRP2,0.556117913,0.091434786
DAB2,0.354423665,0.091491738
ENAH,-0.693449623,0.091508033
RPA2,0.632164417,0.091884884
ATP5ME,-0.519764268,0.092135415
EPS15,0.453955995,0.092245586
KDM3B,-0.760789679,0.092554258
FKBP14,0.719515366,0.092734465
CSTF1,-0.608000009,0.092734465
C9,1.04049569,0.092754292
RAC2,-0.950046322,0.093578497
SUMF1,-0.848544268,0.093784572
IGFBP7,-0.512231053,0.093953708
STX3,-0.724941271,0.094284865
CUL4B,0.21924122,0.094514069
COPG1,-0.322581477,0.094880158
MRPL22,1.330228812,0.094906786
PAXX,-0.376611022,0.095150745
GSDMD,0.504871882,0.095440333
HNRNPF,0.472854762,0.095533181
MAPKAPK2,0.489496565,0.095620499
TACO1,0.882034901,0.095705385
RAB5B,0.494153541,0.095789567
LIPO1,2.328959876,0.096214516
TNNC1,-0.799555329,0.096277755
EDC4,-0.192198488,0.09653698
EIF4A2,0.396974654,0.096616251
AP1B1,0.26416134,0.097270201
UBTD2,-0.319970383,0.097601581
MAP1A,-0.335386755,0.097805795
FKBP7,-0.621840034,0.098035925
WNK1,-0.145399421,0.098261398
TRAPPC2L,-0.224135054,0.098823737
HDHD5,0.490169346,0.099974263
NUTF2,0.969604538,0.100107392
RELA,0.520756329,0.100520821
VTI1B,0.508658685,0.100595601
PDHA1,0.438176543,0.100736611
NAA50,-0.176246192,0.100901227
ERAP1,0.99464958,0.100945869
DENND4B,2.060587081,0.100965593
CSAD,1.26126496,0.101051979
HCK,-0.596586414,0.101201099
YTHDF3,-0.523583401,0.10151251
CPN1,0.25547904,0.101828963
CFI,0.986402232,0.101940524
NT5DC2,-2.057920511,0.102043883
SLC25A13,-0.785242738,0.102059933
ERP44,0.531361884,0.102660613
BCS1L,-1.024072136,0.102686809
ACP2,2.909611165,0.103426062
TNFAIP8L3,1.008982914,0.10368366
MON2,0.465855703,0.10414122
KPNA4,0.416778772,0.104731194
PDCD6IP,0.284300518,0.104929424
EPHX1,-0.403579694,0.105072733
RABEP1,-0.995204793,0.105163758
MFF,-1.078095813,0.106184641
DDHD2,0.448511783,0.106884376
FAHD1,0.456580621,0.106964219
PLSCR3,-0.968590836,0.106964219
SPECC1,-0.475136034,0.107259537
P3H3,0.234974125,0.108095889
KCNAB2,-0.569808777,0.108208818
ZNF385A,-0.534005429,0.108208818
HBQ1B,-1.209199585,0.108580917
SLC44A1,0.625175221,0.108583877
MSTO1,1.030868729,0.109008869
BMP1,-1.45820423,0.109158877
GM2A,0.471094525,0.109329175
COPS4,0.354495944,0.109331766
EIF3B,0.168006582,0.109687467
ATP1A3,-0.752106391,0.109909253
ARPIN,0.386198753,0.110680485
KEAP1,1.015215974,0.110680485
CAPG,-0.415685392,0.110772638
NUDT21,-0.642827806,0.110956744
TMEM63A,-0.986668292,0.110961995
ABHD10,0.365032084,0.111305853
LPP,0.416269439,0.11147999
IL36B,-1.404916906,0.111635384
MRPL44,-0.69235087,0.112379388
PLEKHF1,0.447017499,0.112433915
BOP1,-0.505112786,0.112479927
AP3M1,-1.283407876,0.112685294
EEF1AKMT1,-0.409639178,0.112938527
ZZEF1,1.286140124,0.113025025
ARPC5L,-0.901635856,0.113128081
NIBAN1,0.374335658,0.113512964
NBEAL2,-0.428853832,0.11354926
RBM24;RBM38,0.656818688,0.113910321
MPP1,-0.505465933,0.114007725
ANAPC1,1.890442718,0.114248818
DDX39B,-0.312432225,0.114432019
STXBP3,0.389203873,0.114902747
STX17,-1.184578907,0.114951875
ITGB1BP2,1.41810904,0.115156711
TPM3-RS7,0.289918322,0.115291873
FAH,0.835295021,0.115291873
SKIC8,0.508888527,0.115476275
MAPRE3,-2.183716235,0.115742471
PPP4R3A,0.402228873,0.116037231
EIF4G2,-0.592681421,0.116426601
DVL2,0.786698555,0.117337115
AKAP1,0.882242501,0.117464762
TRAPPC4,-0.486869637,0.118875362
MYH9,-0.175962775,0.119373009
DAG1,-0.722153978,0.120181116
ZC3H4,-0.585452321,0.120316927
EHBP1L1,-0.381169926,0.120584957
CSDC2,0.818743929,0.120628159
HSPB7,-0.678861175,0.120699169
RTN3,0.537775679,0.120738878
PLCL2,-0.639380546,0.121143463
TOM1L1,0.970185289,0.121488128
SUMO3,-0.529532952,0.122332341
ATP6AP2,1.217485028,0.122553646
PTGS1,-0.466258664,0.123866796
TPPP3,-0.513223893,0.124550361
DHRS7B,-1.518383923,0.125462863
VASP,-0.533473558,0.1254682
MAPKAPK3,2.418528858,0.125492364
NPLOC4,-0.142020635,0.125587347
PALS2,-0.309444765,0.125838679
TRIM25,-0.536093038,0.126377822
MYO1G,-0.708088431,0.126463329
IGHG1,1.419599679,0.127015018
CTDP1,-0.435618885,0.127904826
LSP1,0.92539141,0.127982877
MSH2,-0.740147935,0.128042993
ART3,-0.646851709,0.128271582
CDK17,-0.440969323,0.128412353
PDE1A,1.993267869,0.128425656
THY1,-0.645544188,0.12842873
MTHFD2L,-0.694707227,0.128686647
EIF3G,0.17561636,0.129134215
LYPLA2,0.871444203,0.129387934
NEDD4L,1.166523192,0.129541034
ARL6IP5,-0.456625874,0.130483624
MTATP8,-0.369142818,0.130671473
HACD3,-0.850277659,0.130759057
PRUNE2,-0.432737052,0.130948968
HEATR3,1.688982872,0.130948968
Q9CYI0,0.748916455,0.131257392
SPNS1,-0.857839249,0.131715378
FBXO30,0.407536096,0.132435482
DHX29,-1.908203291,0.132452147
MYLK2,0.397134449,0.132748661
COPB2,-0.231592663,0.133787368
SEC63,-1.192686647,0.133819331
AKR1D1,-0.437212927,0.133827896
RBIS,0.392532097,0.134006196
TSFM,0.256391897,0.134130995
CYP2W1,-0.826499312,0.134403852
ACTN1,-0.335910989,0.135319719
AP1G1,0.451437265,0.135467601
RBM8A,-0.248430222,0.135901535
GATD1,0.301163186,0.13615
CYP2F2,-0.360162399,0.136991576
GPX7,-0.976165391,0.137401022
DPYSL4,1.032942268,0.137990668
UQCRC1,-0.586119217,0.138807204
ZDBF2,-2.339797978,0.138868536
TBCEL,0.730287989,0.139146121
AFTPH,0.32340496,0.13945783
CAP2,-0.340446409,0.139932619
TYMS,0.794150706,0.140097553
TUBB3,-0.332520554,0.14040467
DTD2,-0.390750408,0.1408122
AKT2,-0.310764373,0.141010728
TBC1D15,-0.257217365,0.141010728
JMY,-0.566304202,0.141141637
LTBP4,0.431723571,0.141590908
TLE3,-0.726250532,0.141609678
TNPO3,0.182459112,0.141642639
IDH3A,-0.389307999,0.141758733
AVEN,-0.526501361,0.141896852
OCIAD1,-0.94257329,0.143517518
GSTA4,-0.302214528,0.143683657
APOBR,0.695209059,0.144498725
PPP1R12C,-0.367090439,0.144733464
CD36,-0.460051472,0.145182624
FHL3,0.598460773,0.146382541
PANK2,-0.335859609,0.1474547
NUP210,1.083750751,0.147683005
ANO6,0.71193395,0.148047947
NHERF1,0.213071389,0.148368016
DENND10,-0.404390829,0.14838119
H2-L,-0.333518854,0.148490763
ERH,-0.420297023,0.148490763
MME,0.634415925,0.149298321
NUBP2,1.253150307,0.149786692
ERGIC1,-0.796456815,0.149796578
FIS1,-0.348156476,0.151635004
PRSS27,-1.003736521,0.152005898
HEPH,1.396794115,0.152843054
PDCD6,0.364495953,0.153471694
WIPI2,0.574929455,0.15422395
PTGFRN,0.229073094,0.154244487
TSG101,0.381268721,0.15480769
SPRYD4,-0.598446814,0.155961491
FBXO22,0.850667392,0.156237494
LRRN4CL,-0.410696202,0.156260387
CNOT3,-0.495657515,0.156582456
MIX23,0.496434504,0.156631547
RRAS2,-0.233233849,0.156850674
GTF2A1,-0.531292999,0.156850674
APOM,2.334064973,0.157091437
UBE2V2,1.190359768,0.157636099
MOB1A;MOB1B,0.445333567,0.157731086
EPN2,-0.338150683,0.157824901
POLR2H,0.3389551,0.15787377
TRIM33,-1.897225727,0.158459952
PIK3R4,-0.94868183,0.158479207
KRAS,-0.874754508,0.159188378
DRAP1,1.551214318,0.160007434
IKBKB,-0.375855518,0.16022113
VWA1,-2.969258628,0.160364067
CES2F,-0.914208236,0.160713674
PPCS,0.653788936,0.160714769
PTPN13,-0.925236932,0.161087399
NUP58,-0.186334027,0.161381121
DENND1B,0.49838062,0.161387069
CFDP1,0.708209227,0.162482693
PTP4A1,-1.115941311,0.162578996
RELCH,-0.528609379,0.162608907
RAPGEFL1,0.593162699,0.162912258
CDK4,0.252440686,0.163658471
CTSZ,0.827164138,0.163828604
TACC1,-0.442430546,0.164662903
BANF1,1.010388366,0.164903304
THUMPD3,0.560780629,0.165330331
AKT1S1,-0.578511788,0.165875355
TRMT112,-0.311063485,0.166323512
COCH,-1.069416603,0.166660853
AHR,0.357670037,0.16773765
NDUFAB1,0.776375165,0.16773765
HNRNPAB,-0.453436739,0.1680138
C4B,-0.381213026,0.168429738
LMAN2,-0.328418094,0.168451347
KRT77,-0.520528803,0.17025879
TBC1D8B,0.678093202,0.170303669
RTCA,0.68460083,0.170984663
ERBIN,0.578892973,0.17145926
RANGAP1,0.087813348,0.171520829
TBC1D13,0.60873011,0.171680893
BICC1,-1.067631176,0.172114238
PYGO2,0.437219497,0.172470297
CCT3,0.165384922,0.172791766
MCAM,-0.568824064,0.17315237
GATAD2A,-0.640663596,0.173655993
VWA5A,-0.234219531,0.174334996
CWF19L1,-0.605347012,0.174735407
GRB14,-0.534234918,0.175908402
PDE12,-0.659559352,0.176836678
PRORSD1,0.232653405,0.176874051
ALDOART2,0.548036756,0.178184995
RAB13,1.049241721,0.178184995
SBSN,-0.601233171,0.17833098
PRKCSH,-0.192453257,0.178644527
PHKA1,-0.465974347,0.178644527
CPT1A,-1.445622717,0.179782853
HSD17B11,-0.298398603,0.180357934
LACTB,-0.560084679,0.180737248
RNASET2A;RNASET2B,0.875228598,0.180746903
PLPBP,0.365427654,0.180799838
AP1S1,-0.42876467,0.180928534
ITGA2,1.156713075,0.181351581
PDPK1,0.30970372,0.181351581
BCAR1,1.08418406,0.181955838
S100A9,-1.804173532,0.182336079
ABHD12,-0.815646386,0.183374369
EPS8L1,-0.206003017,0.183375213
WDR81,0.342101445,0.183996421
GDAP2,-1.571880373,0.184275638
DNAJA4,-0.575758368,0.18466014
POGLUT3,0.410171168,0.184793497
TPM4,0.229171937,0.185526615
ZNG1,1.26571352,0.185813909
BCCIP,-0.841259652,0.185911775
MYADM,-0.538546617,0.185928456
KIF3A,1.185303578,0.186051341
PHYHIP,1.284447669,0.186242237
SNX8,-0.583572489,0.186372428
STX5,-0.926059475,0.186782491
GABARAPL2,-0.416197298,0.187078881
NT5E,-0.579381277,0.18740885
ETFA,0.335726706,0.188572087
CYP3A13,-1.69860977,0.188733781
RHOG,0.280883241,0.189235847
KIF1C,-0.26478764,0.189341613
CNTFR,0.909253901,0.189341613
PDCD5,0.475457518,0.189618997
KDM1A,0.725601205,0.189722529
ALOX12E,-0.45373032,0.190671042
FAM98C,0.42030446,0.19105465
CASQ1,-0.669430732,0.19111733
STX7,-0.253921825,0.191294789
YOD1,0.56147856,0.191934782
ELMO3,-0.530074845,0.192797866
TRIP6,-0.253087461,0.193461035
DYNLL1,-0.514688479,0.193963713
LRRC40,-1.103580862,0.194142748
MCM3,0.271748018,0.194399716
TM9SF4,0.668924051,0.194707335
SMPD1,0.524136326,0.195407326
LIPE,0.399827527,0.195441763
HP,2.734601305,0.195863498
VASN,0.745978496,0.195863498
USP47,0.396009679,0.195984469
ACTN4,0.205850521,0.196639402
FHOD1,-0.303130113,0.196854782
YWHAG,0.075061568,0.197162077
PERM1,-1.143176428,0.197924945
CNOT1,-0.235697978,0.198427705
TGOLN1,-0.245929848,0.198543486
CYP4F39,-0.480283589,0.19870263
ENDOD1,-0.357700727,0.198804143
ASPSCR1,0.487983792,0.200073253
RAP2C,-0.707065264,0.20021971
TAGLN3,-1.278071598,0.200408097
CBFB,0.4201551,0.200465536
CRYAA,1.613360633,0.200985058
MIEN1,1.105594278,0.20157294
SMARCA4,-0.911623372,0.202095663
ATG7,-0.228079559,0.202202398
CHMP7,0.82012751,0.202903287
NAA30,-0.573464075,0.203179812
LGALS9,-0.403833679,0.203206576
YBX3,0.222919567,0.203208983
ACTG2,0.464901142,0.203263052
PLCG1,0.304911732,0.203691139
HSD17B10,0.318942771,0.204101609
CPM,-0.876930265,0.204756651
LIPA,1.210703733,0.204881857
ATP6V1B1,-0.482831519,0.205216654
SQOR,-0.432758012,0.205478731
EIF1AD,-0.709656418,0.206084443
COLGALT1,0.678432034,0.206470284
FOXK1,0.226923072,0.207380654
UBAC1,0.33824683,0.207886678
RCN2,0.464892383,0.207910339
STAP2,0.228601832,0.208763347
NUDCD3,-0.169941047,0.210401177
KRT16,-0.9866286,0.210619948
ZC3H18,0.368318626,0.210877299
ARPP19,0.8982797,0.211235686
SBP,1.1948482,0.2114852
SCARA5,0.329732476,0.211791931
PTMS,0.735362338,0.214175936
CDK1,-0.604741127,0.215115051
DHX38,-0.734130321,0.21570295
THA1,-0.552173333,0.216684828
NUDT4,0.520968491,0.216684828
RIC1,1.954099647,0.216951438
MTMR2,-0.412751364,0.217099226
MGST1,0.973772107,0.217804213
RASA1,0.259954417,0.217913737
LAGE3,2.917706286,0.219226703
SUGT1,0.23606869,0.220036147
RPRD1B,-0.23435693,0.220328633
FCER1G,0.493578686,0.220454639
OXSM,-0.342103549,0.221173069
GRSF1,-0.492165291,0.221223519
IGLV1,0.7151595,0.221665131
EIF4E3,-0.612956367,0.221850633
ANXA6,0.274647576,0.221865761
PON1,0.70707072,0.221865761
SERPINB3D,-0.403221938,0.22209507
PGM2L1,0.387674384,0.222460974
CRLF3,0.439075045,0.222609319
TBC1D17,0.257301462,0.222620441
PKLR,-0.230408944,0.224846665
PPP1R8,-0.442826041,0.225256061
NDEL1,0.646772975,0.225930668
APOC2,0.672541104,0.227073005
RAB4A,-0.594818261,0.228107536
MMUT,-0.181062883,0.228949757
DNASE1,1.567113443,0.229627157
PCMTD1,0.32561688,0.229627157
GGPS1,-0.576527504,0.23169485
TRIP13,0.80699403,0.232252906
GM8978,0.727107619,0.232972467
LNPEP,-0.464676986,0.233240646
MINDY2,-0.413560185,0.234543532
RABGAP1L,0.270766877,0.234790753
FARP1,-0.580932386,0.235183936
TRAPPC3,-0.22880478,0.235275911
AKT1,0.365956071,0.235334191
GGH,0.179783998,0.235742154
PSMA5,-0.127932186,0.235898347
CSF1R,-0.347485463,0.23831571
GK,0.271249265,0.238491281
MPC2,-0.689385259,0.238759767
ZFYVE19,-0.269127397,0.238772295
PITRM1,-0.217557442,0.238813043
PIK3CA,0.593419958,0.240685563
SUMO2,0.59677824,0.241195126
PHACTR4,0.543334559,0.241195126
FAM25C,-0.409424785,0.24162243
ARPC1A,-0.242135535,0.242479735
CUL1,-0.315151719,0.243014333
MTMR12,-0.904878521,0.243267461
RAB25,-0.269213421,0.244300819
HSD17B7,-0.587783069,0.244604627
MAGOH;MAGOHB,-0.736336931,0.245390798
GFER,0.543057832,0.245800994
CLU,0.34831763,0.246310921
FITM2,0.28595125,0.246312886
UCKL1,0.386790851,0.246955649
CKAP5,-0.454599802,0.247035043
SRFBP1,-0.676238349,0.247156826
ABCG2,-0.648253052,0.247483577
MYL1,-0.622873969,0.247513955
BPIFB9B,0.415499482,0.247633005
DCUN1D4,-0.596282893,0.247671617
CDK5,0.323462684,0.248063054
S100A8,2.335686975,0.248079191
SHMT2,-0.313748524,0.248880005
LYVE1,0.797729071,0.249480274
SVAL2,0.593070942,0.249953958
TXNRD1,0.697718885,0.250949552
MTM1,-0.429217305,0.251573258
SEC61A1,-0.22773686,0.251831542
AGK,-0.179263238,0.251836152
RPA1,0.113998049,0.251877834
HGH1,0.42426154,0.252281537
ALDH1L2,-0.224591271,0.252569267
ARIH1,-0.730451345,0.252863881
CSTF2,-0.259513215,0.252864012
RAB5C,0.407454162,0.254744587
LYRM4,-0.582084451,0.255151268
NATD1,1.097638164,0.255871689
NEK7,-0.527449851,0.256290996
ARFGAP3,0.230248798,0.256735101
PAPOLA,0.600930251,0.257942593
NGFR,-0.60818695,0.257984884
RPLP2,0.254492456,0.258741944
USP9X,0.203134906,0.259174896
FHIP2A,1.004957946,0.259510479
EDF1,-0.715807529,0.259930128
PDHX,-0.258921315,0.260185249
SARS2,0.720327303,0.260185249
AK3,0.343111774,0.260185249
ADAM17,0.823390044,0.260365495
SLC23A2,0.769383144,0.260495629
POR,0.301300414,0.260538296
LAD1,-0.178174052,0.260538296
VPS4B,-0.158878153,0.260817501
COG2,0.154034039,0.26101816
OR13A28,1.247185901,0.263943593
VPS13C,-0.345523402,0.264330258
ANXA11,-0.212614084,0.265653119
CPSF7,-1.592296635,0.266429991
MED25,-1.557290985,0.266429991
EEA1,0.188485248,0.268875205
HDAC7,-0.467813801,0.268875205
DLD,0.270567896,0.26939222
PSMG3,0.396769944,0.269899202
KERA,-0.101819358,0.270032067
RARS2,-0.830114918,0.270947124
RPS15A,-0.500835576,0.271257594
PRELP,-0.438572241,0.271445961
ANXA3,-0.426308747,0.272233983
ESRP2,-0.3822582,0.272574619
MYL3,-0.611826304,0.27369838
ATP1B1,-0.19377543,0.273777309
RIGI,-0.232896116,0.274591879
TTC9C,-0.253030067,0.274989455
MBD3,-0.948527934,0.276072311
EIF2S1,-0.201391474,0.276438991
CYP51A1,-0.644812079,0.276528275
LSM6,-0.983945733,0.276813666
KIF2A,-0.72752887,0.277137327
NDUFV1,-0.392341873,0.278712913
COMMD9,-0.606909929,0.279379521
ITGA7,-0.391691329,0.279655132
EXOSC7,1.814355396,0.282340623
EIF2B3,-0.177775152,0.282468797
CHMP3,0.29531099,0.283284814
STK24,0.20465986,0.28412336
PPP6R1,-0.212008342,0.284510923
CASP7,0.482934111,0.285481681
CTSL,-0.341832015,0.28662063
PECAM1,0.398291327,0.286948593
ZNF830,-0.600851943,0.286948593
IFI35,0.088426567,0.287145046
TRIM65,0.434362463,0.287351395
HYKK,0.79330269,0.290228348
DCAF11,0.573491795,0.290503845
TRAPPC8,-0.580540154,0.290790971
NTMT1,-0.986037228,0.291465396
FXYD1,-0.603230345,0.291490442
FAM114A2,0.211385021,0.292727347
RAB6A,-0.16057555,0.292829028
PALD1,0.173837827,0.292973575
S100A6,0.453158071,0.294957849
ME2,0.326356653,0.29580136
ARL8B,-0.314923327,0.297044926
RNASE2B,-0.483329366,0.297063138
UBTF,-0.732050551,0.29762804
ARF6,-0.483657212,0.297654464
SERPINB10,1.632131996,0.298190652
LORICRIN,-0.824709824,0.299116892
ADAMTSL4,-0.716425174,0.300303048
NAGA,0.586398565,0.302208016
PARVA,0.293798272,0.302309305
PYROXD1,1.666831654,0.303539152
SLC25A46,-1.003232417,0.3038379
NIP7,-1.157479865,0.304024525
UBL7,0.436076444,0.305110419
CTNNBIP1,1.140299814,0.305132988
TCEAL5,0.325353102,0.30559918
KCTD17,0.746145894,0.306205604
MYL4,0.724256692,0.306292953
CLIC6,0.311727472,0.308139247
MAOB,-0.307939907,0.308139247
FCGR2,0.467151682,0.309508709
AKT3,1.201422157,0.309514348
HMGN2,0.276345947,0.309706415
ACTR1A,-0.141415604,0.309731506
KLHL42,1.457418653,0.309871584
EIF3L,-0.262361644,0.309961841
5430401F13RIK,-0.5199789,0.310843975
HSBP1,0.810407225,0.311387085
DIABLO,0.271599731,0.311576869
SERPINA3N,-0.434177245,0.312591712
EPB42,-0.878143506,0.314701955
EIF4A1,0.153150347,0.317918044
LUC7L,-1.680144756,0.317918044
ORMDL2;ORMDL3,-0.535217751,0.319750281
PDIA6,0.19118754,0.320467287
DCAF6,0.394534719,0.320467287
EPS15L1,0.153161121,0.320602356
HTT,0.332707181,0.321688735
HCLS1,0.20657244,0.321719094
PRKAG1,0.491925514,0.322984676
VCPIP1,-0.222863736,0.323164502
RWDD1,-0.519730833,0.323164502
COQ5,0.34983402,0.323164502
ACAA1A,-0.217182764,0.325335801
POLR2E,-0.601288178,0.325716178
PLEKHO2,0.272609483,0.326159948
PLEKHH1,0.254465752,0.327310341
PPP4C,0.510406097,0.328926805
Q8VE95,-0.367927551,0.328926805
ARHGEF5,1.118872134,0.329204835
EGFR,0.130068307,0.330044534
EEF2K,0.314631614,0.330102
LARP4B,-0.470853369,0.330102
IGHM,0.474324151,0.331037032
TRAPPC5,0.421790789,0.331186852
ABHD5,-0.257371831,0.331186852
VPS50,-1.266796445,0.332632928
OSTF1,0.423267963,0.332817486
ALDH1A7,1.28999556,0.333020576
ARFGEF2,-0.264269066,0.338902438
ATG2B,-0.387312624,0.33946154
TOP1,-0.405654842,0.340559834
ENY2,0.378199,0.34116734
STRN3,-0.210670628,0.34191724
ARPC5,-0.508708493,0.341940629
SURF4,-0.269181047,0.343959529
COX6A1,-0.538985278,0.344281766
SCAMP3,0.384731703,0.34601635
RBBP4,0.238320176,0.346921476
ALCAM,-1.399035329,0.348049445
COG3,0.467561394,0.350157647
POLR2A,0.167893294,0.35033917
CDH13,-0.264781831,0.350603737
MRC2,-0.232372084,0.351076939
CAVIN2,-0.282495343,0.35115443
AKR1B10,0.741339432,0.352610942
PACS2,-0.56633589,0.352697826
AP1G2,-0.790026984,0.35298365
RBM15,-1.250685908,0.35298365
CNTN1,0.722300646,0.354539368
GLUL,-0.38614096,0.354539368
ATG3,0.263839496,0.355114842
RTRAF,0.149502712,0.355858693
ACAD9,0.175767149,0.356030675
HMOX2,-0.296608109,0.356782752
STXBP1,-0.112043844,0.357597418
CAST,0.228505965,0.358229212
TOMM20,-0.546183821,0.358414077
PLEKHA5,-0.120955317,0.359635595
AK4,-0.662492953,0.360551346
PHKB,0.391324272,0.360704327
SHC1;SHC2,0.404687718,0.361166867
THUMPD1,0.295692649,0.361864401
PFKFB4,4.221789355,0.36264249
DTX3L,-1.72865371,0.364132453
SCAMP2,-0.135007505,0.364132453
DNAAF5,0.811023245,0.365143129
MKNK1,-0.29397178,0.368435776
USP15,0.157800791,0.370436514
PRXL2A,-0.312487214,0.37081971
SLC30A1,-0.62304414,0.371808704
ANKMY2,-0.567956691,0.373449273
CDC42BPB,-0.351988994,0.375290872
YBX1,0.210575492,0.377838112
ATP2A1,-0.344451342,0.379052381
MYBBP1A,-0.469119334,0.380527947
IGFBP5,-0.261437808,0.380745057
WASHC5,-0.289282677,0.381200958
TPSB2,0.433193412,0.382404762
PPP1CB,0.322420969,0.382404762
GYS1,0.223602979,0.38328915
SRP54,-0.29070218,0.383933858
PKN2,0.168767891,0.38412509
PXMP4,0.990679277,0.384144628
SLC7A5,-0.251709962,0.385741428
ACTA1,0.354434318,0.385957428
ADSS1,0.289463465,0.386439288
COL5A1,0.202880437,0.386709835
COL3A1,-0.093034975,0.387165928
EEF1AKMT2,0.575824467,0.387165928
TACC2,-0.202203714,0.387322856
SDR16C6,-0.314697083,0.387725808
SSU72,0.720287143,0.388211153
RRM1,-0.147452634,0.389897642
CYP20A1,0.610272505,0.390000687
GBP7,0.166393084,0.391151977
CADM3,0.144922267,0.391894702
NDUFV3,-0.319633626,0.392725715
RAB23,0.309702556,0.396441145
AHCYL2,0.236587031,0.397218299
APOC3,0.440802279,0.398082999
COMMD10,0.297481217,0.399856205
PLA2G4A,0.175244665,0.4024545
EIF2S2,0.216079452,0.403187862
YWHAB,0.077384063,0.40319582
EPB41L2,-0.159293069,0.404328972
SELENOF,0.481615184,0.404328972
ULK3,0.208455681,0.405008793
HNRNPD,-0.157849122,0.405265487
PTPMT1,-0.290766133,0.407836897
RCSD1,0.272800075,0.410982228
COPS7B,0.397237765,0.411140255
CA12,0.88593358,0.411263271
STRN,0.238442712,0.411513231
KIF5C,1.001009814,0.411513231
SRL,-0.2607384,0.411513231
NFS1,0.178080493,0.411632654
SMYD2,0.370858618,0.411716201
SRA1,0.238003896,0.412990973
NECTIN4,-0.68941159,0.413058525
DYNC1H1,-0.100849195,0.413198149
MAP2K4,0.272171726,0.413254047
PTGR3,-0.160302505,0.415153968
PUS7,0.269410839,0.415153968
ACSF3,-0.506817866,0.415321816
RAB28,-0.397148021,0.416338725
CACNA2D1,-0.279604017,0.416594157
SLC9A1,-0.231771275,0.417530995
POLR1C,-0.690246211,0.417832895
GNB2,-0.259423012,0.420902778
NIPSNAP3B,1.218314127,0.421177126
APP,-0.605724944,0.421570157
AHCYL1,-0.116406297,0.422749515
CAMK2G,-0.302088306,0.426261525
NOVA2,-0.793876462,0.426469074
NPM3,-0.351701921,0.42806932
NCF2,-0.24811688,0.428160279
STK4,-0.14866192,0.429199602
ARAF,-0.161313216,0.429467329
VPS13A,-0.160590886,0.430772193
SNX1,-0.165753905,0.430886322
SSNA1,0.338761972,0.432831475
GATM,0.525887574,0.433627696
NUP155,0.454032836,0.436387898
TIMM9,-0.33182311,0.437224866
ETFB,-0.184969504,0.43850809
RASAL3,-0.416857951,0.43874603
USB1,0.704657878,0.439078278
MAGED2,-0.075226725,0.439078278
SMPDL3B,-0.34082009,0.439204641
RAB11FIP1,-0.25927054,0.439642546
UBE2Q2,0.283351713,0.439903022
SEC24C,0.21041392,0.440724825
BID,0.264218399,0.44120538
GNB1,-0.39428799,0.443750043
PI4K2A,-0.45437733,0.443783151
DIAPH1,-0.084830839,0.445701741
SLC3A2,-0.191611825,0.445701741
CRTAP,-0.263940266,0.446534163
CCT6A,0.133693347,0.448106774
RASSF2,0.215737498,0.448807699
PPP1R12B,-0.386082592,0.449165596
SYNE2,0.269620269,0.449300624
ENTPD5,0.405112194,0.449844603
CXADR,0.504942921,0.452768788
RRAGA,-0.128143663,0.453157888
SNRPF,0.214326709,0.454748473
MTND4,-0.439342915,0.455995819
OSBPL2,0.474780712,0.456443994
PRPF4,-0.244266369,0.456963044
GRWD1,-0.208908506,0.458694444
2210016F16RIK,0.156209898,0.458766779
LAMTOR2,0.320104782,0.460002612
BORCS7,0.342607446,0.461396241
IGF2R,-0.120773748,0.462265089
ANO10,-0.215655655,0.462440867
ACSS1,0.212786913,0.463258744
RAB2A,0.126917704,0.463668851
FAM107B,0.341134742,0.467877536
RALA,-0.237697398,0.469154737
MBL2,0.143847973,0.470925393
EIF3M,0.184060895,0.472480121
SMARCE1,-0.430612833,0.473208711
OSBPL9,0.172702514,0.474559833
GSDMC,0.221479699,0.47488907
UNC45B,-0.246277556,0.476928117
TPD52,0.234982065,0.47782189
NLE1,-0.127550505,0.478963706
ZC2HC1A,-0.684998017,0.482006103
CYSRT1,-0.393215754,0.482524985
VTN,-0.152543871,0.485799728
RIPK3,-0.311534565,0.485799728
VIPAS39,-0.348885202,0.487262146
IRAK4,-0.2833094,0.489108334
HSDL2,-0.138985667,0.491681426
RDH12,0.57655586,0.49170761
HEATR5B,-0.281688513,0.492284232
EMC1,-0.313895372,0.493573632
FCSK,-1.122660166,0.494110634
SUCLA2,0.172951692,0.494962327
PCNP,-0.199841104,0.495105548
PLIN1,-0.282094153,0.495288119
DNASE1L1,-0.138829904,0.495457631
TBCC,-0.175518754,0.499561158
PPIH,-0.789989629,0.499561158
HMOX1,-0.057689486,0.499769605
NRBP2,0.186823866,0.50110322
TRAP1,-0.065709571,0.503244913
POLR2C,-0.298942029,0.503388919
P3H1,-0.108557238,0.504215253
MS4A4A,0.260957165,0.504738527
ANXA4,-0.172984862,0.505378646
FCN1,0.234298078,0.505843047
ATG12,0.722030926,0.505848715
DCAF7,-0.870438715,0.506513254
TACSTD2,0.272760736,0.506513254
MRPL50,0.234855357,0.50712152
ECHDC1,0.22887533,0.507873035
RPS6KA5,0.137813821,0.510281749
LAMB3,-0.440883503,0.512635086
AP3D1,-0.375063382,0.515845732
FCGRT,0.201557727,0.515845732
MINDY3,-0.173226644,0.51681479
EEF1E1,0.25591367,0.51681479
KIAA0513,-0.200009524,0.517527556
LPIN3,-0.331965644,0.519699618
ITGAV,-0.184543384,0.519979651
GAPDHS,-0.123764299,0.520760769
ISCU,-0.299567425,0.520867874
CYB5R3,0.138579561,0.521070487
CDKN2C,-0.716009045,0.522993708
ENTPD1,-0.403880712,0.523210411
MYL11,-0.370011558,0.523216051
NDUFAF4,0.498430491,0.523370853
ACADSB,-0.103308502,0.523925795
ECHDC3,0.446082032,0.524503305
RAB3IL1,-0.288158643,0.527258025
RBCK1,0.832204773,0.530276339
CPQ,0.367491495,0.530276339
NUMB,0.154277104,0.530977104
ABCA9,0.124657416,0.532134039
MAP1LC3B,0.227757427,0.53401686
MCTS2,-0.580961142,0.534358329
HDAC10,0.234020493,0.534732524
CDH1,0.172002165,0.534758928
RBM12,0.205980948,0.535203609
EIF3K,-0.106750842,0.535352424
SPAST,0.143669756,0.535658921
CALD1,0.102198797,0.535765115
C5,-0.248423841,0.536136865
PGK2,-0.27012096,0.536136865
TUT7,-0.670251239,0.536359875
BCKDHA,0.142587695,0.536403146
SNRPD2,-0.234963996,0.537259856
RIC8A,0.393673356,0.537376863
PRPF6,0.521116032,0.537615108
ITGA1,-0.365138198,0.538685253
PRKAB1,-0.203855783,0.541559297
EML3,0.376666532,0.542733428
KRT83,-1.764593753,0.543096518
MARK3,0.19159236,0.54421511
RNF13,-0.140567687,0.544702596
RTN1,-0.285360391,0.545373111
MRPL27,-0.241937808,0.545879424
PCCB,-0.114042074,0.54596817
KRT73,-0.515400001,0.546222227
PDHB,-0.191366994,0.546222227
DNAJB2,-0.562356874,0.546564424
COX6A2,0.149071752,0.547060536
RAB3A,0.173813832,0.548113161
MRPS16,1.290874077,0.548118592
RTN4,0.097985795,0.549187272
SNX7,0.163535359,0.551195291
GIT2,0.689510379,0.552198667
ITFG1,-0.382412696,0.554002343
PTPRS,-0.247072679,0.555088378
PTGES2,-0.163621389,0.555088378
TAB1,0.334125365,0.556369268
CLIP2,0.483275514,0.556369268
SNX21,0.95796503,0.55897186
CPLX1,0.244373486,0.559088319
TNS3,0.161627303,0.559088319
CAPNS1,0.101667879,0.559144757
WASHC2,0.126074464,0.559360321
CD14,0.297616784,0.559528391
GBF1,-0.088061487,0.561267016
SLC25A51,-0.673528772,0.561323851
GM6619,0.186316364,0.561884238
FAHD2,-0.589186615,0.561884238
SLC1A5,-0.101874896,0.564107967
HPCAL1,0.168448492,0.565036188
APOC4,-0.59091694,0.565603058
PLXNA1,0.186711414,0.566181351
TRP53RKA,-0.218258767,0.569547343
HBB-BS,0.22974652,0.570434725
EOGT,-0.441055074,0.570638036
PNP2,-0.453593719,0.571300005
BVES,-0.396659807,0.572206931
COMMD7,0.272764631,0.578311952
COLEC12,-0.137526742,0.579019352
ITPKB,0.225030524,0.581865715
STX12,0.193011716,0.58193402
PPT1,0.061431719,0.582321627
ENGASE,0.136094232,0.582321627
OSBPL3,0.456908037,0.584998402
REL,-0.723052006,0.585034965
CSK,-0.122717835,0.585034965
RPA3,0.139436175,0.585034965
COL5A3,-1.087415313,0.585034965
SLC12A9,-0.264655512,0.59021355
EIF4H,-0.114179492,0.590290021
USP38,0.401816564,0.591476491
PAK1,0.458765307,0.59340263
PAK3,-0.959394209,0.593501211
LRSAM1,-0.261645555,0.59467786
SVS5,-0.867704146,0.596318903
ADRM1,-0.076526494,0.597306871
PCYOX1,-0.0515685,0.597321957
CLEC10A,-0.140184563,0.598040558
CLEC3B,-0.130519534,0.598284508
MTCO1,-0.35520768,0.598652255
QPRT,-0.356998525,0.599678801
TBC1D4,0.394020666,0.601851495
STT3B,0.319332199,0.60185831
CTNNBL1,0.267079246,0.602829525
WDR44,0.131906347,0.603533667
MYO9B,-0.370472295,0.60444486
CFAP20,-0.273871587,0.604839892
EPHX2,0.262432924,0.605584912
SLC30A9,0.610438442,0.606059777
PRAF2,0.300132852,0.608303716
GNE,0.342973283,0.608354956
DGUOK,-0.507548516,0.608371973
NBAS,1.408279345,0.608400142
CALR,-0.110249527,0.608456336
ARSB,0.221614028,0.612061909
PDK4,0.635117914,0.612382196
PIP5K1A,0.523025214,0.613614852
USP19,-0.10851455,0.614423778
MAP1S,-0.160394134,0.615228796
PRKCB,-0.446258157,0.616630126
CARS2,0.409717151,0.61730834
GGT5,-0.174271841,0.617761259
DGKZ,-0.299819376,0.622561204
PC,0.086196397,0.623025986
GRIPAP1,-0.228675823,0.624604032
HOOK1,0.236842171,0.624771341
CHMP2B,-0.164447038,0.624771341
PRKAA1,-0.157490542,0.624930638
RAF1,0.228023959,0.624954872
IGHG3,0.267917563,0.626579022
RAC1,0.227231339,0.626823109
Q9D1K7,0.302350991,0.626877682
IFI204,0.135938716,0.627194332
ADPRHL1,-0.2040085,0.627307448
PBDC1,-0.206131159,0.627307448
ATP5F1B,-0.130654275,0.628164863
CDC42EP4,-0.246183288,0.628178372
PLOD2,0.287308037,0.629794263
TXNL4A,-0.591153739,0.63065667
TNNI1,-0.240265588,0.631812583
CDH11,-0.52296765,0.631965873
IGLC1,0.327653508,0.632329464
M6PR,0.152332098,0.632329464
IGHV1-31;IGHV1-42,0.331612897,0.635429028
PDPR,-0.109552335,0.636507075
SAP30BP,-0.219445721,0.636645829
VAMP3,-0.062652181,0.638077106
RASSF8,-0.570416697,0.638100452
REPS1,0.053633067,0.63941085
MOCOS,-0.144442165,0.639822518
PPP5C,-0.068800137,0.639822518
RASA3,-0.307130855,0.640980295
AMPD2,0.161109386,0.643050491
TMEM263,0.139949608,0.643602404
DUSP22,-0.248097841,0.643948691
NECAP1,0.189645979,0.643981227
NCBP1,0.363768315,0.643983927
F10,-0.259476177,0.644471222
THADA,0.371440425,0.64752853
RMDN1,-0.297083185,0.647941179
SCGB2B2,-0.172255475,0.648461281
PI4KB,0.20514311,0.649944963
PDIA3,0.06510236,0.650130872
ZC3HC1,0.095580839,0.651487254
ALAD,-0.799080863,0.652024877
SRPRB,-0.097023066,0.652024877
MYL6,0.088944856,0.653033708
ITPK1,0.144791693,0.653033708
TRAFD1,-0.127917087,0.653788143
RAB3D,-0.154874566,0.654040942
DPEP1,0.309097218,0.654234443
TFEB,0.1824609,0.654234443
DHX8,0.518057448,0.654867426
ATP5F1D,-0.122154267,0.654867426
TXLNB,-0.246779205,0.654899013
LSM2,0.116823808,0.655046714
AOC3,-0.125694109,0.65530474
RAB1A,0.081789921,0.656289521
PIGS,-0.510087068,0.656849607
DHX36,0.428772741,0.658623244
TUBA1C,-0.140607944,0.65866715
PPP1R1B,0.721446207,0.659185682
TMX3,-0.247620074,0.659934245
TRMT11,0.169901716,0.659934245
ARHGAP35,-0.808093506,0.660558091
CDIPT,-0.096229432,0.663985012
SBK2,-0.279708565,0.664823687
NADK2,0.275324198,0.664999548
APBB1IP,-0.124342153,0.667237525
ASAP2,-0.701296356,0.667354982
NRP1,0.288975809,0.667789109
FBP1,-0.297674674,0.668712118
SLC4A1AP,0.188442392,0.668929861
CAPNS2,-0.209949407,0.668938588
STARD7,0.232005378,0.670229726
APPL2,0.072698126,0.671409023
HAGH,-0.051811296,0.671409023
ARIH2,-0.237901378,0.672494608
FGG,-0.131626021,0.672721325
COPZ1,-0.084473305,0.673418576
ARAP1,0.043894959,0.674422384
UBE2L6,0.185625853,0.675171562
CCDC91,0.224818652,0.677618267
SLCO2A1,0.313945348,0.67980341
GPT2,0.123855734,0.680423754
PDIA4,-0.081893439,0.681596298
KRT84,-0.279586488,0.684571406
AGAP3,0.302978165,0.687931825
CFB,-0.090469747,0.689587164
BPGM,-0.124815039,0.691208019
FEM1AA,-0.640549024,0.691400904
SYAP1,0.064528562,0.693295429
STRIP1,0.234066292,0.695262071
GLMN,0.119359799,0.695449306
ARHGAP31,0.193627584,0.695729737
DEF6,-0.158221615,0.700056923
ARPC2,0.106581457,0.701417079
NPC1,0.190158492,0.705629822
RPS6KA1,-0.135651454,0.705629822
LRRC15,-0.171607379,0.707306929
WDR48,-0.281702008,0.707765292
CTBP2,0.201974626,0.707864861
TUBB5,0.046273073,0.709486879
ATP5F1A,-0.073864981,0.709988477
CUX2,0.136994869,0.711398357
DMKN,-0.056045152,0.712438129
SPCS2,0.211911234,0.714534208
IRF6,0.075567352,0.715049451
MRPL15,-0.268538725,0.715401682
SLTM,-0.203068861,0.715766175
TRAPPC11,0.14667166,0.71585588
SNX30,-0.201486915,0.716664232
HSPD1,0.081817323,0.717294171
PPTC7,-0.129128721,0.719308694
UFSP2,-0.09157945,0.719308694
FGB,-0.093358806,0.721860456
CHIL3,0.292403163,0.722123824
EML1,0.057970356,0.726719229
RAB34,0.234239148,0.727755087
MCM4,-0.052548208,0.731111168
COX4I1,-0.078650455,0.732007749
VPS33B,0.092980377,0.733777356
RPSA,0.073273027,0.735187138
SVS4,-0.3715387,0.735187138
PLG,-0.153196091,0.735187138
CBX1,0.149661685,0.735187138
ECHDC2,0.273363842,0.735187138
TXNIP,0.121604081,0.735187138
TRMT6,0.11658417,0.735187138
PPP1R18,-0.134310532,0.737275024
EPDR1,-0.231942666,0.742076928
EIF2B5,-0.13743649,0.742753068
HDHD3,-0.183622168,0.742753068
PCM1,-0.614160991,0.743300787
SH3PXD2A,-0.176366193,0.743378919
AAMP,-0.089119572,0.743433466
AKAP13,0.076571273,0.744306871
SNX17,-0.220775255,0.744306871
PPP2R5A,-0.07778726,0.74484584
MAP2K6,0.119938318,0.745283977
STUB1,0.135252173,0.745283977
BTF3,-0.117223933,0.747051498
CD48,-0.171325769,0.749282918
RAB38,-0.190353705,0.75135528
ATG5,-0.277042573,0.751969836
CUL3,-0.059394202,0.753836919
CTPS2,-0.092388965,0.75391125
FAR2,-0.199542889,0.755465064
PLCG2,0.090274392,0.755465064
KIFBP,0.341690411,0.759023704
SYNE1,-0.194909498,0.759176761
PPP1R21,-0.17214998,0.759209237
CLYBL,0.04792508,0.759691885
TEDDM3,-0.251881537,0.759753533
KARS1,-0.028795763,0.76097271
ISCA1,0.136347092,0.76097271
MOCS3,0.581493461,0.761503564
NCSTN,-0.099046919,0.761503564
MAGED1,0.096635086,0.762425479
RAB9A,-0.077421077,0.764656475
ARL8A,0.07935382,0.765846339
ACOX1,0.10233784,0.766421062
STEAP3,-0.090180466,0.769718014
AMACR,-0.095638243,0.769845621
SH3BGR,-0.17981626,0.770784942
NCF4,0.189369951,0.771858619
PROC,0.104431138,0.7726578
OSBPL11,-0.110618405,0.773536765
KLC2,0.0932601,0.774506967
PTPRE,0.177725445,0.775781849
SNX5,-0.077122845,0.77704225
SCGB1B20;SCGB1B29,-0.106249781,0.777610498
DPYD,0.615143317,0.777610498
ACAA2,-0.059441464,0.780148714
PPFIA3,0.103542171,0.780571476
FTO,0.19554422,0.780742046
XKR5,0.125090455,0.78184873
PROCR,-0.071228477,0.781891246
TBL1XR1,0.074063379,0.781891246
UROS,-0.180907531,0.781997785
P4HA2,-0.056831228,0.786324875
MAP4,0.044950317,0.786920406
ATXN10,-0.064363736,0.787146691
TAOK3,-0.097211802,0.790085622
RAB1B,-0.074363674,0.791384328
SP1,-0.178600169,0.792074011
QTRT1,0.120763097,0.793124295
LSM5,0.124494148,0.794668629
GFM2,-0.145386069,0.795058699
SQSTM1,0.071848793,0.796672845
ABLIM1,0.052168964,0.797812038
DPP4,0.113854128,0.801044778
TUBA8,-0.050480219,0.803006151
ETV6,0.334126558,0.803179976
IFI205A,0.102890379,0.803548253
UBL3,-0.159993043,0.803548253
CSNK2A1,-0.039831335,0.803568796
TSC2,0.058133383,0.80500578
MYCBP2,0.21259963,0.80500578
NUP54,-0.386791799,0.807091783
IDH3G,-0.058298637,0.807680132
CDK5RAP3,0.109562781,0.807906046
MYBPH,-0.111727561,0.80895998
RIPOR1,-0.311754176,0.80934638
NAA15,-0.058972301,0.809540198
SRGAP2,0.06538223,0.810826027
C5AR1,0.068395287,0.810872377
RABIF,0.153566121,0.810872377
MRPL23,0.060927908,0.811534341
COG6,0.183964209,0.811534341
UBXN7,0.079303909,0.811641794
BECN1,0.316515036,0.814585823
CMKLR1,0.046561866,0.818027305
EPHB3,0.315797511,0.818757994
TTC33,0.205219978,0.821072284
PRG4,-0.131815636,0.821173297
LSM8,0.558678097,0.821756394
ALPL,0.144824891,0.822431671
AP1M1,0.046975192,0.8258147
SAR1B,0.185261253,0.825977859
INMT,-0.103374993,0.83170941
TUBB2A,0.05268106,0.833467705
CHP1,0.043740878,0.835008966
PROS1,-0.168335971,0.839138062
NAALAD2,0.046224029,0.841200282
FBXO3,0.186569815,0.841248774
BPNT2,-0.042300288,0.841337259
RAB4B,-0.087138863,0.844057395
UBE2Q1,0.334281721,0.845825369
RNF214,0.105279972,0.847394152
SPHK2,0.045830313,0.847847548
PIP5K1C,0.388195615,0.849423018
ITGB5,-0.090041648,0.850904718
SNRPE,-0.20710013,0.851733882
TMEM175,-0.150902802,0.857490808
HEBP1,0.088423533,0.858266275
CUTA,-0.06684075,0.858587955
APCS,0.046789734,0.860344948
ACAD10,-0.076528063,0.860344948
UBLCP1,0.04473054,0.860436138
SMARCC1,-0.275972778,0.860478273
ACAP2,-0.046752114,0.86124763
RSU1,0.033218258,0.861838562
GLIPR2,-0.0483198,0.861838562
LIMD1,0.070476291,0.861838562
RGS3,-0.129760768,0.863720128
GDE1,-0.272638677,0.863759224
ANTXR2,0.133940114,0.86492459
GPX2,0.100390844,0.866434192
PTMA,-0.068109481,0.866786534
TNNI2,-0.089021011,0.866809863
C1QBP,0.064911827,0.868482443
EXOSC6,0.048572746,0.870204329
PFDN6,0.081740724,0.871320675
COPE,-0.048755909,0.871374501
RO60,-0.105705802,0.871671421
RPS28,0.038975138,0.872419682
TPT1,0.055826214,0.874160066
HRG,-0.040101102,0.876004866
MFSD10,0.119741563,0.876469868
HMGCS2,-0.043141508,0.878546614
XPO5,-0.119123479,0.87900976
CAMSAP2,-0.064983645,0.87977114
TMEM106B,-0.095784931,0.882679582
ISLR,0.07850679,0.883153543
ACP3,0.035939251,0.884221838
UGGT1,0.012104113,0.88640199
DAPK2,0.046765737,0.887195521
MTA2,-0.063621056,0.888874901
CAMKK2,-0.072178226,0.889726201
CSRP3,0.037844669,0.890209429
PADI2,-0.058117452,0.890234999
2310046K23RIK,-0.060850252,0.89165399
GIPC1,0.041354134,0.89165399
XIRP1,0.037440398,0.894406071
MAP7,-0.036358835,0.894406071
SLC12A4,0.069037423,0.896009389
AP4E1,0.227721015,0.896414936
NCLN,-0.05448055,0.896414936
MTHFD1L,-0.047694122,0.900142433
MCM5,0.014367944,0.902794864
STK38,-0.022967403,0.902794864
IGF2BP3,0.175015866,0.902794864
LANCL1,-0.054970323,0.903950451
HNRNPH1,-0.038724827,0.904264154
RBBP7,-0.016461064,0.904264154
HSPA13,-0.05768905,0.904340168
PTGES3,0.052142563,0.906206811
SMPD2,-0.093381823,0.907103008
CD81,-0.098026819,0.908338247
SUMF2,-0.032370621,0.91020197
Q8K039,0.065990489,0.91075302
MGLL,-0.062678229,0.913243871
AP2A2,-0.019126548,0.914074577
UBE2G2,-0.022658633,0.914476906
BTAF1,-0.035637332,0.916034322
ALDH1A3,-0.036747467,0.916150734
ARPC3,0.031879569,0.916411371
CHL1,-0.088638255,0.917005543
CARNMT1,0.061203474,0.917005543
MRTFB,-0.039993895,0.920743588
CORO1B,-0.018542128,0.921674426
CKMT2,-0.048344269,0.922195372
CAMK1D,-0.019299982,0.923038469
CELF2,-0.021091232,0.927129427
ASS1,-0.029765387,0.928073011
SEPHS2,0.015976793,0.928564692
SCGB2B24,-0.068422415,0.928772937
RAB5A,-0.015542204,0.930180946
PCCA,0.019516727,0.932585876
MYO1D,-0.046818436,0.933324519
UBE4A,0.034653616,0.934535693
TCIRG1,0.020135335,0.935587136
MPDU1,-0.064385396,0.936862804
LRRC25,-0.03099278,0.936957446
FTL1,0.032404909,0.937670997
CRMP1,0.036296234,0.937670997
RAB3GAP2,-0.050190788,0.937670997
AGBL1,0.038612908,0.939413705
GNG2,-0.029400386,0.940001194
MRPS36,-0.016366695,0.941152827
CAMK2D,0.022940766,0.942384137
TAX1BP3,-0.022052365,0.942400199
NAPA,-0.012814345,0.943797563
TDH,0.047258069,0.944169923
MAPK1,0.015585189,0.945125369
OGN,-0.016743424,0.945351636
DPYSL3,-0.015727939,0.945351636
EEF1G,-0.018544573,0.945351636
TLN1,0.010910541,0.951198442
MOB2,0.009184585,0.951575668
SPON1,-0.014187084,0.951589074
PIK3R1,0.0210917,0.951876495
TRIM72,0.018681499,0.952076845
COMMD3,-0.014860572,0.956055111
UFC1,0.014689056,0.957236628
HMGCL,0.016773613,0.957898036
PCBP2,-0.013999975,0.957898036
PLEKHF2,-0.02029595,0.957898036
SLC2A4,0.018225671,0.959705594
IMPACT,-0.011357618,0.963279375
RAVER1,0.02542261,0.965748077
WDR62,0.015977627,0.966152439
DYNLT1,0.008824994,0.968352691
AHSP,-0.015832628,0.969238723
GLUD1,-0.007460322,0.970491093
GOT2,0.009816123,0.975392291
SNRPB2,-0.023359929,0.975658966
DYNC1LI2,0.002751764,0.97813432
YKT6,0.008959978,0.980075864
GM11992,-0.009706469,0.980437096
BSG,-0.005961115,0.983308008
COBL,0.013378822,0.983308008
ARFIP1,0.002635732,0.983814442
CIAO1,-0.011742038,0.984081642
SERPINB6D,-0.007515212,0.984191936
DUS3L,0.003660856,0.985691434
PPP4R1,0.006667748,0.985948302
WDR45,0.010463394,0.98727617
LPCAT2,-0.00618976,0.987488992
FMNL1,-0.004800752,0.987530577
TUBA4A,-0.002545267,0.990069354
PPIE,0.004554924,0.990069354
MAP3K3,-0.005442856,0.990082078
SEC24D,-0.003725881,0.991997869
GNA13,0.013285813,0.993703102
PRCP,0.002470611,0.996154929
LLGL1,-0.000532987,0.996154929
MAEA,-0.0012869,0.996593353
EIF5,0.000690277,0.99843051
AP2A1,0.000271189,0.999115423
TM9SF3,-0.000191216,0.999723441
