"","ID","Description","GeneRatio","BgRatio","pvalue","p.adjust","qvalue","geneID","Count"
"GO:0030199","GO:0030199","collagen fibril organization","6/38","43/9821",1.21944547657658e-08,1.06457590105135e-05,9.34480323102895e-06,"Col1a2/Col1a1/Col5a1/Col11a1/Col3a1/Col2a1",6
"GO:0061448","GO:0061448","connective tissue development","7/38","140/9821",8.9800748653893e-07,0.000174990388512046,0.000153605839316054,"Col1a1/Col5a1/Col11a1/Col3a1/Col2a1/Bgn/Ogn",7
"GO:0051216","GO:0051216","cartilage development","6/38","102/9821",2.28277117055643e-06,0.00033214320531596,0.000291553931958786,"Col1a1/Col11a1/Col3a1/Col2a1/Bgn/Ogn",6
"GO:0001501","GO:0001501","skeletal system development","8/38","287/9821",1.09988820772756e-05,0.00137171772192309,0.00120408814319649,"Col1a2/Col1a1/Col11a1/Col3a1/Col2a1/Bgn/Dchs1/Ogn",8
"GO:0071230","GO:0071230","cellular response to amino acid stimulus","4/38","50/9821",3.86281752183083e-05,0.00374693299617591,0.00328904228759397,"Col1a2/Col1a1/Col3a1/Col6a1",4
"GO:0071229","GO:0071229","cellular response to acid chemical","4/38","58/9821",6.96031379139981e-05,0.00607635393989203,0.00533379835804111,"Col1a2/Col1a1/Col3a1/Col6a1",4
"GO:0043200","GO:0043200","response to amino acid","4/38","62/9821",9.05084685221999e-05,0.0071830811836255,0.00630527895542216,"Col1a2/Col1a1/Col3a1/Col6a1",4
