"","logFC","AveExpr","t","P.Value","adj.P.Val","B"
"Kct2",-1.09712162351351,14.6708009645916,-7.00757777742589,7.83903964238779e-05,0.00652400074727702,1.95911711484734
