"","logFC","AveExpr","t","P.Value","adj.P.Val","B"
"Serpina3k",1.09353392822694,14.0532624144201,5.85037906320755,2.35884844828232e-06,0.000285813803650207,4.82833962167641
"Umps",-1.14375738927569,13.5172574634865,-5.15374826100877,2.46387459903835e-05,0.00119415788900059,2.678935951887
"Col11a1",1.08927628210539,14.3792050413921,4.75149048190287,0.000106172736467133,0.00335598171354809,1.30299168982399
