"","logFC","AveExpr","t","P.Value","adj.P.Val","B"
"Col4a2",-3.63840553100035,15.4010136284322,-7.03949043308465,4.49150208024259e-08,4.27229781693258e-06,8.5313082788553
"Brd4",-2.4941124277836,14.6246218730186,-15.1761015218758,7.41079747254709e-08,4.8466615470458e-06,6.22769289653871
"Blmh",1.08136283438222,13.7904457878086,4.67255938222936,5.38338375632435e-05,0.000784264967305058,1.62981151073728
"Palm2",-1.04442910366198,15.5705247105227,-4.45041928373541,9.09260039350898e-05,0.00114356935718363,1.16207158356361
"Acaa2",1.06886894875875,13.9543028430569,4.5206233709533,0.000226764632807285,0.00235403285485657,0.456084684323462
"Hspg2",-1.6587997316552,14.4994327249792,-4.23347780238537,0.000286037046300074,0.00283436709515528,0.0972157987053208
