"","NGenes","Direction","PValue","FDR"
"GOBP_RIBONUCLEOPROTEIN_COMPLEX_BIOGENESIS",14,"Down",0.000535825229934114,0.838801310577955
"GOBP_HISTONE_UBIQUITINATION",3,"Down",0.00156767267549758,0.838801310577955
"GOBP_RIBOSOME_BIOGENESIS",9,"Down",0.00158286147329293,0.838801310577955
"GOBP_EPIDERMIS_MORPHOGENESIS",2,"Down",0.00168042281663206,0.838801310577955
"GOBP_MOLTING_CYCLE",2,"Down",0.00168042281663206,0.838801310577955
"GOBP_SKIN_EPIDERMIS_DEVELOPMENT",2,"Down",0.00168042281663206,0.838801310577955
"GOBP_REGULATION_OF_INFLAMMATORY_RESPONSE",8,"Down",0.0018210691563177,0.838801310577955
"GOBP_NEGATIVE_REGULATION_OF_INTRACELLULAR_SIGNAL_TRANSDUCTION",19,"Down",0.00202757885474194,0.838801310577955
"GOBP_POSITIVE_REGULATION_OF_MITOTIC_CELL_CYCLE",7,"Down",0.00203032629112698,0.838801310577955
"GOBP_CELLULAR_RESPONSE_TO_TOXIC_SUBSTANCE",6,"Down",0.00261260287032266,0.838801310577955
"GOBP_DETOXIFICATION",6,"Down",0.00261260287032266,0.838801310577955
"GOBP_SCF_DEPENDENT_PROTEASOMAL_UBIQUITIN_DEPENDENT_PROTEIN_CATABOLIC_PROCESS",2,"Down",0.00323723604007037,0.838801310577955
"GOBP_PEPTIDYL_LYSINE_MODIFICATION",11,"Down",0.00361311545476308,0.838801310577955
"GOBP_CELLULAR_RESPONSE_TO_RADIATION",8,"Down",0.00406117540288214,0.838801310577955
"GOBP_PROTEIN_DEPOLYMERIZATION",28,"Up",0.00477780557403662,0.838801310577955
"GOBP_HISTONE_H2A_MONOUBIQUITINATION",1,"Down",0.00513788450797566,0.838801310577955
"GOBP_HISTONE_H2A_UBIQUITINATION",1,"Down",0.00513788450797566,0.838801310577955
"GOBP_HISTONE_MONOUBIQUITINATION",1,"Down",0.00513788450797566,0.838801310577955
"GOBP_POSITIVE_REGULATION_OF_G1_S_TRANSITION_OF_MITOTIC_CELL_CYCLE",1,"Down",0.00513788450797566,0.838801310577955
"GOBP_UV_DAMAGE_EXCISION_REPAIR",1,"Down",0.00513788450797566,0.838801310577955
"GOBP_POSITIVE_REGULATION_OF_OXIDOREDUCTASE_ACTIVITY",3,"Down",0.00597496254578976,0.838801310577955
"GOBP_REGULATION_OF_PROTEIN_AUTOPHOSPHORYLATION",4,"Down",0.00653721806287782,0.838801310577955
"GOBP_GOLGI_VESICLE_BUDDING",4,"Down",0.00662064182589752,0.838801310577955
"GOBP_RNA_PROCESSING",15,"Down",0.00764284073268099,0.838801310577955
"GOBP_VESICLE_MEDIATED_TRANSPORT_TO_THE_PLASMA_MEMBRANE",19,"Up",0.00788533946567493,0.838801310577955
"GOBP_HISTONE_MODIFICATION",18,"Down",0.00839175631342996,0.838801310577955
"GOBP_RESPONSE_TO_ACID_CHEMICAL",6,"Down",0.00851045434594999,0.838801310577955
"GOBP_CELLULAR_RESPONSE_TO_LIGHT_STIMULUS",7,"Down",0.00968749894774703,0.838801310577955
"GOBP_CELLULAR_RESPONSE_TO_UV",7,"Down",0.00968749894774703,0.838801310577955
"GOBP_RESPONSE_TO_UV",7,"Down",0.00968749894774703,0.838801310577955
"GOBP_ORGANIC_ACID_TRANSMEMBRANE_TRANSPORT",3,"Down",0.00972306381305169,0.838801310577955
"GOBP_CELL_MIGRATION_INVOLVED_IN_SPROUTING_ANGIOGENESIS",3,"Down",0.00973305288990003,0.838801310577955
"GOBP_CELLULAR_OXIDANT_DETOXIFICATION",5,"Down",0.00993912390895355,0.838801310577955
"GOBP_DNA_STRAND_ELONGATION",3,"Down",0.0105565515752222,0.838801310577955
"GOBP_NCRNA_PROCESSING",9,"Down",0.0113294920847534,0.838801310577955
"GOBP_POSITIVE_REGULATION_OF_CELL_CYCLE_PHASE_TRANSITION",5,"Down",0.0153680019648998,0.838801310577955
"GOBP_POSITIVE_REGULATION_OF_MITOTIC_CELL_CYCLE_PHASE_TRANSITION",5,"Down",0.0153680019648998,0.838801310577955
"GOBP_NEGATIVE_REGULATION_OF_JNK_CASCADE",3,"Down",0.0156658861602056,0.838801310577955
"GOBP_NEGATIVE_REGULATION_OF_STRESS_ACTIVATED_PROTEIN_KINASE_SIGNALING_CASCADE",3,"Down",0.0156658861602056,0.838801310577955
"GOBP_POSITIVE_REGULATION_OF_HISTONE_MODIFICATION",5,"Down",0.016638567464655,0.838801310577955
"GOBP_POSITIVE_REGULATION_OF_DENDRITE_MORPHOGENESIS",4,"Down",0.0172686324250625,0.838801310577955
"GOBP_PROTEIN_MONOUBIQUITINATION",4,"Down",0.0173628607608224,0.838801310577955
"GOBP_ENDOTHELIAL_CELL_MIGRATION",9,"Down",0.0174289380877821,0.838801310577955
"GOBP_HISTONE_H3_K36_METHYLATION",1,"Down",0.0175222350236872,0.838801310577955
"GOBP_HISTONE_H3_K36_TRIMETHYLATION",1,"Down",0.0175222350236872,0.838801310577955
"GOBP_PEPTIDYL_LYSINE_METHYLATION",1,"Down",0.0175222350236872,0.838801310577955
"GOBP_PEPTIDYL_LYSINE_TRIMETHYLATION",1,"Down",0.0175222350236872,0.838801310577955
"GOBP_PHOSPHORYLATION_OF_RNA_POLYMERASE_II_C_TERMINAL_DOMAIN",1,"Down",0.0175222350236872,0.838801310577955
"GOBP_POSITIVE_REGULATION_OF_HISTONE_METHYLATION",1,"Down",0.0175222350236872,0.838801310577955
"GOBP_REGULATION_OF_HISTONE_H3_K36_METHYLATION",1,"Down",0.0175222350236872,0.838801310577955
"GOBP_REGULATION_OF_HISTONE_METHYLATION",1,"Down",0.0175222350236872,0.838801310577955
"GOBP_REGULATION_OF_TRANSCRIPTION_INVOLVED_IN_G1_S_TRANSITION_OF_MITOTIC_CELL_CYCLE",1,"Down",0.0175222350236872,0.838801310577955
"GOBP_RESPONSE_TO_RADIATION",15,"Down",0.0175363492890745,0.838801310577955
"GOBP_RESPONSE_TO_LIGHT_STIMULUS",13,"Down",0.0176594846214097,0.838801310577955
"GOBP_COPI_COATED_VESICLE_BUDDING",3,"Down",0.0184698995160033,0.838801310577955
"GOBP_VESICLE_TARGETING_TO_FROM_OR_WITHIN_GOLGI",3,"Down",0.0184698995160033,0.838801310577955
"GOBP_POSITIVE_REGULATION_OF_VASCULATURE_DEVELOPMENT",7,"Down",0.0196788308630525,0.838801310577955
"GOBP_ACTIN_FILAMENT_BASED_MOVEMENT",11,"Up",0.0198361098129417,0.838801310577955
"GOBP_MRNA_SPLICE_SITE_SELECTION",1,"Down",0.0201016326695587,0.838801310577955
"GOBP_NEGATIVE_REGULATION_OF_MUSCLE_ORGAN_DEVELOPMENT",1,"Down",0.0201016326695587,0.838801310577955
"GOBP_NEGATIVE_REGULATION_OF_MUSCLE_TISSUE_DEVELOPMENT",1,"Down",0.0201016326695587,0.838801310577955
"GOBP_SPLICEOSOMAL_COMPLEX_ASSEMBLY",1,"Down",0.0201016326695587,0.838801310577955
"GOBP_CHROMATIN_ORGANIZATION",12,"Down",0.0206360213450017,0.838801310577955
"GOBP_RESPONSE_TO_VIRUS",12,"Down",0.0208614721074321,0.838801310577955
"GOBP_COLLAGEN_ACTIVATED_SIGNALING_PATHWAY",3,"Down",0.0223281819164761,0.838801310577955
"GOBP_COLLAGEN_ACTIVATED_TYROSINE_KINASE_RECEPTOR_SIGNALING_PATHWAY",3,"Down",0.0223281819164761,0.838801310577955
"GOBP_NEGATIVE_REGULATION_OF_CATALYTIC_ACTIVITY",42,"Down",0.0228535400907449,0.838801310577955
"GOBP_REGULATION_OF_HISTONE_MODIFICATION",7,"Down",0.0228739441607996,0.838801310577955
"GOBP_NEGATIVE_REGULATION_OF_MAPK_CASCADE",7,"Down",0.0236295296370929,0.838801310577955
"GOBP_RENAL_TUBULE_DEVELOPMENT",2,"Down",0.024323533895009,0.838801310577955
"GOBP_DEFENSE_RESPONSE_TO_SYMBIONT",8,"Down",0.0249460787889714,0.838801310577955
"GOBP_CELLULAR_RESPONSE_TO_HYDROGEN_PEROXIDE",5,"Down",0.0251079210056436,0.838801310577955
"GOBP_BOX_C_D_SNORNP_ASSEMBLY",2,"Down",0.0253610326146859,0.838801310577955
"GOBP_NUCLEOSOME_MOBILIZATION",2,"Down",0.0253610326146859,0.838801310577955
"GOBP_REGULATION_OF_DNA_STRAND_ELONGATION",2,"Down",0.0253610326146859,0.838801310577955
"GOBP_SMALL_NUCLEOLAR_RIBONUCLEOPROTEIN_COMPLEX_ASSEMBLY",2,"Down",0.0253610326146859,0.838801310577955
"GOBP_CELLULAR_RESPONSE_TO_VASCULAR_ENDOTHELIAL_GROWTH_FACTOR_STIMULUS",2,"Down",0.0254057608821588,0.838801310577955
"GOBP_VASCULAR_ENDOTHELIAL_GROWTH_FACTOR_SIGNALING_PATHWAY",2,"Down",0.0254057608821588,0.838801310577955
"GOBP_POSITIVE_REGULATION_OF_BLOOD_VESSEL_ENDOTHELIAL_CELL_MIGRATION",2,"Down",0.0254094751382343,0.838801310577955
"GOBP_POSITIVE_REGULATION_OF_CELL_MIGRATION_INVOLVED_IN_SPROUTING_ANGIOGENESIS",2,"Down",0.0254094751382343,0.838801310577955
"GOBP_REGULATION_OF_CELL_MIGRATION_INVOLVED_IN_SPROUTING_ANGIOGENESIS",2,"Down",0.0254094751382343,0.838801310577955
"GOBP_SPINDLE_ORGANIZATION",21,"Up",0.0254505189628572,0.838801310577955
"GOBP_RNA_MODIFICATION",3,"Down",0.0261099632620942,0.838801310577955
"GOBP_NEGATIVE_REGULATION_OF_INTRINSIC_APOPTOTIC_SIGNALING_PATHWAY",2,"Down",0.0273690048749388,0.838801310577955
"GOBP_AMINO_ACID_TRANSMEMBRANE_TRANSPORT",2,"Down",0.0273917270082626,0.838801310577955
"GOBP_L_ALPHA_AMINO_ACID_TRANSMEMBRANE_TRANSPORT",2,"Down",0.0273917270082626,0.838801310577955
"GOBP_L_AMINO_ACID_TRANSPORT",2,"Down",0.0273917270082626,0.838801310577955
"GOBP_L_GLUTAMATE_TRANSMEMBRANE_TRANSPORT",2,"Down",0.0273917270082626,0.838801310577955
"GOBP_POSITIVE_REGULATION_OF_CELLULAR_COMPONENT_BIOGENESIS",42,"Up",0.028257733117507,0.838801310577955
"GOBP_ACTIN_FILAMENT_DEPOLYMERIZATION",13,"Up",0.0287039583893908,0.838801310577955
"GOBP_POSITIVE_REGULATION_OF_PHAGOCYTOSIS",2,"Down",0.0288621669105185,0.838801310577955
"GOBP_POSITIVE_REGULATION_OF_CANONICAL_WNT_SIGNALING_PATHWAY",5,"Down",0.0292905287931948,0.838801310577955
"GOBP_POSITIVE_REGULATION_OF_WNT_SIGNALING_PATHWAY",5,"Down",0.0292905287931948,0.838801310577955
"GOBP_POSITIVE_REGULATION_OF_PROTEIN_POLYMERIZATION",11,"Up",0.0294759795848701,0.838801310577955
"GOBP_REGULATION_OF_PROTEIN_DEPOLYMERIZATION",19,"Up",0.0312005118259114,0.838801310577955
"GOBP_ACUTE_INFLAMMATORY_RESPONSE_TO_ANTIGENIC_STIMULUS",2,"Down",0.0312430359158704,0.838801310577955
"GOBP_INFLAMMATORY_RESPONSE_TO_ANTIGENIC_STIMULUS",2,"Down",0.0312430359158704,0.838801310577955
"GOBP_POSITIVE_REGULATION_OF_ACUTE_INFLAMMATORY_RESPONSE_TO_ANTIGENIC_STIMULUS",2,"Down",0.0312430359158704,0.838801310577955
"GOBP_POSITIVE_REGULATION_OF_INFLAMMATORY_RESPONSE_TO_ANTIGENIC_STIMULUS",2,"Down",0.0312430359158704,0.838801310577955
"GOBP_REGULATION_OF_ACUTE_INFLAMMATORY_RESPONSE_TO_ANTIGENIC_STIMULUS",2,"Down",0.0312430359158704,0.838801310577955
"GOBP_REGULATION_OF_INFLAMMATORY_RESPONSE_TO_ANTIGENIC_STIMULUS",2,"Down",0.0312430359158704,0.838801310577955
"GOBP_CALCIUM_DEPENDENT_CELL_CELL_ADHESION_VIA_PLASMA_MEMBRANE_CELL_ADHESION_MOLECULES",1,"Down",0.0313934729613006,0.838801310577955
"GOBP_LYSOSOMAL_MEMBRANE_ORGANIZATION",1,"Down",0.0314620290838777,0.838801310577955
"GOBP_SUPPRESSION_OF_VIRAL_RELEASE_BY_HOST",1,"Down",0.0314620290838777,0.838801310577955
"GOBP_CENTRAL_NERVOUS_SYSTEM_NEURON_AXONOGENESIS",2,"Down",0.0315673309593605,0.838801310577955
"GOBP_CENTRAL_NERVOUS_SYSTEM_PROJECTION_NEURON_AXONOGENESIS",2,"Down",0.0315673309593605,0.838801310577955
"GOBP_CELL_JUNCTION_ASSEMBLY",28,"Up",0.0321053889255311,0.838801310577955
"GOBP_POSITIVE_REGULATION_OF_PHOSPHOLIPID_METABOLIC_PROCESS",2,"Down",0.0329096802065297,0.838801310577955
"GOBP_NEGATIVE_REGULATION_OF_PROTEIN_AUTOPHOSPHORYLATION",2,"Down",0.0329202927212069,0.838801310577955
"GOBP_NEGATIVE_REGULATION_OF_NIK_NF_KAPPAB_SIGNALING",2,"Down",0.0331221131457612,0.838801310577955
"GOBP_NEGATIVE_REGULATION_OF_TYPE_I_INTERFERON_PRODUCTION",2,"Down",0.0331221131457612,0.838801310577955
"GOBP_FATTY_ACID_TRANSPORT",2,"Down",0.0331600120783963,0.838801310577955
"GOBP_LONG_CHAIN_FATTY_ACID_TRANSPORT",2,"Down",0.0331600120783963,0.838801310577955
"GOBP_MONOCARBOXYLIC_ACID_TRANSPORT",2,"Down",0.0331600120783963,0.838801310577955
"GOBP_VERY_LONG_CHAIN_FATTY_ACID_CATABOLIC_PROCESS",2,"Down",0.0331600120783963,0.838801310577955
"GOBP_POSITIVE_REGULATION_OF_PROTEIN_CONTAINING_COMPLEX_ASSEMBLY",17,"Up",0.0336867219202173,0.838801310577955
"GOBP_REGULATION_OF_TRIGLYCERIDE_METABOLIC_PROCESS",2,"Down",0.0337959097312767,0.838801310577955
"GOBP_TRIGLYCERIDE_METABOLIC_PROCESS",2,"Down",0.0337959097312767,0.838801310577955
"GOBP_REGULATION_OF_OXIDOREDUCTASE_ACTIVITY",4,"Down",0.033860765420998,0.838801310577955
"GOBP_CYTOSKELETON_ORGANIZATION",145,"Up",0.034545641797982,0.838801310577955
"GOBP_POSITIVE_REGULATION_OF_NAD_P_H_OXIDASE_ACTIVITY",2,"Down",0.034641261034223,0.838801310577955
"GOBP_REGULATION_OF_NAD_P_H_OXIDASE_ACTIVITY",2,"Down",0.034641261034223,0.838801310577955
"GOBP_PHAGOCYTOSIS",10,"Down",0.034997609697546,0.838801310577955
"GOBP_POST_GOLGI_VESICLE_MEDIATED_TRANSPORT",16,"Up",0.035244140648175,0.838801310577955
"GOBP_POSITIVE_REGULATION_OF_PROTEIN_MODIFICATION_PROCESS",32,"Down",0.035244374722645,0.838801310577955
"GOBP_CORPUS_CALLOSUM_DEVELOPMENT",2,"Down",0.0356131446571226,0.838801310577955
"GOBP_PEPTIDYL_LYSINE_ACETYLATION",7,"Down",0.0357482718262853,0.838801310577955
"GOBP_CELLULAR_HYPOTONIC_RESPONSE",2,"Down",0.0358501225791717,0.838801310577955
"GOBP_HYPOTONIC_RESPONSE",2,"Down",0.0358501225791717,0.838801310577955
"GOBP_SUPEROXIDE_METABOLIC_PROCESS",6,"Down",0.0372781581498911,0.838801310577955
"GOBP_LONG_CHAIN_FATTY_ACID_METABOLIC_PROCESS",4,"Down",0.0380443796881877,0.838801310577955
"GOBP_RETROGRADE_TRANSPORT_ENDOSOME_TO_GOLGI",10,"Up",0.0384310061779553,0.838801310577955
"GOBP_REGULATION_OF_CYCLIC_NUCLEOTIDE_PHOSPHODIESTERASE_ACTIVITY",2,"Down",0.0390913158851172,0.838801310577955
"GOBP_NEGATIVE_REGULATION_OF_TRANSFERASE_ACTIVITY",14,"Down",0.0395435058743044,0.838801310577955
"GOBP_ANDROGEN_RECEPTOR_SIGNALING_PATHWAY",4,"Down",0.0400235431887381,0.838801310577955
"GOBP_AMP_BIOSYNTHETIC_PROCESS",1,"Down",0.0400492764908945,0.838801310577955
"GOBP_DE_NOVO_AMP_BIOSYNTHETIC_PROCESS",1,"Down",0.0400492764908945,0.838801310577955
"GOBP_GMP_BIOSYNTHETIC_PROCESS",1,"Down",0.0400492764908945,0.838801310577955
"GOBP_NUCLEOBASE_BIOSYNTHETIC_PROCESS",1,"Down",0.0400492764908945,0.838801310577955
"GOBP_PIGMENT_BIOSYNTHETIC_PROCESS",1,"Down",0.0400492764908945,0.838801310577955
"GOBP_PURINE_NUCLEOBASE_BIOSYNTHETIC_PROCESS",1,"Down",0.0400492764908945,0.838801310577955
"GOBP_PURINE_NUCLEOBASE_METABOLIC_PROCESS",1,"Down",0.0400492764908945,0.838801310577955
"GOBP_XMP_METABOLIC_PROCESS",1,"Down",0.0400492764908945,0.838801310577955
"GOBP_REACTIVE_OXYGEN_SPECIES_METABOLIC_PROCESS",8,"Down",0.0410676195007668,0.838801310577955
"GOBP_CELL_JUNCTION_DISASSEMBLY",2,"Down",0.0417840555430131,0.838801310577955
"GOBP_POSITIVE_REGULATION_OF_RESPONSE_TO_CYTOKINE_STIMULUS",2,"Down",0.0431924010738132,0.838801310577955
"GOBP_SYNAPTIC_SIGNALING",48,"Up",0.0436175831634557,0.838801310577955
"GOBP_REGULATION_OF_VASCULATURE_DEVELOPMENT",12,"Down",0.0436186399471537,0.838801310577955
"GOBP_ATTACHMENT_OF_SPINDLE_MICROTUBULES_TO_KINETOCHORE",2,"Down",0.0446161296557589,0.838801310577955
"GOBP_PEPTIDYL_AMINO_ACID_MODIFICATION",41,"Down",0.0449713152589123,0.838801310577955
"GOBP_HEART_DEVELOPMENT",16,"Up",0.0450117695912849,0.838801310577955
"GOBP_MITOTIC_SPINDLE_ORGANIZATION",17,"Up",0.0452168103768873,0.838801310577955
"GOBP_REGULATION_OF_MEMBRANE_POTENTIAL",23,"Up",0.0454084250877245,0.838801310577955
"GOBP_HISTONE_H4_ACETYLATION",4,"Down",0.0456013166205139,0.838801310577955
"GOBP_BARBED_END_ACTIN_FILAMENT_CAPPING",6,"Up",0.0457659956893938,0.838801310577955
"GOBP_RNA_3_END_PROCESSING",2,"Down",0.0458219416599973,0.838801310577955
"GOBP_NEGATIVE_REGULATION_OF_PROTEIN_CONTAINING_COMPLEX_DISASSEMBLY",18,"Up",0.0460975420197937,0.838801310577955
"GOBP_CHROMATIN_REMODELING",7,"Down",0.0462235518950433,0.838801310577955
"GOBP_NEGATIVE_REGULATION_OF_KINASE_ACTIVITY",12,"Down",0.0462580994483705,0.838801310577955
"GOBP_POSITIVE_REGULATION_OF_ORGANELLE_ASSEMBLY",9,"Up",0.0466515672133114,0.838801310577955
"GOBP_NEGATIVE_REGULATION_OF_PROTEIN_MODIFICATION_PROCESS",29,"Down",0.0469343033370572,0.838801310577955
"GOBP_NEGATIVE_REGULATION_OF_ACTIN_FILAMENT_DEPOLYMERIZATION",11,"Up",0.0469392869740285,0.838801310577955
"GOBP_CELLULAR_RESPONSE_TO_OSMOTIC_STRESS",4,"Down",0.0473519360925658,0.838801310577955
"GOBP_REGULATION_OF_TRANS_SYNAPTIC_SIGNALING",28,"Up",0.0476921303992528,0.838801310577955
"GOBP_REGULATION_OF_MICROTUBULE_POLYMERIZATION_OR_DEPOLYMERIZATION",17,"Up",0.0477459878342401,0.838801310577955
"GOBP_NEGATIVE_REGULATION_OF_CHEMOTAXIS",2,"Down",0.0486079998444188,0.838801310577955
"GOBP_I_KAPPAB_KINASE_NF_KAPPAB_SIGNALING",5,"Down",0.0495803613009013,0.838801310577955
"GOBP_REGULATION_OF_PROTEIN_POLYMERIZATION",34,"Up",0.0501621477571248,0.838801310577955
"GOBP_REGULATION_OF_CARBOHYDRATE_METABOLIC_PROCESS",9,"Up",0.0514007662622969,0.838801310577955
"GOBP_EPIDERMIS_DEVELOPMENT",9,"Down",0.0515966267551725,0.838801310577955
"GOBP_ENDOCYTIC_RECYCLING",12,"Up",0.0522569575470074,0.838801310577955
"GOBP_PHOSPHATIDYLETHANOLAMINE_BIOSYNTHETIC_PROCESS",2,"Down",0.0522609024918928,0.838801310577955
"GOBP_PHOSPHATIDYLETHANOLAMINE_METABOLIC_PROCESS",2,"Down",0.0522609024918928,0.838801310577955
"GOBP_RESPONSE_TO_HEPATOCYTE_GROWTH_FACTOR",2,"Down",0.052300612593251,0.838801310577955
"GOBP_CELL_AGING",2,"Down",0.0523194836141573,0.838801310577955
"GOBP_CELLULAR_SENESCENCE",2,"Down",0.0523194836141573,0.838801310577955
"GOBP_INFLAMMATORY_RESPONSE",19,"Down",0.0529004019736776,0.838801310577955
"GOBP_REGULATION_OF_PEPTIDYL_LYSINE_ACETYLATION",5,"Down",0.0529848636747921,0.838801310577955
"GOBP_CELL_CELL_JUNCTION_ASSEMBLY",8,"Up",0.053140655938216,0.838801310577955
"GOBP_METHYLATION",5,"Down",0.0539856277779325,0.838801310577955
"GOBP_REGULATION_OF_PROTEIN_CONTAINING_COMPLEX_ASSEMBLY",43,"Up",0.0549915235654082,0.838801310577955
"GOBP_POSTSYNAPTIC_MEMBRANE_ORGANIZATION",2,"Down",0.0550062985048306,0.838801310577955
"GOBP_RECEPTOR_CLUSTERING",2,"Down",0.0550062985048306,0.838801310577955
"GOBP_POSITIVE_REGULATION_OF_ORGANELLE_ORGANIZATION",42,"Up",0.0566787815498669,0.838801310577955
"GOBP_POSITIVE_REGULATION_OF_PLASMA_MEMBRANE_BOUNDED_CELL_PROJECTION_ASSEMBLY",13,"Up",0.0569950545237789,0.838801310577955
"GOBP_AUTOPHAGY_OF_PEROXISOME",2,"Down",0.0572107849504657,0.838801310577955
"GOBP_CELLULAR_RESPONSE_TO_GLUCOSE_STARVATION",2,"Down",0.0573166274915464,0.838801310577955
"GOBP_TRANSMEMBRANE_RECEPTOR_PROTEIN_TYROSINE_KINASE_SIGNALING_PATHWAY",34,"Down",0.0592390358937398,0.838801310577955
"GOBP_RESPONSE_TO_COPPER_ION",2,"Down",0.0594696491315879,0.838801310577955
"GOBP_RESPONSE_TO_MERCURY_ION",2,"Down",0.0594696491315879,0.838801310577955
"GOBP_NEUROTRANSMITTER_REUPTAKE",2,"Down",0.0600341315847111,0.838801310577955
"GOBP_POSITIVE_REGULATION_OF_SIGNALING_RECEPTOR_ACTIVITY",2,"Down",0.0600341315847111,0.838801310577955
"GOBP_PROTEIN_MATURATION",6,"Down",0.0602082645296321,0.838801310577955
"GOBP_POSITIVE_REGULATION_OF_LIPID_CATABOLIC_PROCESS",2,"Down",0.0603696834583951,0.838801310577955
"GOBP_CARBON_DIOXIDE_TRANSPORT",2,"Down",0.0604217809209581,0.838801310577955
"GOBP_FLUID_TRANSPORT",2,"Down",0.0604217809209581,0.838801310577955
"GOBP_GAS_TRANSPORT",2,"Down",0.0604217809209581,0.838801310577955
"GOBP_ONE_CARBON_COMPOUND_TRANSPORT",2,"Down",0.0604217809209581,0.838801310577955
"GOBP_SALIVA_SECRETION",2,"Down",0.0604217809209581,0.838801310577955
"GOBP_WATER_TRANSPORT",2,"Down",0.0604217809209581,0.838801310577955
"GOBP_AMINE_METABOLIC_PROCESS",2,"Down",0.060451584724506,0.838801310577955
"GOBP_CATECHOL_CONTAINING_COMPOUND_METABOLIC_PROCESS",2,"Down",0.060451584724506,0.838801310577955
"GOBP_DOPAMINE_METABOLIC_PROCESS",2,"Down",0.060451584724506,0.838801310577955
"GOBP_PHENOL_CONTAINING_COMPOUND_METABOLIC_PROCESS",2,"Down",0.060451584724506,0.838801310577955
"GOBP_RRNA_METABOLIC_PROCESS",9,"Down",0.0604648594457828,0.838801310577955
"GOBP_PROTEIN_POLYMERIZATION",42,"Up",0.0606677606786471,0.838801310577955
"GOBP_DNA_REPAIR",17,"Down",0.0615263946175941,0.838801310577955
"GOBP_GOLGI_TO_PLASMA_MEMBRANE_TRANSPORT",7,"Up",0.06170618552384,0.838801310577955
"GOBP_CELLULAR_LIPID_METABOLIC_PROCESS",40,"Down",0.0619116207929933,0.838801310577955
"GOBP_POSITIVE_REGULATION_OF_CELL_CYCLE",10,"Down",0.0621248446976716,0.838801310577955
"GOBP_NEGATIVE_REGULATION_OF_HYDROLASE_ACTIVITY",26,"Down",0.0630004773403092,0.838801310577955
"GOBP_HYDROGEN_PEROXIDE_METABOLIC_PROCESS",2,"Down",0.0647710844670741,0.838801310577955
"GOBP_NERVOUS_SYSTEM_PROCESS",33,"Up",0.0651522823983727,0.838801310577955
"GOBP_REGULATION_OF_DEFENSE_RESPONSE",16,"Down",0.0654930720201928,0.838801310577955
"GOBP_REGULATION_OF_CELLULAR_CARBOHYDRATE_METABOLIC_PROCESS",8,"Up",0.0661043264412591,0.838801310577955
"GOBP_POSITIVE_REGULATION_OF_CELL_CYCLE_G2_M_PHASE_TRANSITION",3,"Down",0.0661880700168793,0.838801310577955
"GOBP_PROTEIN_TARGETING_TO_VACUOLE",9,"Down",0.0669072153934219,0.838801310577955
"GOBP_BLOOD_VESSEL_ENDOTHELIAL_CELL_MIGRATION",4,"Down",0.0677763651941829,0.838801310577955
"GOBP_CELL_CELL_JUNCTION_ORGANIZATION",16,"Up",0.0678415090400501,0.838801310577955
"GOBP_NEGATIVE_REGULATION_OF_DEPHOSPHORYLATION",5,"Down",0.0680417571656949,0.838801310577955
"GOBP_NEGATIVE_REGULATION_OF_PHOSPHATASE_ACTIVITY",5,"Down",0.0680417571656949,0.838801310577955
"GOBP_SYNAPTIC_VESICLE_LOCALIZATION",12,"Up",0.068311916404235,0.838801310577955
"GOBP_POSITIVE_REGULATION_OF_CYTOSKELETON_ORGANIZATION",18,"Up",0.0683771959029101,0.838801310577955
"GOBP_AMP_METABOLIC_PROCESS",3,"Down",0.0685086932461801,0.838801310577955
"GOBP_BRANCHING_INVOLVED_IN_BLOOD_VESSEL_MORPHOGENESIS",1,"Down",0.0689971464727239,0.838801310577955
"GOBP_RETINA_VASCULATURE_DEVELOPMENT_IN_CAMERA_TYPE_EYE",1,"Down",0.0689971464727239,0.838801310577955
"GOBP_RETINA_VASCULATURE_MORPHOGENESIS_IN_CAMERA_TYPE_EYE",1,"Down",0.0689971464727239,0.838801310577955
"GOBP_RETINAL_BLOOD_VESSEL_MORPHOGENESIS",1,"Down",0.0689971464727239,0.838801310577955
"GOBP_NCRNA_METABOLIC_PROCESS",11,"Down",0.0690421028680636,0.838801310577955
"GOBP_REGULATION_OF_INSULIN_RECEPTOR_SIGNALING_PATHWAY",6,"Down",0.0697424683796722,0.838801310577955
"GOBP_FC_RECEPTOR_SIGNALING_PATHWAY",2,"Down",0.0698257900959169,0.838801310577955
"GOBP_TISSUE_MORPHOGENESIS",22,"Down",0.0698330340363183,0.838801310577955
"GOBP_VACUOLAR_LOCALIZATION",5,"Up",0.0698880084745065,0.838801310577955
"GOBP_POSITIVE_REGULATION_OF_DENDRITIC_SPINE_MORPHOGENESIS",3,"Down",0.0700138570474993,0.838801310577955
"GOBP_REGULATION_OF_MACROPHAGE_ACTIVATION",2,"Down",0.0705836896235341,0.838801310577955
"GOBP_EMBRYONIC_EYE_MORPHOGENESIS",3,"Down",0.0708496613108298,0.838801310577955
"GOBP_POST_EMBRYONIC_ANIMAL_MORPHOGENESIS",3,"Down",0.0708496613108298,0.838801310577955
"GOBP_POST_EMBRYONIC_ANIMAL_ORGAN_MORPHOGENESIS",3,"Down",0.0708496613108298,0.838801310577955
"GOBP_POST_EMBRYONIC_EYE_MORPHOGENESIS",3,"Down",0.0708496613108298,0.838801310577955
"GOBP_POSITIVE_REGULATION_OF_DEPHOSPHORYLATION",2,"Down",0.0713771200277164,0.838801310577955
"GOBP_POSITIVE_REGULATION_OF_PROTEIN_DEPHOSPHORYLATION",2,"Down",0.0713771200277164,0.838801310577955
"GOBP_NEGATIVE_REGULATION_OF_CARTILAGE_DEVELOPMENT",1,"Down",0.0720674675820438,0.838801310577955
"GOBP_NEGATIVE_REGULATION_OF_CHONDROCYTE_DIFFERENTIATION",1,"Down",0.0720674675820438,0.838801310577955
"GOBP_AMINOGLYCAN_CATABOLIC_PROCESS",1,"Down",0.0722411370507877,0.838801310577955
"GOBP_DNA_DAMAGE_RESPONSE_SIGNAL_TRANSDUCTION_BY_P53_CLASS_MEDIATOR",1,"Down",0.0722411370507877,0.838801310577955
"GOBP_GLYCOSAMINOGLYCAN_CATABOLIC_PROCESS",1,"Down",0.0722411370507877,0.838801310577955
"GOBP_HYALURONAN_CATABOLIC_PROCESS",1,"Down",0.0722411370507877,0.838801310577955
"GOBP_INTRINSIC_APOPTOTIC_SIGNALING_PATHWAY_BY_P53_CLASS_MEDIATOR",1,"Down",0.0722411370507877,0.838801310577955
"GOBP_INTRINSIC_APOPTOTIC_SIGNALING_PATHWAY_IN_RESPONSE_TO_DNA_DAMAGE",1,"Down",0.0722411370507877,0.838801310577955
"GOBP_INTRINSIC_APOPTOTIC_SIGNALING_PATHWAY_IN_RESPONSE_TO_DNA_DAMAGE_BY_P53_CLASS_MEDIATOR",1,"Down",0.0722411370507877,0.838801310577955
"GOBP_LEUKOCYTE_AGGREGATION",1,"Down",0.0722411370507877,0.838801310577955
"GOBP_MONOCYTE_AGGREGATION",1,"Down",0.0722411370507877,0.838801310577955
"GOBP_NEGATIVE_REGULATION_OF_DNA_DAMAGE_RESPONSE_SIGNAL_TRANSDUCTION_BY_P53_CLASS_MEDIATOR",1,"Down",0.0722411370507877,0.838801310577955
"GOBP_NEGATIVE_REGULATION_OF_INTRINSIC_APOPTOTIC_SIGNALING_PATHWAY_BY_P53_CLASS_MEDIATOR",1,"Down",0.0722411370507877,0.838801310577955
"GOBP_NEGATIVE_REGULATION_OF_INTRINSIC_APOPTOTIC_SIGNALING_PATHWAY_IN_RESPONSE_TO_DNA_DAMAGE",1,"Down",0.0722411370507877,0.838801310577955
"GOBP_NEGATIVE_REGULATION_OF_RESPONSE_TO_DNA_DAMAGE_STIMULUS",1,"Down",0.0722411370507877,0.838801310577955
"GOBP_NEGATIVE_REGULATION_OF_SIGNAL_TRANSDUCTION_BY_P53_CLASS_MEDIATOR",1,"Down",0.0722411370507877,0.838801310577955
"GOBP_REGULATION_OF_DNA_DAMAGE_RESPONSE_SIGNAL_TRANSDUCTION_BY_P53_CLASS_MEDIATOR",1,"Down",0.0722411370507877,0.838801310577955
"GOBP_REGULATION_OF_INTRINSIC_APOPTOTIC_SIGNALING_PATHWAY_BY_P53_CLASS_MEDIATOR",1,"Down",0.0722411370507877,0.838801310577955
"GOBP_REGULATION_OF_INTRINSIC_APOPTOTIC_SIGNALING_PATHWAY_IN_RESPONSE_TO_DNA_DAMAGE",1,"Down",0.0722411370507877,0.838801310577955
"GOBP_REGULATION_OF_INTRINSIC_APOPTOTIC_SIGNALING_PATHWAY_IN_RESPONSE_TO_DNA_DAMAGE_BY_P53_CLASS_MEDIATOR",1,"Down",0.0722411370507877,0.838801310577955
"GOBP_RESPONSE_TO_FIBROBLAST_GROWTH_FACTOR",1,"Down",0.0722411370507877,0.838801310577955
"GOBP_SENSORY_SYSTEM_DEVELOPMENT",10,"Down",0.0722517869834612,0.838801310577955
"GOBP_NEGATIVE_REGULATION_OF_RECEPTOR_SIGNALING_PATHWAY_VIA_JAK_STAT",1,"Down",0.0723972508574426,0.838801310577955
"GOBP_NEGATIVE_REGULATION_OF_RECEPTOR_SIGNALING_PATHWAY_VIA_STAT",1,"Down",0.0723972508574426,0.838801310577955
"GOBP_REGULATION_OF_RECEPTOR_SIGNALING_PATHWAY_VIA_STAT",1,"Down",0.0723972508574426,0.838801310577955
"GOBP_CELLULAR_RESPONSE_TO_OXYGEN_RADICAL",3,"Down",0.0725703644294862,0.838801310577955
"GOBP_RESPONSE_TO_OXYGEN_RADICAL",3,"Down",0.0725703644294862,0.838801310577955
"GOBP_BONE_RESORPTION",1,"Down",0.0726132105561539,0.838801310577955
"GOBP_NEGATIVE_REGULATION_OF_BONE_REMODELING",1,"Down",0.0726132105561539,0.838801310577955
"GOBP_NEGATIVE_REGULATION_OF_TISSUE_REMODELING",1,"Down",0.0726132105561539,0.838801310577955
"GOBP_REGULATION_OF_BONE_RESORPTION",1,"Down",0.0726132105561539,0.838801310577955
"GOBP_BLOOD_VESSEL_ENDOTHELIAL_CELL_PROLIFERATION_INVOLVED_IN_SPROUTING_ANGIOGENESIS",1,"Down",0.0727191630561664,0.838801310577955
"GOBP_POSITIVE_REGULATION_OF_BLOOD_VESSEL_ENDOTHELIAL_CELL_PROLIFERATION_INVOLVED_IN_SPROUTING_ANGIOGENESIS",1,"Down",0.0727191630561664,0.838801310577955
"GOBP_POSITIVE_REGULATION_OF_SPROUTING_ANGIOGENESIS",1,"Down",0.0727191630561664,0.838801310577955
"GOBP_POSITIVE_REGULATION_OF_VASCULAR_ENDOTHELIAL_GROWTH_FACTOR_SIGNALING_PATHWAY",1,"Down",0.0727191630561664,0.838801310577955
"GOBP_REGULATION_OF_CELLULAR_RESPONSE_TO_VASCULAR_ENDOTHELIAL_GROWTH_FACTOR_STIMULUS",1,"Down",0.0727191630561664,0.838801310577955
"GOBP_POSITIVE_REGULATION_OF_AUTOPHAGOSOME_MATURATION",1,"Down",0.0727765381190283,0.838801310577955
"GOBP_REGULATION_OF_AUTOPHAGOSOME_MATURATION",1,"Down",0.0727765381190283,0.838801310577955
"GOBP_MYD88_INDEPENDENT_TOLL_LIKE_RECEPTOR_SIGNALING_PATHWAY",1,"Down",0.0728120886932723,0.838801310577955
"GOBP_MHC_CLASS_I_BIOSYNTHETIC_PROCESS",1,"Down",0.0728617269118923,0.838801310577955
"GOBP_NK_T_CELL_ACTIVATION",1,"Down",0.0728617269118923,0.838801310577955
"GOBP_POSITIVE_REGULATION_OF_MHC_CLASS_I_BIOSYNTHETIC_PROCESS",1,"Down",0.0728617269118923,0.838801310577955
"GOBP_POSITIVE_REGULATION_OF_NK_T_CELL_ACTIVATION",1,"Down",0.0728617269118923,0.838801310577955
"GOBP_REGULATION_OF_NK_T_CELL_ACTIVATION",1,"Down",0.0728617269118923,0.838801310577955
"GOBP_AMINO_ACID_IMPORT",2,"Down",0.073134307620861,0.838801310577955
"GOBP_NEGATIVE_REGULATION_OF_CELLULAR_RESPONSE_TO_INSULIN_STIMULUS",4,"Down",0.0744132575817928,0.838801310577955
"GOBP_SPROUTING_ANGIOGENESIS",4,"Down",0.0747568392701656,0.838801310577955
"GOBP_GOLGI_TO_PLASMA_MEMBRANE_PROTEIN_TRANSPORT",5,"Up",0.0749383787239311,0.838801310577955
"GOBP_PROTEIN_CONTAINING_COMPLEX_DISASSEMBLY",43,"Up",0.0753750158448563,0.838801310577955
"GOBP_CELLULAR_RESPONSE_TO_ACID_CHEMICAL",4,"Down",0.0758315237630593,0.838801310577955
"GOBP_POSITIVE_REGULATION_OF_G_PROTEIN_COUPLED_RECEPTOR_SIGNALING_PATHWAY",3,"Down",0.0761519276776214,0.838801310577955
"GOBP_POSITIVE_REGULATION_OF_DNA_BINDING",2,"Down",0.0764225349862869,0.838801310577955
"GOBP_REGULATION_OF_DNA_BINDING",2,"Down",0.0764225349862869,0.838801310577955
"GOBP_SNO_S_RNA_METABOLIC_PROCESS",2,"Down",0.0769926046344611,0.838801310577955
"GOBP_POSITIVE_REGULATION_OF_PROTEOLYSIS",15,"Up",0.0771811105341777,0.838801310577955
"GOBP_VASCULATURE_DEVELOPMENT",25,"Down",0.0776511944615936,0.838801310577955
"GOBP_POSITIVE_REGULATION_OF_LIPID_BIOSYNTHETIC_PROCESS",4,"Down",0.0776956908713627,0.838801310577955
"GOBP_ORGANELLE_LOCALIZATION",69,"Up",0.0777590033929385,0.838801310577955
"GOBP_ALCOHOL_BIOSYNTHETIC_PROCESS",8,"Down",0.0778313184374091,0.838801310577955
"GOBP_ORGANIC_HYDROXY_COMPOUND_BIOSYNTHETIC_PROCESS",10,"Down",0.0779771649542682,0.838801310577955
"GOBP_NEGATIVE_REGULATION_OF_UBIQUITIN_PROTEIN_TRANSFERASE_ACTIVITY",2,"Down",0.078357055920815,0.838801310577955
"GOBP_MORPHOGENESIS_OF_AN_EPITHELIUM",20,"Down",0.078358412409859,0.838801310577955
"GOBP_AGING",8,"Down",0.0803460221314854,0.838801310577955
"GOBP_CELLULAR_RESPONSE_TO_XENOBIOTIC_STIMULUS",1,"Down",0.0808150054514482,0.838801310577955
"GOBP_NEGATIVE_REGULATION_OF_CYCLIC_NUCLEOTIDE_PHOSPHODIESTERASE_ACTIVITY",1,"Down",0.0808150054514482,0.838801310577955
"GOBP_PROTEIN_MATURATION_BY_PROTEIN_FOLDING",1,"Down",0.0808150054514482,0.838801310577955
"GOBP_XENOBIOTIC_METABOLIC_PROCESS",1,"Down",0.0808150054514482,0.838801310577955
"GOBP_CYTOSKELETON_DEPENDENT_CYTOKINESIS",16,"Up",0.081574339013973,0.838801310577955
"GOBP_SYNAPSE_ASSEMBLY",6,"Up",0.0819150542717175,0.838801310577955
"GOBP_POSITIVE_REGULATION_OF_PROTEIN_AUTOPHOSPHORYLATION",2,"Down",0.082046567667237,0.838801310577955
"GOBP_MEMBRANE_DEPOLARIZATION_DURING_ACTION_POTENTIAL",4,"Up",0.0827004121797214,0.838801310577955
"GOBP_RESPONSE_TO_HYDROGEN_PEROXIDE",6,"Down",0.0829444707374113,0.838801310577955
"GOBP_GLYCEROPHOSPHOLIPID_METABOLIC_PROCESS",18,"Down",0.083059578110755,0.838801310577955
"GOBP_IMMUNE_SYSTEM_DEVELOPMENT",23,"Up",0.0844793826148323,0.838801310577955
"GOBP_PHOSPHOLIPID_METABOLIC_PROCESS",23,"Down",0.0845196441492247,0.838801310577955
"GOBP_HYPERSENSITIVITY",1,"Down",0.0847911831594348,0.838801310577955
"GOBP_NEURON_MATURATION",1,"Down",0.0847911831594348,0.838801310577955
"GOBP_NEURON_REMODELING",1,"Down",0.0847911831594348,0.838801310577955
"GOBP_OVIDUCT_DEVELOPMENT",1,"Down",0.0847911831594348,0.838801310577955
"GOBP_POSITIVE_REGULATION_OF_APOPTOTIC_CELL_CLEARANCE",1,"Down",0.0847911831594348,0.838801310577955
"GOBP_POSITIVE_REGULATION_OF_HYPERSENSITIVITY",1,"Down",0.0847911831594348,0.838801310577955
"GOBP_POSITIVE_REGULATION_OF_MYELOID_LEUKOCYTE_MEDIATED_IMMUNITY",1,"Down",0.0847911831594348,0.838801310577955
"GOBP_POSITIVE_REGULATION_OF_VASCULAR_ENDOTHELIAL_GROWTH_FACTOR_PRODUCTION",1,"Down",0.0847911831594348,0.838801310577955
"GOBP_REGULATION_OF_HYPERSENSITIVITY",1,"Down",0.0847911831594348,0.838801310577955
"GOBP_REGULATION_OF_MEMBRANE_INVAGINATION",1,"Down",0.0847911831594348,0.838801310577955
"GOBP_REGULATION_OF_TRIGLYCERIDE_BIOSYNTHETIC_PROCESS",1,"Down",0.0847911831594348,0.838801310577955
"GOBP_SYNAPSE_PRUNING",1,"Down",0.0847911831594348,0.838801310577955
"GOBP_TRIGLYCERIDE_BIOSYNTHETIC_PROCESS",1,"Down",0.0847911831594348,0.838801310577955
"GOBP_TYPE_II_HYPERSENSITIVITY",1,"Down",0.0847911831594348,0.838801310577955
"GOBP_VASCULAR_ENDOTHELIAL_GROWTH_FACTOR_PRODUCTION",1,"Down",0.0847911831594348,0.838801310577955
"GOBP_REGULATION_OF_PROTEIN_CONTAINING_COMPLEX_DISASSEMBLY",20,"Up",0.0859386499397547,0.838801310577955
"GOBP_BODY_FLUID_SECRETION",4,"Down",0.0862412454865932,0.838801310577955
"GOBP_ACTIN_POLYMERIZATION_OR_DEPOLYMERIZATION",24,"Up",0.087111291700765,0.838801310577955
"GOBP_ENDOPLASMIC_RETICULUM_ORGANIZATION",14,"Up",0.0876501150328675,0.838801310577955
"GOBP_ACTIN_MEDIATED_CELL_CONTRACTION",6,"Up",0.08768490940828,0.838801310577955
"GOBP_CARDIAC_MUSCLE_CELL_CONTRACTION",6,"Up",0.08768490940828,0.838801310577955
"GOBP_DICARBOXYLIC_ACID_METABOLIC_PROCESS",6,"Up",0.0877554292927464,0.838801310577955
"GOBP_MICROTUBULE_POLYMERIZATION_OR_DEPOLYMERIZATION",19,"Up",0.0877905049932901,0.838801310577955
"GOBP_REGULATION_OF_ANDROGEN_RECEPTOR_SIGNALING_PATHWAY",3,"Down",0.0891369016403599,0.838801310577955
"GOBP_CELL_MATURATION",3,"Down",0.0893780144462313,0.838801310577955
"GOBP_PROTEIN_TARGETING",23,"Down",0.089500468755388,0.838801310577955
"GOBP_RESPONSE_TO_TEMPERATURE_STIMULUS",7,"Up",0.0913328532340746,0.838801310577955
"GOBP_ORGANOPHOSPHATE_CATABOLIC_PROCESS",6,"Down",0.0925073811919305,0.838801310577955
"GOBP_REGULATION_OF_AXONOGENESIS",11,"Up",0.092627271335385,0.838801310577955
"GOBP_NOTCH_SIGNALING_PATHWAY",5,"Up",0.0927127879376051,0.838801310577955
"GOBP_POSITIVE_REGULATION_OF_REACTIVE_OXYGEN_SPECIES_METABOLIC_PROCESS",4,"Down",0.0930581949243646,0.838801310577955
"GOBP_ARACHIDONIC_ACID_METABOLIC_PROCESS",1,"Down",0.0932763869331734,0.838801310577955
"GOBP_CELLULAR_MODIFIED_AMINO_ACID_CATABOLIC_PROCESS",1,"Down",0.0932763869331734,0.838801310577955
"GOBP_GLYCEROPHOSPHOLIPID_CATABOLIC_PROCESS",1,"Down",0.0932763869331734,0.838801310577955
"GOBP_MONOACYLGLYCEROL_CATABOLIC_PROCESS",1,"Down",0.0932763869331734,0.838801310577955
"GOBP_MONOACYLGLYCEROL_METABOLIC_PROCESS",1,"Down",0.0932763869331734,0.838801310577955
"GOBP_OLEFINIC_COMPOUND_METABOLIC_PROCESS",1,"Down",0.0932763869331734,0.838801310577955
"GOBP_PHOSPHATIDYLSERINE_METABOLIC_PROCESS",1,"Down",0.0932763869331734,0.838801310577955
"GOBP_RESPONSE_TO_AUDITORY_STIMULUS",1,"Down",0.0932763869331734,0.838801310577955
"GOBP_ACROSOME_ASSEMBLY",1,"Down",0.0944962288958531,0.838801310577955
"GOBP_AUDITORY_RECEPTOR_CELL_DEVELOPMENT",1,"Down",0.0944962288958531,0.838801310577955
"GOBP_BRAIN_MORPHOGENESIS",1,"Down",0.0944962288958531,0.838801310577955
"GOBP_CEREBRAL_CORTEX_NEURON_DIFFERENTIATION",1,"Down",0.0944962288958531,0.838801310577955
"GOBP_COCHLEA_DEVELOPMENT",1,"Down",0.0944962288958531,0.838801310577955
"GOBP_CORPUS_CALLOSUM_MORPHOGENESIS",1,"Down",0.0944962288958531,0.838801310577955
"GOBP_ESTABLISHMENT_OF_CENTROSOME_LOCALIZATION",1,"Down",0.0944962288958531,0.838801310577955
"GOBP_ESTABLISHMENT_OF_PLANAR_POLARITY_OF_EMBRYONIC_EPITHELIUM",1,"Down",0.0944962288958531,0.838801310577955
"GOBP_ETHER_METABOLIC_PROCESS",1,"Down",0.0944962288958531,0.838801310577955
"GOBP_GLYCEROL_ETHER_METABOLIC_PROCESS",1,"Down",0.0944962288958531,0.838801310577955
"GOBP_HAIR_CELL_DIFFERENTIATION",1,"Down",0.0944962288958531,0.838801310577955
"GOBP_INNER_EAR_AUDITORY_RECEPTOR_CELL_DIFFERENTIATION",1,"Down",0.0944962288958531,0.838801310577955
"GOBP_LAYER_FORMATION_IN_CEREBRAL_CORTEX",1,"Down",0.0944962288958531,0.838801310577955
"GOBP_MAINTENANCE_OF_CENTROSOME_LOCATION",1,"Down",0.0944962288958531,0.838801310577955
"GOBP_PLATELET_ACTIVATING_FACTOR_METABOLIC_PROCESS",1,"Down",0.0944962288958531,0.838801310577955
"GOBP_POSITIVE_REGULATION_OF_EMBRYONIC_DEVELOPMENT",1,"Down",0.0944962288958531,0.838801310577955
"GOBP_REELIN_MEDIATED_SIGNALING_PATHWAY",1,"Down",0.0944962288958531,0.838801310577955
"GOBP_SECRETORY_GRANULE_ORGANIZATION",1,"Down",0.0944962288958531,0.838801310577955
"GOBP_STEM_CELL_DIVISION",1,"Down",0.0944962288958531,0.838801310577955
"GOBP_DNA_TEMPLATED_TRANSCRIPTION_ELONGATION",3,"Down",0.0946340120567091,0.838801310577955
"GOBP_TRANSCRIPTION_ELONGATION_FROM_RNA_POLYMERASE_II_PROMOTER",3,"Down",0.0946340120567091,0.838801310577955
"GOBP_CELLULAR_RESPONSE_TO_REACTIVE_OXYGEN_SPECIES",11,"Down",0.0948828252704882,0.838801310577955
"GOBP_ATTACHMENT_OF_MITOTIC_SPINDLE_MICROTUBULES_TO_KINETOCHORE",1,"Down",0.0952104595197061,0.838801310577955
"GOBP_ORGANISM_EMERGENCE_FROM_PROTECTIVE_STRUCTURE",1,"Down",0.0952441488069544,0.838801310577955
"GOBP_REGULATION_OF_BLOOD_PRESSURE",5,"Up",0.095592913013632,0.838801310577955
"GOBP_ADENYLATE_CYCLASE_ACTIVATING_ADRENERGIC_RECEPTOR_SIGNALING_PATHWAY",1,"Down",0.0959505090504744,0.838801310577955
"GOBP_ADENYLATE_CYCLASE_ACTIVATING_ADRENERGIC_RECEPTOR_SIGNALING_PATHWAY_INVOLVED_IN_HEART_PROCESS",1,"Down",0.0959505090504744,0.838801310577955
"GOBP_ADENYLATE_CYCLASE_ACTIVATING_G_PROTEIN_COUPLED_RECEPTOR_SIGNALING_PATHWAY",1,"Down",0.0959505090504744,0.838801310577955
"GOBP_ADRENERGIC_RECEPTOR_SIGNALING_PATHWAY",1,"Down",0.0959505090504744,0.838801310577955
"GOBP_G_PROTEIN_COUPLED_PURINERGIC_RECEPTOR_SIGNALING_PATHWAY",1,"Down",0.0959505090504744,0.838801310577955
"GOBP_G_PROTEIN_COUPLED_RECEPTOR_SIGNALING_PATHWAY_INVOLVED_IN_HEART_PROCESS",1,"Down",0.0959505090504744,0.838801310577955
"GOBP_NEGATIVE_REGULATION_OF_ADENYLATE_CYCLASE_ACTIVATING_ADRENERGIC_RECEPTOR_SIGNALING_PATHWAY",1,"Down",0.0959505090504744,0.838801310577955
"GOBP_NEGATIVE_REGULATION_OF_ADENYLATE_CYCLASE_ACTIVATING_G_PROTEIN_COUPLED_RECEPTOR_SIGNALING_PATHWAY",1,"Down",0.0959505090504744,0.838801310577955
"GOBP_NEGATIVE_REGULATION_OF_CALCIUM_ION_DEPENDENT_EXOCYTOSIS",1,"Down",0.0959505090504744,0.838801310577955
"GOBP_NEGATIVE_REGULATION_OF_REGULATED_SECRETORY_PATHWAY",1,"Down",0.0959505090504744,0.838801310577955
"GOBP_POSITIVE_REGULATION_OF_RENAL_SODIUM_EXCRETION",1,"Down",0.0959505090504744,0.838801310577955
"GOBP_POSITIVE_REGULATION_OF_URINE_VOLUME",1,"Down",0.0959505090504744,0.838801310577955
"GOBP_POSITIVE_REGULATION_OF_VASCULAR_ASSOCIATED_SMOOTH_MUSCLE_CELL_PROLIFERATION",1,"Down",0.0959505090504744,0.838801310577955
"GOBP_PURINERGIC_NUCLEOTIDE_RECEPTOR_SIGNALING_PATHWAY",1,"Down",0.0959505090504744,0.838801310577955
"GOBP_REGULATION_OF_ADENYLATE_CYCLASE_ACTIVATING_G_PROTEIN_COUPLED_RECEPTOR_SIGNALING_PATHWAY",1,"Down",0.0959505090504744,0.838801310577955
"GOBP_REGULATION_OF_EXCRETION",1,"Down",0.0959505090504744,0.838801310577955
"GOBP_REGULATION_OF_PROTEIN_TYROSINE_PHOSPHATASE_ACTIVITY",1,"Down",0.0959505090504744,0.838801310577955
"GOBP_REGULATION_OF_RENAL_SYSTEM_PROCESS",1,"Down",0.0959505090504744,0.838801310577955
"GOBP_REGULATION_OF_URINE_VOLUME",1,"Down",0.0959505090504744,0.838801310577955
"GOBP_RENAL_SODIUM_EXCRETION",1,"Down",0.0959505090504744,0.838801310577955
"GOBP_RENAL_TUBULAR_SECRETION",1,"Down",0.0959505090504744,0.838801310577955
"GOBP_LYMPH_VESSEL_DEVELOPMENT",1,"Down",0.0963079018885523,0.838801310577955
"GOBP_LYMPH_VESSEL_MORPHOGENESIS",1,"Down",0.0963079018885523,0.838801310577955
"GOBP_CORTICAL_ACTIN_CYTOSKELETON_ORGANIZATION",6,"Up",0.0963624398285056,0.838801310577955
"GOBP_TYPE_I_INTERFERON_PRODUCTION",4,"Down",0.0965753664924778,0.838801310577955
"GOBP_REGULATION_OF_CARBOHYDRATE_BIOSYNTHETIC_PROCESS",6,"Up",0.0966869991628932,0.838801310577955
"GOBP_G_PROTEIN_COUPLED_OPIOID_RECEPTOR_SIGNALING_PATHWAY",1,"Down",0.0967144676055502,0.838801310577955
"GOBP_REGULATION_OF_LONG_TERM_NEURONAL_SYNAPTIC_PLASTICITY",1,"Down",0.0967144676055502,0.838801310577955
"GOBP_REGULATION_OF_NEURONAL_SYNAPTIC_PLASTICITY",1,"Down",0.0967144676055502,0.838801310577955
"GOBP_REGULATION_OF_SHORT_TERM_NEURONAL_SYNAPTIC_PLASTICITY",1,"Down",0.0967144676055502,0.838801310577955
"GOBP_ADP_BIOSYNTHETIC_PROCESS",1,"Down",0.0968034513399496,0.838801310577955
"GOBP_NUCLEOBASE_CONTAINING_SMALL_MOLECULE_INTERCONVERSION",1,"Down",0.0968034513399496,0.838801310577955
"GOBP_NUCLEOSIDE_DIPHOSPHATE_BIOSYNTHETIC_PROCESS",1,"Down",0.0968034513399496,0.838801310577955
"GOBP_NUCLEOSIDE_MONOPHOSPHATE_PHOSPHORYLATION",1,"Down",0.0968034513399496,0.838801310577955
"GOBP_PURINE_NUCLEOSIDE_DIPHOSPHATE_BIOSYNTHETIC_PROCESS",1,"Down",0.0968034513399496,0.838801310577955
"GOBP_RIBONUCLEOSIDE_DIPHOSPHATE_BIOSYNTHETIC_PROCESS",1,"Down",0.0968034513399496,0.838801310577955
"GOBP_AUTOPHAGOSOME_MATURATION",9,"Down",0.097466865310114,0.838801310577955
"GOBP_CORNIFICATION",1,"Down",0.0976578621931439,0.838801310577955
"GOBP_EPITHELIAL_CELL_MATURATION",1,"Down",0.0976578621931439,0.838801310577955
"GOBP_KERATINIZATION",1,"Down",0.0976578621931439,0.838801310577955
"GOBP_POSITIVE_REGULATION_OF_EPIDERMIS_DEVELOPMENT",1,"Down",0.0976578621931439,0.838801310577955
"GOBP_REGULATION_OF_EPIDERMIS_DEVELOPMENT",1,"Down",0.0976578621931439,0.838801310577955
"GOBP_CHEMOKINE_C_X_C_MOTIF_LIGAND_12_SIGNALING_PATHWAY",1,"Down",0.0979165641636674,0.838801310577955
"GOBP_DETOXIFICATION_OF_NITROGEN_COMPOUND",1,"Down",0.0981182947801182,0.838801310577955
"GOBP_MAINTENANCE_OF_ANIMAL_ORGAN_IDENTITY",1,"Down",0.0983746161663867,0.838801310577955
"GOBP_PHOTORECEPTOR_CELL_MAINTENANCE",1,"Down",0.0983746161663867,0.838801310577955
"GOBP_ECTODERM_DEVELOPMENT",1,"Down",0.0984298839021179,0.838801310577955
"GOBP_UBIQUITIN_DEPENDENT_SMAD_PROTEIN_CATABOLIC_PROCESS",1,"Down",0.0984298839021179,0.838801310577955
"GOBP_MRNA_3_END_PROCESSING",1,"Down",0.0987156385568879,0.838801310577955
"GOBP_MRNA_CLEAVAGE",1,"Down",0.0987156385568879,0.838801310577955
"GOBP_MRNA_CLEAVAGE_INVOLVED_IN_MRNA_PROCESSING",1,"Down",0.0987156385568879,0.838801310577955
"GOBP_RNA_POLYADENYLATION",1,"Down",0.0987156385568879,0.838801310577955
"GOBP_DORSAL_ROOT_GANGLION_DEVELOPMENT",1,"Down",0.0988254197600038,0.838801310577955
"GOBP_GANGLION_DEVELOPMENT",1,"Down",0.0988254197600038,0.838801310577955
"GOBP_NETRIN_ACTIVATED_SIGNALING_PATHWAY",1,"Down",0.0988254197600038,0.838801310577955
"GOBP_RNA_IMPORT_INTO_MITOCHONDRION",1,"Down",0.0989862964519982,0.838801310577955
"GOBP_TRNA_TRANSPORT",1,"Down",0.0989862964519982,0.838801310577955
"GOBP_POSITIVE_REGULATION_OF_PHOSPHOLIPID_BIOSYNTHETIC_PROCESS",1,"Down",0.0989950113745205,0.838801310577955
"GOBP_REGULATION_OF_SODIUM_PROTON_ANTIPORTER_ACTIVITY",1,"Down",0.0989950113745205,0.838801310577955
"GOBP_REGULATION_OF_MICROTUBULE_POLYMERIZATION",14,"Up",0.099454861926689,0.838801310577955
"GOBP_REGULATION_OF_PROTEIN_ACETYLATION",6,"Down",0.0994761563334162,0.838801310577955
"GOBP_N_TERMINAL_PROTEIN_AMINO_ACID_MODIFICATION",1,"Down",0.0997026098197712,0.838801310577955
"GOBP_N_TERMINAL_PROTEIN_LIPIDATION",1,"Down",0.0997026098197712,0.838801310577955
"GOBP_NEGATIVE_REGULATION_OF_DEFENSE_RESPONSE_TO_VIRUS",1,"Down",0.0997026098197712,0.838801310577955
"GOBP_NEGATIVE_REGULATION_OF_INTERFERON_BETA_PRODUCTION",1,"Down",0.0997026098197712,0.838801310577955
"GOBP_REGULATION_OF_DEFENSE_RESPONSE_TO_VIRUS",1,"Down",0.0997026098197712,0.838801310577955
"GOBP_EYE_MORPHOGENESIS",5,"Down",0.0997124911568729,0.838801310577955
"GOBP_LIPID_IMPORT_INTO_CELL",1,"Down",0.100070140277353,0.838801310577955
"GOBP_LIPID_TRANSPORT_ACROSS_BLOOD_BRAIN_BARRIER",1,"Down",0.100070140277353,0.838801310577955
"GOBP_SYNAPTIC_VESICLE_EXOCYTOSIS",14,"Up",0.100258161228122,0.838801310577955
"GOBP_PROTEIN_ACYLATION",11,"Down",0.100345464509939,0.838801310577955
"GOBP_REGULATION_OF_MAP_KINASE_ACTIVITY",3,"Down",0.100446131570985,0.838801310577955
"GOBP_ESTROUS_CYCLE",1,"Down",0.100778109100806,0.838801310577955
"GOBP_LACTATION",1,"Down",0.100778109100806,0.838801310577955
"GOBP_OVULATION_CYCLE",1,"Down",0.100778109100806,0.838801310577955
"GOBP_NUCLEIC_ACID_PHOSPHODIESTER_BOND_HYDROLYSIS",4,"Down",0.101773174567605,0.838801310577955
"GOBP_HOMEOSTASIS_OF_NUMBER_OF_CELLS",7,"Up",0.102001640464771,0.838801310577955
"GOBP_RESPONSE_TO_OSMOTIC_STRESS",7,"Down",0.10205600717,0.838801310577955
"GOBP_ORGANIC_ACID_TRANSPORT",9,"Down",0.102115632825683,0.838801310577955
"GOBP_ENDOTHELIAL_CELL_CHEMOTAXIS",1,"Down",0.102410961307528,0.838801310577955
"GOBP_NEGATIVE_REGULATION_OF_ARP2_3_COMPLEX_MEDIATED_ACTIN_NUCLEATION",1,"Down",0.102410961307528,0.838801310577955
"GOBP_POSITIVE_REGULATION_OF_LAMELLIPODIUM_MORPHOGENESIS",1,"Down",0.102410961307528,0.838801310577955
"GOBP_REGULATION_OF_SMOOTH_MUSCLE_CELL_CHEMOTAXIS",1,"Down",0.102410961307528,0.838801310577955
"GOBP_RESPONSE_TO_PLATELET_DERIVED_GROWTH_FACTOR",1,"Down",0.102410961307528,0.838801310577955
"GOBP_SMOOTH_MUSCLE_CELL_CHEMOTAXIS",1,"Down",0.102410961307528,0.838801310577955
"GOBP_DNA_GEOMETRIC_CHANGE",5,"Down",0.102643009958479,0.838801310577955
"GOBP_MRNA_PROCESSING",5,"Down",0.103162036874179,0.838801310577955
"GOBP_CELL_CYCLE_G2_M_PHASE_TRANSITION",7,"Down",0.103192295022917,0.838801310577955
"GOBP_NUCLEAR_EXPORT",7,"Down",0.103677116020172,0.838801310577955
"GOBP_PROTEIN_EXPORT_FROM_NUCLEUS",7,"Down",0.103677116020172,0.838801310577955
"GOBP_REGULATION_OF_GLUCOSE_METABOLIC_PROCESS",6,"Up",0.104018165418171,0.838801310577955
"GOBP_CELL_CYCLE_G1_S_PHASE_TRANSITION",9,"Down",0.104448309193224,0.838801310577955
"GOBP_CELLULAR_RESPONSE_TO_INSULIN_STIMULUS",15,"Down",0.105188120190379,0.838801310577955
"GOBP_REGULATION_OF_CELLULAR_KETONE_METABOLIC_PROCESS",4,"Down",0.105664348494926,0.838801310577955
"GOBP_ENDOPLASMIC_RETICULUM_TUBULAR_NETWORK_ORGANIZATION",5,"Up",0.1060871319833,0.838801310577955
"GOBP_ORGANOPHOSPHATE_BIOSYNTHETIC_PROCESS",25,"Down",0.106110455734928,0.838801310577955
"GOBP_POSITIVE_REGULATION_OF_CELL_CYCLE_G1_S_PHASE_TRANSITION",2,"Down",0.106290559751435,0.838801310577955
"GOBP_REGULATION_OF_ORGANELLE_ORGANIZATION",106,"Up",0.106775107343718,0.838801310577955
"GOBP_PROTEIN_AUTOPHOSPHORYLATION",13,"Down",0.107830254161174,0.838801310577955
"GOBP_ORGANONITROGEN_COMPOUND_BIOSYNTHETIC_PROCESS",45,"Down",0.108079053438975,0.838801310577955
"GOBP_CELLULAR_RESPONSE_TO_ABIOTIC_STIMULUS",19,"Down",0.108824481155065,0.838801310577955
"GOBP_NEGATIVE_REGULATION_OF_HOMOTYPIC_CELL_CELL_ADHESION",3,"Down",0.109078788915888,0.838801310577955
"GOBP_NEGATIVE_REGULATION_OF_PLATELET_ACTIVATION",3,"Down",0.109078788915888,0.838801310577955
"GOBP_POSITIVE_REGULATION_OF_ACUTE_INFLAMMATORY_RESPONSE",3,"Down",0.111518852487433,0.838801310577955
"GOBP_POSITIVE_REGULATION_OF_INFLAMMATORY_RESPONSE",3,"Down",0.111518852487433,0.838801310577955
"GOBP_REGULATION_OF_ACUTE_INFLAMMATORY_RESPONSE",3,"Down",0.111518852487433,0.838801310577955
"GOBP_REGULATION_OF_VASCULAR_PERMEABILITY",3,"Up",0.112462160442694,0.838801310577955
"GOBP_CELLULAR_RESPONSE_TO_DNA_DAMAGE_STIMULUS",27,"Down",0.113154172344095,0.838801310577955
"GOBP_RAB_PROTEIN_SIGNAL_TRANSDUCTION",3,"Down",0.113377775954127,0.838801310577955
"GOBP_VESICLE_CYTOSKELETAL_TRAFFICKING",10,"Up",0.113457659216958,0.838801310577955
"GOBP_LEUKOCYTE_MEDIATED_CYTOTOXICITY",5,"Up",0.113803710363605,0.838801310577955
"GOBP_NEGATIVE_REGULATION_OF_NERVOUS_SYSTEM_DEVELOPMENT",3,"Up",0.114044702183027,0.838801310577955
"GOBP_REGULATION_OF_LAMELLIPODIUM_MORPHOGENESIS",3,"Down",0.114415225904171,0.838801310577955
"GOBP_POSITIVE_REGULATION_OF_PEPTIDASE_ACTIVITY",7,"Up",0.115568045975855,0.838801310577955
"GOBP_NEGATIVE_REGULATION_OF_SIGNALING",54,"Down",0.115752616548692,0.838801310577955
"GOBP_SENSORY_PERCEPTION_OF_PAIN",6,"Up",0.117161645380597,0.838801310577955
"GOBP_CYTOSKELETON_DEPENDENT_INTRACELLULAR_TRANSPORT",28,"Up",0.117424961703974,0.838801310577955
"GOBP_ACTIN_FILAMENT_BASED_PROCESS",81,"Up",0.117574853439906,0.838801310577955
"GOBP_BLOOD_VESSEL_MORPHOGENESIS",21,"Down",0.117946257289575,0.838801310577955
"GOBP_NEUROTRANSMITTER_SECRETION",18,"Up",0.119698719890977,0.838801310577955
"GOBP_REGULATION_OF_DNA_REPLICATION",3,"Down",0.120347578899127,0.838801310577955
"GOBP_POSITIVE_REGULATION_OF_ENDOTHELIAL_CELL_MIGRATION",5,"Down",0.120397747634928,0.838801310577955
"GOBP_REGULATION_OF_ENDOTHELIAL_CELL_MIGRATION",5,"Down",0.120397747634928,0.838801310577955
"GOBP_OSSIFICATION",12,"Up",0.120768915882069,0.838801310577955
"GOBP_NEGATIVE_REGULATION_OF_ACTIN_FILAMENT_POLYMERIZATION",13,"Up",0.12101610102287,0.838801310577955
"GOBP_FATTY_ACID_METABOLIC_PROCESS",17,"Down",0.12103550754081,0.838801310577955
"GOBP_GLYCEROLIPID_CATABOLIC_PROCESS",3,"Down",0.121371471994779,0.838801310577955
"GOBP_NEUTRAL_LIPID_CATABOLIC_PROCESS",3,"Down",0.121371471994779,0.838801310577955
"GOBP_ESTABLISHMENT_OF_TISSUE_POLARITY",3,"Down",0.121384356606982,0.838801310577955
"GOBP_RNA_SPLICING_VIA_TRANSESTERIFICATION_REACTIONS",3,"Down",0.122178991740252,0.838801310577955
"GOBP_INSULIN_RECEPTOR_SIGNALING_PATHWAY",12,"Down",0.123252756958256,0.838801310577955
"GOBP_MICROTUBULE_CYTOSKELETON_ORGANIZATION",61,"Up",0.123964965174405,0.838801310577955
"GOBP_REGULATION_OF_PROTEASOMAL_PROTEIN_CATABOLIC_PROCESS",12,"Up",0.125127211504306,0.838801310577955
"GOBP_REGULATION_OF_MITOTIC_CELL_CYCLE",18,"Down",0.125599283838576,0.838801310577955
"GOBP_BASEMENT_MEMBRANE_ORGANIZATION",5,"Down",0.125845473728215,0.838801310577955
"GOBP_REGULATION_OF_MEMBRANE_DEPOLARIZATION",5,"Up",0.126262271673895,0.838801310577955
"GOBP_SPINAL_CORD_DEVELOPMENT",4,"Up",0.126415625062369,0.838801310577955
"GOBP_HISTONE_H2A_ACETYLATION",3,"Down",0.126518839675574,0.838801310577955
"GOBP_REGULATION_OF_ACTIN_FILAMENT_BASED_PROCESS",39,"Up",0.127064506886133,0.838801310577955
"GOBP_MICROTUBULE_POLYMERIZATION",17,"Up",0.127467807378503,0.838801310577955
"GOBP_POSITIVE_REGULATION_OF_SUPRAMOLECULAR_FIBER_ORGANIZATION",15,"Up",0.127746794205573,0.838801310577955
"GOBP_TOXIN_TRANSPORT",5,"Up",0.128292002667104,0.838801310577955
"GOBP_REGULATION_OF_CYTOSKELETON_ORGANIZATION",64,"Up",0.128553819999056,0.838801310577955
"GOBP_CARBOHYDRATE_TRANSPORT",5,"Down",0.128703970343567,0.838801310577955
"GOBP_CELL_ACTIVATION_INVOLVED_IN_IMMUNE_RESPONSE",7,"Up",0.129799882428619,0.838801310577955
"GOBP_PROTEIN_METHYLATION",4,"Down",0.129808391989537,0.838801310577955
"GOBP_CELLULAR_COMPONENT_DISASSEMBLY",62,"Up",0.129931860027461,0.838801310577955
"GOBP_GLYCEROLIPID_METABOLIC_PROCESS",22,"Down",0.130343910052766,0.838801310577955
"GOBP_SYNAPTIC_VESICLE_TRANSPORT",9,"Up",0.130886443676819,0.838801310577955
"GOBP_POSITIVE_REGULATION_OF_FILOPODIUM_ASSEMBLY",9,"Up",0.132221194688786,0.838801310577955
"GOBP_REGULATION_OF_NOTCH_SIGNALING_PATHWAY",4,"Up",0.132650347447998,0.838801310577955
"GOBP_LIPID_BIOSYNTHETIC_PROCESS",28,"Down",0.133096388046199,0.838801310577955
"GOBP_RESPONSE_TO_ALCOHOL",6,"Up",0.133159196874414,0.838801310577955
"GOBP_REGULATION_OF_PROTEIN_PHOSPHORYLATION",42,"Down",0.13349256136261,0.838801310577955
"GOBP_LIPID_CATABOLIC_PROCESS",14,"Down",0.134715976625224,0.838801310577955
"GOBP_CELL_PROJECTION_ASSEMBLY",43,"Up",0.135039552908965,0.838801310577955
"GOBP_CARDIAC_MUSCLE_CELL_ACTION_POTENTIAL_INVOLVED_IN_CONTRACTION",4,"Up",0.13548047051465,0.838801310577955
"GOBP_POSITIVE_REGULATION_OF_SYNAPTIC_TRANSMISSION",5,"Up",0.136584970965955,0.838801310577955
"GOBP_REGULATION_OF_CELLULAR_RESPONSE_TO_INSULIN_STIMULUS",7,"Down",0.136635713130828,0.838801310577955
"GOBP_INTRINSIC_APOPTOTIC_SIGNALING_PATHWAY",9,"Down",0.136657184287385,0.838801310577955
"GOBP_GLYCOPROTEIN_METABOLIC_PROCESS",3,"Down",0.136921731844112,0.838801310577955
"GOBP_REGULATION_OF_DEPHOSPHORYLATION",11,"Down",0.137871215114138,0.838801310577955
"GOBP_ENZYME_LINKED_RECEPTOR_PROTEIN_SIGNALING_PATHWAY",43,"Down",0.138345964252406,0.838801310577955
"GOBP_POSITIVE_REGULATION_OF_PROTEIN_BINDING",5,"Up",0.138739638732534,0.838801310577955
"GOBP_SKIN_DEVELOPMENT",7,"Down",0.139428076655999,0.838801310577955
"GOBP_INTERMEDIATE_FILAMENT_BUNDLE_ASSEMBLY",3,"Up",0.139619466890119,0.838801310577955
"GOBP_REGULATION_OF_LIPID_LOCALIZATION",5,"Down",0.140336904650923,0.838801310577955
"GOBP_COLUMNAR_CUBOIDAL_EPITHELIAL_CELL_DIFFERENTIATION",5,"Up",0.14042989393895,0.838801310577955
"GOBP_REGULATION_OF_AUTOPHAGY",31,"Up",0.1407831148997,0.838801310577955
"GOBP_NEGATIVE_REGULATION_OF_CYSTEINE_TYPE_ENDOPEPTIDASE_ACTIVITY",5,"Down",0.141424518484829,0.838801310577955
"GOBP_NEGATIVE_REGULATION_OF_RESPONSE_TO_STIMULUS",61,"Down",0.14147787586309,0.838801310577955
"GOBP_RESPONSE_TO_TOXIC_SUBSTANCE",10,"Down",0.141538179553097,0.838801310577955
"GOBP_SYNAPTIC_VESICLE_PRIMING",5,"Up",0.14169315947989,0.838801310577955
"GOBP_HISTONE_METHYLATION",2,"Down",0.141935265687663,0.838801310577955
"GOBP_MICROTUBULE_DEPOLYMERIZATION",10,"Up",0.142577787171264,0.838801310577955
"GOBP_PORE_COMPLEX_ASSEMBLY",4,"Up",0.143264249303184,0.838801310577955
"GOBP_PROTEIN_CONTAINING_COMPLEX_ORGANIZATION",120,"Up",0.14404657017381,0.838801310577955
"GOBP_DNA_METABOLIC_PROCESS",29,"Down",0.144746533946542,0.838801310577955
"GOBP_REGULATION_OF_PROTEIN_MODIFICATION_PROCESS",65,"Down",0.144803656169223,0.838801310577955
"GOBP_CELLULAR_RESPONSE_TO_CHEMICAL_STRESS",19,"Down",0.145260651568031,0.838801310577955
"GOBP_POSITIVE_REGULATION_OF_AXONOGENESIS",9,"Up",0.145938904008705,0.838801310577955
"GOBP_NEGATIVE_REGULATION_OF_ERK1_AND_ERK2_CASCADE",3,"Down",0.146088789711434,0.838801310577955
"GOBP_SYNAPTIC_VESICLE_UNCOATING",4,"Up",0.146479383137478,0.838801310577955
"GOBP_VESICLE_UNCOATING",4,"Up",0.146479383137478,0.838801310577955
"GOBP_CATECHOLAMINE_SECRETION",5,"Up",0.146605474486024,0.838801310577955
"GOBP_EXOCYTIC_PROCESS",13,"Up",0.14707130859724,0.838801310577955
"GOBP_MUSCLE_CONTRACTION",19,"Up",0.147366814440228,0.838801310577955
"GOBP_EXTRACELLULAR_MATRIX_DISASSEMBLY",3,"Up",0.147818142183848,0.838801310577955
"GOBP_RUFFLE_ORGANIZATION",3,"Down",0.148094386952056,0.838801310577955
"GOBP_POSITIVE_REGULATION_OF_NOTCH_SIGNALING_PATHWAY",3,"Up",0.14820932351183,0.838801310577955
"GOBP_MULTICELLULAR_ORGANISMAL_MOVEMENT",3,"Up",0.148220040910799,0.838801310577955
"GOBP_RESPONSE_TO_INSULIN",16,"Down",0.149138052531565,0.838801310577955
"GOBP_VERY_LONG_CHAIN_FATTY_ACID_METABOLIC_PROCESS",3,"Down",0.149259852645841,0.838801310577955
"GOBP_NEGATIVE_REGULATION_OF_MOLECULAR_FUNCTION",60,"Down",0.149369873860457,0.838801310577955
"GOBP_NEGATIVE_REGULATION_OF_PHOSPHORUS_METABOLIC_PROCESS",26,"Down",0.150370484347324,0.838801310577955
"GOBP_CELLULAR_RESPONSE_TO_STRESS",70,"Down",0.150593798043279,0.838801310577955
"GOBP_NEURONAL_ACTION_POTENTIAL",4,"Up",0.151708731515708,0.838801310577955
"GOBP_PROTEIN_ACETYLATION",9,"Down",0.152326023334874,0.838801310577955
"GOBP_NON_MOTILE_CILIUM_ASSEMBLY",5,"Up",0.152844410674135,0.838801310577955
"GOBP_MUSCLE_SYSTEM_PROCESS",22,"Up",0.15303568805582,0.838801310577955
"GOBP_MEMBRANE_DEPOLARIZATION",8,"Up",0.153463878813738,0.838801310577955
"GOBP_REGULATION_OF_INTRINSIC_APOPTOTIC_SIGNALING_PATHWAY",5,"Down",0.153756346144973,0.838801310577955
"GOBP_REGULATION_OF_PROTON_TRANSPORT",3,"Down",0.155065961429687,0.838801310577955
"GOBP_TIGHT_JUNCTION_ORGANIZATION",4,"Up",0.155826886201837,0.838801310577955
"GOBP_CELLULAR_LIPID_CATABOLIC_PROCESS",12,"Down",0.156627126069793,0.838801310577955
"GOBP_REGULATION_OF_PROTEIN_LOCALIZATION_TO_CELL_SURFACE",4,"Up",0.157286749250427,0.838801310577955
"GOBP_REGULATION_OF_NUCLEOCYTOPLASMIC_TRANSPORT",10,"Down",0.158345182092055,0.838801310577955
"GOBP_ESTABLISHMENT_OF_PROTEIN_LOCALIZATION_TO_PLASMA_MEMBRANE",9,"Up",0.158378961337695,0.838801310577955
"GOBP_MEMBRANE_LIPID_METABOLIC_PROCESS",3,"Down",0.158448470159098,0.838801310577955
"GOBP_SPHINGOLIPID_METABOLIC_PROCESS",3,"Down",0.158448470159098,0.838801310577955
"GOBP_RESPONSE_TO_ELECTRICAL_STIMULUS",2,"Up",0.158643331243988,0.838801310577955
"GOBP_POSITIVE_REGULATION_OF_CELLULAR_COMPONENT_ORGANIZATION",80,"Up",0.159468786443054,0.838801310577955
"GOBP_REGULATION_OF_PLATELET_ACTIVATION",5,"Down",0.159628590531701,0.838801310577955
"GOBP_REGULATION_OF_PLATELET_AGGREGATION",5,"Down",0.159628590531701,0.838801310577955
"GOBP_REGULATION_OF_ANATOMICAL_STRUCTURE_SIZE",39,"Up",0.160542616627593,0.838801310577955
"GOBP_MEMORY",2,"Up",0.160579013250496,0.838801310577955
"GOBP_CIRCULATORY_SYSTEM_PROCESS",28,"Up",0.160583457493317,0.838801310577955
"GOBP_MICROTUBULE_BASED_MOVEMENT",32,"Up",0.161063114353317,0.838801310577955
"GOBP_REGULATION_OF_MACROAUTOPHAGY",21,"Up",0.161360347748975,0.838801310577955
"GOBP_ENDOPLASMIC_RETICULUM_MEMBRANE_ORGANIZATION",5,"Up",0.161778690716303,0.838801310577955
"GOBP_POSITIVE_REGULATION_OF_VIRAL_GENOME_REPLICATION",3,"Up",0.162226590336026,0.838801310577955
"GOBP_POSITIVE_REGULATION_OF_VIRAL_PROCESS",3,"Up",0.162226590336026,0.838801310577955
"GOBP_REGULATION_OF_VIRAL_GENOME_REPLICATION",3,"Up",0.162226590336026,0.838801310577955
"GOBP_REGULATION_OF_VIRAL_PROCESS",3,"Up",0.162226590336026,0.838801310577955
"GOBP_CELLULAR_RESPONSE_TO_INTERFERON_GAMMA",4,"Up",0.16289913134689,0.838801310577955
"GOBP_RESPONSE_TO_INTERFERON_GAMMA",4,"Up",0.16289913134689,0.838801310577955
"GOBP_MULTIVESICULAR_BODY_ORGANIZATION",9,"Down",0.163177631456637,0.838801310577955
"GOBP_MICROTUBULE_BASED_PROCESS",77,"Up",0.163493944581393,0.838801310577955
"GOBP_DIACYLGLYCEROL_METABOLIC_PROCESS",4,"Up",0.163715216164324,0.838801310577955
"GOBP_PEPTIDYL_LYSINE_OXIDATION",1,"Down",0.163880416730364,0.838801310577955
"GOBP_PROTEIN_OXIDATION",1,"Down",0.163880416730364,0.838801310577955
"GOBP_NEGATIVE_REGULATION_OF_PROTEIN_ACETYLATION",3,"Down",0.163962522902279,0.838801310577955
"GOBP_CILIUM_ORGANIZATION",23,"Up",0.164292610525186,0.838801310577955
"GOBP_ASTROCYTE_DIFFERENTIATION",4,"Up",0.164491441671711,0.838801310577955
"GOBP_POSITIVE_REGULATION_OF_I_KAPPAB_KINASE_NF_KAPPAB_SIGNALING",4,"Down",0.164651940255533,0.838801310577955
"GOBP_REGULATION_OF_TOLL_LIKE_RECEPTOR_SIGNALING_PATHWAY",3,"Up",0.164865349278744,0.838801310577955
"GOBP_NATURAL_KILLER_CELL_MEDIATED_IMMUNITY",4,"Up",0.165006299055715,0.838801310577955
"GOBP_PEPTIDYL_ARGININE_MODIFICATION",3,"Down",0.16534206213896,0.838801310577955
"GOBP_RESPONSE_TO_CATECHOLAMINE",6,"Up",0.165354790127753,0.838801310577955
"GOBP_RESPONSE_TO_DOPAMINE",6,"Up",0.165354790127753,0.838801310577955
"GOBP_LYMPHOCYTE_ACTIVATION_INVOLVED_IN_IMMUNE_RESPONSE",6,"Up",0.165632460704042,0.838801310577955
"GOBP_RESPONSE_TO_REACTIVE_OXYGEN_SPECIES",12,"Down",0.166160816707247,0.838801310577955
"GOBP_REGULATION_OF_LAMELLIPODIUM_ASSEMBLY",4,"Up",0.166213336490524,0.838801310577955
"GOBP_CARBOHYDRATE_DERIVATIVE_CATABOLIC_PROCESS",3,"Down",0.166422559925551,0.838801310577955
"GOBP_NEGATIVE_REGULATION_OF_VASCULAR_PERMEABILITY",2,"Up",0.166833671530233,0.838801310577955
"GOBP_NEGATIVE_REGULATION_OF_PINOCYTOSIS",1,"Down",0.166962069153735,0.838801310577955
"GOBP_REGULATION_OF_PINOCYTOSIS",1,"Down",0.166962069153735,0.838801310577955
"GOBP_ICOSANOID_BIOSYNTHETIC_PROCESS",1,"Down",0.167259368879034,0.838801310577955
"GOBP_PROSTANOID_BIOSYNTHETIC_PROCESS",1,"Down",0.167259368879034,0.838801310577955
"GOBP_UNSATURATED_FATTY_ACID_BIOSYNTHETIC_PROCESS",1,"Down",0.167259368879034,0.838801310577955
"GOBP_MITOCHONDRIAL_FUSION",1,"Down",0.167666475062712,0.838801310577955
"GOBP_NEGATIVE_REGULATION_OF_MITOCHONDRIAL_FUSION",1,"Down",0.167666475062712,0.838801310577955
"GOBP_POSITIVE_REGULATION_OF_ESTABLISHMENT_OF_PROTEIN_LOCALIZATION_TO_MITOCHONDRION",1,"Down",0.167666475062712,0.838801310577955
"GOBP_REGULATION_OF_MITOCHONDRIAL_FUSION",1,"Down",0.167666475062712,0.838801310577955
"GOBP_NEURON_NEURON_SYNAPTIC_TRANSMISSION",1,"Down",0.168012185169972,0.838801310577955
"GOBP_DNA_DEALKYLATION_INVOLVED_IN_DNA_REPAIR",1,"Down",0.16808578632806,0.838801310577955
"GOBP_OXIDATIVE_DEMETHYLATION",1,"Down",0.16808578632806,0.838801310577955
"GOBP_OXIDATIVE_DNA_DEMETHYLATION",1,"Down",0.16808578632806,0.838801310577955
"GOBP_OXIDATIVE_RNA_DEMETHYLATION",1,"Down",0.16808578632806,0.838801310577955
"GOBP_POSITIVE_REGULATION_OF_AMYLOID_PRECURSOR_PROTEIN_CATABOLIC_PROCESS",1,"Down",0.168100151159355,0.838801310577955
"GOBP_CDP_CHOLINE_PATHWAY",1,"Down",0.168191674830015,0.838801310577955
"GOBP_BILE_ACID_AND_BILE_SALT_TRANSPORT",1,"Down",0.168200225881399,0.838801310577955
"GOBP_FATTY_ACID_TRANSMEMBRANE_TRANSPORT",1,"Down",0.168200225881399,0.838801310577955
"GOBP_CELLULAR_RESPONSE_TO_ESTRADIOL_STIMULUS",1,"Down",0.168287337380469,0.838801310577955
"GOBP_ESTABLISHMENT_OF_PROTEIN_LOCALIZATION_TO_CHROMATIN",1,"Down",0.168287337380469,0.838801310577955
"GOBP_LYSOSOMAL_PROTEIN_CATABOLIC_PROCESS",1,"Down",0.168384427907234,0.838801310577955
"GOBP_PROTEIN_CATABOLIC_PROCESS_IN_THE_VACUOLE",1,"Down",0.168384427907234,0.838801310577955
"GOBP_ENDOSOMAL_VESICLE_FUSION",1,"Down",0.168385151190786,0.838801310577955
"GOBP_NUCLEOSIDE_DIPHOSPHATE_CATABOLIC_PROCESS",1,"Down",0.168429289594572,0.838801310577955
"GOBP_NUCLEOSIDE_PHOSPHATE_CATABOLIC_PROCESS",1,"Down",0.168429289594572,0.838801310577955
"GOBP_PENTOSE_CATABOLIC_PROCESS",1,"Down",0.168429289594572,0.838801310577955
"GOBP_PENTOSE_METABOLIC_PROCESS",1,"Down",0.168429289594572,0.838801310577955
"GOBP_RIBONUCLEOSIDE_DIPHOSPHATE_CATABOLIC_PROCESS",1,"Down",0.168429289594572,0.838801310577955
"GOBP_GOLGI_RIBBON_FORMATION",1,"Down",0.168437595606584,0.838801310577955
"GOBP_OPSONIZATION",1,"Down",0.168437595606584,0.838801310577955
"GOBP_PHAGOCYTOSIS_RECOGNITION",1,"Down",0.168437595606584,0.838801310577955
"GOBP_POSITIVE_REGULATION_OF_OPSONIZATION",1,"Down",0.168437595606584,0.838801310577955
"GOBP_REGULATION_OF_OPSONIZATION",1,"Down",0.168437595606584,0.838801310577955
"GOBP_B_CELL_RECEPTOR_SIGNALING_PATHWAY",1,"Down",0.168440783767917,0.838801310577955
"GOBP_ENDOTHELIN_RECEPTOR_SIGNALING_PATHWAY",1,"Down",0.168440783767917,0.838801310577955
"GOBP_NEUROTROPHIN_TRK_RECEPTOR_SIGNALING_PATHWAY",1,"Down",0.168440783767917,0.838801310577955
"GOBP_POSITIVE_REGULATION_OF_DENDRITE_DEVELOPMENT",1,"Down",0.168456137846536,0.838801310577955
"GOBP_B_CELL_PROLIFERATION",1,"Down",0.168484119020493,0.838801310577955
"GOBP_CERAMIDE_BIOSYNTHETIC_PROCESS",1,"Down",0.168484119020493,0.838801310577955
"GOBP_CERAMIDE_CATABOLIC_PROCESS",1,"Down",0.168484119020493,0.838801310577955
"GOBP_FC_GAMMA_RECEPTOR_SIGNALING_PATHWAY",1,"Down",0.168484119020493,0.838801310577955
"GOBP_FC_RECEPTOR_MEDIATED_STIMULATORY_SIGNALING_PATHWAY",1,"Down",0.168484119020493,0.838801310577955
"GOBP_GLUCOSYLCERAMIDE_METABOLIC_PROCESS",1,"Down",0.168484119020493,0.838801310577955
"GOBP_GLYCOLIPID_CATABOLIC_PROCESS",1,"Down",0.168484119020493,0.838801310577955
"GOBP_GLYCOSPHINGOLIPID_METABOLIC_PROCESS",1,"Down",0.168484119020493,0.838801310577955
"GOBP_GLYCOSYLCERAMIDE_CATABOLIC_PROCESS",1,"Down",0.168484119020493,0.838801310577955
"GOBP_GLYCOSYLCERAMIDE_METABOLIC_PROCESS",1,"Down",0.168484119020493,0.838801310577955
"GOBP_GRANULOCYTE_ACTIVATION",1,"Down",0.168484119020493,0.838801310577955
"GOBP_LIPOSACCHARIDE_METABOLIC_PROCESS",1,"Down",0.168484119020493,0.838801310577955
"GOBP_MEMBRANE_LIPID_CATABOLIC_PROCESS",1,"Down",0.168484119020493,0.838801310577955
"GOBP_NEGATIVE_REGULATION_OF_GLIAL_CELL_APOPTOTIC_PROCESS",1,"Down",0.168484119020493,0.838801310577955
"GOBP_NEGATIVE_REGULATION_OF_MAP_KINASE_ACTIVITY",1,"Down",0.168484119020493,0.838801310577955
"GOBP_POSITIVE_REGULATION_OF_DEOXYRIBONUCLEASE_ACTIVITY",1,"Down",0.168484119020493,0.838801310577955
"GOBP_POSITIVE_REGULATION_OF_NUCLEASE_ACTIVITY",1,"Down",0.168484119020493,0.838801310577955
"GOBP_POSITIVE_REGULATION_OF_SPHINGOLIPID_BIOSYNTHETIC_PROCESS",1,"Down",0.168484119020493,0.838801310577955
"GOBP_REGULATION_OF_DEOXYRIBONUCLEASE_ACTIVITY",1,"Down",0.168484119020493,0.838801310577955
"GOBP_REGULATION_OF_ENDODEOXYRIBONUCLEASE_ACTIVITY",1,"Down",0.168484119020493,0.838801310577955
"GOBP_REGULATION_OF_LIPID_TRANSPORTER_ACTIVITY",1,"Down",0.168484119020493,0.838801310577955
"GOBP_REGULATION_OF_NUCLEASE_ACTIVITY",1,"Down",0.168484119020493,0.838801310577955
"GOBP_REGULATION_OF_SPHINGOLIPID_BIOSYNTHETIC_PROCESS",1,"Down",0.168484119020493,0.838801310577955
"GOBP_RESPONSE_TO_ANGIOTENSIN",1,"Down",0.168484119020493,0.838801310577955
"GOBP_SPHINGOMYELIN_CATABOLIC_PROCESS",1,"Down",0.168484119020493,0.838801310577955
"GOBP_SPHINGOMYELIN_METABOLIC_PROCESS",1,"Down",0.168484119020493,0.838801310577955
"GOBP_PEPTIDYL_LYSINE_HYDROXYLATION",1,"Down",0.168533058531674,0.838801310577955
"GOBP_PROTEIN_HYDROXYLATION",1,"Down",0.168533058531674,0.838801310577955
"GOBP_CELLULAR_RESPONSE_TO_LEUCINE_STARVATION",1,"Down",0.16854075875358,0.838801310577955
"GOBP_CELLULAR_RESPONSE_TO_UV_C",1,"Down",0.16854075875358,0.838801310577955
"GOBP_INTEGRATED_STRESS_RESPONSE_SIGNALING",1,"Down",0.16854075875358,0.838801310577955
"GOBP_POSITIVE_REGULATION_OF_TRANSLATION_IN_RESPONSE_TO_STRESS",1,"Down",0.16854075875358,0.838801310577955
"GOBP_RESPONSE_TO_UV_C",1,"Down",0.16854075875358,0.838801310577955
"GOBP_NEGATIVE_REGULATION_OF_P38MAPK_CASCADE",1,"Down",0.168549790294363,0.838801310577955
"GOBP_NUCLEOTIDE_BINDING_DOMAIN_LEUCINE_RICH_REPEAT_CONTAINING_RECEPTOR_SIGNALING_PATHWAY",1,"Down",0.168549790294363,0.838801310577955
"GOBP_REGULATION_OF_TUMOR_NECROSIS_FACTOR_MEDIATED_SIGNALING_PATHWAY",1,"Down",0.168549790294363,0.838801310577955
"GOBP_TUMOR_NECROSIS_FACTOR_MEDIATED_SIGNALING_PATHWAY",1,"Down",0.168549790294363,0.838801310577955
"GOBP_NEUROTRANSMITTER_GATED_ION_CHANNEL_CLUSTERING",1,"Down",0.168551294550382,0.838801310577955
"GOBP_PROSTHETIC_GROUP_METABOLIC_PROCESS",1,"Down",0.168551294550382,0.838801310577955
"GOBP_RECEPTOR_DIFFUSION_TRAPPING",1,"Down",0.168551294550382,0.838801310577955
"GOBP_POSITIVE_REGULATION_OF_CELL_MIGRATION_BY_VASCULAR_ENDOTHELIAL_GROWTH_FACTOR_SIGNALING_PATHWAY",1,"Down",0.168579890332466,0.838801310577955
"GOBP_G1_TO_G0_TRANSITION",1,"Down",0.16859018360336,0.838801310577955
"GOBP_GLOMERULUS_MORPHOGENESIS",1,"Down",0.168591094830729,0.838801310577955
"GOBP_NEPHRON_TUBULE_EPITHELIAL_CELL_DIFFERENTIATION",1,"Down",0.168591094830729,0.838801310577955
"GOBP_CELL_PROLIFERATION_IN_BONE_MARROW",1,"Down",0.168604657953481,0.838801310577955
"GOBP_NEGATIVE_REGULATION_OF_CELL_AGING",1,"Down",0.168604657953481,0.838801310577955
"GOBP_NEGATIVE_REGULATION_OF_CELLULAR_SENESCENCE",1,"Down",0.168604657953481,0.838801310577955
"GOBP_POSITIVE_REGULATION_OF_CELL_PROLIFERATION_IN_BONE_MARROW",1,"Down",0.168604657953481,0.838801310577955
"GOBP_REGULATION_OF_CELL_AGING",1,"Down",0.168604657953481,0.838801310577955
"GOBP_GLIAL_CELL_PROLIFERATION",1,"Down",0.168625435348323,0.838801310577955
"GOBP_POSITIVE_REGULATION_OF_GLIAL_CELL_PROLIFERATION",1,"Down",0.168625435348323,0.838801310577955
"GOBP_REGULATION_OF_GLIAL_CELL_PROLIFERATION",1,"Down",0.168625435348323,0.838801310577955
"GOBP_NEGATIVE_REGULATION_OF_PROTEIN_TYROSINE_KINASE_ACTIVITY",1,"Down",0.168684150485669,0.838801310577955
"GOBP_NEGATIVE_REGULATION_OF_HISTONE_ACETYLATION",1,"Down",0.168724916326559,0.838801310577955
"GOBP_NEGATIVE_REGULATION_OF_HISTONE_H4_ACETYLATION",1,"Down",0.168724916326559,0.838801310577955
"GOBP_NEGATIVE_REGULATION_OF_HISTONE_MODIFICATION",1,"Down",0.168724916326559,0.838801310577955
"GOBP_NEGATIVE_REGULATION_OF_PEPTIDYL_LYSINE_ACETYLATION",1,"Down",0.168724916326559,0.838801310577955
"GOBP_POSITIVE_REGULATION_OF_HISTONE_DEACETYLATION",1,"Down",0.168724916326559,0.838801310577955
"GOBP_POSITIVE_REGULATION_OF_PROTEIN_DEACETYLATION",1,"Down",0.168724916326559,0.838801310577955
"GOBP_REGULATION_OF_HISTONE_H4_ACETYLATION",1,"Down",0.168724916326559,0.838801310577955
"GOBP_WHITE_FAT_CELL_DIFFERENTIATION",1,"Down",0.168724916326559,0.838801310577955
"GOBP_CELLULAR_RESPONSE_TO_BIOTIC_STIMULUS",6,"Up",0.168932459369587,0.838801310577955
"GOBP_APPENDAGE_DEVELOPMENT",3,"Up",0.169961187190423,0.838801310577955
"GOBP_VESICLE_FUSION_TO_PLASMA_MEMBRANE",6,"Up",0.170680805790186,0.838801310577955
"GOBP_REGULATION_OF_PATTERN_RECOGNITION_RECEPTOR_SIGNALING_PATHWAY",4,"Up",0.171396083442105,0.838801310577955
"GOBP_CARDIAC_CHAMBER_DEVELOPMENT",4,"Up",0.171466527939413,0.838801310577955
"GOBP_CARDIAC_SEPTUM_DEVELOPMENT",4,"Up",0.171466527939413,0.838801310577955
"GOBP_NEGATIVE_REGULATION_OF_LIPID_BIOSYNTHETIC_PROCESS",3,"Up",0.171892742048295,0.838801310577955
"GOBP_NEGATIVE_REGULATION_OF_LIPID_METABOLIC_PROCESS",3,"Up",0.171892742048295,0.838801310577955
"GOBP_ERYTHROCYTE_HOMEOSTASIS",4,"Up",0.171900402889174,0.838801310577955
"GOBP_MYELOID_CELL_HOMEOSTASIS",4,"Up",0.171900402889174,0.838801310577955
"GOBP_INCLUSION_BODY_ASSEMBLY",2,"Up",0.171938829782571,0.838801310577955
"GOBP_NEGATIVE_REGULATION_OF_ESTABLISHMENT_OF_PROTEIN_LOCALIZATION_TO_MITOCHONDRION",2,"Up",0.171938829782571,0.838801310577955
"GOBP_PHOSPHATIDYLINOSITOL_BIOSYNTHETIC_PROCESS",7,"Down",0.172187328771593,0.838801310577955
"GOBP_ACTIN_FILAMENT_ORGANIZATION",49,"Up",0.172320661580967,0.838801310577955
"GOBP_REGULATION_OF_CELL_DEVELOPMENT",32,"Up",0.172945115255181,0.838801310577955
"GOBP_NEGATIVE_REGULATION_OF_PROTEIN_POLYMERIZATION",17,"Up",0.173718082196684,0.838801310577955
"GOBP_LIPID_METABOLIC_PROCESS",45,"Down",0.173758341613256,0.838801310577955
"GOBP_CELLULAR_RESPONSE_TO_HEAT",5,"Up",0.173859053782808,0.838801310577955
"GOBP_RESPONSE_TO_HEAT",5,"Up",0.173859053782808,0.838801310577955
"GOBP_MEMBRANE_DEPOLARIZATION_DURING_CARDIAC_MUSCLE_CELL_ACTION_POTENTIAL",2,"Up",0.173999182499112,0.838801310577955
"GOBP_VESICLE_CARGO_LOADING",1,"Down",0.175194675895035,0.838801310577955
"GOBP_VESICLE_TARGETING_ROUGH_ER_TO_CIS_GOLGI",1,"Down",0.175194675895035,0.838801310577955
"GOBP_GLYCEROLIPID_BIOSYNTHETIC_PROCESS",15,"Down",0.175266669014115,0.838801310577955
"GOBP_POSITIVE_REGULATION_OF_ALPHA_BETA_T_CELL_ACTIVATION",3,"Down",0.175718984044971,0.838801310577955
"GOBP_REGULATION_OF_ALPHA_BETA_T_CELL_ACTIVATION",3,"Down",0.175718984044971,0.838801310577955
"GOBP_REGULATION_OF_POSTSYNAPTIC_NEUROTRANSMITTER_RECEPTOR_INTERNALIZATION",1,"Down",0.175856299802894,0.838801310577955
"GOBP_BINDING_OF_SPERM_TO_ZONA_PELLUCIDA",3,"Up",0.175905143923726,0.838801310577955
"GOBP_ESTABLISHMENT_OF_PROTEIN_LOCALIZATION_TO_TELOMERE",3,"Up",0.175905143923726,0.838801310577955
"GOBP_POSITIVE_REGULATION_OF_ESTABLISHMENT_OF_PROTEIN_LOCALIZATION_TO_TELOMERE",3,"Up",0.175905143923726,0.838801310577955
"GOBP_PROTEIN_LOCALIZATION_TO_CHROMOSOME_TELOMERIC_REGION",3,"Up",0.175905143923726,0.838801310577955
"GOBP_PROTEIN_LOCALIZATION_TO_NUCLEAR_BODY",3,"Up",0.175905143923726,0.838801310577955
"GOBP_PROTEIN_LOCALIZATION_TO_NUCLEOPLASM",3,"Up",0.175905143923726,0.838801310577955
"GOBP_REGULATION_OF_ESTABLISHMENT_OF_PROTEIN_LOCALIZATION_TO_CHROMOSOME",3,"Up",0.175905143923726,0.838801310577955
"GOBP_REGULATION_OF_PROTEIN_LOCALIZATION_TO_CHROMOSOME_TELOMERIC_REGION",3,"Up",0.175905143923726,0.838801310577955
"GOBP_SPERM_EGG_RECOGNITION",3,"Up",0.175905143923726,0.838801310577955
"GOBP_NEGATIVE_REGULATION_OF_SODIUM_ION_TRANSPORT",4,"Up",0.175989493386612,0.838801310577955
"GOBP_ORGANELLE_DISASSEMBLY",16,"Up",0.176408218590837,0.838801310577955
"GOBP_PLASMA_MEMBRANE_ORGANIZATION",24,"Up",0.177058776259431,0.838801310577955
"GOBP_REGENERATION",7,"Up",0.177264418394524,0.838801310577955
"GOBP_NEGATIVE_REGULATION_OF_BLOOD_CIRCULATION",4,"Up",0.178138826749165,0.838801310577955
"GOBP_MAINTENANCE_OF_PROTEIN_LOCALIZATION_IN_ENDOPLASMIC_RETICULUM",1,"Down",0.178233904859397,0.838801310577955
"GOBP_PROTEIN_RETENTION_IN_ER_LUMEN",1,"Down",0.178233904859397,0.838801310577955
"GOBP_SKELETAL_MUSCLE_ACETYLCHOLINE_GATED_CHANNEL_CLUSTERING",1,"Down",0.178233904859397,0.838801310577955
"GOBP_CELLULAR_RESPONSE_TO_INTERLEUKIN_1",2,"Up",0.178264977223873,0.838801310577955
"GOBP_RESPONSE_TO_INTERLEUKIN_1",2,"Up",0.178264977223873,0.838801310577955
"GOBP_PHOSPHOLIPID_BIOSYNTHETIC_PROCESS",15,"Down",0.178694105135463,0.838801310577955
"GOBP_PROTEIN_KINASE_C_SIGNALING",2,"Up",0.179067168833194,0.838801310577955
"GOBP_REGULATION_OF_MICROTUBULE_BASED_PROCESS",31,"Up",0.179215560148432,0.838801310577955
"GOBP_POSTSYNAPTIC_CYTOSKELETON_ORGANIZATION",3,"Up",0.179583215045932,0.838801310577955
"GOBP_CELLULAR_RESPONSE_TO_COPPER_ION",1,"Down",0.179617725427107,0.838801310577955
"GOBP_CELLULAR_RESPONSE_TO_DEXAMETHASONE_STIMULUS",1,"Down",0.179617725427107,0.838801310577955
"GOBP_CELLULAR_WATER_HOMEOSTASIS",1,"Down",0.179617725427107,0.838801310577955
"GOBP_DEFENSE_RESPONSE_TO_GRAM_NEGATIVE_BACTERIUM",1,"Down",0.179617725427107,0.838801310577955
"GOBP_EPITHELIAL_FLUID_TRANSPORT",1,"Down",0.179617725427107,0.838801310577955
"GOBP_GLYCEROL_TRANSPORT",1,"Down",0.179617725427107,0.838801310577955
"GOBP_NITRIC_OXIDE_TRANSPORT",1,"Down",0.179617725427107,0.838801310577955
"GOBP_POLYOL_TRANSPORT",1,"Down",0.179617725427107,0.838801310577955
"GOBP_REGULATION_OF_SALIVA_SECRETION",1,"Down",0.179617725427107,0.838801310577955
"GOBP_RENAL_WATER_HOMEOSTASIS",1,"Down",0.179617725427107,0.838801310577955
"GOBP_RENAL_WATER_TRANSPORT",1,"Down",0.179617725427107,0.838801310577955
"GOBP_RESPONSE_TO_DEXAMETHASONE",1,"Down",0.179617725427107,0.838801310577955
"GOBP_RESPONSE_TO_NITRIC_OXIDE",1,"Down",0.179617725427107,0.838801310577955
"GOBP_STRIATED_MUSCLE_CONTRACTION",12,"Up",0.180180975598979,0.838801310577955
"GOBP_FILOPODIUM_ASSEMBLY",13,"Up",0.180533539866626,0.838801310577955
"GOBP_REGULATION_OF_FILOPODIUM_ASSEMBLY",13,"Up",0.180533539866626,0.838801310577955
"GOBP_REGULATION_OF_CARDIAC_CONDUCTION",4,"Up",0.180853583310623,0.838801310577955
"GOBP_CELLULAR_RESPONSE_TO_IONIZING_RADIATION",1,"Down",0.18101080768287,0.838801310577955
"GOBP_RESPONSE_TO_X_RAY",1,"Down",0.18101080768287,0.838801310577955
"GOBP_POSITIVE_REGULATION_OF_RESPONSE_TO_DNA_DAMAGE_STIMULUS",8,"Down",0.181193883929762,0.838801310577955
"GOBP_AMINO_ACID_IMPORT_ACROSS_PLASMA_MEMBRANE",1,"Down",0.181538151558941,0.838801310577955
"GOBP_AMINO_ACID_NEUROTRANSMITTER_REUPTAKE",1,"Down",0.181538151558941,0.838801310577955
"GOBP_ANOIKIS",1,"Down",0.181538151558941,0.838801310577955
"GOBP_CELL_FATE_SPECIFICATION",1,"Down",0.181538151558941,0.838801310577955
"GOBP_CELLULAR_RESPONSE_TO_LIPOPROTEIN_PARTICLE_STIMULUS",1,"Down",0.181538151558941,0.838801310577955
"GOBP_CELLULAR_RESPONSE_TO_LOW_DENSITY_LIPOPROTEIN_PARTICLE_STIMULUS",1,"Down",0.181538151558941,0.838801310577955
"GOBP_COLLAGEN_CATABOLIC_PROCESS",1,"Down",0.181538151558941,0.838801310577955
"GOBP_GERM_CELL_MIGRATION",1,"Down",0.181538151558941,0.838801310577955
"GOBP_GLUTAMATE_REUPTAKE",1,"Down",0.181538151558941,0.838801310577955
"GOBP_L_GLUTAMATE_IMPORT_ACROSS_PLASMA_MEMBRANE",1,"Down",0.181538151558941,0.838801310577955
"GOBP_MESODERMAL_CELL_DIFFERENTIATION",1,"Down",0.181538151558941,0.838801310577955
"GOBP_NEGATIVE_REGULATION_OF_ANOIKIS",1,"Down",0.181538151558941,0.838801310577955
"GOBP_NEUROINFLAMMATORY_RESPONSE",1,"Down",0.181538151558941,0.838801310577955
"GOBP_POSITIVE_REGULATION_OF_ANION_TRANSMEMBRANE_TRANSPORT",1,"Down",0.181538151558941,0.838801310577955
"GOBP_POSITIVE_REGULATION_OF_NEUROTRANSMITTER_UPTAKE",1,"Down",0.181538151558941,0.838801310577955
"GOBP_REGULATION_OF_AMINO_ACID_TRANSMEMBRANE_TRANSPORT",1,"Down",0.181538151558941,0.838801310577955
"GOBP_REGULATION_OF_ANION_TRANSMEMBRANE_TRANSPORT",1,"Down",0.181538151558941,0.838801310577955
"GOBP_REGULATION_OF_ANOIKIS",1,"Down",0.181538151558941,0.838801310577955
"GOBP_REGULATION_OF_COLLAGEN_METABOLIC_PROCESS",1,"Down",0.181538151558941,0.838801310577955
"GOBP_REGULATION_OF_INWARD_RECTIFIER_POTASSIUM_CHANNEL_ACTIVITY",1,"Down",0.181538151558941,0.838801310577955
"GOBP_REGULATION_OF_L_GLUTAMATE_IMPORT_ACROSS_PLASMA_MEMBRANE",1,"Down",0.181538151558941,0.838801310577955
"GOBP_PROTEIN_INSERTION_INTO_ER_MEMBRANE",1,"Down",0.181754206766546,0.838801310577955
"GOBP_PROTEIN_INSERTION_INTO_MEMBRANE",1,"Down",0.181754206766546,0.838801310577955
"GOBP_TAIL_ANCHORED_MEMBRANE_PROTEIN_INSERTION_INTO_ER_MEMBRANE",1,"Down",0.181754206766546,0.838801310577955
"GOBP_CELL_MORPHOGENESIS_INVOLVED_IN_DIFFERENTIATION",57,"Up",0.18202834556402,0.838801310577955
"GOBP_REGULATION_OF_NEURON_PROJECTION_DEVELOPMENT",32,"Up",0.182413672597644,0.838801310577955
"GOBP_ACTIVATION_OF_PROTEIN_KINASE_B_ACTIVITY",1,"Down",0.182598066362747,0.838801310577955
"GOBP_ALDEHYDE_CATABOLIC_PROCESS",1,"Down",0.182598066362747,0.838801310577955
"GOBP_AMINE_BIOSYNTHETIC_PROCESS",1,"Down",0.182598066362747,0.838801310577955
"GOBP_AROMATIC_AMINO_ACID_FAMILY_METABOLIC_PROCESS",1,"Down",0.182598066362747,0.838801310577955
"GOBP_CATECHOL_CONTAINING_COMPOUND_BIOSYNTHETIC_PROCESS",1,"Down",0.182598066362747,0.838801310577955
"GOBP_CATECHOLAMINE_UPTAKE_INVOLVED_IN_SYNAPTIC_TRANSMISSION",1,"Down",0.182598066362747,0.838801310577955
"GOBP_CELL_DEATH_IN_RESPONSE_TO_HYDROGEN_PEROXIDE",1,"Down",0.182598066362747,0.838801310577955
"GOBP_CELLULAR_DETOXIFICATION_OF_ALDEHYDE",1,"Down",0.182598066362747,0.838801310577955
"GOBP_CELLULAR_RESPONSE_TO_ALDEHYDE",1,"Down",0.182598066362747,0.838801310577955
"GOBP_CELLULAR_RESPONSE_TO_NITROSATIVE_STRESS",1,"Down",0.182598066362747,0.838801310577955
"GOBP_DETOXIFICATION_OF_COPPER_ION",1,"Down",0.182598066362747,0.838801310577955
"GOBP_DOPAMINE_BIOSYNTHETIC_PROCESS",1,"Down",0.182598066362747,0.838801310577955
"GOBP_INTRINSIC_APOPTOTIC_SIGNALING_PATHWAY_IN_RESPONSE_TO_HYDROGEN_PEROXIDE",1,"Down",0.182598066362747,0.838801310577955
"GOBP_KETONE_CATABOLIC_PROCESS",1,"Down",0.182598066362747,0.838801310577955
"GOBP_MAINTENANCE_OF_PROTEIN_LOCATION_IN_NUCLEUS",1,"Down",0.182598066362747,0.838801310577955
"GOBP_MEMBRANE_HYPERPOLARIZATION",1,"Down",0.182598066362747,0.838801310577955
"GOBP_NEGATIVE_REGULATION_OF_CYSTEINE_TYPE_ENDOPEPTIDASE_ACTIVITY_INVOLVED_IN_APOPTOTIC_SIGNALING_PATHWAY",1,"Down",0.182598066362747,0.838801310577955
"GOBP_NEGATIVE_REGULATION_OF_ENDOPLASMIC_RETICULUM_STRESS_INDUCED_INTRINSIC_APOPTOTIC_SIGNALING_PATHWAY",1,"Down",0.182598066362747,0.838801310577955
"GOBP_NEGATIVE_REGULATION_OF_HYDROGEN_PEROXIDE_MEDIATED_PROGRAMMED_CELL_DEATH",1,"Down",0.182598066362747,0.838801310577955
"GOBP_NEGATIVE_REGULATION_OF_OXIDATIVE_STRESS_INDUCED_INTRINSIC_APOPTOTIC_SIGNALING_PATHWAY",1,"Down",0.182598066362747,0.838801310577955
"GOBP_NEGATIVE_REGULATION_OF_OXIDATIVE_STRESS_INDUCED_NEURON_INTRINSIC_APOPTOTIC_SIGNALING_PATHWAY",1,"Down",0.182598066362747,0.838801310577955
"GOBP_NEGATIVE_REGULATION_OF_PROTEIN_EXPORT_FROM_NUCLEUS",1,"Down",0.182598066362747,0.838801310577955
"GOBP_NEGATIVE_REGULATION_OF_PROTEIN_SUMOYLATION",1,"Down",0.182598066362747,0.838801310577955
"GOBP_NEGATIVE_REGULATION_OF_REACTIVE_OXYGEN_SPECIES_BIOSYNTHETIC_PROCESS",1,"Down",0.182598066362747,0.838801310577955
"GOBP_NEGATIVE_REGULATION_OF_RESPONSE_TO_REACTIVE_OXYGEN_SPECIES",1,"Down",0.182598066362747,0.838801310577955
"GOBP_NEURON_DEATH_IN_RESPONSE_TO_HYDROGEN_PEROXIDE",1,"Down",0.182598066362747,0.838801310577955
"GOBP_NEURON_INTRINSIC_APOPTOTIC_SIGNALING_PATHWAY_IN_RESPONSE_TO_OXIDATIVE_STRESS",1,"Down",0.182598066362747,0.838801310577955
"GOBP_PHENOL_CONTAINING_COMPOUND_BIOSYNTHETIC_PROCESS",1,"Down",0.182598066362747,0.838801310577955
"GOBP_POSITIVE_REGULATION_OF_CATECHOLAMINE_METABOLIC_PROCESS",1,"Down",0.182598066362747,0.838801310577955
"GOBP_POSITIVE_REGULATION_OF_CELLULAR_AMINE_METABOLIC_PROCESS",1,"Down",0.182598066362747,0.838801310577955
"GOBP_POSITIVE_REGULATION_OF_CELLULAR_RESPIRATION",1,"Down",0.182598066362747,0.838801310577955
"GOBP_POSITIVE_REGULATION_OF_LYASE_ACTIVITY",1,"Down",0.182598066362747,0.838801310577955
"GOBP_POSITIVE_REGULATION_OF_MONOOXYGENASE_ACTIVITY",1,"Down",0.182598066362747,0.838801310577955
"GOBP_POSITIVE_REGULATION_OF_OXIDATIVE_STRESS_INDUCED_CELL_DEATH",1,"Down",0.182598066362747,0.838801310577955
"GOBP_POSITIVE_REGULATION_OF_OXIDATIVE_STRESS_INDUCED_INTRINSIC_APOPTOTIC_SIGNALING_PATHWAY",1,"Down",0.182598066362747,0.838801310577955
"GOBP_POSITIVE_REGULATION_OF_REACTIVE_OXYGEN_SPECIES_BIOSYNTHETIC_PROCESS",1,"Down",0.182598066362747,0.838801310577955
"GOBP_POSITIVE_REGULATION_OF_TRANSCRIPTION_REGULATORY_REGION_DNA_BINDING",1,"Down",0.182598066362747,0.838801310577955
"GOBP_PRIMARY_ALCOHOL_BIOSYNTHETIC_PROCESS",1,"Down",0.182598066362747,0.838801310577955
"GOBP_PRIMARY_ALCOHOL_METABOLIC_PROCESS",1,"Down",0.182598066362747,0.838801310577955
"GOBP_PROGRAMMED_CELL_DEATH_IN_RESPONSE_TO_REACTIVE_OXYGEN_SPECIES",1,"Down",0.182598066362747,0.838801310577955
"GOBP_PROTEIN_DEGLYCOSYLATION",1,"Down",0.182598066362747,0.838801310577955
"GOBP_REACTIVE_OXYGEN_SPECIES_BIOSYNTHETIC_PROCESS",1,"Down",0.182598066362747,0.838801310577955
"GOBP_REGULATION_OF_AEROBIC_RESPIRATION",1,"Down",0.182598066362747,0.838801310577955
"GOBP_REGULATION_OF_CATECHOLAMINE_METABOLIC_PROCESS",1,"Down",0.182598066362747,0.838801310577955
"GOBP_REGULATION_OF_CELLULAR_AMINE_METABOLIC_PROCESS",1,"Down",0.182598066362747,0.838801310577955
"GOBP_REGULATION_OF_CELLULAR_AMINO_ACID_METABOLIC_PROCESS",1,"Down",0.182598066362747,0.838801310577955
"GOBP_REGULATION_OF_CYSTEINE_TYPE_ENDOPEPTIDASE_ACTIVITY_INVOLVED_IN_APOPTOTIC_SIGNALING_PATHWAY",1,"Down",0.182598066362747,0.838801310577955
"GOBP_REGULATION_OF_ENDOPLASMIC_RETICULUM_STRESS_INDUCED_INTRINSIC_APOPTOTIC_SIGNALING_PATHWAY",1,"Down",0.182598066362747,0.838801310577955
"GOBP_REGULATION_OF_HISTONE_UBIQUITINATION",1,"Down",0.182598066362747,0.838801310577955
"GOBP_REGULATION_OF_HYDROGEN_PEROXIDE_MEDIATED_PROGRAMMED_CELL_DEATH",1,"Down",0.182598066362747,0.838801310577955
"GOBP_REGULATION_OF_MITOCHONDRIAL_ELECTRON_TRANSPORT_NADH_TO_UBIQUINONE",1,"Down",0.182598066362747,0.838801310577955
"GOBP_REGULATION_OF_MONOOXYGENASE_ACTIVITY",1,"Down",0.182598066362747,0.838801310577955
"GOBP_REGULATION_OF_OXIDATIVE_STRESS_INDUCED_INTRINSIC_APOPTOTIC_SIGNALING_PATHWAY",1,"Down",0.182598066362747,0.838801310577955
"GOBP_REGULATION_OF_PROTEIN_DEUBIQUITINATION",1,"Down",0.182598066362747,0.838801310577955
"GOBP_REGULATION_OF_PROTEIN_SUMOYLATION",1,"Down",0.182598066362747,0.838801310577955
"GOBP_REGULATION_OF_REACTIVE_OXYGEN_SPECIES_BIOSYNTHETIC_PROCESS",1,"Down",0.182598066362747,0.838801310577955
"GOBP_REGULATION_OF_SUPEROXIDE_DISMUTASE_ACTIVITY",1,"Down",0.182598066362747,0.838801310577955
"GOBP_REGULATION_OF_TRAIL_ACTIVATED_APOPTOTIC_SIGNALING_PATHWAY",1,"Down",0.182598066362747,0.838801310577955
"GOBP_REGULATION_OF_TRANSCRIPTION_REGULATORY_REGION_DNA_BINDING",1,"Down",0.182598066362747,0.838801310577955
"GOBP_REGULATION_OF_UBIQUITIN_SPECIFIC_PROTEASE_ACTIVITY",1,"Down",0.182598066362747,0.838801310577955
"GOBP_RESPONSE_TO_NITROSATIVE_STRESS",1,"Down",0.182598066362747,0.838801310577955
"GOBP_STRESS_RESPONSE_TO_METAL_ION",1,"Down",0.182598066362747,0.838801310577955
"GOBP_TRAIL_ACTIVATED_APOPTOTIC_SIGNALING_PATHWAY",1,"Down",0.182598066362747,0.838801310577955
"GOBP_ACTIN_FILAMENT_POLYMERIZATION",20,"Up",0.182919460420979,0.838801310577955
"GOBP_PHOSPHATIDYLINOSITOL_PHOSPHATE_BIOSYNTHETIC_PROCESS",5,"Down",0.183418771334922,0.838801310577955
"GOBP_NUCLEOLUS_ORGANIZATION",1,"Down",0.184525873151978,0.838801310577955
"GOBP_MUSCLE_CELL_DIFFERENTIATION",14,"Up",0.184989767235912,0.838801310577955
"GOBP_CARBOXYLIC_ACID_TRANSPORT",8,"Down",0.185314127646668,0.838801310577955
"GOBP_PROTEIN_COMPLEX_OLIGOMERIZATION",14,"Up",0.185369847806559,0.838801310577955
"GOBP_HIPPO_SIGNALING",1,"Down",0.185701240095858,0.838801310577955
"GOBP_CAMERA_TYPE_EYE_MORPHOGENESIS",1,"Down",0.185876952109264,0.838801310577955
"GOBP_RESPONSE_TO_LEUCINE",1,"Down",0.186581371995011,0.838801310577955
"GOBP_REGULATION_OF_SUPRAMOLECULAR_FIBER_ORGANIZATION",46,"Up",0.186689647108492,0.838801310577955
"GOBP_EXIT_FROM_MITOSIS",4,"Up",0.186854124472276,0.838801310577955
"GOBP_POSITIVE_REGULATION_OF_TOLL_LIKE_RECEPTOR_SIGNALING_PATHWAY",2,"Up",0.187170343672819,0.838801310577955
"GOBP_SYNAPTIC_VESICLE_CYTOSKELETAL_TRANSPORT",3,"Up",0.187488531118214,0.838801310577955
"GOBP_CELLULAR_MACROMOLECULE_BIOSYNTHETIC_PROCESS",45,"Down",0.187554353831405,0.838801310577955
"GOBP_ACTIN_FILAMENT_BASED_TRANSPORT",3,"Up",0.187566816362362,0.838801310577955
"GOBP_MITOCHONDRIAL_ELECTRON_TRANSPORT_CYTOCHROME_C_TO_OXYGEN",1,"Down",0.187855862651197,0.838801310577955
"GOBP_GRANULOCYTE_CHEMOTAXIS",3,"Up",0.187922423082689,0.838801310577955
"GOBP_GRANULOCYTE_MIGRATION",3,"Up",0.187922423082689,0.838801310577955
"GOBP_MYELOID_LEUKOCYTE_MIGRATION",3,"Up",0.187922423082689,0.838801310577955
"GOBP_REGULATION_OF_GRANULOCYTE_CHEMOTAXIS",3,"Up",0.187922423082689,0.838801310577955
"GOBP_REGULATION_OF_RESPONSE_TO_CYTOKINE_STIMULUS",5,"Down",0.188061106678398,0.838801310577955
"GOBP_PHOSPHATIDYLCHOLINE_METABOLIC_PROCESS",3,"Down",0.188378664061346,0.838801310577955
"GOBP_PHOSPHOLIPID_CATABOLIC_PROCESS",3,"Down",0.188380038655554,0.838801310577955
"GOBP_POSITIVE_REGULATION_OF_LIPID_METABOLIC_PROCESS",5,"Down",0.188717607580184,0.838801310577955
"GOBP_PLUS_END_DIRECTED_ORGANELLE_TRANSPORT_ALONG_MICROTUBULE",2,"Up",0.188778287472268,0.838801310577955
"GOBP_PROTEIN_LOCALIZATION_TO_CHROMOSOME_CENTROMERIC_REGION",3,"Down",0.189958098803156,0.838801310577955
"GOBP_PROTEIN_LOCALIZATION_TO_CONDENSED_CHROMOSOME",3,"Down",0.189958098803156,0.838801310577955
"GOBP_OLIGODENDROCYTE_DEVELOPMENT",1,"Down",0.19032937596145,0.838801310577955
"GOBP_REGULATION_OF_MYELINATION",1,"Down",0.19032937596145,0.838801310577955
"GOBP_RNA_METHYLATION",1,"Down",0.19032937596145,0.838801310577955
"GOBP_RRNA_BASE_METHYLATION",1,"Down",0.19032937596145,0.838801310577955
"GOBP_RRNA_METHYLATION",1,"Down",0.19032937596145,0.838801310577955
"GOBP_RRNA_MODIFICATION",1,"Down",0.19032937596145,0.838801310577955
"GOBP_REGULATION_OF_LIPID_TRANSPORT",3,"Down",0.190534683475257,0.838801310577955
"GOBP_SYNAPSE_MATURATION",2,"Up",0.190874736007555,0.838801310577955
"GOBP_CYTOSOLIC_TRANSPORT",25,"Up",0.191560565367879,0.838801310577955
"GOBP_PROTEIN_LOCALIZATION_TO_SYNAPSE",9,"Up",0.192061618854346,0.838801310577955
"GOBP_REGULATION_OF_POSTSYNAPTIC_MEMBRANE_POTENTIAL",4,"Up",0.1921280414327,0.838801310577955
"GOBP_MONONUCLEAR_CELL_DIFFERENTIATION",9,"Up",0.192512443958305,0.838801310577955
"GOBP_ESTABLISHMENT_OF_PROTEIN_LOCALIZATION_TO_VACUOLE",11,"Down",0.192594186162646,0.838801310577955
"GOBP_CELL_CELL_RECOGNITION",4,"Up",0.192614817615078,0.838801310577955
"GOBP_CELLULAR_AMINO_ACID_CATABOLIC_PROCESS",5,"Up",0.192831806622733,0.838801310577955
"GOBP_REGULATION_OF_PROTEASOMAL_UBIQUITIN_DEPENDENT_PROTEIN_CATABOLIC_PROCESS",9,"Up",0.193307314687411,0.838801310577955
"GOBP_VESICLE_MEDIATED_TRANSPORT_BETWEEN_ENDOSOMAL_COMPARTMENTS",6,"Down",0.194151635275756,0.838801310577955
"GOBP_TISSUE_MIGRATION",12,"Down",0.194623638229427,0.838801310577955
"GOBP_ACTIVATION_OF_CYSTEINE_TYPE_ENDOPEPTIDASE_ACTIVITY_INVOLVED_IN_APOPTOTIC_PROCESS",2,"Up",0.194647491874072,0.838801310577955
"GOBP_POSITIVE_REGULATION_OF_CYSTEINE_TYPE_ENDOPEPTIDASE_ACTIVITY",2,"Up",0.194647491874072,0.838801310577955
"GOBP_REGULATION_OF_PROTEIN_KINASE_ACTIVITY",26,"Down",0.194930129278493,0.838801310577955
"GOBP_NEUROFILAMENT_CYTOSKELETON_ORGANIZATION",2,"Up",0.194972448807305,0.838801310577955
"GOBP_VESICLE_MEDIATED_TRANSPORT_IN_SYNAPSE",32,"Up",0.195706391592188,0.838801310577955
"GOBP_REGULATION_OF_SYSTEMIC_ARTERIAL_BLOOD_PRESSURE",3,"Up",0.195845737228139,0.838801310577955
"GOBP_REGULATION_OF_CELL_CYCLE_G2_M_PHASE_TRANSITION",6,"Down",0.195888658318387,0.838801310577955
"GOBP_POSITIVE_REGULATION_OF_SUBSTRATE_ADHESION_DEPENDENT_CELL_SPREADING",3,"Up",0.196343807298609,0.838801310577955
"GOBP_TUBE_MORPHOGENESIS",28,"Down",0.196640229644446,0.838801310577955
"GOBP_PROTEIN_LOCALIZATION_TO_CELL_CELL_JUNCTION",3,"Down",0.196925444142266,0.838801310577955
"GOBP_ACYLGLYCEROL_HOMEOSTASIS",1,"Down",0.197654662614618,0.838801310577955
"GOBP_CHOLESTEROL_EFFLUX",1,"Down",0.197654662614618,0.838801310577955
"GOBP_HIGH_DENSITY_LIPOPROTEIN_PARTICLE_ASSEMBLY",1,"Down",0.197654662614618,0.838801310577955
"GOBP_HIGH_DENSITY_LIPOPROTEIN_PARTICLE_REMODELING",1,"Down",0.197654662614618,0.838801310577955
"GOBP_HYDROGEN_PEROXIDE_CATABOLIC_PROCESS",1,"Down",0.197654662614618,0.838801310577955
"GOBP_INNATE_IMMUNE_RESPONSE_IN_MUCOSA",1,"Down",0.197654662614618,0.838801310577955
"GOBP_INTESTINAL_ABSORPTION",1,"Down",0.197654662614618,0.838801310577955
"GOBP_INTESTINAL_LIPID_ABSORPTION",1,"Down",0.197654662614618,0.838801310577955
"GOBP_LIPID_DIGESTION",1,"Down",0.197654662614618,0.838801310577955
"GOBP_ORGAN_OR_TISSUE_SPECIFIC_IMMUNE_RESPONSE",1,"Down",0.197654662614618,0.838801310577955
"GOBP_PHOSPHOLIPID_EFFLUX",1,"Down",0.197654662614618,0.838801310577955
"GOBP_POSITIVE_REGULATION_OF_CHOLESTEROL_ESTERIFICATION",1,"Down",0.197654662614618,0.838801310577955
"GOBP_POSITIVE_REGULATION_OF_FATTY_ACID_BIOSYNTHETIC_PROCESS",1,"Down",0.197654662614618,0.838801310577955
"GOBP_POSITIVE_REGULATION_OF_FATTY_ACID_METABOLIC_PROCESS",1,"Down",0.197654662614618,0.838801310577955
"GOBP_POSITIVE_REGULATION_OF_STEROID_METABOLIC_PROCESS",1,"Down",0.197654662614618,0.838801310577955
"GOBP_POSITIVE_REGULATION_OF_TRIGLYCERIDE_CATABOLIC_PROCESS",1,"Down",0.197654662614618,0.838801310577955
"GOBP_POSITIVE_REGULATION_OF_TRIGLYCERIDE_LIPASE_ACTIVITY",1,"Down",0.197654662614618,0.838801310577955
"GOBP_POSITIVE_REGULATION_OF_TRIGLYCERIDE_METABOLIC_PROCESS",1,"Down",0.197654662614618,0.838801310577955
"GOBP_PROTEIN_CONTAINING_COMPLEX_REMODELING",1,"Down",0.197654662614618,0.838801310577955
"GOBP_REGULATION_OF_CHOLESTEROL_ESTERIFICATION",1,"Down",0.197654662614618,0.838801310577955
"GOBP_REGULATION_OF_INTESTINAL_ABSORPTION",1,"Down",0.197654662614618,0.838801310577955
"GOBP_REGULATION_OF_INTESTINAL_LIPID_ABSORPTION",1,"Down",0.197654662614618,0.838801310577955
"GOBP_REGULATION_OF_LIPOPROTEIN_LIPASE_ACTIVITY",1,"Down",0.197654662614618,0.838801310577955
"GOBP_REGULATION_OF_STEROL_TRANSPORT",1,"Down",0.197654662614618,0.838801310577955
"GOBP_REGULATION_OF_TRIGLYCERIDE_CATABOLIC_PROCESS",1,"Down",0.197654662614618,0.838801310577955
"GOBP_RESPONSE_TO_STILBENOID",1,"Down",0.197654662614618,0.838801310577955
"GOBP_REVERSE_CHOLESTEROL_TRANSPORT",1,"Down",0.197654662614618,0.838801310577955
"GOBP_STEROID_ESTERIFICATION",1,"Down",0.197654662614618,0.838801310577955
"GOBP_TRIGLYCERIDE_CATABOLIC_PROCESS",1,"Down",0.197654662614618,0.838801310577955
"GOBP_TRIGLYCERIDE_RICH_LIPOPROTEIN_PARTICLE_REMODELING",1,"Down",0.197654662614618,0.838801310577955
"GOBP_MONOSACCHARIDE_BIOSYNTHETIC_PROCESS",2,"Up",0.197945609699706,0.838801310577955
"GOBP_REGULATION_OF_GLUCONEOGENESIS",2,"Up",0.197945609699706,0.838801310577955
"GOBP_REGULATION_OF_PROTEIN_MODIFICATION_BY_SMALL_PROTEIN_CONJUGATION_OR_REMOVAL",7,"Down",0.19796456746752,0.838801310577955
"GOBP_CHROMOSOME_ORGANIZATION_INVOLVED_IN_MEIOTIC_CELL_CYCLE",1,"Down",0.198389782695363,0.838801310577955
"GOBP_HOMOLOGOUS_RECOMBINATION",1,"Down",0.198389782695363,0.838801310577955
"GOBP_MITOTIC_RECOMBINATION",1,"Down",0.198389782695363,0.838801310577955
"GOBP_NEGATIVE_REGULATION_OF_DNA_METABOLIC_PROCESS",1,"Down",0.198389782695363,0.838801310577955
"GOBP_NEGATIVE_REGULATION_OF_TELOMERE_CAPPING",1,"Down",0.198389782695363,0.838801310577955
"GOBP_NEGATIVE_REGULATION_OF_TELOMERE_MAINTENANCE",1,"Down",0.198389782695363,0.838801310577955
"GOBP_REGULATION_OF_MITOTIC_RECOMBINATION",1,"Down",0.198389782695363,0.838801310577955
"GOBP_TELOMERE_MAINTENANCE_VIA_RECOMBINATION",1,"Down",0.198389782695363,0.838801310577955
"GOBP_REGULATION_OF_NON_MOTILE_CILIUM_ASSEMBLY",2,"Up",0.19894416473282,0.838801310577955
"GOBP_COLLAGEN_FIBRIL_ORGANIZATION",3,"Down",0.200161690971089,0.838801310577955
"GOBP_REGULATION_OF_EMBRYONIC_DEVELOPMENT",5,"Down",0.20051535107879,0.838801310577955
"GOBP_PROTEIN_TARGETING_TO_LYSOSOME",4,"Down",0.200823375970897,0.838801310577955
"GOBP_POSITIVE_REGULATION_OF_MACROAUTOPHAGY",9,"Up",0.201148388125435,0.838801310577955
"GOBP_CELLULAR_RESPONSE_TO_ENDOGENOUS_STIMULUS",61,"Down",0.201199962312472,0.838801310577955
"GOBP_REGULATION_OF_WOUND_HEALING_SPREADING_OF_EPIDERMAL_CELLS",2,"Up",0.201277458458166,0.838801310577955
"GOBP_WOUND_HEALING_SPREADING_OF_EPIDERMAL_CELLS",2,"Up",0.201277458458166,0.838801310577955
"GOBP_PEROXISOMAL_TRANSPORT",3,"Down",0.202161345203977,0.838801310577955
"GOBP_PERIPHERAL_NERVOUS_SYSTEM_DEVELOPMENT",3,"Up",0.20281245217052,0.838801310577955
"GOBP_GOLGI_TO_VACUOLE_TRANSPORT",4,"Up",0.20309351378405,0.838801310577955
"GOBP_MYOTUBE_DIFFERENTIATION",8,"Up",0.2032153880742,0.838801310577955
"GOBP_PROTEIN_TRANSMEMBRANE_TRANSPORT",5,"Down",0.203861454589766,0.838801310577955
"GOBP_POSITIVE_REGULATION_OF_PATTERN_RECOGNITION_RECEPTOR_SIGNALING_PATHWAY",3,"Up",0.204322366000398,0.838801310577955
"GOBP_LEUKOCYTE_MIGRATION",13,"Up",0.204428876033365,0.838801310577955
"GOBP_ENDOSOME_TO_LYSOSOME_TRANSPORT_VIA_MULTIVESICULAR_BODY_SORTING_PATHWAY",2,"Down",0.20458762333991,0.838801310577955
"GOBP_CELLULAR_RESPONSE_TO_MOLECULE_OF_BACTERIAL_ORIGIN",4,"Up",0.205672771795829,0.838801310577955
"GOBP_NEUROEPITHELIAL_CELL_DIFFERENTIATION",2,"Up",0.205987530840521,0.838801310577955
"GOBP_ODONTOBLAST_DIFFERENTIATION",2,"Up",0.205987530840521,0.838801310577955
"GOBP_POSITIVE_REGULATION_OF_MICROTUBULE_POLYMERIZATION_OR_DEPOLYMERIZATION",9,"Up",0.206268301467002,0.838801310577955
"GOBP_REGULATION_OF_TRANSLATIONAL_INITIATION",10,"Up",0.207375751479376,0.838801310577955
"GOBP_TRANSLATIONAL_INITIATION",10,"Up",0.207375751479376,0.838801310577955
"GOBP_REGULATION_OF_CELLULAR_COMPONENT_SIZE",36,"Up",0.207486660848191,0.838801310577955
"GOBP_ICOSANOID_METABOLIC_PROCESS",3,"Down",0.207557441956305,0.838801310577955
"GOBP_UNSATURATED_FATTY_ACID_METABOLIC_PROCESS",3,"Down",0.207557441956305,0.838801310577955
"GOBP_POSITIVE_REGULATION_OF_TUMOR_NECROSIS_FACTOR_SUPERFAMILY_CYTOKINE_PRODUCTION",2,"Up",0.20823034612407,0.838801310577955
"GOBP_LEARNING",10,"Up",0.208323085665498,0.838801310577955
"GOBP_NEGATIVE_REGULATION_OF_CATABOLIC_PROCESS",20,"Up",0.208723056784019,0.838801310577955
"GOBP_REGULATION_OF_GOLGI_ORGANIZATION",4,"Up",0.210323184819369,0.838801310577955
"GOBP_NEGATIVE_REGULATION_OF_DENDRITIC_SPINE_DEVELOPMENT",2,"Up",0.210443882652195,0.838801310577955
"GOBP_FIBROBLAST_PROLIFERATION",3,"Down",0.210550028332143,0.838801310577955
"GOBP_POSITIVE_REGULATION_OF_FIBROBLAST_PROLIFERATION",3,"Down",0.210550028332143,0.838801310577955
"GOBP_PROTEIN_TARGETING_TO_MITOCHONDRION",5,"Down",0.211127800152732,0.838801310577955
"GOBP_NEGATIVE_REGULATION_OF_CARBOHYDRATE_METABOLIC_PROCESS",5,"Up",0.211357316743498,0.838801310577955
"GOBP_REGULATION_OF_ATP_METABOLIC_PROCESS",4,"Up",0.211771591437451,0.838801310577955
"GOBP_HOMEOSTATIC_PROCESS",81,"Up",0.212970685198285,0.838801310577955
"GOBP_PROTEIN_LOCALIZATION_TO_GOLGI_APPARATUS",5,"Down",0.213042581752229,0.838801310577955
"GOBP_REGULATION_OF_RESPONSE_TO_EXTERNAL_STIMULUS",30,"Down",0.213157973392781,0.838801310577955
"GOBP_PIGMENT_METABOLIC_PROCESS",2,"Down",0.213257958459425,0.838801310577955
"GOBP_REGULATION_OF_MUSCLE_CONTRACTION",13,"Up",0.213272568962636,0.838801310577955
"GOBP_EPITHELIAL_CELL_DEVELOPMENT",10,"Up",0.213336204774687,0.838801310577955
"GOBP_REGULATION_OF_ACTIN_CYTOSKELETON_REORGANIZATION",3,"Up",0.213577170429858,0.838801310577955
"GOBP_NIK_NF_KAPPAB_SIGNALING",4,"Down",0.213717042531274,0.838801310577955
"GOBP_REGULATION_OF_NIK_NF_KAPPAB_SIGNALING",4,"Down",0.213717042531274,0.838801310577955
"GOBP_ACTIN_FILAMENT_SEVERING",3,"Up",0.213914521455369,0.838801310577955
"GOBP_MUSCLE_CELL_APOPTOTIC_PROCESS",3,"Up",0.213987031542963,0.838801310577955
"GOBP_STRIATED_MUSCLE_CELL_APOPTOTIC_PROCESS",3,"Up",0.213987031542963,0.838801310577955
"GOBP_TRICARBOXYLIC_ACID_CYCLE",3,"Up",0.214256955687155,0.838801310577955
"GOBP_MORPHOGENESIS_OF_A_POLARIZED_EPITHELIUM",6,"Down",0.214430005077596,0.838801310577955
"GOBP_REGULATION_OF_INTRACELLULAR_STEROID_HORMONE_RECEPTOR_SIGNALING_PATHWAY",6,"Down",0.214685566620317,0.838801310577955
"GOBP_PROTEIN_LOCALIZATION_TO_VACUOLE",13,"Down",0.214831604393897,0.838801310577955
"GOBP_HEMIDESMOSOME_ASSEMBLY",2,"Up",0.21543289459161,0.838801310577955
"GOBP_OSTEOCLAST_DIFFERENTIATION",4,"Down",0.2155313667084,0.838801310577955
"GOBP_DOUBLE_STRAND_BREAK_REPAIR",9,"Down",0.215544770075825,0.838801310577955
"GOBP_MONOUBIQUITINATED_PROTEIN_DEUBIQUITINATION",3,"Up",0.215973526709884,0.838801310577955
"GOBP_BIOLOGICAL_PROCESS_INVOLVED_IN_SYMBIOTIC_INTERACTION",16,"Up",0.216777802324013,0.838801310577955
"GOBP_NUCLEOBASE_CATABOLIC_PROCESS",3,"Up",0.216861750715811,0.838801310577955
"GOBP_PYRIMIDINE_CONTAINING_COMPOUND_CATABOLIC_PROCESS",3,"Up",0.216861750715811,0.838801310577955
"GOBP_PYRIMIDINE_CONTAINING_COMPOUND_METABOLIC_PROCESS",3,"Up",0.216861750715811,0.838801310577955
"GOBP_PYRIMIDINE_NUCLEOBASE_CATABOLIC_PROCESS",3,"Up",0.216861750715811,0.838801310577955
"GOBP_PYRIMIDINE_NUCLEOBASE_METABOLIC_PROCESS",3,"Up",0.216861750715811,0.838801310577955
"GOBP_MICROTUBULE_CYTOSKELETON_ORGANIZATION_INVOLVED_IN_MITOSIS",19,"Up",0.21716789785281,0.838801310577955
"GOBP_REGULATION_OF_RESPONSE_TO_DNA_DAMAGE_STIMULUS",11,"Down",0.217681076701807,0.838801310577955
"GOBP_NEGATIVE_REGULATION_OF_PHOSPHOPROTEIN_PHOSPHATASE_ACTIVITY",4,"Down",0.217795940591416,0.838801310577955
"GOBP_NEGATIVE_REGULATION_OF_PROTEIN_DEPHOSPHORYLATION",4,"Down",0.217795940591416,0.838801310577955
"GOBP_MULTICELLULAR_ORGANISM_GROWTH",3,"Up",0.218279997269398,0.838801310577955
"GOBP_REGULATION_OF_MEMBRANE_REPOLARIZATION",2,"Up",0.21862535783221,0.838801310577955
"GOBP_REGULATION_OF_CARBOHYDRATE_CATABOLIC_PROCESS",4,"Up",0.218685345019813,0.838801310577955
"GOBP_POSITIVE_REGULATION_OF_RECEPTOR_MEDIATED_ENDOCYTOSIS",7,"Down",0.219273915078387,0.838801310577955
"GOBP_POSITIVE_REGULATION_OF_MICROTUBULE_NUCLEATION",3,"Up",0.219991099381881,0.838801310577955
"GOBP_REGULATION_OF_MICROTUBULE_NUCLEATION",3,"Up",0.219991099381881,0.838801310577955
"GOBP_CIRCADIAN_REGULATION_OF_GENE_EXPRESSION",3,"Down",0.22002950295636,0.838801310577955
"GOBP_SENSORY_PERCEPTION",10,"Up",0.220488017220526,0.838801310577955
"GOBP_RESPONSE_TO_OXIDATIVE_STRESS",18,"Down",0.220747743640621,0.838801310577955
"GOBP_REGULATION_OF_ACTIN_FILAMENT_BASED_MOVEMENT",4,"Up",0.220758088161128,0.838801310577955
"GOBP_ERBB_SIGNALING_PATHWAY",10,"Down",0.221121578766653,0.838801310577955
"GOBP_POSITIVE_REGULATION_OF_HOMOTYPIC_CELL_CELL_ADHESION",2,"Up",0.221190410551018,0.838801310577955
"GOBP_SEMAPHORIN_PLEXIN_SIGNALING_PATHWAY",2,"Up",0.222138509703644,0.838801310577955
"GOBP_ENDOPLASMIC_RETICULUM_CALCIUM_ION_HOMEOSTASIS",4,"Up",0.222665649089608,0.838801310577955
"GOBP_REGULATION_OF_DNA_RECOMBINATION",6,"Down",0.223038811586068,0.838801310577955
"GOBP_GLYCEROPHOSPHOLIPID_BIOSYNTHETIC_PROCESS",13,"Down",0.223133894815604,0.838801310577955
"GOBP_PEPTIDYL_SERINE_DEPHOSPHORYLATION",2,"Up",0.223189160124339,0.838801310577955
"GOBP_MEMBRANE_INVAGINATION",6,"Down",0.223777209869917,0.838801310577955
"GOBP_POSITIVE_REGULATION_OF_IMMUNE_SYSTEM_PROCESS",26,"Down",0.224148534057871,0.838801310577955
"GOBP_POSITIVE_REGULATION_OF_DNA_TEMPLATED_TRANSCRIPTION_ELONGATION",2,"Down",0.224386879560233,0.838801310577955
"GOBP_POSITIVE_REGULATION_OF_TRANSCRIPTION_ELONGATION_FROM_RNA_POLYMERASE_II_PROMOTER",2,"Down",0.224386879560233,0.838801310577955
"GOBP_REGULATION_OF_DNA_TEMPLATED_TRANSCRIPTION_ELONGATION",2,"Down",0.224386879560233,0.838801310577955
"GOBP_REGULATION_OF_TRANSCRIPTION_ELONGATION_FROM_RNA_POLYMERASE_II_PROMOTER",2,"Down",0.224386879560233,0.838801310577955
"GOBP_REGULATION_OF_MICROTUBULE_CYTOSKELETON_ORGANIZATION",30,"Up",0.224499407536189,0.838801310577955
"GOBP_REGULATION_OF_CELL_KILLING",3,"Up",0.224725414224039,0.838801310577955
"GOBP_POSITIVE_REGULATION_OF_MUSCLE_HYPERTROPHY",2,"Up",0.224838530451847,0.838801310577955
"GOBP_NEGATIVE_REGULATION_OF_APOPTOTIC_SIGNALING_PATHWAY",8,"Down",0.225391746311397,0.838801310577955
"GOBP_MYELIN_ASSEMBLY",2,"Up",0.225806800947857,0.838801310577955
"GOBP_PARANODAL_JUNCTION_ASSEMBLY",2,"Up",0.225806800947857,0.838801310577955
"GOBP_EXTRACELLULAR_VESICLE_BIOGENESIS",5,"Down",0.225874245051383,0.838801310577955
"GOBP_REGULATION_OF_EXOSOMAL_SECRETION",5,"Down",0.225874245051383,0.838801310577955
"GOBP_NEGATIVE_REGULATION_OF_PROTEIN_LOCALIZATION_TO_NUCLEUS",4,"Down",0.225983079836749,0.838801310577955
"GOBP_RESPONSE_TO_DSRNA",2,"Up",0.226905026527414,0.838801310577955
"GOBP_MAPK_CASCADE",26,"Down",0.226948695189552,0.838801310577955
"GOBP_LATE_ENDOSOME_TO_VACUOLE_TRANSPORT_VIA_MULTIVESICULAR_BODY_SORTING_PATHWAY",4,"Up",0.226973617753465,0.838801310577955
"GOBP_REGULATION_OF_SYNAPTIC_TRANSMISSION_GABAERGIC",3,"Up",0.227089303352932,0.838801310577955
"GOBP_SYNAPTIC_TRANSMISSION_GABAERGIC",3,"Up",0.227089303352932,0.838801310577955
"GOBP_NEGATIVE_REGULATION_OF_TOR_SIGNALING",1,"Down",0.227315774931727,0.838801310577955
"GOBP_PROTEIN_HOMOOLIGOMERIZATION",13,"Up",0.227649624003728,0.838801310577955
"GOBP_GLUTAMINE_FAMILY_AMINO_ACID_METABOLIC_PROCESS",3,"Up",0.227678263491101,0.838801310577955
"GOBP_COLLAGEN_METABOLIC_PROCESS",3,"Down",0.227899174972543,0.838801310577955
"GOBP_CELL_JUNCTION_ORGANIZATION",56,"Up",0.228162373137542,0.838801310577955
"GOBP_ACTION_POTENTIAL",11,"Up",0.228227723384156,0.838801310577955
"GOBP_RESPONSE_TO_WOUNDING",39,"Up",0.228257738256065,0.838801310577955
"GOBP_SENSORY_ORGAN_DEVELOPMENT",12,"Down",0.228342783764954,0.838801310577955
"GOBP_POSITIVE_REGULATION_OF_BEHAVIOR",1,"Down",0.228611031708898,0.838801310577955
"GOBP_POSITIVE_REGULATION_OF_FEEDING_BEHAVIOR",1,"Down",0.228611031708898,0.838801310577955
"GOBP_ODONTOGENESIS",3,"Down",0.228708716627787,0.838801310577955
"GOBP_IRON_ION_TRANSPORT",4,"Up",0.228902779944488,0.838801310577955
"GOBP_TRANSITION_METAL_ION_TRANSPORT",4,"Up",0.228902779944488,0.838801310577955
"GOBP_RECEPTOR_RECYCLING",3,"Up",0.229698795004743,0.838801310577955
"GOBP_REGULATION_OF_PROTEIN_LOCALIZATION",65,"Up",0.229918255251881,0.838801310577955
"GOBP_INTERMEDIATE_FILAMENT_BASED_PROCESS",11,"Up",0.230354329541787,0.838801310577955
"GOBP_REGULATION_OF_ACTIN_FILAMENT_LENGTH",19,"Up",0.230454215625362,0.838801310577955
"GOBP_NEGATIVE_REGULATION_OF_GENE_EXPRESSION",24,"Down",0.230929027646354,0.838801310577955
"GOBP_NEGATIVE_REGULATION_OF_PROTEIN_MODIFICATION_BY_SMALL_PROTEIN_CONJUGATION_OR_REMOVAL",5,"Down",0.231058643405118,0.838801310577955
"GOBP_POSITIVE_REGULATION_OF_TYPE_I_INTERFERON_MEDIATED_SIGNALING_PATHWAY",1,"Down",0.231268895600616,0.838801310577955
"GOBP_DNA_CONFORMATION_CHANGE",9,"Down",0.23130316057736,0.838801310577955
"GOBP_CAMERA_TYPE_EYE_DEVELOPMENT",7,"Down",0.231312561724353,0.838801310577955
"GOBP_FC_EPSILON_RECEPTOR_SIGNALING_PATHWAY",1,"Down",0.23166102493418,0.838801310577955
"GOBP_INTERLEUKIN_4_PRODUCTION",1,"Down",0.23166102493418,0.838801310577955
"GOBP_LYMPHOCYTE_APOPTOTIC_PROCESS",1,"Down",0.23166102493418,0.838801310577955
"GOBP_NEGATIVE_REGULATION_OF_LEUKOCYTE_APOPTOTIC_PROCESS",1,"Down",0.23166102493418,0.838801310577955
"GOBP_NEGATIVE_REGULATION_OF_LYMPHOCYTE_APOPTOTIC_PROCESS",1,"Down",0.23166102493418,0.838801310577955
"GOBP_NEGATIVE_REGULATION_OF_T_CELL_APOPTOTIC_PROCESS",1,"Down",0.23166102493418,0.838801310577955
"GOBP_POSITIVE_REGULATION_OF_CD4_POSITIVE_ALPHA_BETA_T_CELL_ACTIVATION",1,"Down",0.23166102493418,0.838801310577955
"GOBP_POSITIVE_REGULATION_OF_INTERLEUKIN_4_PRODUCTION",1,"Down",0.23166102493418,0.838801310577955
"GOBP_POSITIVE_REGULATION_OF_T_HELPER_17_TYPE_IMMUNE_RESPONSE",1,"Down",0.23166102493418,0.838801310577955
"GOBP_REGULATION_OF_CD4_POSITIVE_ALPHA_BETA_T_CELL_ACTIVATION",1,"Down",0.23166102493418,0.838801310577955
"GOBP_REGULATION_OF_LYMPHOCYTE_APOPTOTIC_PROCESS",1,"Down",0.23166102493418,0.838801310577955
"GOBP_REGULATION_OF_T_CELL_APOPTOTIC_PROCESS",1,"Down",0.23166102493418,0.838801310577955
"GOBP_REGULATION_OF_T_HELPER_17_TYPE_IMMUNE_RESPONSE",1,"Down",0.23166102493418,0.838801310577955
"GOBP_T_CELL_APOPTOTIC_PROCESS",1,"Down",0.23166102493418,0.838801310577955
"GOBP_REGULATION_OF_CANONICAL_WNT_SIGNALING_PATHWAY",13,"Down",0.232262946546781,0.838801310577955
"GOBP_GLIAL_CELL_DIFFERENTIATION",8,"Up",0.232309534851349,0.838801310577955
"GOBP_ESTABLISHMENT_OR_MAINTENANCE_OF_TRANSMEMBRANE_ELECTROCHEMICAL_GRADIENT",1,"Down",0.232519090622905,0.838801310577955
"GOBP_PROTEIN_TRANSPORT_WITHIN_LIPID_BILAYER",1,"Down",0.232519090622905,0.838801310577955
"GOBP_NEGATIVE_REGULATION_OF_PHOSPHORYLATION",21,"Down",0.232990088140242,0.838801310577955
"GOBP_2FE_2S_CLUSTER_ASSEMBLY",1,"Down",0.233096508062401,0.838801310577955
"GOBP_NEGATIVE_REGULATION_OF_MUSCLE_HYPERTROPHY",1,"Down",0.233096508062401,0.838801310577955
"GOBP_PROTEIN_MATURATION_BY_IRON_SULFUR_CLUSTER_TRANSFER",1,"Down",0.233096508062401,0.838801310577955
"GOBP_TRNA_METABOLIC_PROCESS",1,"Down",0.233164431554322,0.838801310577955
"GOBP_TRNA_MODIFICATION",1,"Down",0.233164431554322,0.838801310577955
"GOBP_TRNA_PROCESSING",1,"Down",0.233164431554322,0.838801310577955
"GOBP_TRNA_WOBBLE_BASE_MODIFICATION",1,"Down",0.233164431554322,0.838801310577955
"GOBP_TRNA_WOBBLE_URIDINE_MODIFICATION",1,"Down",0.233164431554322,0.838801310577955
"GOBP_REGULATION_OF_ENDOPLASMIC_RETICULUM_TUBULAR_NETWORK_ORGANIZATION",2,"Up",0.233310177990909,0.838801310577955
"GOBP_EXECUTION_PHASE_OF_APOPTOSIS",2,"Up",0.233362905558331,0.838801310577955
"GOBP_NEGATIVE_REGULATION_OF_CELL_DEVELOPMENT",8,"Up",0.233436395088117,0.838801310577955
"GOBP_CYTOPLASMIC_TRANSLATIONAL_INITIATION",2,"Up",0.23378977200164,0.838801310577955
"GOBP_FORMATION_OF_TRANSLATION_PREINITIATION_COMPLEX",2,"Up",0.23378977200164,0.838801310577955
"GOBP_OSTEOBLAST_DEVELOPMENT",1,"Down",0.234436656509763,0.838801310577955
"GOBP_POSITIVE_REGULATION_OF_MACROPHAGE_ACTIVATION",1,"Down",0.234436656509763,0.838801310577955
"GOBP_MYOTUBE_CELL_DEVELOPMENT",3,"Up",0.235410156862383,0.838801310577955
"GOBP_REGULATION_OF_SYNAPTIC_TRANSMISSION_GLUTAMATERGIC",3,"Up",0.235530719123082,0.838801310577955
"GOBP_SYNAPTIC_TRANSMISSION_GLUTAMATERGIC",3,"Up",0.235530719123082,0.838801310577955
"GOBP_ALTERNATIVE_MRNA_SPLICING_VIA_SPLICEOSOME",1,"Down",0.235549846553341,0.838801310577955
"GOBP_MIRNA_METABOLIC_PROCESS",1,"Down",0.235549846553341,0.838801310577955
"GOBP_REGULATION_OF_ALTERNATIVE_MRNA_SPLICING_VIA_SPLICEOSOME",1,"Down",0.235549846553341,0.838801310577955
"GOBP_REGULATION_OF_MRNA_PROCESSING",1,"Down",0.235549846553341,0.838801310577955
"GOBP_REGULATION_OF_MRNA_SPLICING_VIA_SPLICEOSOME",1,"Down",0.235549846553341,0.838801310577955
"GOBP_REGULATION_OF_RNA_SPLICING",1,"Down",0.235549846553341,0.838801310577955
"GOBP_REGULATION_OF_SKELETAL_MUSCLE_CELL_DIFFERENTIATION",1,"Down",0.235549846553341,0.838801310577955
"GOBP_SKELETAL_MUSCLE_CELL_DIFFERENTIATION",1,"Down",0.235549846553341,0.838801310577955
"GOBP_MOTOR_NEURON_AXON_GUIDANCE",1,"Down",0.236244596842534,0.838801310577955
"GOBP_REGULATION_OF_SUPEROXIDE_ANION_GENERATION",3,"Down",0.236781864128344,0.838801310577955
"GOBP_SUPEROXIDE_ANION_GENERATION",3,"Down",0.236781864128344,0.838801310577955
"GOBP_DNA_DEAMINATION",1,"Down",0.236824285587672,0.838801310577955
"GOBP_EXONUCLEOLYTIC_CATABOLISM_OF_DEADENYLATED_MRNA",1,"Down",0.236824285587672,0.838801310577955
"GOBP_NCRNA_3_END_PROCESSING",1,"Down",0.236824285587672,0.838801310577955
"GOBP_NCRNA_CATABOLIC_PROCESS",1,"Down",0.236824285587672,0.838801310577955
"GOBP_NUCLEAR_TRANSCRIBED_MRNA_CATABOLIC_PROCESS_EXONUCLEOLYTIC",1,"Down",0.236824285587672,0.838801310577955
"GOBP_NUCLEAR_TRANSCRIBED_MRNA_CATABOLIC_PROCESS_EXONUCLEOLYTIC_3_5",1,"Down",0.236824285587672,0.838801310577955
"GOBP_POLYADENYLATION_DEPENDENT_SNORNA_3_END_PROCESSING",1,"Down",0.236824285587672,0.838801310577955
"GOBP_RNA_SURVEILLANCE",1,"Down",0.236824285587672,0.838801310577955
"GOBP_RRNA_CATABOLIC_PROCESS",1,"Down",0.236824285587672,0.838801310577955
"GOBP_SNO_S_RNA_PROCESSING",1,"Down",0.236824285587672,0.838801310577955
"GOBP_SNRNA_METABOLIC_PROCESS",1,"Down",0.236824285587672,0.838801310577955
"GOBP_SNRNA_PROCESSING",1,"Down",0.236824285587672,0.838801310577955
"GOBP_U4_SNRNA_3_END_PROCESSING",1,"Down",0.236824285587672,0.838801310577955
"GOBP_APICAL_JUNCTION_ASSEMBLY",3,"Up",0.237029914850388,0.838801310577955
"GOBP_DETECTION_OF_CALCIUM_ION",1,"Down",0.237219519117,0.838801310577955
"GOBP_NEGATIVE_REGULATION_OF_CALCIUM_ION_TRANSPORT_INTO_CYTOSOL",1,"Down",0.237219519117,0.838801310577955
"GOBP_NEGATIVE_REGULATION_OF_HIGH_VOLTAGE_GATED_CALCIUM_CHANNEL_ACTIVITY",1,"Down",0.237219519117,0.838801310577955
"GOBP_NEGATIVE_REGULATION_OF_RYANODINE_SENSITIVE_CALCIUM_RELEASE_CHANNEL_ACTIVITY",1,"Down",0.237219519117,0.838801310577955
"GOBP_NEGATIVE_REGULATION_OF_VOLTAGE_GATED_CALCIUM_CHANNEL_ACTIVITY",1,"Down",0.237219519117,0.838801310577955
"GOBP_POSITIVE_REGULATION_OF_CALCIUM_ION_TRANSPORT_INTO_CYTOSOL",1,"Down",0.237219519117,0.838801310577955
"GOBP_POSITIVE_REGULATION_OF_CYCLIC_NUCLEOTIDE_PHOSPHODIESTERASE_ACTIVITY",1,"Down",0.237219519117,0.838801310577955
"GOBP_POSITIVE_REGULATION_OF_PEPTIDYL_THREONINE_PHOSPHORYLATION",1,"Down",0.237219519117,0.838801310577955
"GOBP_POSITIVE_REGULATION_OF_PHOSPHATASE_ACTIVITY",1,"Down",0.237219519117,0.838801310577955
"GOBP_POSITIVE_REGULATION_OF_PHOSPHOPROTEIN_PHOSPHATASE_ACTIVITY",1,"Down",0.237219519117,0.838801310577955
"GOBP_POSITIVE_REGULATION_OF_RELEASE_OF_SEQUESTERED_CALCIUM_ION_INTO_CYTOSOL",1,"Down",0.237219519117,0.838801310577955
"GOBP_POSITIVE_REGULATION_OF_RYANODINE_SENSITIVE_CALCIUM_RELEASE_CHANNEL_ACTIVITY",1,"Down",0.237219519117,0.838801310577955
"GOBP_POSITIVE_REGULATION_OF_SEQUESTERING_OF_CALCIUM_ION",1,"Down",0.237219519117,0.838801310577955
"GOBP_REGULATION_OF_CALCIUM_ION_EXPORT_ACROSS_PLASMA_MEMBRANE",1,"Down",0.237219519117,0.838801310577955
"GOBP_REGULATION_OF_HIGH_VOLTAGE_GATED_CALCIUM_CHANNEL_ACTIVITY",1,"Down",0.237219519117,0.838801310577955
"GOBP_POSITIVE_REGULATION_OF_INSULIN_SECRETION_INVOLVED_IN_CELLULAR_RESPONSE_TO_GLUCOSE_STIMULUS",1,"Down",0.237314127145133,0.838801310577955
"GOBP_REGULATION_OF_XENOPHAGY",2,"Up",0.237370932648138,0.838801310577955
"GOBP_POSITIVE_REGULATION_OF_ATTACHMENT_OF_SPINDLE_MICROTUBULES_TO_KINETOCHORE",1,"Down",0.237418353987904,0.838801310577955
"GOBP_POSITIVE_REGULATION_OF_CHROMOSOME_SEGREGATION",1,"Down",0.237418353987904,0.838801310577955
"GOBP_REGULATION_OF_ATTACHMENT_OF_SPINDLE_MICROTUBULES_TO_KINETOCHORE",1,"Down",0.237418353987904,0.838801310577955
"GOBP_REGULATION_OF_RUFFLE_ASSEMBLY",1,"Down",0.237418353987904,0.838801310577955
"GOBP_RUFFLE_ASSEMBLY",1,"Down",0.237418353987904,0.838801310577955
"GOBP_REGULATION_OF_MEMBRANE_TUBULATION",2,"Up",0.23748020021771,0.838801310577955
"GOBP_ESTABLISHMENT_OR_MAINTENANCE_OF_MONOPOLAR_CELL_POLARITY",2,"Up",0.237584535389688,0.838801310577955
"GOBP_REGULATION_OF_SIGNALING_RECEPTOR_ACTIVITY",5,"Down",0.23794788649821,0.838801310577955
"GOBP_MONOCARBOXYLIC_ACID_BIOSYNTHETIC_PROCESS",7,"Down",0.238608846066713,0.838801310577955
"GOBP_REGULATION_OF_ADHERENS_JUNCTION_ORGANIZATION",2,"Up",0.238617778332578,0.838801310577955
"GOBP_MEMBRANE_RAFT_LOCALIZATION",1,"Down",0.238820653483344,0.838801310577955
"GOBP_MAINTENANCE_OF_PROTEIN_LOCALIZATION_IN_ORGANELLE",3,"Down",0.239627776153991,0.838801310577955
"GOBP_AMIDE_BIOSYNTHETIC_PROCESS",26,"Down",0.239786783569489,0.838801310577955
"GOBP_PROTEIN_LOCALIZATION_TO_AXON",2,"Up",0.239803442340023,0.838801310577955
"GOBP_RESPIRATORY_SYSTEM_DEVELOPMENT",3,"Up",0.240073867733085,0.838801310577955
"GOBP_POSITIVE_REGULATION_OF_MUSCLE_CONTRACTION",2,"Up",0.240484158837169,0.838801310577955
"GOBP_POSITIVE_REGULATION_OF_STRIATED_MUSCLE_CONTRACTION",2,"Up",0.240484158837169,0.838801310577955
"GOBP_RENAL_SYSTEM_PROCESS",5,"Down",0.240619604619872,0.838801310577955
"GOBP_NEURON_CELLULAR_HOMEOSTASIS",3,"Up",0.240935080362225,0.838801310577955
"GOBP_INTRACELLULAR_RECEPTOR_SIGNALING_PATHWAY",11,"Down",0.241157644735477,0.838801310577955
"GOBP_CELLULAR_PIGMENTATION",3,"Up",0.241200721205448,0.838801310577955
"GOBP_PIGMENTATION",3,"Up",0.241200721205448,0.838801310577955
"GOBP_INOSITOL_METABOLIC_PROCESS",3,"Down",0.241485937206361,0.838801310577955
"GOBP_VIRAL_PROCESS",24,"Up",0.242586983179113,0.838801310577955
"GOBP_CYTOKINESIS",22,"Up",0.242602532314097,0.838801310577955
"GOBP_EPIGENETIC_MAINTENANCE_OF_CHROMATIN_IN_TRANSCRIPTION_COMPETENT_CONFORMATION",1,"Down",0.242909577479658,0.838801310577955
"GOBP_HISTONE_H3_ACETYLATION",1,"Down",0.242909577479658,0.838801310577955
"GOBP_HISTONE_H3_K14_ACETYLATION",1,"Down",0.242909577479658,0.838801310577955
"GOBP_POSITIVE_REGULATION_OF_INTRACELLULAR_STEROID_HORMONE_RECEPTOR_SIGNALING_PATHWAY",1,"Down",0.242909577479658,0.838801310577955
"GOBP_REGULATION_OF_HISTONE_H3_K14_ACETYLATION",1,"Down",0.242909577479658,0.838801310577955
"GOBP_RESPONSE_TO_PROGESTERONE",1,"Down",0.242909577479658,0.838801310577955
"GOBP_POSITIVE_REGULATION_OF_SMOOTH_MUSCLE_CELL_PROLIFERATION",2,"Down",0.242931903434848,0.838801310577955
"GOBP_RESPONSE_TO_HYDROPEROXIDE",3,"Down",0.243038407059887,0.838801310577955
"GOBP_POSITIVE_REGULATION_OF_SYNAPTIC_VESICLE_ENDOCYTOSIS",1,"Down",0.243337465471503,0.838801310577955
"GOBP_REGULATION_OF_SYNAPTIC_VESICLE_ENDOCYTOSIS",1,"Down",0.243337465471503,0.838801310577955
"GOBP_REGULATION_OF_VESICLE_SIZE",1,"Down",0.243337465471503,0.838801310577955
"GOBP_DOPAMINE_SECRETION",4,"Up",0.243409244761112,0.838801310577955
"GOBP_NEGATIVE_REGULATION_OF_UBIQUITIN_PROTEIN_LIGASE_ACTIVITY",1,"Down",0.243767569450075,0.838801310577955
"GOBP_PROTEIN_NEDDYLATION",1,"Down",0.243767569450075,0.838801310577955
"GOBP_REGULATION_OF_PROTEIN_NEDDYLATION",1,"Down",0.243767569450075,0.838801310577955
"GOBP_RIBOSOMAL_LARGE_SUBUNIT_ASSEMBLY",1,"Down",0.243767569450075,0.838801310577955
"GOBP_RIBOSOMAL_LARGE_SUBUNIT_BIOGENESIS",1,"Down",0.243767569450075,0.838801310577955
"GOBP_ESTABLISHMENT_OF_ORGANELLE_LOCALIZATION",49,"Up",0.243797113134536,0.838801310577955
"GOBP_PEPTIDYL_TYROSINE_DEPHOSPHORYLATION_INVOLVED_IN_INACTIVATION_OF_PROTEIN_KINASE_ACTIVITY",1,"Down",0.24387672112237,0.838801310577955
"GOBP_REGULATION_OF_FOCAL_ADHESION_DISASSEMBLY",1,"Down",0.24387672112237,0.838801310577955
"GOBP_PEPTIDE_BIOSYNTHETIC_PROCESS",23,"Down",0.243972676128124,0.838801310577955
"GOBP_LIPID_PHOSPHORYLATION",3,"Up",0.244610986838587,0.838801310577955
"GOBP_PROTEIN_KINASE_C_ACTIVATING_G_PROTEIN_COUPLED_RECEPTOR_SIGNALING_PATHWAY",3,"Up",0.244610986838587,0.838801310577955
"GOBP_EARLY_ENDOSOME_TO_GOLGI_TRANSPORT",3,"Up",0.245515425934366,0.838801310577955
"GOBP_SIGNAL_RELEASE",31,"Up",0.246004322033096,0.838801310577955
"GOBP_RNA_PHOSPHODIESTER_BOND_HYDROLYSIS",3,"Down",0.246127515357347,0.838801310577955
"GOBP_REGULATION_OF_CLATHRIN_DEPENDENT_ENDOCYTOSIS",7,"Up",0.246227442377553,0.838801310577955
"GOBP_PODOSOME_ASSEMBLY",2,"Up",0.246272386850572,0.838801310577955
"GOBP_POSITIVE_REGULATION_OF_PODOSOME_ASSEMBLY",2,"Up",0.246272386850572,0.838801310577955
"GOBP_REGULATION_OF_PODOSOME_ASSEMBLY",2,"Up",0.246272386850572,0.838801310577955
"GOBP_POSITIVE_REGULATION_OF_VACUOLE_ORGANIZATION",2,"Up",0.246881482451457,0.838801310577955
"GOBP_NEGATIVE_REGULATION_OF_AXONOGENESIS",2,"Up",0.24735176331048,0.838801310577955
"GOBP_SYNAPTIC_VESICLE_BUDDING",3,"Up",0.247607437651661,0.838801310577955
"GOBP_IMMUNE_RESPONSE_REGULATING_CELL_SURFACE_RECEPTOR_SIGNALING_PATHWAY",7,"Down",0.247666738691413,0.838801310577955
"GOBP_ANATOMICAL_STRUCTURE_MATURATION",4,"Down",0.247927790958233,0.838801310577955
"GOBP_ENDOSOME_ORGANIZATION",12,"Down",0.248775137805942,0.838801310577955
"GOBP_CARDIAC_MUSCLE_CONTRACTION",11,"Up",0.24922228666962,0.838801310577955
"GOBP_MITOCHONDRIAL_CALCIUM_ION_HOMEOSTASIS",5,"Up",0.249238901549463,0.838801310577955
"GOBP_SENSORY_ORGAN_MORPHOGENESIS",6,"Down",0.249270560944995,0.838801310577955
"GOBP_ALPHA_AMINO_ACID_CATABOLIC_PROCESS",3,"Up",0.249698001743029,0.838801310577955
"GOBP_NEGATIVE_REGULATION_OF_ANDROGEN_RECEPTOR_SIGNALING_PATHWAY",2,"Down",0.249726046717666,0.838801310577955
"GOBP_CELLULAR_KETONE_METABOLIC_PROCESS",5,"Down",0.249922493343007,0.838801310577955
"GOBP_LATERAL_VENTRICLE_DEVELOPMENT",3,"Down",0.250138765005726,0.838801310577955
"GOBP_VENTRICULAR_SYSTEM_DEVELOPMENT",3,"Down",0.250138765005726,0.838801310577955
"GOBP_RIBONUCLEOPROTEIN_COMPLEX_DISASSEMBLY",2,"Up",0.250243179219938,0.838801310577955
"GOBP_STRESS_GRANULE_DISASSEMBLY",2,"Up",0.250243179219938,0.838801310577955
"GOBP_NEGATIVE_REGULATION_OF_NUCLEOCYTOPLASMIC_TRANSPORT",4,"Down",0.250579784843281,0.838801310577955
"GOBP_MULTICELLULAR_ORGANISMAL_RESPONSE_TO_STRESS",2,"Up",0.25088876999588,0.838801310577955
"GOBP_DICARBOXYLIC_ACID_BIOSYNTHETIC_PROCESS",2,"Up",0.250946162011464,0.838801310577955
"GOBP_GLUTAMATE_BIOSYNTHETIC_PROCESS",2,"Up",0.250946162011464,0.838801310577955
"GOBP_GLUTAMATE_METABOLIC_PROCESS",2,"Up",0.250946162011464,0.838801310577955
"GOBP_GLUTAMINE_FAMILY_AMINO_ACID_BIOSYNTHETIC_PROCESS",2,"Up",0.250946162011464,0.838801310577955
"GOBP_GLUTAMINE_FAMILY_AMINO_ACID_CATABOLIC_PROCESS",2,"Up",0.250946162011464,0.838801310577955
"GOBP_GLUTAMINE_METABOLIC_PROCESS",2,"Up",0.250946162011464,0.838801310577955
"GOBP_REGULATION_OF_POLYSACCHARIDE_METABOLIC_PROCESS",4,"Up",0.251529590500473,0.838801310577955
"GOBP_REGULATION_OF_MITOPHAGY",5,"Up",0.251561250288711,0.838801310577955
"GOBP_PROTEIN_TRANSPORT_ALONG_MICROTUBULE",6,"Up",0.251635722121205,0.838801310577955
"GOBP_RIBONUCLEOPROTEIN_COMPLEX_SUBUNIT_ORGANIZATION",8,"Down",0.251795397313557,0.838801310577955
"GOBP_DIGESTION",5,"Down",0.251822720870115,0.838801310577955
"GOBP_DIGESTIVE_SYSTEM_PROCESS",5,"Down",0.251822720870115,0.838801310577955
"GOBP_INTRACELLULAR_DISTRIBUTION_OF_MITOCHONDRIA",2,"Up",0.252180986138712,0.838801310577955
"GOBP_MITOCHONDRION_DISTRIBUTION",2,"Up",0.252180986138712,0.838801310577955
"GOBP_CELLULAR_RESPONSE_TO_HORMONE_STIMULUS",31,"Down",0.252419860960741,0.838801310577955
"GOBP_REGULATION_OF_REACTIVE_OXYGEN_SPECIES_METABOLIC_PROCESS",6,"Down",0.253636318363733,0.838801310577955
"GOBP_FATTY_ACID_BIOSYNTHETIC_PROCESS",5,"Down",0.2537121703682,0.838801310577955
"GOBP_REGULATION_OF_PHOSPHATASE_ACTIVITY",10,"Down",0.253847612249819,0.838801310577955
"GOBP_VENTRICULAR_CARDIAC_MUSCLE_CELL_ACTION_POTENTIAL",3,"Up",0.25419160314352,0.838801310577955
"GOBP_REGULATION_OF_STRESS_ACTIVATED_PROTEIN_KINASE_SIGNALING_CASCADE",7,"Down",0.254627312581154,0.838801310577955
"GOBP_STRESS_ACTIVATED_PROTEIN_KINASE_SIGNALING_CASCADE",7,"Down",0.254627312581154,0.838801310577955
"GOBP_NLS_BEARING_PROTEIN_IMPORT_INTO_NUCLEUS",2,"Up",0.254675848253975,0.838801310577955
"GOBP_RAS_PROTEIN_SIGNAL_TRANSDUCTION",16,"Down",0.255126632719875,0.838801310577955
"GOBP_INTERFERON_BETA_PRODUCTION",3,"Down",0.255434187749931,0.838801310577955
"GOBP_LONG_TERM_SYNAPTIC_DEPRESSION",2,"Up",0.255679188340179,0.838801310577955
"GOBP_VIRAL_GENE_EXPRESSION",4,"Up",0.255761791359456,0.838801310577955
"GOBP_RESPONSE_TO_LEUKEMIA_INHIBITORY_FACTOR",3,"Up",0.256649833208935,0.838801310577955
"GOBP_REGULATION_OF_PHAGOCYTOSIS",4,"Down",0.257338396289597,0.838801310577955
"GOBP_EMBRYONIC_ORGAN_MORPHOGENESIS",4,"Down",0.257516337240476,0.838801310577955
"GOBP_REGULATION_OF_MUSCLE_SYSTEM_PROCESS",15,"Up",0.257725640477846,0.838801310577955
"GOBP_NEGATIVE_REGULATION_OF_CELL_ACTIVATION",6,"Down",0.257789239468221,0.838801310577955
"GOBP_JNK_CASCADE",5,"Down",0.257981118488314,0.838801310577955
"GOBP_REGULATION_OF_JNK_CASCADE",5,"Down",0.257981118488314,0.838801310577955
"GOBP_REGULATION_OF_ESTABLISHMENT_OR_MAINTENANCE_OF_CELL_POLARITY",4,"Up",0.258374907590184,0.838801310577955
"GOBP_ESTABLISHMENT_OR_MAINTENANCE_OF_BIPOLAR_CELL_POLARITY",3,"Up",0.258510843860705,0.838801310577955
"GOBP_POSITIVE_REGULATION_OF_ACTIN_FILAMENT_POLYMERIZATION",3,"Up",0.258990801354829,0.838801310577955
"GOBP_VESICLE_MEDIATED_TRANSPORT",167,"Up",0.259804729465546,0.838801310577955
"GOBP_NEGATIVE_REGULATION_OF_MEMBRANE_PERMEABILITY",1,"Down",0.260202928637889,0.838801310577955
"GOBP_NEGATIVE_REGULATION_OF_MITOCHONDRIAL_MEMBRANE_PERMEABILITY",1,"Down",0.260202928637889,0.838801310577955
"GOBP_NEGATIVE_REGULATION_OF_MITOCHONDRIAL_MEMBRANE_PERMEABILITY_INVOLVED_IN_APOPTOTIC_PROCESS",1,"Down",0.260202928637889,0.838801310577955
"GOBP_POSITIVE_REGULATION_OF_CELL_CYCLE_PROCESS",8,"Down",0.261003626638269,0.838801310577955
"GOBP_TISSUE_REGENERATION",2,"Up",0.261670928598241,0.838801310577955
"GOBP_REGULATION_OF_NEURON_MIGRATION",2,"Up",0.262095943075315,0.838801310577955
"GOBP_ORGAN_GROWTH",4,"Up",0.262160598407323,0.838801310577955
"GOBP_T_CELL_DIFFERENTIATION",4,"Up",0.262321825150142,0.838801310577955
"GOBP_INTRINSIC_APOPTOTIC_SIGNALING_PATHWAY_IN_RESPONSE_TO_OXIDATIVE_STRESS",3,"Down",0.262425019073651,0.838801310577955
"GOBP_ENDOPLASMIC_RETICULUM_LOCALIZATION",3,"Up",0.262463990142826,0.838801310577955
"GOBP_ENDOPLASMIC_RETICULUM_PLASMA_MEMBRANE_TETHERING",3,"Up",0.262463990142826,0.838801310577955
"GOBP_ENDOTHELIAL_CELL_DEVELOPMENT",2,"Up",0.262779240062095,0.838801310577955
"GOBP_ENDOTHELIUM_DEVELOPMENT",2,"Up",0.262779240062095,0.838801310577955
"GOBP_ESTABLISHMENT_OF_ENDOTHELIAL_BARRIER",2,"Up",0.262779240062095,0.838801310577955
"GOBP_NEGATIVE_REGULATION_OF_PEPTIDYL_TYROSINE_PHOSPHORYLATION",3,"Down",0.262884657991002,0.838801310577955
"GOBP_SODIUM_ION_TRANSMEMBRANE_TRANSPORT",11,"Up",0.26319422314823,0.838801310577955
"GOBP_SODIUM_ION_TRANSPORT",11,"Up",0.26319422314823,0.838801310577955
"GOBP_RESPONSE_TO_LEAD_ION",2,"Up",0.263376480523487,0.838801310577955
"GOBP_REGULATION_OF_SIGNAL_TRANSDUCTION_BY_P53_CLASS_MEDIATOR",3,"Down",0.263377434320118,0.838801310577955
"GOBP_SIGNAL_TRANSDUCTION_BY_P53_CLASS_MEDIATOR",3,"Down",0.263377434320118,0.838801310577955
"GOBP_DEFENSE_RESPONSE",48,"Down",0.263436321113479,0.838801310577955
"GOBP_TEMPERATURE_HOMEOSTASIS",10,"Up",0.263841663605532,0.838801310577955
"GOBP_POSITIVE_REGULATION_OF_RNA_METABOLIC_PROCESS",29,"Down",0.264471581950003,0.838801310577955
"GOBP_CONNECTIVE_TISSUE_REPLACEMENT",1,"Up",0.264496895121705,0.838801310577955
"GOBP_MUSCLE_HYPERTROPHY_IN_RESPONSE_TO_STRESS",1,"Up",0.264496895121705,0.838801310577955
"GOBP_NEGATIVE_REGULATION_OF_CHROMATIN_BINDING",1,"Up",0.264496895121705,0.838801310577955
"GOBP_NEGATIVE_REGULATION_OF_DENDRITE_MORPHOGENESIS",1,"Up",0.264496895121705,0.838801310577955
"GOBP_POSITIVE_REGULATION_OF_CARDIAC_MUSCLE_ADAPTATION",1,"Up",0.264496895121705,0.838801310577955
"GOBP_POSITIVE_REGULATION_OF_CONNECTIVE_TISSUE_REPLACEMENT",1,"Up",0.264496895121705,0.838801310577955
"GOBP_POSITIVE_REGULATION_OF_MUSCLE_ADAPTATION",1,"Up",0.264496895121705,0.838801310577955
"GOBP_POSITIVE_REGULATION_OF_TISSUE_REMODELING",1,"Up",0.264496895121705,0.838801310577955
"GOBP_POSTSYNAPTIC_MODULATION_OF_CHEMICAL_SYNAPTIC_TRANSMISSION",1,"Up",0.264496895121705,0.838801310577955
"GOBP_REGULATION_OF_CARDIAC_MUSCLE_ADAPTATION",1,"Up",0.264496895121705,0.838801310577955
"GOBP_REGULATION_OF_CHROMATIN_BINDING",1,"Up",0.264496895121705,0.838801310577955
"GOBP_REGULATION_OF_CONNECTIVE_TISSUE_REPLACEMENT",1,"Up",0.264496895121705,0.838801310577955
"GOBP_REGULATION_OF_SKELETAL_MUSCLE_ADAPTATION",1,"Up",0.264496895121705,0.838801310577955
"GOBP_RESPONSE_TO_AMINE",1,"Up",0.264496895121705,0.838801310577955
"GOBP_RESPONSE_TO_AMPHETAMINE",1,"Up",0.264496895121705,0.838801310577955
"GOBP_SKELETAL_MUSCLE_ADAPTATION",1,"Up",0.264496895121705,0.838801310577955
"GOBP_SKELETAL_MUSCLE_TISSUE_REGENERATION",1,"Up",0.264496895121705,0.838801310577955
"GOBP_STRIATED_MUSCLE_ADAPTATION",1,"Up",0.264496895121705,0.838801310577955
"GOBP_TRANSITION_BETWEEN_FAST_AND_SLOW_FIBER",1,"Up",0.264496895121705,0.838801310577955
"GOBP_STEROL_BIOSYNTHETIC_PROCESS",3,"Down",0.264669780612735,0.838801310577955
"GOBP_LIPOPROTEIN_METABOLIC_PROCESS",8,"Down",0.26490326997024,0.838801310577955
"GOBP_MEMBRANE_FISSION",3,"Up",0.265054444406402,0.838801310577955
"GOBP_ORGANELLE_TRANSPORT_ALONG_MICROTUBULE",14,"Up",0.265494579308144,0.838801310577955
"GOBP_CELL_CELL_SIGNALING",78,"Up",0.265674946657954,0.838801310577955
"GOBP_POSITIVE_REGULATION_OF_DENDRITIC_SPINE_DEVELOPMENT",4,"Down",0.26575142236589,0.838801310577955
"GOBP_NEGATIVE_REGULATION_OF_COAGULATION",4,"Down",0.266593612564552,0.838801310577955
"GOBP_RESPONSE_TO_VITAMIN",3,"Up",0.266751225577233,0.838801310577955
"GOBP_REGULATION_OF_SYNAPTIC_PLASTICITY",8,"Up",0.268189480201154,0.838801310577955
"GOBP_GDP_METABOLIC_PROCESS",2,"Up",0.269206455578275,0.838801310577955
"GOBP_POSITIVE_REGULATION_OF_CLATHRIN_DEPENDENT_ENDOCYTOSIS",2,"Up",0.270703362205947,0.838801310577955
"GOBP_GLOMERULAR_EPITHELIAL_CELL_DIFFERENTIATION",2,"Up",0.270938291283158,0.838801310577955
"GOBP_GLOMERULAR_EPITHELIUM_DEVELOPMENT",2,"Up",0.270938291283158,0.838801310577955
"GOBP_POSITIVE_REGULATION_OF_PROTEIN_PHOSPHORYLATION",23,"Down",0.271747167050244,0.838801310577955
"GOBP_RESPONSE_TO_CYTOKINE",29,"Up",0.273336137134575,0.838801310577955
"GOBP_TRICARBOXYLIC_ACID_METABOLIC_PROCESS",3,"Up",0.27339014180471,0.838801310577955
"GOBP_POSITIVE_REGULATION_OF_CELL_KILLING",2,"Up",0.273766796749778,0.838801310577955
"GOBP_REGULATION_OF_LEUKOCYTE_MEDIATED_CYTOTOXICITY",2,"Up",0.273766796749778,0.838801310577955
"GOBP_T_CELL_MEDIATED_CYTOTOXICITY",2,"Up",0.273766796749778,0.838801310577955
"GOBP_T_CELL_MEDIATED_IMMUNITY",2,"Up",0.273766796749778,0.838801310577955
"GOBP_OSTEOBLAST_DIFFERENTIATION",8,"Up",0.273849315471496,0.838801310577955
"GOBP_LEUKOCYTE_CELL_CELL_ADHESION",13,"Down",0.273867702160648,0.838801310577955
"GOBP_ENDOMEMBRANE_SYSTEM_ORGANIZATION",71,"Up",0.273906424995193,0.838801310577955
"GOBP_VASCULOGENESIS",2,"Up",0.274143855870075,0.838801310577955
"GOBP_CELL_CELL_SIGNALING_INVOLVED_IN_CARDIAC_CONDUCTION",2,"Up",0.274279758450316,0.838801310577955
"GOBP_REGULATION_OF_PROTEIN_IMPORT",6,"Down",0.274386899222458,0.838801310577955
"GOBP_CHEMICAL_SYNAPTIC_TRANSMISSION_POSTSYNAPTIC",3,"Up",0.274437446902886,0.838801310577955
"GOBP_SYNAPTIC_VESICLE_CLUSTERING",3,"Up",0.27456413182786,0.838801310577955
"GOBP_REGULATION_OF_LIPID_CATABOLIC_PROCESS",3,"Down",0.274740444182519,0.838801310577955
"GOBP_NEURON_PROJECTION_MAINTENANCE",2,"Up",0.27474564669451,0.838801310577955
"GOBP_REGULATION_OF_MICROTUBULE_DEPOLYMERIZATION",8,"Up",0.274963261629805,0.838801310577955
"GOBP_NEGATIVE_REGULATION_OF_SODIUM_ION_TRANSMEMBRANE_TRANSPORT",3,"Up",0.275010960746301,0.838801310577955
"GOBP_CELL_MORPHOGENESIS_INVOLVED_IN_NEURON_DIFFERENTIATION",51,"Up",0.276457588319853,0.838801310577955
"GOBP_DEVELOPMENT_OF_PRIMARY_SEXUAL_CHARACTERISTICS",3,"Up",0.276568407755423,0.838801310577955
"GOBP_SEX_DIFFERENTIATION",3,"Up",0.276568407755423,0.838801310577955
"GOBP_ENDOSOMAL_TRANSPORT",35,"Up",0.276837171133723,0.838801310577955
"GOBP_REGULATION_OF_RELAXATION_OF_MUSCLE",2,"Up",0.276906129040928,0.838801310577955
"GOBP_MITOCHONDRION_LOCALIZATION",6,"Up",0.277203833351071,0.838801310577955
"GOBP_REGULATION_OF_EARLY_ENDOSOME_TO_LATE_ENDOSOME_TRANSPORT",4,"Down",0.277497927739775,0.838801310577955
"GOBP_EMBRYONIC_ORGAN_DEVELOPMENT",7,"Down",0.277532329435452,0.838801310577955
"GOBP_AUTOPHAGY_OF_NUCLEUS",2,"Up",0.277673168830079,0.838801310577955
"GOBP_NEGATIVE_REGULATION_OF_RESPONSE_TO_EXTERNAL_STIMULUS",12,"Down",0.277702159542345,0.838801310577955
"GOBP_REGULATION_OF_CATABOLIC_PROCESS",65,"Up",0.277809584114558,0.838801310577955
"GOBP_CELL_CELL_ADHESION_MEDIATED_BY_CADHERIN",3,"Up",0.277997768697788,0.838801310577955
"GOBP_NEGATIVE_REGULATION_OF_LOCOMOTION",12,"Up",0.278435029368938,0.838801310577955
"GOBP_P38MAPK_CASCADE",3,"Down",0.278622537044867,0.838801310577955
"GOBP_REGULATION_OF_P38MAPK_CASCADE",3,"Down",0.278622537044867,0.838801310577955
"GOBP_DENSE_CORE_GRANULE_EXOCYTOSIS",2,"Up",0.278670298895736,0.838801310577955
"GOBP_MYELIN_MAINTENANCE",2,"Up",0.278997792574803,0.838801310577955
"GOBP_B_CELL_MEDIATED_IMMUNITY",4,"Down",0.279734835619931,0.838801310577955
"GOBP_IMMUNE_EFFECTOR_PROCESS",18,"Up",0.279951595437004,0.838801310577955
"GOBP_GLUTAMATE_SECRETION",3,"Up",0.280141740512796,0.838801310577955
"GOBP_MUSCLE_CELL_MIGRATION",4,"Down",0.281316538978448,0.838801310577955
"GOBP_SMOOTH_MUSCLE_CELL_MIGRATION",4,"Down",0.281316538978448,0.838801310577955
"GOBP_VASCULAR_PROCESS_IN_CIRCULATORY_SYSTEM",9,"Up",0.28151459017842,0.838801310577955
"GOBP_ACTIVATION_OF_PROTEIN_KINASE_ACTIVITY",8,"Down",0.281756442743511,0.838801310577955
"GOBP_REGULATION_OF_OSSIFICATION",3,"Up",0.281822107615041,0.838801310577955
"GOBP_NEGATIVE_REGULATION_OF_ATP_METABOLIC_PROCESS",3,"Up",0.282637166964592,0.838801310577955
"GOBP_NEGATIVE_REGULATION_OF_GLYCOLYTIC_PROCESS",3,"Up",0.282637166964592,0.838801310577955
"GOBP_NEGATIVE_REGULATION_OF_NUCLEOTIDE_METABOLIC_PROCESS",3,"Up",0.282637166964592,0.838801310577955
"GOBP_REGULATION_OF_GLYCOLYTIC_PROCESS",3,"Up",0.282637166964592,0.838801310577955
"GOBP_REGULATION_OF_NUCLEOTIDE_METABOLIC_PROCESS",3,"Up",0.282637166964592,0.838801310577955
"GOBP_CANONICAL_WNT_SIGNALING_PATHWAY",14,"Down",0.283461706076637,0.838801310577955
"GOBP_REGULATION_OF_WNT_SIGNALING_PATHWAY",14,"Down",0.283461706076637,0.838801310577955
"GOBP_FATTY_ACID_BETA_OXIDATION_USING_ACYL_COA_DEHYDROGENASE",2,"Up",0.283702768888085,0.838801310577955
"GOBP_POST_EMBRYONIC_ANIMAL_ORGAN_DEVELOPMENT",4,"Down",0.284545634119971,0.838801310577955
"GOBP_POST_EMBRYONIC_DEVELOPMENT",4,"Down",0.284545634119971,0.838801310577955
"GOBP_IMP_BIOSYNTHETIC_PROCESS",2,"Down",0.28471070817592,0.838801310577955
"GOBP_IMP_METABOLIC_PROCESS",2,"Down",0.28471070817592,0.838801310577955
"GOBP_NUCLEOSIDE_MONOPHOSPHATE_BIOSYNTHETIC_PROCESS",2,"Down",0.28471070817592,0.838801310577955
"GOBP_PURINE_NUCLEOSIDE_MONOPHOSPHATE_BIOSYNTHETIC_PROCESS",2,"Down",0.28471070817592,0.838801310577955
"GOBP_RIBONUCLEOSIDE_MONOPHOSPHATE_BIOSYNTHETIC_PROCESS",2,"Down",0.28471070817592,0.838801310577955
"GOBP_POSITIVE_REGULATION_OF_INSULIN_SECRETION",3,"Down",0.284868716411363,0.838801310577955
"GOBP_REGULATION_OF_MAMMARY_GLAND_EPITHELIAL_CELL_PROLIFERATION",2,"Up",0.28595618872168,0.838801310577955
"GOBP_REGULATION_OF_MORPHOGENESIS_OF_A_BRANCHING_STRUCTURE",2,"Up",0.28595618872168,0.838801310577955
"GOBP_NEGATIVE_REGULATION_OF_MRNA_CATABOLIC_PROCESS",3,"Up",0.28630344644363,0.838801310577955
"GOBP_NEGATIVE_REGULATION_OF_MRNA_METABOLIC_PROCESS",3,"Up",0.28630344644363,0.838801310577955
"GOBP_NEGATIVE_REGULATION_OF_RNA_CATABOLIC_PROCESS",3,"Up",0.28630344644363,0.838801310577955
"GOBP_RNA_STABILIZATION",3,"Up",0.28630344644363,0.838801310577955
"GOBP_POSITIVE_REGULATION_OF_MYOBLAST_FUSION",2,"Up",0.286397972678649,0.838801310577955
"GOBP_POSITIVE_REGULATION_OF_SYNCYTIUM_FORMATION_BY_PLASMA_MEMBRANE_FUSION",2,"Up",0.286397972678649,0.838801310577955
"GOBP_REGULATION_OF_MYOBLAST_FUSION",2,"Up",0.286397972678649,0.838801310577955
"GOBP_REGULATION_OF_SYNCYTIUM_FORMATION_BY_PLASMA_MEMBRANE_FUSION",2,"Up",0.286397972678649,0.838801310577955
"GOBP_CARBOHYDRATE_CATABOLIC_PROCESS",12,"Up",0.286500101877179,0.838801310577955
"GOBP_POSITIVE_REGULATION_OF_CELL_CELL_ADHESION_MEDIATED_BY_CADHERIN",2,"Up",0.286560038895706,0.838801310577955
"GOBP_REGULATION_OF_CELL_CELL_ADHESION_MEDIATED_BY_CADHERIN",2,"Up",0.286560038895706,0.838801310577955
"GOBP_MAMMARY_GLAND_EPITHELIAL_CELL_PROLIFERATION",3,"Up",0.286948029297309,0.838801310577955
"GOBP_MAMMARY_GLAND_EPITHELIUM_DEVELOPMENT",3,"Up",0.286948029297309,0.838801310577955
"GOBP_PHOSPHOLIPID_TRANSPORT",6,"Down",0.287196460678289,0.838801310577955
"GOBP_SIGNAL_TRANSDUCTION_IN_ABSENCE_OF_LIGAND",3,"Up",0.287652975543093,0.838801310577955
"GOBP_VESICLE_TRANSPORT_ALONG_MICROTUBULE",7,"Up",0.287656827404298,0.838801310577955
"GOBP_NUCLEOSOME_ORGANIZATION",4,"Down",0.288028872165659,0.838801310577955
"GOBP_MRNA_METABOLIC_PROCESS",11,"Down",0.288104974096461,0.838801310577955
"GOBP_SKELETAL_MUSCLE_CONTRACTION",2,"Up",0.288729631155887,0.838801310577955
"GOBP_VOLUNTARY_SKELETAL_MUSCLE_CONTRACTION",2,"Up",0.288729631155887,0.838801310577955
"GOBP_NUCLEOSIDE_BISPHOSPHATE_METABOLIC_PROCESS",4,"Up",0.288749669352142,0.838801310577955
"GOBP_THIOESTER_METABOLIC_PROCESS",4,"Up",0.288749669352142,0.838801310577955
"GOBP_POSITIVE_REGULATION_OF_PEPTIDYL_TYROSINE_PHOSPHORYLATION",4,"Down",0.289279291375364,0.838801310577955
"GOBP_TRANSFERRIN_TRANSPORT",3,"Up",0.289409937167157,0.838801310577955
"GOBP_NEUROTRANSMITTER_TRANSPORT",21,"Up",0.289926891265765,0.838801310577955
"GOBP_REGULATION_OF_NEUROTRANSMITTER_LEVELS",21,"Up",0.289926891265765,0.838801310577955
"GOBP_REGULATION_OF_ENDOCYTIC_RECYCLING",4,"Up",0.289954758197808,0.838801310577955
"GOBP_REGULATION_OF_PROTEIN_DEPHOSPHORYLATION",10,"Down",0.290087373057242,0.838801310577955
"GOBP_T_CELL_ACTIVATION_INVOLVED_IN_IMMUNE_RESPONSE",3,"Up",0.290252753248549,0.838801310577955
"GOBP_REGULATION_OF_UBIQUITIN_PROTEIN_TRANSFERASE_ACTIVITY",3,"Down",0.290439396304912,0.838801310577955
"GOBP_ATP_TRANSPORT",3,"Up",0.290522954520942,0.838801310577955
"GOBP_CARBOHYDRATE_DERIVATIVE_TRANSPORT",3,"Up",0.290522954520942,0.838801310577955
"GOBP_NUCLEOTIDE_TRANSPORT",3,"Up",0.290522954520942,0.838801310577955
"GOBP_PURINE_NUCLEOTIDE_TRANSPORT",3,"Up",0.290522954520942,0.838801310577955
"GOBP_NEGATIVE_REGULATION_OF_MICROTUBULE_POLYMERIZATION_OR_DEPOLYMERIZATION",10,"Up",0.290720596461162,0.838801310577955
"GOBP_CELL_CHEMOTAXIS",13,"Down",0.291135917666902,0.838801310577955
"GOBP_REGULATION_OF_HEART_RATE_BY_CARDIAC_CONDUCTION",3,"Up",0.291414862271684,0.838801310577955
"GOBP_NEGATIVE_REGULATION_OF_CYTOSKELETON_ORGANIZATION",30,"Up",0.291454233236773,0.838801310577955
"GOBP_NEGATIVE_REGULATION_OF_SUPRAMOLECULAR_FIBER_ORGANIZATION",30,"Up",0.291454233236773,0.838801310577955
"GOBP_LAMELLIPODIUM_ASSEMBLY",8,"Up",0.291459021649532,0.838801310577955
"GOBP_REGULATION_OF_CELL_ACTIVATION",17,"Down",0.29148101396398,0.838801310577955
"GOBP_NEGATIVE_REGULATION_OF_MYELOID_CELL_DIFFERENTIATION",2,"Down",0.292242785013655,0.838801310577955
"GOBP_NEGATIVE_REGULATION_OF_MYELOID_LEUKOCYTE_DIFFERENTIATION",2,"Down",0.292242785013655,0.838801310577955
"GOBP_NEGATIVE_REGULATION_OF_OSTEOCLAST_DIFFERENTIATION",2,"Down",0.292242785013655,0.838801310577955
"GOBP_REGULATION_OF_MYELOID_LEUKOCYTE_DIFFERENTIATION",2,"Down",0.292242785013655,0.838801310577955
"GOBP_REGULATION_OF_OSTEOCLAST_DIFFERENTIATION",2,"Down",0.292242785013655,0.838801310577955
"GOBP_DOPAMINE_RECEPTOR_SIGNALING_PATHWAY",4,"Up",0.292394356892227,0.838801310577955
"GOBP_FIBROBLAST_ACTIVATION",1,"Up",0.29303287373427,0.838801310577955
"GOBP_HEPATIC_STELLATE_CELL_ACTIVATION",1,"Up",0.29303287373427,0.838801310577955
"GOBP_NITRIC_OXIDE_SYNTHASE_BIOSYNTHETIC_PROCESS",1,"Up",0.29303287373427,0.838801310577955
"GOBP_POSITIVE_REGULATION_OF_NITRIC_OXIDE_SYNTHASE_BIOSYNTHETIC_PROCESS",1,"Up",0.29303287373427,0.838801310577955
"GOBP_POSITIVE_REGULATION_OF_PROTEIN_KINASE_A_SIGNALING",1,"Up",0.29303287373427,0.838801310577955
"GOBP_REGULATION_OF_PROTEIN_KINASE_C_SIGNALING",1,"Up",0.29303287373427,0.838801310577955
"GOBP_REGULATION_OF_CELLULAR_COMPONENT_BIOGENESIS",85,"Up",0.294050769208816,0.838801310577955
"GOBP_MICROGLIAL_CELL_ACTIVATION",2,"Up",0.294377799032816,0.838801310577955
"GOBP_NEGATIVE_REGULATION_OF_MEMBRANE_POTENTIAL",2,"Up",0.294377799032816,0.838801310577955
"GOBP_PANCREATIC_JUICE_SECRETION",3,"Down",0.294411688388421,0.838801310577955
"GOBP_SECRETION_BY_TISSUE",3,"Down",0.294411688388421,0.838801310577955
"GOBP_REGULATION_OF_SUPEROXIDE_METABOLIC_PROCESS",4,"Down",0.295510669176244,0.838801310577955
"GOBP_DIVALENT_INORGANIC_CATION_HOMEOSTASIS",18,"Up",0.295671429979583,0.838801310577955
"GOBP_APPENDAGE_MORPHOGENESIS",2,"Up",0.295760102911722,0.838801310577955
"GOBP_EMBRYONIC_APPENDAGE_MORPHOGENESIS",2,"Up",0.295760102911722,0.838801310577955
"GOBP_EMBRYONIC_DIGIT_MORPHOGENESIS",2,"Up",0.295760102911722,0.838801310577955
"GOBP_RESPONSE_TO_COLD",2,"Up",0.29635733197692,0.838801310577955
"GOBP_REGULATION_OF_CELLULAR_LOCALIZATION",69,"Up",0.297205579103301,0.838801310577955
"GOBP_CARBOHYDRATE_TRANSMEMBRANE_TRANSPORT",4,"Down",0.297419391986943,0.838801310577955
"GOBP_MULTICELLULAR_ORGANISMAL_SIGNALING",15,"Up",0.297669375224335,0.838801310577955
"GOBP_ANIMAL_ORGAN_FORMATION",2,"Up",0.297912839982203,0.838801310577955
"GOBP_ENDOCRINE_SYSTEM_DEVELOPMENT",3,"Up",0.298432606667776,0.838801310577955
"GOBP_AUTOPHAGY_OF_MITOCHONDRION",14,"Up",0.298579623849288,0.838801310577955
"GOBP_POSITIVE_REGULATION_OF_DOUBLE_STRAND_BREAK_REPAIR_VIA_HOMOLOGOUS_RECOMBINATION",4,"Down",0.298782769612295,0.838801310577955
"GOBP_REGULATION_OF_DOUBLE_STRAND_BREAK_REPAIR_VIA_HOMOLOGOUS_RECOMBINATION",4,"Down",0.298782769612295,0.838801310577955
"GOBP_POSITIVE_REGULATION_OF_CELLULAR_BIOSYNTHETIC_PROCESS",45,"Down",0.298940850525109,0.838801310577955
"GOBP_REGULATION_OF_CELL_PROJECTION_ASSEMBLY",23,"Up",0.299895627868064,0.838801310577955
"GOBP_AMINE_TRANSPORT",8,"Up",0.300236274440349,0.838801310577955
"GOBP_NEGATIVE_REGULATION_OF_CALCIUM_ION_TRANSMEMBRANE_TRANSPORT",4,"Down",0.300632210471175,0.838801310577955
"GOBP_NEGATIVE_REGULATION_OF_CALCIUM_ION_TRANSPORT",4,"Down",0.300632210471175,0.838801310577955
"GOBP_SELECTIVE_AUTOPHAGY",17,"Up",0.300872761367099,0.838801310577955
"GOBP_ORGANOPHOSPHATE_METABOLIC_PROCESS",49,"Down",0.301033463212513,0.838801310577955
"GOBP_REGULATION_OF_LEUKOCYTE_MIGRATION",7,"Up",0.30170747561168,0.838801310577955
"GOBP_SENSORY_PERCEPTION_OF_MECHANICAL_STIMULUS",3,"Up",0.301898162378896,0.838801310577955
"GOBP_CELLULAR_RESPONSE_TO_INORGANIC_SUBSTANCE",12,"Up",0.302297515724956,0.838801310577955
"GOBP_REGULATION_OF_MUSCLE_ORGAN_DEVELOPMENT",2,"Down",0.302444596278325,0.838801310577955
"GOBP_ION_HOMEOSTASIS",35,"Up",0.30253243464085,0.838801310577955
"GOBP_ACTIN_CROSSLINK_FORMATION",2,"Up",0.302536714621914,0.838801310577955
"GOBP_CELLULAR_HOMEOSTASIS",45,"Up",0.30271982179003,0.838801310577955
"GOBP_BONE_REMODELING",2,"Down",0.302873261266616,0.838801310577955
"GOBP_REGULATION_OF_BONE_REMODELING",2,"Down",0.302873261266616,0.838801310577955
"GOBP_GLUCOCORTICOID_BIOSYNTHETIC_PROCESS",1,"Up",0.302910161490049,0.838801310577955
"GOBP_GLUCOCORTICOID_METABOLIC_PROCESS",1,"Up",0.302910161490049,0.838801310577955
"GOBP_HORMONE_BIOSYNTHETIC_PROCESS",1,"Up",0.302910161490049,0.838801310577955
"GOBP_HORMONE_METABOLIC_PROCESS",1,"Up",0.302910161490049,0.838801310577955
"GOBP_NEGATIVE_REGULATION_OF_GLUCOCORTICOID_METABOLIC_PROCESS",1,"Up",0.302910161490049,0.838801310577955
"GOBP_NEGATIVE_REGULATION_OF_HORMONE_BIOSYNTHETIC_PROCESS",1,"Up",0.302910161490049,0.838801310577955
"GOBP_NEGATIVE_REGULATION_OF_HORMONE_METABOLIC_PROCESS",1,"Up",0.302910161490049,0.838801310577955
"GOBP_NEGATIVE_REGULATION_OF_STEROID_METABOLIC_PROCESS",1,"Up",0.302910161490049,0.838801310577955
"GOBP_POSITIVE_REGULATION_OF_BLOOD_CIRCULATION",1,"Up",0.302910161490049,0.838801310577955
"GOBP_REGULATION_OF_GLUCOCORTICOID_BIOSYNTHETIC_PROCESS",1,"Up",0.302910161490049,0.838801310577955
"GOBP_REGULATION_OF_GLUCOCORTICOID_METABOLIC_PROCESS",1,"Up",0.302910161490049,0.838801310577955
"GOBP_REGULATION_OF_HORMONE_BIOSYNTHETIC_PROCESS",1,"Up",0.302910161490049,0.838801310577955
"GOBP_REGULATION_OF_HORMONE_METABOLIC_PROCESS",1,"Up",0.302910161490049,0.838801310577955
"GOBP_REGULATION_OF_STEROID_BIOSYNTHETIC_PROCESS",1,"Up",0.302910161490049,0.838801310577955
"GOBP_REGULATION_OF_STEROID_HORMONE_BIOSYNTHETIC_PROCESS",1,"Up",0.302910161490049,0.838801310577955
"GOBP_RESPONSE_TO_GLYCOSIDE",1,"Up",0.302910161490049,0.838801310577955
"GOBP_NEUROTRANSMITTER_RECEPTOR_TRANSPORT",4,"Up",0.303455734128138,0.838801310577955
"GOBP_NUCLEAR_TRANSPORT",20,"Down",0.303593358508031,0.838801310577955
"GOBP_RESPONSE_TO_NITROGEN_COMPOUND",47,"Down",0.304006584640517,0.838801310577955
"GOBP_CELLULAR_COMPONENT_MAINTENANCE",7,"Up",0.304014394256057,0.838801310577955
"GOBP_SUPRAMOLECULAR_FIBER_ORGANIZATION",83,"Up",0.30407166740661,0.838801310577955
"GOBP_MITOCHONDRION_MORPHOGENESIS",2,"Up",0.304092116678953,0.838801310577955
"GOBP_DETECTION_OF_ABIOTIC_STIMULUS",3,"Up",0.30456792118422,0.838801310577955
"GOBP_REGULATION_OF_NEUROGENESIS",24,"Up",0.304682176640476,0.838801310577955
"GOBP_EXTERNAL_ENCAPSULATING_STRUCTURE_ORGANIZATION",16,"Down",0.304867933369059,0.838801310577955
"GOBP_POSITIVE_REGULATION_OF_IMMUNE_RESPONSE",16,"Down",0.305017547288849,0.838801310577955
"GOBP_NEGATIVE_REGULATION_OF_CELLULAR_CATABOLIC_PROCESS",16,"Up",0.305679775287342,0.838801310577955
"GOBP_LEUKOCYTE_CHEMOTAXIS",8,"Up",0.307005330814509,0.838801310577955
"GOBP_POSITIVE_REGULATION_OF_LEUKOCYTE_CELL_CELL_ADHESION",7,"Down",0.307210366215273,0.838801310577955
"GOBP_REGULATION_OF_REPRODUCTIVE_PROCESS",2,"Up",0.307378202564656,0.838801310577955
"GOBP_HORMONE_MEDIATED_SIGNALING_PATHWAY",9,"Down",0.307706524041897,0.838801310577955
"GOBP_STEROID_HORMONE_MEDIATED_SIGNALING_PATHWAY",9,"Down",0.307706524041897,0.838801310577955
"GOBP_ACTIVATION_OF_IMMUNE_RESPONSE",9,"Down",0.308305335308937,0.838801310577955
"GOBP_REGULATION_OF_NERVOUS_SYSTEM_PROCESS",1,"Up",0.308323247248868,0.838801310577955
"GOBP_REGULATION_OF_SENSORY_PERCEPTION",1,"Up",0.308323247248868,0.838801310577955
"GOBP_REGULATION_OF_DENDRITIC_SPINE_MORPHOGENESIS",7,"Down",0.308488457275665,0.838801310577955
"GOBP_REGULATION_OF_POSTSYNAPSE_ORGANIZATION",7,"Down",0.308488457275665,0.838801310577955
"GOBP_POSITIVE_REGULATION_OF_LIPID_LOCALIZATION",4,"Down",0.308501137286009,0.838801310577955
"GOBP_NEGATIVE_REGULATION_OF_ORGANELLE_ORGANIZATION",44,"Up",0.308687034261832,0.838801310577955
"GOBP_NEGATIVE_REGULATION_OF_PROTEIN_LOCALIZATION_TO_MICROTUBULE",1,"Up",0.308893989085365,0.838801310577955
"GOBP_POSITIVE_REGULATION_OF_PROTEIN_LOCALIZATION_TO_CELL_SURFACE",1,"Up",0.308893989085365,0.838801310577955
"GOBP_VOLUNTARY_MUSCULOSKELETAL_MOVEMENT",1,"Up",0.308893989085365,0.838801310577955
"GOBP_RECEPTOR_INTERNALIZATION",13,"Up",0.308957247924025,0.838801310577955
"GOBP_AXONAL_FASCICULATION",1,"Up",0.309375556130756,0.838801310577955
"GOBP_BLASTOCYST_FORMATION",1,"Up",0.309375556130756,0.838801310577955
"GOBP_BRANCHING_MORPHOGENESIS_OF_A_NERVE",1,"Up",0.309375556130756,0.838801310577955
"GOBP_CARDIAC_EPITHELIAL_TO_MESENCHYMAL_TRANSITION",1,"Up",0.309375556130756,0.838801310577955
"GOBP_CELLULAR_SPHINGOLIPID_HOMEOSTASIS",1,"Up",0.309375556130756,0.838801310577955
"GOBP_NEGATIVE_REGULATION_OF_AXON_EXTENSION",1,"Up",0.309375556130756,0.838801310577955
"GOBP_NEGATIVE_REGULATION_OF_DEVELOPMENTAL_GROWTH",1,"Up",0.309375556130756,0.838801310577955
"GOBP_POSITIVE_REGULATION_OF_ERBB_SIGNALING_PATHWAY",1,"Up",0.309375556130756,0.838801310577955
"GOBP_POSITIVE_REGULATION_OF_MAMMARY_GLAND_EPITHELIAL_CELL_PROLIFERATION",1,"Up",0.309375556130756,0.838801310577955
"GOBP_POSITIVE_REGULATION_OF_TOLL_LIKE_RECEPTOR_9_SIGNALING_PATHWAY",1,"Up",0.309375556130756,0.838801310577955
"GOBP_REGULATION_OF_BRANCHING_MORPHOGENESIS_OF_A_NERVE",1,"Up",0.309375556130756,0.838801310577955
"GOBP_REGULATION_OF_TOLL_LIKE_RECEPTOR_9_SIGNALING_PATHWAY",1,"Up",0.309375556130756,0.838801310577955
"GOBP_TOLL_LIKE_RECEPTOR_9_SIGNALING_PATHWAY",1,"Up",0.309375556130756,0.838801310577955
"GOBP_SPINDLE_ASSEMBLY",11,"Up",0.309789551707179,0.838801310577955
"GOBP_NEUTROPHIL_CHEMOTAXIS",2,"Up",0.310783685182776,0.838801310577955
"GOBP_NEUTROPHIL_MIGRATION",2,"Up",0.310783685182776,0.838801310577955
"GOBP_REGULATION_OF_NEUTROPHIL_CHEMOTAXIS",2,"Up",0.310783685182776,0.838801310577955
"GOBP_REGULATION_OF_NEUTROPHIL_MIGRATION",2,"Up",0.310783685182776,0.838801310577955
"GOBP_RNA_SPLICING",4,"Down",0.310919496776523,0.838801310577955
"GOBP_PLATELET_DEGRANULATION",2,"Up",0.311578886670726,0.838801310577955
"GOBP_PHOSPHORYLATION",89,"Down",0.312637648533798,0.838801310577955
"GOBP_NEUROMUSCULAR_JUNCTION_DEVELOPMENT",6,"Down",0.312714301085637,0.838801310577955
"GOBP_MAINTENANCE_OF_DNA_METHYLATION",1,"Up",0.313289309841453,0.838801310577955
"GOBP_POSITIVE_REGULATION_OF_DNA_DEMETHYLATION",1,"Up",0.313289309841453,0.838801310577955
"GOBP_REGULATION_OF_DNA_DEMETHYLATION",1,"Up",0.313289309841453,0.838801310577955
"GOBP_REGULATION_OF_RETROGRADE_TRANSPORT_ENDOSOME_TO_GOLGI",1,"Up",0.313289309841453,0.838801310577955
"GOBP_TRANSCRIPTION_COUPLED_NUCLEOTIDE_EXCISION_REPAIR",1,"Up",0.313289309841453,0.838801310577955
"GOBP_NEGATIVE_REGULATION_OF_NUCLEAR_DIVISION",3,"Up",0.313936354035133,0.838801310577955
"GOBP_NEGATIVE_REGULATION_OF_CELL_PROJECTION_ORGANIZATION",14,"Up",0.31403277427309,0.838801310577955
"GOBP_TRANSPORT_OF_VIRUS",3,"Up",0.314131830156367,0.838801310577955
"GOBP_MEMBRANE_BIOGENESIS",9,"Up",0.314155393752311,0.838801310577955
"GOBP_ESTABLISHMENT_OF_PIGMENT_GRANULE_LOCALIZATION",2,"Up",0.316464284332087,0.838801310577955
"GOBP_PIGMENT_GRANULE_LOCALIZATION",2,"Up",0.316464284332087,0.838801310577955
"GOBP_MITOTIC_CYTOKINESIS",9,"Up",0.317471617099949,0.838801310577955
"GOBP_POSITIVE_REGULATION_OF_HEXOKINASE_ACTIVITY",2,"Up",0.318441344979775,0.838801310577955
"GOBP_REGULATION_OF_HEXOKINASE_ACTIVITY",2,"Up",0.318441344979775,0.838801310577955
"GOBP_REGULATION_OF_SYNAPTIC_VESICLE_CYCLE",1,"Up",0.318598090758535,0.838801310577955
"GOBP_REGULATION_OF_PROTEOLYSIS",33,"Up",0.318619860283499,0.838801310577955
"GOBP_REGULATION_OF_MITOTIC_CELL_CYCLE_PHASE_TRANSITION",12,"Down",0.318727092044443,0.838801310577955
"GOBP_PERIPHERAL_NERVOUS_SYSTEM_NEURON_DIFFERENTIATION",2,"Up",0.318753126395225,0.838801310577955
"GOBP_NEGATIVE_REGULATION_OF_DNA_BINDING_TRANSCRIPTION_FACTOR_ACTIVITY",6,"Down",0.320738203927679,0.838801310577955
"GOBP_METAL_ION_HOMEOSTASIS",26,"Up",0.321033036519882,0.838801310577955
"GOBP_FERTILIZATION",6,"Up",0.32110936765936,0.838801310577955
"GOBP_SINGLE_FERTILIZATION",6,"Up",0.32110936765936,0.838801310577955
"GOBP_RESPONSE_TO_ENDOGENOUS_STIMULUS",67,"Down",0.321185821221345,0.838801310577955
"GOBP_REGULATION_OF_TOLL_LIKE_RECEPTOR_3_SIGNALING_PATHWAY",2,"Up",0.321362115820243,0.838801310577955
"GOBP_TOLL_LIKE_RECEPTOR_3_SIGNALING_PATHWAY",2,"Up",0.321362115820243,0.838801310577955
"GOBP_ATRIAL_CARDIAC_MUSCLE_CELL_TO_AV_NODE_CELL_SIGNALING",1,"Up",0.32199957006925,0.838801310577955
"GOBP_ATRIAL_SEPTUM_DEVELOPMENT",1,"Up",0.32199957006925,0.838801310577955
"GOBP_CARDIAC_ATRIUM_DEVELOPMENT",1,"Up",0.32199957006925,0.838801310577955
"GOBP_MEMBRANE_DEPOLARIZATION_DURING_SA_NODE_CELL_ACTION_POTENTIAL",1,"Up",0.32199957006925,0.838801310577955
"GOBP_REGULATION_OF_CARDIAC_MUSCLE_CELL_MEMBRANE_REPOLARIZATION",1,"Up",0.32199957006925,0.838801310577955
"GOBP_RESPONSE_TO_METHYLMERCURY",1,"Up",0.32199957006925,0.838801310577955
"GOBP_SA_NODE_CELL_TO_ATRIAL_CARDIAC_MUSCLE_CELL_COMMUNICATION",1,"Up",0.32199957006925,0.838801310577955
"GOBP_SA_NODE_CELL_TO_ATRIAL_CARDIAC_MUSCLE_CELL_SIGNALING",1,"Up",0.32199957006925,0.838801310577955
"GOBP_VENTRICULAR_CARDIAC_MUSCLE_CELL_MEMBRANE_REPOLARIZATION",1,"Up",0.32199957006925,0.838801310577955
"GOBP_RESPONSE_TO_CORTICOSTERONE",2,"Up",0.322808010699546,0.838801310577955
"GOBP_RESPONSE_TO_MINERALOCORTICOID",2,"Up",0.322808010699546,0.838801310577955
"GOBP_POSITIVE_REGULATION_OF_CELL_DEVELOPMENT",24,"Up",0.32295295170808,0.838801310577955
"GOBP_STRIATED_MUSCLE_CELL_DIFFERENTIATION",11,"Up",0.323010723945322,0.838801310577955
"GOBP_NEGATIVE_REGULATION_OF_FATTY_ACID_BIOSYNTHETIC_PROCESS",1,"Up",0.324041095498882,0.838801310577955
"GOBP_NEGATIVE_REGULATION_OF_FATTY_ACID_METABOLIC_PROCESS",1,"Up",0.324041095498882,0.838801310577955
"GOBP_NEGATIVE_REGULATION_OF_FATTY_ACID_OXIDATION",1,"Up",0.324041095498882,0.838801310577955
"GOBP_REGULATION_OF_CHOLESTEROL_METABOLIC_PROCESS",1,"Up",0.324041095498882,0.838801310577955
"GOBP_REGULATION_OF_FATTY_ACID_OXIDATION",1,"Up",0.324041095498882,0.838801310577955
"GOBP_ENDOCYTOSIS",76,"Up",0.324277221217042,0.838801310577955
"GOBP_GLOMERULAR_BASEMENT_MEMBRANE_DEVELOPMENT",1,"Up",0.324485169224156,0.838801310577955
"GOBP_GLOMERULAR_EPITHELIAL_CELL_DEVELOPMENT",1,"Up",0.324485169224156,0.838801310577955
"GOBP_ADAPTIVE_THERMOGENESIS",10,"Up",0.325855553661423,0.838801310577955
"GOBP_REGULATION_OF_STRIATED_MUSCLE_CONTRACTION",10,"Up",0.326160094428718,0.838801310577955
"GOBP_NEGATIVE_REGULATION_OF_CELL_CYCLE",9,"Up",0.326432842957398,0.838801310577955
"GOBP_FORMATION_OF_PRIMARY_GERM_LAYER",5,"Down",0.326741314952949,0.838801310577955
"GOBP_RECEPTOR_METABOLIC_PROCESS",17,"Up",0.327362043592943,0.838801310577955
"GOBP_HEPATICOBILIARY_SYSTEM_DEVELOPMENT",2,"Up",0.327367556758282,0.838801310577955
"GOBP_PROTEIN_LOCALIZATION_TO_CILIUM",4,"Up",0.329292789003276,0.838801310577955
"GOBP_ALPHA_BETA_T_CELL_DIFFERENTIATION",3,"Up",0.329330429495811,0.838801310577955
"GOBP_REGULATION_OF_RESPONSE_TO_REACTIVE_OXYGEN_SPECIES",2,"Down",0.329557237573127,0.838801310577955
"GOBP_AMYLOID_FIBRIL_FORMATION",1,"Up",0.329877587813236,0.838801310577955
"GOBP_ASTROCYTE_ACTIVATION",1,"Up",0.329877587813236,0.838801310577955
"GOBP_ASTROCYTE_DEVELOPMENT",1,"Up",0.329877587813236,0.838801310577955
"GOBP_CELLULAR_RESPONSE_TO_BRAIN_DERIVED_NEUROTROPHIC_FACTOR_STIMULUS",1,"Up",0.329877587813236,0.838801310577955
"GOBP_POSITIVE_REGULATION_OF_PROTEIN_LOCALIZATION_TO_SYNAPSE",1,"Up",0.329877587813236,0.838801310577955
"GOBP_REGULATION_OF_LONG_TERM_SYNAPTIC_DEPRESSION",1,"Up",0.329877587813236,0.838801310577955
"GOBP_POSITIVE_REGULATION_OF_B_CELL_MEDIATED_IMMUNITY",2,"Down",0.33195265052735,0.838801310577955
"GOBP_NUCLEAR_PORE_COMPLEX_ASSEMBLY",2,"Up",0.333183861721999,0.838801310577955
"GOBP_NUCLEAR_PORE_ORGANIZATION",2,"Up",0.333183861721999,0.838801310577955
"GOBP_OSTEOCLAST_DEVELOPMENT",2,"Down",0.333683848092672,0.838801310577955
"GOBP_B_CELL_ACTIVATION_INVOLVED_IN_IMMUNE_RESPONSE",3,"Up",0.334000607720952,0.838801310577955
"GOBP_POSITIVE_REGULATION_OF_GLUTAMATE_SECRETION",2,"Up",0.33421104731156,0.838801310577955
"GOBP_REGULATION_OF_GLUTAMATE_SECRETION",2,"Up",0.33421104731156,0.838801310577955
"GOBP_NEGATIVE_REGULATION_OF_CALCINEURIN_MEDIATED_SIGNALING",2,"Down",0.334558865792744,0.838801310577955
"GOBP_NEGATIVE_REGULATION_OF_CALCIUM_MEDIATED_SIGNALING",2,"Down",0.334558865792744,0.838801310577955
"GOBP_REGULATION_OF_CALCINEURIN_MEDIATED_SIGNALING",2,"Down",0.334558865792744,0.838801310577955
"GOBP_AGGRESOME_ASSEMBLY",1,"Up",0.334605790832438,0.838801310577955
"GOBP_CHAPERONE_MEDIATED_AUTOPHAGY",1,"Up",0.334605790832438,0.838801310577955
"GOBP_NEGATIVE_REGULATION_OF_MUSCLE_CELL_APOPTOTIC_PROCESS",1,"Up",0.334605790832438,0.838801310577955
"GOBP_NEGATIVE_REGULATION_OF_PROTEIN_TARGETING_TO_MITOCHONDRION",1,"Up",0.334605790832438,0.838801310577955
"GOBP_NEGATIVE_REGULATION_OF_STRIATED_MUSCLE_CELL_APOPTOTIC_PROCESS",1,"Up",0.334605790832438,0.838801310577955
"GOBP_POSITIVE_REGULATION_OF_HISTONE_ACETYLATION",3,"Down",0.33461526930651,0.838801310577955
"GOBP_POSITIVE_REGULATION_OF_PEPTIDYL_LYSINE_ACETYLATION",3,"Down",0.33461526930651,0.838801310577955
"GOBP_POSITIVE_REGULATION_OF_PROTEIN_ACETYLATION",3,"Down",0.33461526930651,0.838801310577955
"GOBP_POSITIVE_REGULATION_OF_AXON_EXTENSION",7,"Up",0.334825510591179,0.838801310577955
"GOBP_REGULATION_OF_DENDRITE_DEVELOPMENT",10,"Down",0.335074945668469,0.838801310577955
"GOBP_HEART_MORPHOGENESIS",3,"Up",0.33629545458576,0.838801310577955
"GOBP_CARDIAC_CELL_DEVELOPMENT",2,"Up",0.33629689921545,0.838801310577955
"GOBP_REGULATION_OF_ORGANELLE_ASSEMBLY",23,"Up",0.33651250275133,0.838801310577955
"GOBP_ENTRY_INTO_HOST",8,"Up",0.336621763689443,0.838801310577955
"GOBP_REGULATION_OF_CELLULAR_RESPONSE_TO_GROWTH_FACTOR_STIMULUS",8,"Down",0.337158836912829,0.838801310577955
"GOBP_ESTABLISHMENT_OF_LYMPHOCYTE_POLARITY",2,"Up",0.337510006113184,0.838801310577955
"GOBP_BIOLOGICAL_PROCESS_INVOLVED_IN_INTERACTION_WITH_HOST",14,"Up",0.337805079179444,0.838801310577955
"GOBP_PHOSPHATIDYLINOSITOL_METABOLIC_PROCESS",8,"Down",0.337807914980632,0.838801310577955
"GOBP_POSITIVE_REGULATION_OF_INTERLEUKIN_1_BETA_PRODUCTION",2,"Up",0.338230843567714,0.838801310577955
"GOBP_REGULATION_OF_CYCLIN_DEPENDENT_PROTEIN_KINASE_ACTIVITY",3,"Up",0.338512983670835,0.838801310577955
"GOBP_RELAXATION_OF_MUSCLE",6,"Up",0.338935465190212,0.838801310577955
"GOBP_TRANSMEMBRANE_TRANSPORT",57,"Down",0.340071717636709,0.838801310577955
"GOBP_NADP_METABOLIC_PROCESS",2,"Up",0.340241377188159,0.838801310577955
"GOBP_NEGATIVE_REGULATION_OF_BMP_SIGNALING_PATHWAY",2,"Down",0.340626758237404,0.838801310577955
"GOBP_NEGATIVE_REGULATION_OF_PROTEIN_IMPORT_INTO_NUCLEUS",2,"Down",0.341235909447186,0.838801310577955
"GOBP_MICROTUBULE_BASED_TRANSPORT",23,"Up",0.341261898430492,0.838801310577955
"GOBP_TRANSPORT_ALONG_MICROTUBULE",23,"Up",0.341261898430492,0.838801310577955
"GOBP_MONONUCLEAR_CELL_MIGRATION",7,"Up",0.34140359945696,0.838801310577955
"GOBP_POSITIVE_REGULATION_OF_LAMELLIPODIUM_ASSEMBLY",2,"Up",0.341659766346859,0.838801310577955
"GOBP_REGULATION_OF_CELLULAR_PH",4,"Down",0.34225940143868,0.838801310577955
"GOBP_REGULATION_OF_PH",4,"Down",0.34225940143868,0.838801310577955
"GOBP_CELLULAR_RESPONSE_TO_ELECTRICAL_STIMULUS",1,"Up",0.342279392395954,0.838801310577955
"GOBP_POSITIVE_REGULATION_OF_PROTEASOMAL_UBIQUITIN_DEPENDENT_PROTEIN_CATABOLIC_PROCESS",3,"Up",0.344158913555279,0.838801310577955
"GOBP_MATURE_B_CELL_DIFFERENTIATION",2,"Up",0.344357346885903,0.838801310577955
"GOBP_NUCLEOBASE_CONTAINING_SMALL_MOLECULE_METABOLIC_PROCESS",26,"Up",0.344624201956365,0.838801310577955
"GOBP_EPITHELIAL_CELL_DIFFERENTIATION",23,"Up",0.34476438794724,0.838801310577955
"GOBP_POSITIVE_REGULATION_OF_CELL_MORPHOGENESIS_INVOLVED_IN_DIFFERENTIATION",7,"Down",0.345685216920128,0.838801310577955
"GOBP_REGULATION_OF_MITOTIC_NUCLEAR_DIVISION",4,"Up",0.346301888522808,0.838801310577955
"GOBP_REGULATION_OF_NUCLEAR_DIVISION",4,"Up",0.346301888522808,0.838801310577955
"GOBP_AMINO_ACID_HOMEOSTASIS",1,"Up",0.347052435182071,0.838801310577955
"GOBP_GLUTAMATE_HOMEOSTASIS",1,"Up",0.347052435182071,0.838801310577955
"GOBP_REGULATION_OF_RESPIRATORY_GASEOUS_EXCHANGE",1,"Up",0.347052435182071,0.838801310577955
"GOBP_REGULATION_OF_RESPIRATORY_GASEOUS_EXCHANGE_BY_NERVOUS_SYSTEM_PROCESS",1,"Up",0.347052435182071,0.838801310577955
"GOBP_REGULATION_OF_RESPIRATORY_SYSTEM_PROCESS",1,"Up",0.347052435182071,0.838801310577955
"GOBP_RESPIRATORY_SYSTEM_PROCESS",1,"Up",0.347052435182071,0.838801310577955
"GOBP_SUCKLING_BEHAVIOR",1,"Up",0.347052435182071,0.838801310577955
"GOBP_REGULATION_OF_RAB_PROTEIN_SIGNAL_TRANSDUCTION",1,"Up",0.347110938486951,0.838801310577955
"GOBP_ORGANELLE_INHERITANCE",2,"Up",0.347383562897109,0.838801310577955
"GOBP_CELLULAR_RESPONSE_TO_MAGNESIUM_ION",1,"Up",0.347416546887444,0.838801310577955
"GOBP_MAGNESIUM_ION_HOMEOSTASIS",1,"Up",0.347416546887444,0.838801310577955
"GOBP_NEGATIVE_REGULATION_OF_DELAYED_RECTIFIER_POTASSIUM_CHANNEL_ACTIVITY",1,"Up",0.347416546887444,0.838801310577955
"GOBP_NEGATIVE_REGULATION_OF_VOLTAGE_GATED_POTASSIUM_CHANNEL_ACTIVITY",1,"Up",0.347416546887444,0.838801310577955
"GOBP_POSITIVE_REGULATION_OF_MEMBRANE_DEPOLARIZATION",1,"Up",0.347416546887444,0.838801310577955
"GOBP_POSITIVE_REGULATION_OF_MEMBRANE_POTENTIAL",1,"Up",0.347416546887444,0.838801310577955
"GOBP_REGULATION_OF_DELAYED_RECTIFIER_POTASSIUM_CHANNEL_ACTIVITY",1,"Up",0.347416546887444,0.838801310577955
"GOBP_REGULATION_OF_MEMBRANE_DEPOLARIZATION_DURING_ACTION_POTENTIAL",1,"Up",0.347416546887444,0.838801310577955
"GOBP_REGULATION_OF_MEMBRANE_DEPOLARIZATION_DURING_CARDIAC_MUSCLE_CELL_ACTION_POTENTIAL",1,"Up",0.347416546887444,0.838801310577955
"GOBP_RESPONSE_TO_MAGNESIUM_ION",1,"Up",0.347416546887444,0.838801310577955
"GOBP_TRANSFORMING_GROWTH_FACTOR_BETA_PRODUCTION",3,"Up",0.347452451684623,0.838801310577955
"GOBP_MINUS_END_DIRECTED_ORGANELLE_TRANSPORT_ALONG_MICROTUBULE",1,"Up",0.348262694335145,0.838801310577955
"GOBP_P_BODY_ASSEMBLY",1,"Up",0.348262694335145,0.838801310577955
"GOBP_POSITIVE_REGULATION_OF_SPINDLE_ASSEMBLY",1,"Up",0.348262694335145,0.838801310577955
"GOBP_REGULATION_OF_METAPHASE_PLATE_CONGRESSION",1,"Up",0.348262694335145,0.838801310577955
"GOBP_REGULATION_OF_GLUCAN_BIOSYNTHETIC_PROCESS",3,"Up",0.34895443852272,0.838801310577955
"GOBP_REGULATION_OF_GLYCOGEN_METABOLIC_PROCESS",3,"Up",0.34895443852272,0.838801310577955
"GOBP_POSITIVE_REGULATION_OF_POTASSIUM_ION_TRANSPORT",5,"Up",0.349025615291703,0.838801310577955
"GOBP_ADAPTATION_OF_SIGNALING_PATHWAY",1,"Up",0.349127774652785,0.838801310577955
"GOBP_NEGATIVE_REGULATION_OF_RELAXATION_OF_MUSCLE",1,"Up",0.349127774652785,0.838801310577955
"GOBP_POSITIVE_REGULATION_OF_CATECHOLAMINE_SECRETION",1,"Up",0.349127774652785,0.838801310577955
"GOBP_REGULATION_OF_THE_FORCE_OF_HEART_CONTRACTION_BY_CHEMICAL_SIGNAL",1,"Up",0.349127774652785,0.838801310577955
"GOBP_TACHYKININ_RECEPTOR_SIGNALING_PATHWAY",1,"Up",0.349127774652785,0.838801310577955
"GOBP_PLASMA_MEMBRANE_FUSION",1,"Up",0.349154542486051,0.838801310577955
"GOBP_POSITIVE_REGULATION_OF_RECEPTOR_RECYCLING",1,"Up",0.349154542486051,0.838801310577955
"GOBP_REGULATION_OF_RECEPTOR_RECYCLING",1,"Up",0.349154542486051,0.838801310577955
"GOBP_TRANSCYTOSIS",3,"Up",0.34921046488467,0.838801310577955
"GOBP_ANION_HOMEOSTASIS",3,"Up",0.349674453645119,0.838801310577955
"GOBP_SULFUR_COMPOUND_METABOLIC_PROCESS",12,"Up",0.350323097314566,0.838801310577955
"GOBP_POSITIVE_REGULATION_OF_CELL_SUBSTRATE_JUNCTION_ORGANIZATION",3,"Down",0.350725309576095,0.838801310577955
"GOBP_POSITIVE_REGULATION_OF_ENDOTHELIAL_CELL_DEVELOPMENT",1,"Up",0.350872108890538,0.838801310577955
"GOBP_REGULATION_OF_ENDOTHELIAL_CELL_DEVELOPMENT",1,"Up",0.350872108890538,0.838801310577955
"GOBP_REGULATION_OF_ENDOTHELIAL_CELL_DIFFERENTIATION",1,"Up",0.350872108890538,0.838801310577955
"GOBP_REGULATION_OF_EPITHELIAL_CELL_DIFFERENTIATION",1,"Up",0.350872108890538,0.838801310577955
"GOBP_NEGATIVE_REGULATION_OF_CILIUM_ASSEMBLY",1,"Up",0.350913649872367,0.838801310577955
"GOBP_REGULATION_OF_MICROTUBULE_BASED_MOVEMENT",1,"Up",0.350993495086816,0.838801310577955
"GOBP_REGULATION_OF_ORGANELLE_TRANSPORT_ALONG_MICROTUBULE",1,"Up",0.350993495086816,0.838801310577955
"GOBP_NEGATIVE_REGULATION_OF_AMYLOID_PRECURSOR_PROTEIN_CATABOLIC_PROCESS",7,"Up",0.351335621449254,0.838801310577955
"GOBP_IRE1_MEDIATED_UNFOLDED_PROTEIN_RESPONSE",1,"Up",0.351553003564989,0.838801310577955
"GOBP_NEGATIVE_REGULATION_OF_COLD_INDUCED_THERMOGENESIS",3,"Up",0.352888399515504,0.838801310577955
"GOBP_NEGATIVE_REGULATION_OF_PLATELET_DERIVED_GROWTH_FACTOR_RECEPTOR_SIGNALING_PATHWAY",2,"Down",0.353794259059776,0.838801310577955
"GOBP_REGULATION_OF_PLATELET_DERIVED_GROWTH_FACTOR_RECEPTOR_SIGNALING_PATHWAY",2,"Down",0.353794259059776,0.838801310577955
"GOBP_NEGATIVE_REGULATION_OF_EXOCYTOSIS",2,"Down",0.353894874658818,0.838801310577955
"GOBP_POSITIVE_REGULATION_OF_DNA_REPAIR",7,"Down",0.354199417654355,0.838801310577955
"GOBP_POSITIVE_REGULATION_OF_ACTIN_FILAMENT_DEPOLYMERIZATION",1,"Up",0.354586647506357,0.838801310577955
"GOBP_PROTEIN_LOCALIZATION_TO_ENDOSOME",1,"Up",0.354586647506357,0.838801310577955
"GOBP_REGULATION_OF_BARBED_END_ACTIN_FILAMENT_CAPPING",1,"Up",0.354586647506357,0.838801310577955
"GOBP_NEGATIVE_REGULATION_BY_HOST_OF_VIRAL_PROCESS",1,"Up",0.354724144501391,0.838801310577955
"GOBP_NEGATIVE_REGULATION_BY_HOST_OF_VIRAL_TRANSCRIPTION",1,"Up",0.354724144501391,0.838801310577955
"GOBP_VIRAL_TRANSCRIPTION",1,"Up",0.354724144501391,0.838801310577955
"GOBP_CELLULAR_RESPONSE_TO_PEPTIDE",19,"Down",0.354736302332591,0.838801310577955
"GOBP_CELLULAR_RESPONSE_TO_PEPTIDE_HORMONE_STIMULUS",19,"Down",0.354736302332591,0.838801310577955
"GOBP_DENSE_CORE_GRANULE_TRANSPORT",2,"Up",0.355000132169956,0.838801310577955
"GOBP_SECRETORY_GRANULE_LOCALIZATION",2,"Up",0.355000132169956,0.838801310577955
"GOBP_SIGNAL_TRANSDUCTION_IN_RESPONSE_TO_DNA_DAMAGE",4,"Down",0.355075268473533,0.838801310577955
"GOBP_POSITIVE_REGULATION_OF_NUCLEOBASE_CONTAINING_COMPOUND_METABOLIC_PROCESS",41,"Down",0.355187906305115,0.838801310577955
"GOBP_POSITIVE_REGULATION_OF_DNA_BIOSYNTHETIC_PROCESS",6,"Up",0.355609615015142,0.838801310577955
"GOBP_POSITIVE_REGULATION_OF_TELOMERE_MAINTENANCE_VIA_TELOMERE_LENGTHENING",6,"Up",0.355609615015142,0.838801310577955
"GOBP_REGULATION_OF_DNA_BIOSYNTHETIC_PROCESS",6,"Up",0.355609615015142,0.838801310577955
"GOBP_REGULATION_OF_TELOMERE_MAINTENANCE_VIA_TELOMERE_LENGTHENING",6,"Up",0.355609615015142,0.838801310577955
"GOBP_POSITIVE_REGULATION_OF_SYNAPTIC_PLASTICITY",1,"Up",0.355791809243411,0.838801310577955
"GOBP_RESPONSE_TO_INSECTICIDE",1,"Up",0.355791809243411,0.838801310577955
"GOBP_RESPONSE_TO_VITAMIN_A",1,"Up",0.355791809243411,0.838801310577955
"GOBP_RELAXATION_OF_SMOOTH_MUSCLE",2,"Up",0.356374409108801,0.838801310577955
"GOBP_PYRUVATE_METABOLIC_PROCESS",9,"Up",0.356862285560882,0.838801310577955
"GOBP_ASYMMETRIC_CELL_DIVISION",2,"Up",0.357454296898964,0.838801310577955
"GOBP_CHLORIDE_TRANSPORT",2,"Up",0.358807270777926,0.838801310577955
"GOBP_NEUROMUSCULAR_PROCESS",6,"Up",0.358842605379019,0.838801310577955
"GOBP_CELLULAR_GLUCAN_METABOLIC_PROCESS",10,"Down",0.35921190945154,0.838801310577955
"GOBP_ENERGY_RESERVE_METABOLIC_PROCESS",10,"Down",0.35921190945154,0.838801310577955
"GOBP_POSITIVE_REGULATION_OF_PROTEIN_EXPORT_FROM_NUCLEUS",3,"Up",0.359356894271467,0.838801310577955
"GOBP_COMMON_PARTNER_SMAD_PROTEIN_PHOSPHORYLATION",1,"Up",0.359604968521819,0.838801310577955
"GOBP_REGULATION_OF_SMAD_PROTEIN_SIGNAL_TRANSDUCTION",1,"Up",0.359604968521819,0.838801310577955
"GOBP_SMAD_PROTEIN_SIGNAL_TRANSDUCTION",1,"Up",0.359604968521819,0.838801310577955
"GOBP_CORTICAL_CYTOSKELETON_ORGANIZATION",7,"Up",0.359782106274067,0.838801310577955
"GOBP_REGULATION_OF_GENERATION_OF_PRECURSOR_METABOLITES_AND_ENERGY",9,"Up",0.359964324322699,0.838801310577955
"GOBP_NUCLEOTIDE_EXCISION_REPAIR",2,"Up",0.360707411205821,0.838801310577955
"GOBP_REGULATION_OF_PROTEIN_LOCALIZATION_TO_SYNAPSE",2,"Up",0.361945539586013,0.838801310577955
"GOBP_REGULATION_OF_BLOOD_CIRCULATION",14,"Up",0.362175775743501,0.838801310577955
"GOBP_MESENCHYMAL_STEM_CELL_PROLIFERATION",1,"Up",0.362246447476978,0.838801310577955
"GOBP_NEGATIVE_REGULATION_OF_FAT_CELL_DIFFERENTIATION",1,"Up",0.362246447476978,0.838801310577955
"GOBP_POSITIVE_REGULATION_OF_EPITHELIAL_TO_MESENCHYMAL_TRANSITION",1,"Up",0.362246447476978,0.838801310577955
"GOBP_POSITIVE_REGULATION_OF_INTEGRIN_ACTIVATION",1,"Up",0.362246447476978,0.838801310577955
"GOBP_POSITIVE_REGULATION_OF_MESENCHYMAL_STEM_CELL_PROLIFERATION",1,"Up",0.362246447476978,0.838801310577955
"GOBP_POSITIVE_REGULATION_OF_STEM_CELL_PROLIFERATION",1,"Up",0.362246447476978,0.838801310577955
"GOBP_POSITIVE_REGULATION_OF_STRESS_FIBER_ASSEMBLY",1,"Up",0.362246447476978,0.838801310577955
"GOBP_POSITIVE_REGULATION_OF_WOUND_HEALING_SPREADING_OF_EPIDERMAL_CELLS",1,"Up",0.362246447476978,0.838801310577955
"GOBP_REGULATION_OF_FAT_CELL_DIFFERENTIATION",1,"Up",0.362246447476978,0.838801310577955
"GOBP_REGULATION_OF_INTEGRIN_ACTIVATION",1,"Up",0.362246447476978,0.838801310577955
"GOBP_REGULATION_OF_STEM_CELL_PROLIFERATION",1,"Up",0.362246447476978,0.838801310577955
"GOBP_STEM_CELL_PROLIFERATION",1,"Up",0.362246447476978,0.838801310577955
"GOBP_POLYOL_BIOSYNTHETIC_PROCESS",4,"Down",0.362380769572335,0.838801310577955
"GOBP_MONOAMINE_TRANSPORT",7,"Up",0.362441598439079,0.838801310577955
"GOBP_SCHWANN_CELL_DEVELOPMENT",2,"Up",0.363323161474283,0.838801310577955
"GOBP_SCHWANN_CELL_DIFFERENTIATION",2,"Up",0.363323161474283,0.838801310577955
"GOBP_CHROMOSOME_SEPARATION",2,"Up",0.363498295290217,0.838801310577955
"GOBP_METAPHASE_ANAPHASE_TRANSITION_OF_CELL_CYCLE",2,"Up",0.363498295290217,0.838801310577955
"GOBP_NEGATIVE_REGULATION_OF_METAPHASE_ANAPHASE_TRANSITION_OF_CELL_CYCLE",2,"Up",0.363498295290217,0.838801310577955
"GOBP_POSITIVE_REGULATION_OF_CELL_CYCLE_CHECKPOINT",2,"Up",0.363498295290217,0.838801310577955
"GOBP_POSITIVE_REGULATION_OF_MITOTIC_CELL_CYCLE_SPINDLE_ASSEMBLY_CHECKPOINT",2,"Up",0.363498295290217,0.838801310577955
"GOBP_REGULATION_OF_CELL_CYCLE_CHECKPOINT",2,"Up",0.363498295290217,0.838801310577955
"GOBP_REGULATION_OF_CHROMOSOME_SEPARATION",2,"Up",0.363498295290217,0.838801310577955
"GOBP_REGULATION_OF_MITOTIC_CELL_CYCLE_SPINDLE_ASSEMBLY_CHECKPOINT",2,"Up",0.363498295290217,0.838801310577955
"GOBP_REGULATION_OF_MITOTIC_SISTER_CHROMATID_SEGREGATION",2,"Up",0.363498295290217,0.838801310577955
"GOBP_PURINE_CONTAINING_COMPOUND_METABOLIC_PROCESS",19,"Up",0.36360456527343,0.838801310577955
"GOBP_VASCULAR_ASSOCIATED_SMOOTH_MUSCLE_CELL_PROLIFERATION",2,"Down",0.363674565497456,0.838801310577955
"GOBP_REGULATION_OF_CELL_MORPHOGENESIS_INVOLVED_IN_DIFFERENTIATION",9,"Down",0.363972688461015,0.838801310577955
"GOBP_REGULATION_OF_CELLULAR_RESPONSE_TO_STRESS",27,"Down",0.364198049774543,0.838801310577955
"GOBP_REGULATION_OF_AXON_DIAMETER",1,"Up",0.364259313454399,0.838801310577955
"GOBP_REGULATION_OF_CELL_PROJECTION_SIZE",1,"Up",0.364259313454399,0.838801310577955
"GOBP_RESPONSE_TO_ARSENIC_CONTAINING_SUBSTANCE",1,"Up",0.364259313454399,0.838801310577955
"GOBP_RESPONSE_TO_SALT",1,"Up",0.364259313454399,0.838801310577955
"GOBP_RESPONSE_TO_SODIUM_ARSENITE",1,"Up",0.364259313454399,0.838801310577955
"GOBP_PROTEIN_DNA_COMPLEX_ASSEMBLY",3,"Up",0.365918266965276,0.838801310577955
"GOBP_DENDRITE_EXTENSION",4,"Down",0.366013963953511,0.838801310577955
"GOBP_REGULATION_OF_DENDRITE_EXTENSION",4,"Down",0.366013963953511,0.838801310577955
"GOBP_MITOTIC_CELL_CYCLE_PHASE_TRANSITION",19,"Down",0.366085393089087,0.838801310577955
"GOBP_POSITIVE_REGULATION_OF_EXTRACELLULAR_MATRIX_DISASSEMBLY",1,"Up",0.366427003536902,0.838801310577955
"GOBP_REGULATION_OF_EXTRACELLULAR_MATRIX_DISASSEMBLY",1,"Up",0.366427003536902,0.838801310577955
"GOBP_HEMATOPOIETIC_PROGENITOR_CELL_DIFFERENTIATION",2,"Up",0.366531294633681,0.838801310577955
"GOBP_REGULATION_OF_HOMOTYPIC_CELL_CELL_ADHESION",6,"Down",0.366916107200613,0.838801310577955
"GOBP_POSITIVE_REGULATION_OF_ERYTHROCYTE_DIFFERENTIATION",2,"Up",0.366988806920289,0.838801310577955
"GOBP_POSITIVE_REGULATION_OF_MYELOID_CELL_DIFFERENTIATION",2,"Up",0.366988806920289,0.838801310577955
"GOBP_REGULATION_OF_ERYTHROCYTE_DIFFERENTIATION",2,"Up",0.366988806920289,0.838801310577955
"GOBP_ADP_TRANSPORT",2,"Up",0.367420227057562,0.838801310577955
"GOBP_MITOCHONDRIAL_ADP_TRANSMEMBRANE_TRANSPORT",2,"Up",0.367420227057562,0.838801310577955
"GOBP_NUCLEOBASE_TRANSPORT",2,"Up",0.367420227057562,0.838801310577955
"GOBP_NUCLEOTIDE_TRANSMEMBRANE_TRANSPORT",2,"Up",0.367420227057562,0.838801310577955
"GOBP_PURINE_CONTAINING_COMPOUND_TRANSMEMBRANE_TRANSPORT",2,"Up",0.367420227057562,0.838801310577955
"GOBP_CELLULAR_RESPONSE_TO_ALCOHOL",2,"Up",0.367645479560272,0.838801310577955
"GOBP_NEGATIVE_REGULATION_OF_SPROUTING_ANGIOGENESIS",1,"Up",0.36827464227273,0.838801310577955
"GOBP_NEGATIVE_REGULATION_OF_DENDRITIC_SPINE_MORPHOGENESIS",1,"Up",0.36868784107916,0.838801310577955
"GOBP_CELL_KILLING",7,"Up",0.368900877411687,0.838801310577955
"GOBP_PRODUCTION_OF_MOLECULAR_MEDIATOR_OF_IMMUNE_RESPONSE",5,"Up",0.36964853411694,0.838801310577955
"GOBP_REGULATION_OF_PRODUCTION_OF_MOLECULAR_MEDIATOR_OF_IMMUNE_RESPONSE",5,"Up",0.36964853411694,0.838801310577955
"GOBP_UBIQUITIN_INDEPENDENT_PROTEIN_CATABOLIC_PROCESS_VIA_THE_MULTIVESICULAR_BODY_SORTING_PATHWAY",3,"Up",0.369662034224561,0.838801310577955
"GOBP_RESPONSE_TO_ETHANOL",3,"Up",0.37016462245315,0.838801310577955
"GOBP_PROTEIN_LOCALIZATION_TO_CELL_SURFACE",8,"Up",0.370630860486696,0.838801310577955
"GOBP_ANTIGEN_PROCESSING_AND_PRESENTATION",3,"Up",0.371123574282107,0.838801310577955
"GOBP_NEUROGENESIS",100,"Up",0.371127588167789,0.838801310577955
"GOBP_NEGATIVE_REGULATION_OF_CELL_CYCLE_PROCESS",8,"Up",0.371340897531162,0.838801310577955
"GOBP_EMBRYONIC_PLACENTA_DEVELOPMENT",2,"Down",0.371512711899835,0.838801310577955
"GOBP_LABYRINTHINE_LAYER_DEVELOPMENT",2,"Down",0.371512711899835,0.838801310577955
"GOBP_POSITIVE_REGULATION_OF_PROTEIN_CONTAINING_COMPLEX_DISASSEMBLY",4,"Down",0.371558536421386,0.838801310577955
"GOBP_TAXIS",28,"Down",0.372372362975505,0.838801310577955
"GOBP_CELLULAR_CARBOHYDRATE_CATABOLIC_PROCESS",6,"Up",0.372519823856031,0.838801310577955
"GOBP_ANTEROGRADE_NEURONAL_DENSE_CORE_VESICLE_TRANSPORT",1,"Up",0.372716229453298,0.838801310577955
"GOBP_CYTOPLASM_ORGANIZATION",1,"Up",0.372716229453298,0.838801310577955
"GOBP_POSITIVE_REGULATION_OF_SYNAPTIC_TRANSMISSION_GABAERGIC",1,"Up",0.372716229453298,0.838801310577955
"GOBP_MEMBRANE_RAFT_ASSEMBLY",3,"Up",0.372791886806874,0.838801310577955
"GOBP_MEMBRANE_RAFT_ORGANIZATION",3,"Up",0.372791886806874,0.838801310577955
"GOBP_POSITIVE_REGULATION_OF_NON_MOTILE_CILIUM_ASSEMBLY",1,"Up",0.372988511931323,0.838801310577955
"GOBP_NEGATIVE_REGULATION_OF_CELLULAR_RESPONSE_TO_OXIDATIVE_STRESS",2,"Up",0.373129387040349,0.838801310577955
"GOBP_NEGATIVE_REGULATION_OF_PEPTIDYL_CYSTEINE_S_NITROSYLATION",2,"Up",0.373129387040349,0.838801310577955
"GOBP_PROTEIN_NITROSYLATION",2,"Up",0.373129387040349,0.838801310577955
"GOBP_REGULATION_OF_PEPTIDYL_CYSTEINE_S_NITROSYLATION",2,"Up",0.373129387040349,0.838801310577955
"GOBP_GLYCOPROTEIN_BIOSYNTHETIC_PROCESS",2,"Down",0.373462822345128,0.838801310577955
"GOBP_GLYCOSYLATION",2,"Down",0.373462822345128,0.838801310577955
"GOBP_POSITIVE_REGULATION_OF_GLYCOPROTEIN_METABOLIC_PROCESS",2,"Down",0.373462822345128,0.838801310577955
"GOBP_POSITIVE_REGULATION_OF_PROTEIN_GLYCOSYLATION",2,"Down",0.373462822345128,0.838801310577955
"GOBP_REGULATION_OF_GLYCOPROTEIN_METABOLIC_PROCESS",2,"Down",0.373462822345128,0.838801310577955
"GOBP_REGULATION_OF_PROTEIN_GLYCOSYLATION",2,"Down",0.373462822345128,0.838801310577955
"GOBP_NEGATIVE_REGULATION_OF_MUSCLE_CONTRACTION",3,"Up",0.373518982658121,0.838801310577955
"GOBP_CARDIAC_MUSCLE_CELL_ACTION_POTENTIAL",9,"Up",0.373670681194088,0.838801310577955
"GOBP_REGULATION_OF_CELL_CYCLE",44,"Down",0.373677844354845,0.838801310577955
"GOBP_PROTEIN_LOCALIZATION_TO_CELL_PERIPHERY",43,"Up",0.373692263395639,0.838801310577955
"GOBP_COLUMNAR_CUBOIDAL_EPITHELIAL_CELL_DEVELOPMENT",3,"Up",0.373742631242361,0.838801310577955
"GOBP_DNA_MODIFICATION",3,"Down",0.374137182679314,0.838801310577955
"GOBP_AMYLOID_BETA_CLEARANCE_BY_TRANSCYTOSIS",2,"Up",0.37433546391205,0.838801310577955
"GOBP_PHOSPHATIDIC_ACID_METABOLIC_PROCESS",3,"Up",0.374385977856656,0.838801310577955
"GOBP_HEMOSTASIS",15,"Up",0.374637724309416,0.838801310577955
"GOBP_NUCLEAR_ENVELOPE_ORGANIZATION",5,"Down",0.375211523312457,0.838801310577955
"GOBP_NUCLEAR_MEMBRANE_ORGANIZATION",5,"Down",0.375211523312457,0.838801310577955
"GOBP_TUBE_DEVELOPMENT",31,"Down",0.375430244487731,0.838801310577955
"GOBP_NEGATIVE_REGULATION_OF_SMOOTH_MUSCLE_CELL_MIGRATION",2,"Down",0.375494363400044,0.838801310577955
"GOBP_MITOPHAGY",9,"Up",0.375651240188718,0.838801310577955
"GOBP_POSITIVE_REGULATION_OF_ADAPTIVE_IMMUNE_RESPONSE",4,"Down",0.376216400039377,0.838801310577955
"GOBP_MICROTUBULE_NUCLEATION",6,"Up",0.376450583739566,0.838801310577955
"GOBP_LYTIC_VACUOLE_ORGANIZATION",3,"Down",0.376959862121136,0.838801310577955
"GOBP_VESICLE_LOCALIZATION",31,"Up",0.377003816824648,0.838801310577955
"GOBP_POSITIVE_REGULATION_OF_APOPTOTIC_SIGNALING_PATHWAY",6,"Down",0.377232446284083,0.838801310577955
"GOBP_POSITIVE_REGULATION_OF_NEURON_DEATH",2,"Up",0.377810217064947,0.838801310577955
"GOBP_REGULATION_OF_CELLULAR_RESPONSE_TO_HEAT",2,"Up",0.377810217064947,0.838801310577955
"GOBP_REGULATION_OF_SUBSTRATE_ADHESION_DEPENDENT_CELL_SPREADING",5,"Up",0.37885191998297,0.838801310577955
"GOBP_REGULATION_OF_APOPTOTIC_SIGNALING_PATHWAY",14,"Down",0.378945028289452,0.838801310577955
"GOBP_APOPTOTIC_CELL_CLEARANCE",2,"Down",0.379866473517788,0.838801310577955
"GOBP_REGULATION_OF_APOPTOTIC_CELL_CLEARANCE",2,"Down",0.379866473517788,0.838801310577955
"GOBP_ACID_SECRETION",2,"Up",0.380158054229049,0.838801310577955
"GOBP_REGULATION_OF_EXTENT_OF_CELL_GROWTH",11,"Up",0.380336665088807,0.838801310577955
"GOBP_RESPONSE_TO_AXON_INJURY",5,"Up",0.38094522830046,0.838801310577955
"GOBP_LIPID_LOCALIZATION",19,"Down",0.381577527625916,0.838801310577955
"GOBP_ANTEROGRADE_AXONAL_TRANSPORT",9,"Up",0.382484701150228,0.838801310577955
"GOBP_SKELETAL_MUSCLE_ORGAN_DEVELOPMENT",7,"Up",0.38310572382415,0.838801310577955
"GOBP_INORGANIC_ANION_TRANSPORT",3,"Up",0.383538871904296,0.838801310577955
"GOBP_WOUND_HEALING",32,"Up",0.38389744799113,0.838801310577955
"GOBP_T_TUBULE_ORGANIZATION",2,"Up",0.384610565328729,0.838801310577955
"GOBP_NEGATIVE_REGULATION_OF_I_KAPPAB_KINASE_NF_KAPPAB_SIGNALING",2,"Down",0.385122817924517,0.838801310577955
"GOBP_REGULATION_OF_RESPONSE_TO_STRESS",50,"Down",0.385194460369607,0.838801310577955
"GOBP_EMBRYONIC_FORELIMB_MORPHOGENESIS",1,"Up",0.386402913586468,0.838801310577955
"GOBP_FORELIMB_MORPHOGENESIS",1,"Up",0.386402913586468,0.838801310577955
"GOBP_COMMISSURAL_NEURON_AXON_GUIDANCE",1,"Up",0.387126996723573,0.838801310577955
"GOBP_RESPONSE_TO_GROWTH_FACTOR",32,"Down",0.38861082198366,0.838801310577955
"GOBP_MICROVILLUS_ASSEMBLY",1,"Up",0.389530249717623,0.838801310577955
"GOBP_MICROVILLUS_ORGANIZATION",1,"Up",0.389530249717623,0.838801310577955
"GOBP_POSITIVE_REGULATION_OF_JNK_CASCADE",1,"Up",0.389530249717623,0.838801310577955
"GOBP_REGULATION_OF_AMPA_RECEPTOR_ACTIVITY",1,"Up",0.389530249717623,0.838801310577955
"GOBP_REGULATION_OF_NEUROTRANSMITTER_RECEPTOR_ACTIVITY",1,"Up",0.389530249717623,0.838801310577955
"GOBP_GLUCOSE_6_PHOSPHATE_METABOLIC_PROCESS",2,"Up",0.389561366078409,0.838801310577955
"GOBP_VENTRAL_SPINAL_CORD_DEVELOPMENT",2,"Up",0.389977361227691,0.838801310577955
"GOBP_BERGMANN_GLIAL_CELL_DIFFERENTIATION",1,"Up",0.39003211772322,0.838801310577955
"GOBP_CARDIAC_NEURAL_CREST_CELL_DIFFERENTIATION_INVOLVED_IN_HEART_DEVELOPMENT",1,"Up",0.39003211772322,0.838801310577955
"GOBP_CELLULAR_RESPONSE_TO_CADMIUM_ION",1,"Up",0.39003211772322,0.838801310577955
"GOBP_DNA_DAMAGE_INDUCED_PROTEIN_PHOSPHORYLATION",1,"Up",0.39003211772322,0.838801310577955
"GOBP_EAR_MORPHOGENESIS",1,"Up",0.39003211772322,0.838801310577955
"GOBP_FACE_DEVELOPMENT",1,"Up",0.39003211772322,0.838801310577955
"GOBP_INTERLEUKIN_1_MEDIATED_SIGNALING_PATHWAY",1,"Up",0.39003211772322,0.838801310577955
"GOBP_LIPOPOLYSACCHARIDE_MEDIATED_SIGNALING_PATHWAY",1,"Up",0.39003211772322,0.838801310577955
"GOBP_LUNG_MORPHOGENESIS",1,"Up",0.39003211772322,0.838801310577955
"GOBP_MACROPHAGE_CHEMOTAXIS",1,"Up",0.39003211772322,0.838801310577955
"GOBP_MACROPHAGE_MIGRATION",1,"Up",0.39003211772322,0.838801310577955
"GOBP_MACROPHAGE_PROLIFERATION",1,"Up",0.39003211772322,0.838801310577955
"GOBP_OUTER_EAR_MORPHOGENESIS",1,"Up",0.39003211772322,0.838801310577955
"GOBP_PEPTIDYL_TYROSINE_AUTOPHOSPHORYLATION",1,"Up",0.39003211772322,0.838801310577955
"GOBP_POSITIVE_REGULATION_OF_CYCLASE_ACTIVITY",1,"Up",0.39003211772322,0.838801310577955
"GOBP_POSITIVE_REGULATION_OF_HISTONE_PHOSPHORYLATION",1,"Up",0.39003211772322,0.838801310577955
"GOBP_POSITIVE_REGULATION_OF_MACROPHAGE_CHEMOTAXIS",1,"Up",0.39003211772322,0.838801310577955
"GOBP_POSITIVE_REGULATION_OF_MACROPHAGE_MIGRATION",1,"Up",0.39003211772322,0.838801310577955
"GOBP_REGULATION_OF_HISTONE_PHOSPHORYLATION",1,"Up",0.39003211772322,0.838801310577955
"GOBP_REGULATION_OF_MACROPHAGE_CHEMOTAXIS",1,"Up",0.39003211772322,0.838801310577955
"GOBP_REGULATION_OF_MACROPHAGE_MIGRATION",1,"Up",0.39003211772322,0.838801310577955
"GOBP_REGULATION_OF_MACROPHAGE_PROLIFERATION",1,"Up",0.39003211772322,0.838801310577955
"GOBP_RESPONSE_TO_CADMIUM_ION",1,"Up",0.39003211772322,0.838801310577955
"GOBP_THYMUS_DEVELOPMENT",1,"Up",0.39003211772322,0.838801310577955
"GOBP_THYROID_GLAND_DEVELOPMENT",1,"Up",0.39003211772322,0.838801310577955
"GOBP_TRACHEA_DEVELOPMENT",1,"Up",0.39003211772322,0.838801310577955
"GOBP_TRACHEA_FORMATION",1,"Up",0.39003211772322,0.838801310577955
"GOBP_TRACHEA_MORPHOGENESIS",1,"Up",0.39003211772322,0.838801310577955
"GOBP_NEGATIVE_REGULATION_OF_AUTOPHAGY",8,"Up",0.390266148337703,0.838801310577955
"GOBP_MAINTENANCE_OF_APICAL_BASAL_CELL_POLARITY",2,"Up",0.390485143165205,0.838801310577955
"GOBP_GLAND_DEVELOPMENT",7,"Up",0.390739797593863,0.838801310577955
"GOBP_POSITIVE_REGULATION_OF_MITOPHAGY",3,"Up",0.390825169963202,0.838801310577955
"GOBP_NEGATIVE_REGULATION_OF_PROTEIN_K63_LINKED_UBIQUITINATION",1,"Up",0.391415473540333,0.838801310577955
"GOBP_NEGATIVE_REGULATION_OF_PROTEIN_POLYUBIQUITINATION",1,"Up",0.391415473540333,0.838801310577955
"GOBP_POSITIVE_REGULATION_OF_NEURON_MIGRATION",1,"Up",0.391415473540333,0.838801310577955
"GOBP_POSITIVE_REGULATION_OF_PHOSPHOLIPASE_A2_ACTIVITY",1,"Up",0.391415473540333,0.838801310577955
"GOBP_REGULATION_OF_PHOSPHOLIPASE_A2_ACTIVITY",1,"Up",0.391415473540333,0.838801310577955
"GOBP_REGULATION_OF_PROTEIN_K63_LINKED_UBIQUITINATION",1,"Up",0.391415473540333,0.838801310577955
"GOBP_REGULATION_OF_PROTEIN_POLYUBIQUITINATION",1,"Up",0.391415473540333,0.838801310577955
"GOBP_UBIQUITIN_RECYCLING",1,"Up",0.391415473540333,0.838801310577955
"GOBP_ENDODERM_DEVELOPMENT",3,"Down",0.391521401763787,0.838801310577955
"GOBP_ENDODERM_FORMATION",3,"Down",0.391521401763787,0.838801310577955
"GOBP_ENDODERMAL_CELL_DIFFERENTIATION",3,"Down",0.391521401763787,0.838801310577955
"GOBP_REGULATION_OF_CELL_SHAPE",13,"Up",0.3917005178045,0.838801310577955
"GOBP_ACTOMYOSIN_CONTRACTILE_RING_ORGANIZATION",2,"Up",0.391827467953212,0.838801310577955
"GOBP_CELL_ADHESION_MOLECULE_PRODUCTION",1,"Up",0.391977651712072,0.838801310577955
"GOBP_CELLULAR_RESPONSE_TO_DSRNA",1,"Up",0.391977651712072,0.838801310577955
"GOBP_CELLULAR_RESPONSE_TO_EXOGENOUS_DSRNA",1,"Up",0.391977651712072,0.838801310577955
"GOBP_POSITIVE_REGULATION_OF_CELL_ADHESION_MOLECULE_PRODUCTION",1,"Up",0.391977651712072,0.838801310577955
"GOBP_POSITIVE_REGULATION_OF_MUSCLE_TISSUE_DEVELOPMENT",1,"Up",0.391977651712072,0.838801310577955
"GOBP_POSITIVE_REGULATION_OF_SKELETAL_MUSCLE_TISSUE_DEVELOPMENT",1,"Up",0.391977651712072,0.838801310577955
"GOBP_POSITIVE_REGULATION_OF_TOLL_LIKE_RECEPTOR_3_SIGNALING_PATHWAY",1,"Up",0.391977651712072,0.838801310577955
"GOBP_REGULATION_OF_SKELETAL_MUSCLE_TISSUE_DEVELOPMENT",1,"Up",0.391977651712072,0.838801310577955
"GOBP_REGULATION_OF_SYNAPTIC_TRANSMISSION_DOPAMINERGIC",1,"Up",0.391977651712072,0.838801310577955
"GOBP_REGULATION_OF_TOLL_LIKE_RECEPTOR_4_SIGNALING_PATHWAY",1,"Up",0.391977651712072,0.838801310577955
"GOBP_RHYTHMIC_PROCESS",9,"Down",0.392006972955325,0.838801310577955
"GOBP_SPINDLE_LOCALIZATION",10,"Up",0.392049221938787,0.838801310577955
"GOBP_DNA_RECOMBINATION",8,"Down",0.39293693204536,0.838801310577955
"GOBP_VASCULAR_ENDOTHELIAL_GROWTH_FACTOR_RECEPTOR_SIGNALING_PATHWAY",4,"Down",0.393024784763131,0.838801310577955
"GOBP_REGULATION_OF_CELLULAR_CARBOHYDRATE_CATABOLIC_PROCESS",2,"Up",0.393810072416388,0.838801310577955
"GOBP_VESICLE_ORGANIZATION",40,"Down",0.394180679058604,0.838801310577955
"GOBP_AXO_DENDRITIC_TRANSPORT",16,"Up",0.39439530993761,0.838801310577955
"GOBP_CHAPERONE_COFACTOR_DEPENDENT_PROTEIN_REFOLDING",4,"Down",0.395314072467592,0.838801310577955
"GOBP_DE_NOVO_PROTEIN_FOLDING",4,"Down",0.395314072467592,0.838801310577955
"GOBP_PHOSPHATIDYLINOSITOL_DEPHOSPHORYLATION",1,"Up",0.395426016679586,0.838801310577955
"GOBP_NUCLEOBASE_CONTAINING_COMPOUND_TRANSPORT",10,"Up",0.396025389918255,0.838801310577955
"GOBP_POSITIVE_REGULATION_OF_MUSCLE_CELL_APOPTOTIC_PROCESS",2,"Up",0.396213805206434,0.838801310577955
"GOBP_POSITIVE_REGULATION_OF_STRIATED_MUSCLE_CELL_APOPTOTIC_PROCESS",2,"Up",0.396213805206434,0.838801310577955
"GOBP_POSITIVE_REGULATION_OF_PEPTIDYL_SERINE_PHOSPHORYLATION",4,"Down",0.396450573782525,0.838801310577955
"GOBP_CARDIAC_CONDUCTION",10,"Up",0.396637158413802,0.838801310577955
"GOBP_NEGATIVE_REGULATION_OF_CELLULAR_COMPONENT_ORGANIZATION",65,"Up",0.396911723719473,0.838801310577955
"GOBP_GENERATION_OF_PRECURSOR_METABOLITES_AND_ENERGY",30,"Up",0.397303045705469,0.838801310577955
"GOBP_POSITIVE_REGULATION_OF_CELLULAR_AMIDE_METABOLIC_PROCESS",8,"Down",0.398281612583199,0.838801310577955
"GOBP_CELL_SURFACE_RECEPTOR_SIGNALING_PATHWAY_INVOLVED_IN_CELL_CELL_SIGNALING",20,"Down",0.398327614408555,0.838801310577955
"GOBP_NEGATIVE_REGULATION_OF_PROTEIN_CONTAINING_COMPLEX_ASSEMBLY",21,"Up",0.398513265292929,0.838801310577955
"GOBP_C_TERMINAL_PROTEIN_AMINO_ACID_MODIFICATION",1,"Up",0.398718162704018,0.838801310577955
"GOBP_C_TERMINAL_PROTEIN_LIPIDATION",1,"Up",0.398718162704018,0.838801310577955
"GOBP_DNA_REPLICATION",5,"Down",0.398849935212425,0.838801310577955
"GOBP_PLATELET_DERIVED_GROWTH_FACTOR_RECEPTOR_SIGNALING_PATHWAY",4,"Down",0.398904471694286,0.838801310577955
"GOBP_CATION_TRANSPORT",55,"Up",0.398942765039997,0.838801310577955
"GOBP_NUCLEOSIDE_TRIPHOSPHATE_METABOLIC_PROCESS",3,"Up",0.399135375304696,0.838801310577955
"GOBP_RIBONUCLEOSIDE_TRIPHOSPHATE_METABOLIC_PROCESS",3,"Up",0.399135375304696,0.838801310577955
"GOBP_NEGATIVE_REGULATION_OF_CELLULAR_AMIDE_METABOLIC_PROCESS",12,"Up",0.399242831763599,0.838801310577955
"GOBP_ADHERENS_JUNCTION_ORGANIZATION",9,"Up",0.400148578242168,0.838801310577955
"GOBP_STEM_CELL_DIFFERENTIATION",7,"Up",0.401305568152906,0.838801310577955
"GOBP_POSITIVE_REGULATION_OF_TRANSPORTER_ACTIVITY",10,"Down",0.401600997482254,0.838801310577955
"GOBP_PROTEIN_DEPHOSPHORYLATION",22,"Down",0.401674387666822,0.838801310577955
"GOBP_INTERLEUKIN_17_PRODUCTION",2,"Down",0.40201287493847,0.838801310577955
"GOBP_POSITIVE_REGULATION_OF_INTERLEUKIN_17_PRODUCTION",2,"Down",0.40201287493847,0.838801310577955
"GOBP_POSITIVE_REGULATION_OF_HEMOPOIESIS",2,"Up",0.402194646207534,0.838801310577955
"GOBP_POSITIVE_REGULATION_OF_LYMPHOCYTE_DIFFERENTIATION",2,"Up",0.402194646207534,0.838801310577955
"GOBP_REGULATION_OF_LYMPHOCYTE_DIFFERENTIATION",2,"Up",0.402194646207534,0.838801310577955
"GOBP_REGULATION_OF_T_CELL_DIFFERENTIATION",2,"Up",0.402194646207534,0.838801310577955
"GOBP_CALCIUM_ION_REGULATED_EXOCYTOSIS",7,"Up",0.403259789658377,0.838801310577955
"GOBP_NEUROTRANSMITTER_RECEPTOR_TRANSPORT_TO_PLASMA_MEMBRANE",3,"Up",0.403326641056918,0.838801310577955
"GOBP_PROTEIN_LOCALIZATION_TO_POSTSYNAPSE",3,"Up",0.403326641056918,0.838801310577955
"GOBP_REGULATION_OF_CALCIUM_ION_TRANSPORT",13,"Down",0.403371624289538,0.838801310577955
"GOBP_MONOVALENT_INORGANIC_CATION_HOMEOSTASIS",9,"Down",0.404342737587645,0.838801310577955
"GOBP_POSITIVE_REGULATION_OF_CELL_ADHESION",20,"Up",0.4043751833197,0.838801310577955
"GOBP_CELL_CELL_ADHESION_INVOLVED_IN_GASTRULATION",1,"Up",0.40496946569828,0.838801310577955
"GOBP_LYMPHOCYTE_MIGRATION_INTO_LYMPHOID_ORGANS",1,"Up",0.40496946569828,0.838801310577955
"GOBP_NEGATIVE_REGULATION_OF_CELL_ADHESION_MEDIATED_BY_INTEGRIN",1,"Up",0.40496946569828,0.838801310577955
"GOBP_NEGATIVE_REGULATION_OF_DIGESTIVE_SYSTEM_PROCESS",1,"Up",0.40496946569828,0.838801310577955
"GOBP_POSITIVE_REGULATION_OF_BLOOD_PRESSURE",1,"Up",0.40496946569828,0.838801310577955
"GOBP_POSITIVE_REGULATION_OF_SYSTEMIC_ARTERIAL_BLOOD_PRESSURE",1,"Up",0.40496946569828,0.838801310577955
"GOBP_REGULATION_OF_CELL_ADHESION_MEDIATED_BY_INTEGRIN",1,"Up",0.40496946569828,0.838801310577955
"GOBP_REGULATION_OF_CELL_CELL_ADHESION_MEDIATED_BY_INTEGRIN",1,"Up",0.40496946569828,0.838801310577955
"GOBP_REGULATION_OF_PANCREATIC_JUICE_SECRETION",1,"Up",0.40496946569828,0.838801310577955
"GOBP_CHROMOSOME_SEGREGATION",18,"Up",0.405415313855646,0.838801310577955
"GOBP_NEGATIVE_REGULATION_OF_STRIATED_MUSCLE_CONTRACTION",2,"Up",0.405767714386876,0.838801310577955
"GOBP_ANTERIOR_POSTERIOR_PATTERN_SPECIFICATION",2,"Up",0.406019625706293,0.838801310577955
"GOBP_SEGMENTATION",2,"Up",0.406019625706293,0.838801310577955
"GOBP_ENSHEATHMENT_OF_NEURONS",6,"Up",0.406573495966889,0.838801310577955
"GOBP_REGULATION_OF_ER_TO_GOLGI_VESICLE_MEDIATED_TRANSPORT",2,"Up",0.40733586736059,0.838801310577955
"GOBP_CELL_ACTIVATION",38,"Up",0.407461560387271,0.838801310577955
"GOBP_PROTEIN_TRANSPORT_TO_VACUOLE_INVOLVED_IN_UBIQUITIN_DEPENDENT_PROTEIN_CATABOLIC_PROCESS_VIA_THE_MULTIVESICULAR_BODY_SORTING_PATHWAY",2,"Up",0.407659062082596,0.838801310577955
"GOBP_REGULATION_OF_CELLULAR_RESPIRATION",2,"Down",0.407772125002013,0.838801310577955
"GOBP_MITOTIC_NUCLEAR_DIVISION",15,"Up",0.407835565072304,0.838801310577955
"GOBP_REGULATION_OF_LIPOPROTEIN_METABOLIC_PROCESS",1,"Up",0.408786013699213,0.838801310577955
"GOBP_REGULATION_OF_PROTEIN_LIPIDATION",1,"Up",0.408786013699213,0.838801310577955
"GOBP_OXALOACETATE_METABOLIC_PROCESS",2,"Up",0.409496273007212,0.838801310577955
"GOBP_DEFENSE_RESPONSE_TO_BACTERIUM",4,"Down",0.409976001152692,0.838801310577955
"GOBP_POSITIVE_REGULATION_OF_CILIUM_ASSEMBLY",2,"Up",0.410410580378231,0.838801310577955
"GOBP_SYNAPTIC_VESICLE_ENDOSOMAL_PROCESSING",2,"Down",0.410604093274483,0.838801310577955
"GOBP_SYNAPTIC_VESICLE_RECYCLING_VIA_ENDOSOME",2,"Down",0.410604093274483,0.838801310577955
"GOBP_GOLGI_TO_LYSOSOME_TRANSPORT",2,"Up",0.41089677056576,0.838801310577955
"GOBP_CELLULAR_RESPONSE_TO_STEROID_HORMONE_STIMULUS",12,"Down",0.410897532001782,0.838801310577955
"GOBP_NEGATIVE_REGULATION_OF_RECEPTOR_INTERNALIZATION",1,"Up",0.411895671316687,0.838801310577955
"GOBP_NEGATIVE_REGULATION_OF_RECEPTOR_MEDIATED_ENDOCYTOSIS",1,"Up",0.411895671316687,0.838801310577955
"GOBP_REGULATION_OF_PEPTIDYL_TYROSINE_PHOSPHORYLATION",7,"Down",0.412242889996488,0.838801310577955
"GOBP_NUCLEOTIDE_PHOSPHORYLATION",7,"Up",0.412439032082329,0.838801310577955
"GOBP_POSITIVE_REGULATION_OF_GLUCOKINASE_ACTIVITY",1,"Up",0.412534855495159,0.838801310577955
"GOBP_PROTEIN_AUTOUBIQUITINATION",1,"Up",0.41334101606255,0.838801310577955
"GOBP_UBIQUITIN_DEPENDENT_ENDOCYTOSIS",1,"Up",0.41334101606255,0.838801310577955
"GOBP_REGULATION_OF_TOR_SIGNALING",4,"Down",0.414055480211037,0.838801310577955
"GOBP_POSITIVE_REGULATION_OF_NEURAL_PRECURSOR_CELL_PROLIFERATION",2,"Down",0.414090887722956,0.838801310577955
"GOBP_CARDIAC_VENTRICLE_DEVELOPMENT",2,"Up",0.414421725520935,0.838801310577955
"GOBP_VENTRICULAR_SEPTUM_DEVELOPMENT",2,"Up",0.414421725520935,0.838801310577955
"GOBP_VIRAL_LIFE_CYCLE",20,"Up",0.414622628470627,0.838801310577955
"GOBP_TRANSMISSION_OF_NERVE_IMPULSE",6,"Up",0.414894271178139,0.838801310577955
"GOBP_COMPLEMENT_ACTIVATION_ALTERNATIVE_PATHWAY",2,"Down",0.415546139535789,0.838801310577955
"GOBP_COMPLEMENT_DEPENDENT_CYTOTOXICITY",2,"Down",0.415546139535789,0.838801310577955
"GOBP_HUMORAL_IMMUNE_RESPONSE_MEDIATED_BY_CIRCULATING_IMMUNOGLOBULIN",2,"Down",0.415546139535789,0.838801310577955
"GOBP_REGULATION_OF_TUBE_SIZE",3,"Up",0.41698465124447,0.838801310577955
"GOBP_MAINTENANCE_OF_LENS_TRANSPARENCY",1,"Up",0.417118806828008,0.838801310577955
"GOBP_RESPONSE_TO_ACTIVITY",3,"Down",0.417803394877167,0.838801310577955
"GOBP_EGG_ACTIVATION",1,"Up",0.418054005165297,0.838801310577955
"GOBP_MEIOTIC_SPINDLE_ORGANIZATION",1,"Up",0.418054005165297,0.838801310577955
"GOBP_MONOCYTE_DIFFERENTIATION",1,"Up",0.418054005165297,0.838801310577955
"GOBP_NEGATIVE_REGULATION_OF_REPRODUCTIVE_PROCESS",1,"Up",0.418054005165297,0.838801310577955
"GOBP_PLATELET_MORPHOGENESIS",1,"Up",0.418054005165297,0.838801310577955
"GOBP_POSITIVE_REGULATION_OF_PROTEIN_MATURATION",1,"Up",0.418054005165297,0.838801310577955
"GOBP_PREVENTION_OF_POLYSPERMY",1,"Up",0.418054005165297,0.838801310577955
"GOBP_REGULATION_OF_FERTILIZATION",1,"Up",0.418054005165297,0.838801310577955
"GOBP_REGULATION_OF_PROTEIN_MATURATION",1,"Up",0.418054005165297,0.838801310577955
"GOBP_RETINA_HOMEOSTASIS",2,"Down",0.418708000115508,0.838801310577955
"GOBP_CELLULAR_RESPONSE_TO_WATER_STIMULUS",1,"Up",0.419233059667657,0.838801310577955
"GOBP_PERIPHERAL_NERVOUS_SYSTEM_MYELIN_MAINTENANCE",1,"Up",0.419233059667657,0.838801310577955
"GOBP_RESPONSE_TO_FOOD",1,"Up",0.419233059667657,0.838801310577955
"GOBP_RESPONSE_TO_HYDROSTATIC_PRESSURE",1,"Up",0.419233059667657,0.838801310577955
"GOBP_RESPONSE_TO_WATER",1,"Up",0.419233059667657,0.838801310577955
"GOBP_SKELETAL_MYOFIBRIL_ASSEMBLY",1,"Up",0.419233059667657,0.838801310577955
"GOBP_REGULATION_OF_CELL_CYCLE_PHASE_TRANSITION",13,"Down",0.419801475872886,0.838801310577955
"GOBP_POSITIVE_REGULATION_OF_ATP_DEPENDENT_ACTIVITY",4,"Down",0.420266810253254,0.838801310577955
"GOBP_REGULATION_OF_ATP_DEPENDENT_ACTIVITY",4,"Down",0.420266810253254,0.838801310577955
"GOBP_REGULATION_OF_SYSTEM_PROCESS",23,"Up",0.420353356685327,0.838801310577955
"GOBP_NEURAL_CREST_CELL_MIGRATION",2,"Up",0.420781709179857,0.838801310577955
"GOBP_ESTABLISHMENT_OF_MEIOTIC_SPINDLE_LOCALIZATION",2,"Up",0.42124808786669,0.838801310577955
"GOBP_PHOSPHOLIPID_DEPHOSPHORYLATION",2,"Up",0.421256005727971,0.838801310577955
"GOBP_REGULATION_OF_HEART_CONTRACTION",13,"Up",0.421441448023908,0.838801310577955
"GOBP_NEGATIVE_REGULATION_OF_TRANSLATIONAL_INITIATION",2,"Up",0.421974393241566,0.838801310577955
"GOBP_ADENYLATE_CYCLASE_MODULATING_G_PROTEIN_COUPLED_RECEPTOR_SIGNALING_PATHWAY",5,"Up",0.422149271507292,0.838801310577955
"GOBP_AMEBOIDAL_TYPE_CELL_MIGRATION",19,"Down",0.422198882242036,0.838801310577955
"GOBP_VIRAL_GENOME_REPLICATION",6,"Up",0.422316087612129,0.838801310577955
"GOBP_REACTIVE_NITROGEN_SPECIES_METABOLIC_PROCESS",2,"Down",0.422903331566558,0.838801310577955
"GOBP_MEMBRANE_DISASSEMBLY",2,"Down",0.423191686688907,0.838801310577955
"GOBP_CLEAVAGE_FURROW_FORMATION",1,"Up",0.4232146660071,0.838801310577955
"GOBP_POSITIVE_REGULATION_OF_MEMBRANE_PROTEIN_ECTODOMAIN_PROTEOLYSIS",1,"Up",0.4232146660071,0.838801310577955
"GOBP_REGULATION_OF_MEMBRANE_PROTEIN_ECTODOMAIN_PROTEOLYSIS",1,"Up",0.4232146660071,0.838801310577955
"GOBP_PROTEIN_LOCALIZATION_TO_MICROTUBULE_ORGANIZING_CENTER",3,"Up",0.423865231415901,0.838801310577955
"GOBP_HEART_GROWTH",2,"Up",0.423946602595389,0.838801310577955
"GOBP_POSITIVE_REGULATION_OF_CELL_DIFFERENTIATION",34,"Up",0.424004007739429,0.838801310577955
"GOBP_REGULATION_OF_GENE_EXPRESSION_EPIGENETIC",4,"Down",0.424342220784092,0.838801310577955
"GOBP_BONE_GROWTH",2,"Up",0.424394583247551,0.838801310577955
"GOBP_PH_REDUCTION",2,"Down",0.42458217066622,0.838801310577955
"GOBP_VACUOLAR_ACIDIFICATION",2,"Down",0.42458217066622,0.838801310577955
"GOBP_NEGATIVE_REGULATION_OF_LEUKOCYTE_MIGRATION",1,"Up",0.424789286920004,0.838801310577955
"GOBP_NEGATIVE_REGULATION_OF_LYMPHOCYTE_MIGRATION",1,"Up",0.424789286920004,0.838801310577955
"GOBP_NEGATIVE_REGULATION_OF_MONONUCLEAR_CELL_MIGRATION",1,"Up",0.424789286920004,0.838801310577955
"GOBP_POSITIVE_REGULATION_OF_ACTIN_NUCLEATION",1,"Up",0.424789286920004,0.838801310577955
"GOBP_POSITIVE_REGULATION_OF_ARP2_3_COMPLEX_MEDIATED_ACTIN_NUCLEATION",1,"Up",0.424789286920004,0.838801310577955
"GOBP_NEGATIVE_REGULATION_OF_LEUKOCYTE_PROLIFERATION",2,"Up",0.424858939689337,0.838801310577955
"GOBP_NEGATIVE_REGULATION_OF_T_CELL_PROLIFERATION",2,"Up",0.424858939689337,0.838801310577955
"GOBP_INTRACELLULAR_TRANSPORT_OF_VIRUS",1,"Up",0.42498033527734,0.838801310577955
"GOBP_CALCIUM_MEDIATED_SIGNALING_USING_INTRACELLULAR_CALCIUM_SOURCE",1,"Up",0.425290787699518,0.838801310577955
"GOBP_ERYTHROCYTE_DEVELOPMENT",1,"Up",0.425290787699518,0.838801310577955
"GOBP_NEGATIVE_REGULATION_OF_PEPTIDYL_SERINE_PHOSPHORYLATION",1,"Up",0.425290787699518,0.838801310577955
"GOBP_NEGATIVE_REGULATION_OF_PROTEIN_TARGETING_TO_MEMBRANE",1,"Up",0.425290787699518,0.838801310577955
"GOBP_POSITIVE_REGULATION_OF_COAGULATION",1,"Up",0.425290787699518,0.838801310577955
"GOBP_POSITIVE_REGULATION_OF_INTEGRIN_MEDIATED_SIGNALING_PATHWAY",1,"Up",0.425290787699518,0.838801310577955
"GOBP_POSITIVE_REGULATION_OF_PLATELET_AGGREGATION",1,"Up",0.425290787699518,0.838801310577955
"GOBP_REGULATION_OF_INTEGRIN_MEDIATED_SIGNALING_PATHWAY",1,"Up",0.425290787699518,0.838801310577955
"GOBP_GLUCOSE_IMPORT_IN_RESPONSE_TO_INSULIN_STIMULUS",2,"Down",0.425675698349993,0.838801310577955
"GOBP_POSITIVE_REGULATION_OF_PROTEIN_LOCALIZATION_TO_NUCLEUS",9,"Up",0.425998480535227,0.838801310577955
"GOBP_METENCEPHALON_DEVELOPMENT",3,"Up",0.426015750625149,0.838801310577955
"GOBP_BIOLOGICAL_PROCESS_INVOLVED_IN_INTERACTION_WITH_SYMBIONT",4,"Up",0.426190575205485,0.838801310577955
"GOBP_PROTEIN_LOCALIZATION_TO_LYSOSOME",7,"Down",0.42640322915723,0.838801310577955
"GOBP_POSITIVE_REGULATION_OF_PROTEIN_METABOLIC_PROCESS",62,"Down",0.426460459511534,0.838801310577955
"GOBP_REGULATION_OF_HORMONE_SECRETION",10,"Up",0.427705483459225,0.838801310577955
"GOBP_SMOOTH_MUSCLE_CONTRACTION",3,"Up",0.427833406034757,0.838801310577955
"GOBP_EPIDERMAL_CELL_DIFFERENTIATION",5,"Down",0.427835976063524,0.838801310577955
"GOBP_NEGATIVE_REGULATION_OF_NF_KAPPAB_TRANSCRIPTION_FACTOR_ACTIVITY",4,"Down",0.428059791711756,0.838801310577955
"GOBP_MAINTENANCE_OF_PROTEIN_LOCATION_IN_CELL",6,"Down",0.428138264643166,0.838801310577955
"GOBP_CELLULAR_RESPONSE_TO_CALCIUM_ION",6,"Up",0.428255371041526,0.838801310577955
"GOBP_MESENCHYME_DEVELOPMENT",13,"Up",0.428677454958611,0.838801310577955
"GOBP_AMYLOID_BETA_FORMATION",6,"Up",0.429745140995918,0.838801310577955
"GOBP_AMYLOID_BETA_METABOLIC_PROCESS",6,"Up",0.429745140995918,0.838801310577955
"GOBP_POSITIVE_REGULATION_OF_NEURON_PROJECTION_DEVELOPMENT",10,"Down",0.429862681195121,0.838801310577955
"GOBP_RAC_PROTEIN_SIGNAL_TRANSDUCTION",2,"Up",0.431204560179175,0.838801310577955
"GOBP_REGULATION_OF_RAC_PROTEIN_SIGNAL_TRANSDUCTION",2,"Up",0.431204560179175,0.838801310577955
"GOBP_DIACYLGLYCEROL_BIOSYNTHETIC_PROCESS",1,"Up",0.431258304897421,0.838801310577955
"GOBP_NEGATIVE_REGULATION_OF_CELL_CYCLE_PHASE_TRANSITION",7,"Up",0.431513076382733,0.838801310577955
"GOBP_VASCULAR_ASSOCIATED_SMOOTH_MUSCLE_CELL_MIGRATION",2,"Up",0.431546194535179,0.838801310577955
"GOBP_POSITIVE_REGULATION_OF_TOR_SIGNALING",2,"Down",0.432613675549609,0.838801310577955
"GOBP_CELL_CYCLE_PROCESS",61,"Up",0.432856180451439,0.838801310577955
"GOBP_CALCIUM_ION_IMPORT",3,"Up",0.432870024465558,0.838801310577955
"GOBP_CELLULAR_RESPONSE_TO_ETHER",1,"Up",0.433862114776422,0.838801310577955
"GOBP_RESPONSE_TO_ETHER",1,"Up",0.433862114776422,0.838801310577955
"GOBP_NEGATIVE_REGULATION_OF_ENDOPLASMIC_RETICULUM_CALCIUM_ION_CONCENTRATION",2,"Up",0.433873871151081,0.838801310577955
"GOBP_POSITIVE_REGULATION_OF_MITOCHONDRIAL_CALCIUM_ION_CONCENTRATION",2,"Up",0.433873871151081,0.838801310577955
"GOBP_REGULATION_OF_ASPARTIC_TYPE_ENDOPEPTIDASE_ACTIVITY_INVOLVED_IN_AMYLOID_PRECURSOR_PROTEIN_CATABOLIC_PROCESS",2,"Down",0.434191352735742,0.838801310577955
"GOBP_REGULATION_OF_ASPARTIC_TYPE_PEPTIDASE_ACTIVITY",2,"Down",0.434191352735742,0.838801310577955
"GOBP_AMINOGLYCAN_METABOLIC_PROCESS",2,"Down",0.434348370693394,0.838801310577955
"GOBP_HYALURONAN_METABOLIC_PROCESS",2,"Down",0.434348370693394,0.838801310577955
"GOBP_MUCOPOLYSACCHARIDE_METABOLIC_PROCESS",2,"Down",0.434348370693394,0.838801310577955
"GOBP_MEMBRANE_REPOLARIZATION",4,"Up",0.434370876179474,0.838801310577955
"GOBP_POSITIVE_REGULATION_OF_T_CELL_MEDIATED_CYTOTOXICITY",1,"Up",0.434428416252625,0.838801310577955
"GOBP_POSITIVE_REGULATION_OF_T_CELL_MEDIATED_IMMUNITY",1,"Up",0.434428416252625,0.838801310577955
"GOBP_REGULATION_OF_T_CELL_MEDIATED_CYTOTOXICITY",1,"Up",0.434428416252625,0.838801310577955
"GOBP_REGULATION_OF_T_CELL_MEDIATED_IMMUNITY",1,"Up",0.434428416252625,0.838801310577955
"GOBP_NEGATIVE_REGULATION_OF_TRANSFORMING_GROWTH_FACTOR_BETA_PRODUCTION",2,"Up",0.434601915120097,0.838801310577955
"GOBP_SUBSTRATE_DEPENDENT_CELL_MIGRATION",2,"Up",0.434601915120097,0.838801310577955
"GOBP_LIMBIC_SYSTEM_DEVELOPMENT",5,"Down",0.434872462015785,0.838801310577955
"GOBP_RECEPTOR_CATABOLIC_PROCESS",2,"Down",0.434881451517076,0.838801310577955
"GOBP_REGULATION_OF_TRANSFORMING_GROWTH_FACTOR_BETA1_PRODUCTION",2,"Up",0.434922335020271,0.838801310577955
"GOBP_TRANSFORMING_GROWTH_FACTOR_BETA1_PRODUCTION",2,"Up",0.434922335020271,0.838801310577955
"GOBP_CELL_DIFFERENTIATION_IN_HINDBRAIN",2,"Up",0.435124795553685,0.838801310577955
"GOBP_CEREBELLAR_CORTEX_DEVELOPMENT",2,"Up",0.435124795553685,0.838801310577955
"GOBP_CEREBELLAR_CORTEX_FORMATION",2,"Up",0.435124795553685,0.838801310577955
"GOBP_CEREBELLAR_CORTEX_MORPHOGENESIS",2,"Up",0.435124795553685,0.838801310577955
"GOBP_CEREBELLAR_PURKINJE_CELL_LAYER_DEVELOPMENT",2,"Up",0.435124795553685,0.838801310577955
"GOBP_CEREBELLAR_PURKINJE_CELL_LAYER_FORMATION",2,"Up",0.435124795553685,0.838801310577955
"GOBP_CEREBELLAR_PURKINJE_CELL_LAYER_MORPHOGENESIS",2,"Up",0.435124795553685,0.838801310577955
"GOBP_HINDBRAIN_MORPHOGENESIS",2,"Up",0.435124795553685,0.838801310577955
"GOBP_POSITIVE_REGULATION_OF_PROTEIN_KINASE_ACTIVITY",14,"Down",0.435162010821403,0.838801310577955
"GOBP_INFLAMMATORY_CELL_APOPTOTIC_PROCESS",1,"Up",0.435366305834863,0.838801310577955
"GOBP_MACROPHAGE_APOPTOTIC_PROCESS",1,"Up",0.435366305834863,0.838801310577955
"GOBP_MYELOID_CELL_APOPTOTIC_PROCESS",1,"Up",0.435366305834863,0.838801310577955
"GOBP_REGULATION_OF_MACROPHAGE_APOPTOTIC_PROCESS",1,"Up",0.435366305834863,0.838801310577955
"GOBP_REGULATION_OF_MYELOID_CELL_APOPTOTIC_PROCESS",1,"Up",0.435366305834863,0.838801310577955
"GOBP_SCARNA_LOCALIZATION_TO_CAJAL_BODY",1,"Up",0.435366305834863,0.838801310577955
"GOBP_TRANSLOCATION_OF_MOLECULES_INTO_HOST",1,"Up",0.435366305834863,0.838801310577955
"GOBP_TUBULIN_COMPLEX_ASSEMBLY",1,"Up",0.435366305834863,0.838801310577955
"GOBP_POSITIVE_REGULATION_OF_PHOSPHOLIPASE_ACTIVITY",3,"Up",0.435722848271389,0.838801310577955
"GOBP_REGULATION_OF_PHOSPHOLIPASE_ACTIVITY",3,"Up",0.435722848271389,0.838801310577955
"GOBP_POSITIVE_REGULATION_OF_DOUBLE_STRAND_BREAK_REPAIR",5,"Down",0.435839674021634,0.838801310577955
"GOBP_REGULATION_OF_DOUBLE_STRAND_BREAK_REPAIR",5,"Down",0.435839674021634,0.838801310577955
"GOBP_REGULATION_OF_CALCIUM_MEDIATED_SIGNALING",4,"Down",0.435925575666337,0.838801310577955
"GOBP_PEROXISOME_ORGANIZATION",4,"Down",0.436641042877165,0.838801310577955
"GOBP_B_CELL_HOMEOSTASIS",1,"Up",0.437170652831661,0.838801310577955
"GOBP_MARGINAL_ZONE_B_CELL_DIFFERENTIATION",1,"Up",0.437170652831661,0.838801310577955
"GOBP_NEUROTROPHIN_SIGNALING_PATHWAY",2,"Down",0.437690105976748,0.838801310577955
"GOBP_REGULATION_OF_RECEPTOR_LOCALIZATION_TO_SYNAPSE",2,"Up",0.437769101616606,0.838801310577955
"GOBP_CELLULAR_AMINO_ACID_METABOLIC_PROCESS",7,"Up",0.437891435335352,0.838801310577955
"GOBP_ESTABLISHMENT_OR_MAINTENANCE_OF_CELL_POLARITY",26,"Up",0.437955646744129,0.838801310577955
"GOBP_ESTABLISHMENT_OF_MITOTIC_SPINDLE_LOCALIZATION",4,"Down",0.438231698272321,0.838801310577955
"GOBP_GDP_MANNOSE_METABOLIC_PROCESS",1,"Up",0.438251188541028,0.838801310577955
"GOBP_NUCLEOTIDE_SUGAR_BIOSYNTHETIC_PROCESS",1,"Up",0.438251188541028,0.838801310577955
"GOBP_NUCLEOTIDE_SUGAR_METABOLIC_PROCESS",1,"Up",0.438251188541028,0.838801310577955
"GOBP_ORGANELLE_FISSION",22,"Up",0.438365449846243,0.838801310577955
"GOBP_BEHAVIOR",29,"Up",0.43884964336196,0.838801310577955
"GOBP_POSITIVE_REGULATION_OF_DNA_RECOMBINATION",5,"Down",0.438950572618375,0.838801310577955
"GOBP_REGULATION_OF_DOPAMINE_RECEPTOR_SIGNALING_PATHWAY",2,"Up",0.43945707450603,0.838801310577955
"GOBP_REGULATION_OF_SPINDLE_ORGANIZATION",9,"Up",0.43995301306819,0.838801310577955
"GOBP_ACTIVATED_T_CELL_PROLIFERATION",1,"Up",0.439954006070279,0.838801310577955
"GOBP_POSITIVE_REGULATION_OF_NATURAL_KILLER_CELL_MEDIATED_CYTOTOXICITY",1,"Up",0.439954006070279,0.838801310577955
"GOBP_POSITIVE_REGULATION_OF_NATURAL_KILLER_CELL_MEDIATED_IMMUNITY",1,"Up",0.439954006070279,0.838801310577955
"GOBP_REGULATION_OF_NATURAL_KILLER_CELL_MEDIATED_IMMUNITY",1,"Up",0.439954006070279,0.838801310577955
"GOBP_DETECTION_OF_STIMULUS_INVOLVED_IN_SENSORY_PERCEPTION",2,"Up",0.441683120212666,0.838801310577955
"GOBP_DETECTION_OF_STIMULUS_INVOLVED_IN_SENSORY_PERCEPTION_OF_PAIN",2,"Up",0.441683120212666,0.838801310577955
"GOBP_REGULATION_OF_SMALL_GTPASE_MEDIATED_SIGNAL_TRANSDUCTION",21,"Up",0.442505203198619,0.838801310577955
"GOBP_REGULATION_OF_CELLULAR_PROTEIN_CATABOLIC_PROCESS",15,"Up",0.442737517192241,0.838801310577955
"GOBP_PEPTIDYL_ARGININE_METHYLATION",2,"Down",0.442965438680587,0.838801310577955
"GOBP_PEPTIDYL_ARGININE_N_METHYLATION",2,"Down",0.442965438680587,0.838801310577955
"GOBP_ANIMAL_ORGAN_REGENERATION",1,"Up",0.443006318378111,0.838801310577955
"GOBP_BASE_EXCISION_REPAIR",2,"Down",0.443064896978231,0.838801310577955
"GOBP_FOREBRAIN_GENERATION_OF_NEURONS",1,"Up",0.44384110499475,0.838801310577955
"GOBP_FOREBRAIN_NEURON_DEVELOPMENT",1,"Up",0.44384110499475,0.838801310577955
"GOBP_FOREBRAIN_NEURON_DIFFERENTIATION",1,"Up",0.44384110499475,0.838801310577955
"GOBP_PYRAMIDAL_NEURON_DEVELOPMENT",1,"Up",0.44384110499475,0.838801310577955
"GOBP_PYRAMIDAL_NEURON_DIFFERENTIATION",1,"Up",0.44384110499475,0.838801310577955
"GOBP_REGULATION_OF_VESICLE_FUSION",3,"Up",0.444070695868497,0.838801310577955
"GOBP_NEGATIVE_REGULATION_OF_PROTEIN_METABOLIC_PROCESS",58,"Down",0.444172379132166,0.838801310577955
"GOBP_PROTEIN_LOCALIZATION_TO_NUCLEUS",21,"Up",0.445212061687413,0.838801310577955
"GOBP_CERAMIDE_METABOLIC_PROCESS",2,"Down",0.445267428486994,0.838801310577955
"GOBP_MEMBRANE_LIPID_BIOSYNTHETIC_PROCESS",2,"Down",0.445267428486994,0.838801310577955
"GOBP_SPHINGOLIPID_BIOSYNTHETIC_PROCESS",2,"Down",0.445267428486994,0.838801310577955
"GOBP_INTEGRIN_MEDIATED_SIGNALING_PATHWAY",11,"Down",0.445625230339472,0.838801310577955
"GOBP_ATP_BIOSYNTHETIC_PROCESS",1,"Up",0.445894961915768,0.838801310577955
"GOBP_ATP_SYNTHESIS_COUPLED_PROTON_TRANSPORT",1,"Up",0.445894961915768,0.838801310577955
"GOBP_CELLULAR_RESPONSE_TO_INCREASED_OXYGEN_LEVELS",1,"Up",0.445894961915768,0.838801310577955
"GOBP_NUCLEOSIDE_TRIPHOSPHATE_BIOSYNTHETIC_PROCESS",1,"Up",0.445894961915768,0.838801310577955
"GOBP_RESPONSE_TO_INCREASED_OXYGEN_LEVELS",1,"Up",0.445894961915768,0.838801310577955
"GOBP_RIBONUCLEOSIDE_TRIPHOSPHATE_BIOSYNTHETIC_PROCESS",1,"Up",0.445894961915768,0.838801310577955
"GOBP_MYELOID_LEUKOCYTE_MEDIATED_IMMUNITY",2,"Down",0.44596079239178,0.838801310577955
"GOBP_REGULATION_OF_MYELOID_LEUKOCYTE_MEDIATED_IMMUNITY",2,"Down",0.44596079239178,0.838801310577955
"GOBP_REGULATION_OF_NERVOUS_SYSTEM_DEVELOPMENT",25,"Up",0.446045957675068,0.838801310577955
"GOBP_CELL_CYCLE_PHASE_TRANSITION",20,"Down",0.446212589886726,0.838801310577955
"GOBP_ACUTE_INFLAMMATORY_RESPONSE",5,"Down",0.446395568818827,0.838801310577955
"GOBP_ESTABLISHMENT_OF_SPINDLE_ORIENTATION",4,"Down",0.446924117893345,0.838801310577955
"GOBP_CD4_POSITIVE_ALPHA_BETA_T_CELL_DIFFERENTIATION",2,"Up",0.447153945894229,0.838801310577955
"GOBP_CD4_POSITIVE_OR_CD8_POSITIVE_ALPHA_BETA_T_CELL_LINEAGE_COMMITMENT",2,"Up",0.447153945894229,0.838801310577955
"GOBP_CELLULAR_RESPONSE_TO_GROWTH_HORMONE_STIMULUS",2,"Up",0.447153945894229,0.838801310577955
"GOBP_GROWTH_HORMONE_RECEPTOR_SIGNALING_PATHWAY_VIA_JAK_STAT",2,"Up",0.447153945894229,0.838801310577955
"GOBP_POSITIVE_T_CELL_SELECTION",2,"Up",0.447153945894229,0.838801310577955
"GOBP_RESPONSE_TO_GROWTH_HORMONE",2,"Up",0.447153945894229,0.838801310577955
"GOBP_T_CELL_DIFFERENTIATION_INVOLVED_IN_IMMUNE_RESPONSE",2,"Up",0.447153945894229,0.838801310577955
"GOBP_T_CELL_LINEAGE_COMMITMENT",2,"Up",0.447153945894229,0.838801310577955
"GOBP_T_CELL_SELECTION",2,"Up",0.447153945894229,0.838801310577955
"GOBP_T_HELPER_CELL_LINEAGE_COMMITMENT",2,"Up",0.447153945894229,0.838801310577955
"GOBP_CRD_MEDIATED_MRNA_STABILIZATION",2,"Up",0.447276301397857,0.838801310577955
"GOBP_NEGATIVE_REGULATION_OF_NUCLEAR_TRANSCRIBED_MRNA_CATABOLIC_PROCESS_DEADENYLATION_DEPENDENT_DECAY",2,"Up",0.447276301397857,0.838801310577955
"GOBP_POSITIVE_REGULATION_OF_CYTOPLASMIC_TRANSLATION",2,"Up",0.447276301397857,0.838801310577955
"GOBP_REGULATION_OF_CYTOPLASMIC_TRANSLATION",2,"Up",0.447276301397857,0.838801310577955
"GOBP_REGULATION_OF_NUCLEAR_TRANSCRIBED_MRNA_CATABOLIC_PROCESS_DEADENYLATION_DEPENDENT_DECAY",2,"Up",0.447276301397857,0.838801310577955
"GOBP_PROTEIN_ACTIVATION_CASCADE",2,"Up",0.447281507596584,0.838801310577955
"GOBP_2_OXOGLUTARATE_METABOLIC_PROCESS",1,"Up",0.449043633486264,0.838801310577955
"GOBP_DEVELOPMENT_OF_PRIMARY_FEMALE_SEXUAL_CHARACTERISTICS",1,"Up",0.449043633486264,0.838801310577955
"GOBP_FEMALE_SEX_DIFFERENTIATION",1,"Up",0.449043633486264,0.838801310577955
"GOBP_GLYOXYLATE_METABOLIC_PROCESS",1,"Up",0.449043633486264,0.838801310577955
"GOBP_ISOCITRATE_METABOLIC_PROCESS",1,"Up",0.449043633486264,0.838801310577955
"GOBP_GLYCOSIDE_CATABOLIC_PROCESS",1,"Up",0.449277895895235,0.838801310577955
"GOBP_GLYCOSIDE_METABOLIC_PROCESS",1,"Up",0.449277895895235,0.838801310577955
"GOBP_GLYCOSYL_COMPOUND_CATABOLIC_PROCESS",1,"Up",0.449277895895235,0.838801310577955
"GOBP_GLYCOSYL_COMPOUND_METABOLIC_PROCESS",1,"Up",0.449277895895235,0.838801310577955
"GOBP_URONIC_ACID_METABOLIC_PROCESS",1,"Up",0.449277895895235,0.838801310577955
"GOBP_INTRACELLULAR_PROTEIN_TRANSMEMBRANE_TRANSPORT",4,"Down",0.44933716996595,0.838801310577955
"GOBP_PROTEIN_TRANSMEMBRANE_IMPORT_INTO_INTRACELLULAR_ORGANELLE",4,"Down",0.44933716996595,0.838801310577955
"GOBP_PHOSPHATIDYLINOSITOL_3_KINASE_SIGNALING",2,"Up",0.449446322627834,0.838801310577955
"GOBP_POSITIVE_REGULATION_OF_PHOSPHATIDYLINOSITOL_3_KINASE_SIGNALING",2,"Up",0.449446322627834,0.838801310577955
"GOBP_REGULATION_OF_PHOSPHATIDYLINOSITOL_3_KINASE_SIGNALING",2,"Up",0.449446322627834,0.838801310577955
"GOBP_NEGATIVE_REGULATION_OF_PROTEIN_LOCALIZATION_TO_CELL_SURFACE",1,"Up",0.44951187195356,0.838801310577955
"GOBP_PROTEIN_K48_LINKED_UBIQUITINATION",1,"Up",0.44951187195356,0.838801310577955
"GOBP_KERATINOCYTE_DEVELOPMENT",2,"Up",0.44966864768935,0.838801310577955
"GOBP_REGULATION_OF_TRANSPORT",132,"Up",0.449892818437676,0.838801310577955
"GOBP_ATP_SYNTHESIS_COUPLED_ELECTRON_TRANSPORT",4,"Down",0.449897998298789,0.838801310577955
"GOBP_GLAND_MORPHOGENESIS",3,"Up",0.450475924830633,0.838801310577955
"GOBP_PEPTIDYL_TYROSINE_MODIFICATION",10,"Down",0.450515688524983,0.838801310577955
"GOBP_NEGATIVE_REGULATION_OF_MITOTIC_CELL_CYCLE",7,"Up",0.45111661143558,0.838801310577955
"GOBP_EPITHELIAL_CELL_CELL_ADHESION",1,"Up",0.451195309327712,0.838801310577955
"GOBP_ESTABLISHMENT_OF_EPITHELIAL_CELL_APICAL_BASAL_POLARITY",1,"Up",0.451195309327712,0.838801310577955
"GOBP_POLARIZED_EPITHELIAL_CELL_DIFFERENTIATION",1,"Up",0.451195309327712,0.838801310577955
"GOBP_REGULATION_OF_MRNA_METABOLIC_PROCESS",6,"Down",0.451317342736098,0.838801310577955
"GOBP_NEGATIVE_REGULATION_OF_CAMP_DEPENDENT_PROTEIN_KINASE_ACTIVITY",2,"Up",0.451849910720576,0.838801310577955
"GOBP_REGULATION_OF_CAMP_DEPENDENT_PROTEIN_KINASE_ACTIVITY",2,"Up",0.451849910720576,0.838801310577955
"GOBP_GOLGI_VESICLE_TRANSPORT",35,"Up",0.451970331100898,0.838801310577955
"GOBP_POSITIVE_REGULATION_OF_NEURON_PROJECTION_REGENERATION",1,"Up",0.452166123113728,0.838801310577955
"GOBP_REGULATION_OF_NEURON_PROJECTION_REGENERATION",1,"Up",0.452166123113728,0.838801310577955
"GOBP_AMINO_ACID_TRANSPORT",7,"Down",0.452254409046513,0.838801310577955
"GOBP_NEGATIVE_REGULATION_OF_CELLULAR_RESPONSE_TO_GROWTH_FACTOR_STIMULUS",5,"Down",0.452912386638133,0.838801310577955
"GOBP_TELOMERE_MAINTENANCE",9,"Up",0.453546381165298,0.838801310577955
"GOBP_TELOMERE_ORGANIZATION",9,"Up",0.453546381165298,0.838801310577955
"GOBP_LIPID_STORAGE",2,"Down",0.453599856190377,0.838801310577955
"GOBP_POSITIVE_REGULATION_OF_LIPID_STORAGE",2,"Down",0.453599856190377,0.838801310577955
"GOBP_REGULATION_OF_LIPID_STORAGE",2,"Down",0.453599856190377,0.838801310577955
"GOBP_POSTTRANSCRIPTIONAL_REGULATION_OF_GENE_EXPRESSION",23,"Down",0.45429911313446,0.838801310577955
"GOBP_REGULATION_OF_SYNAPTIC_VESICLE_MEMBRANE_ORGANIZATION",2,"Up",0.454446425331279,0.838801310577955
"GOBP_REGULATION_OF_G_PROTEIN_COUPLED_RECEPTOR_SIGNALING_PATHWAY",11,"Down",0.454544201617636,0.838801310577955
"GOBP_AXONAL_TRANSPORT",15,"Up",0.454835939020874,0.838801310577955
"GOBP_MYELOID_LEUKOCYTE_DIFFERENTIATION",5,"Down",0.455284297988775,0.838801310577955
"GOBP_APOPTOTIC_MITOCHONDRIAL_CHANGES",7,"Up",0.455743046191008,0.838801310577955
"GOBP_INTRACELLULAR_TRANSPORT",142,"Up",0.456838838878099,0.838801310577955
"GOBP_CELLULAR_ION_HOMEOSTASIS",28,"Up",0.456889365322127,0.838801310577955
"GOBP_HOMOPHILIC_CELL_ADHESION_VIA_PLASMA_MEMBRANE_ADHESION_MOLECULES",8,"Down",0.456918803956099,0.838801310577955
"GOBP_POSITIVE_REGULATION_OF_CARBOHYDRATE_METABOLIC_PROCESS",1,"Up",0.457040719082844,0.838801310577955
"GOBP_POSITIVE_REGULATION_OF_CELLULAR_CARBOHYDRATE_METABOLIC_PROCESS",1,"Up",0.457040719082844,0.838801310577955
"GOBP_POSITIVE_REGULATION_OF_GLUCOSE_IMPORT",1,"Up",0.457040719082844,0.838801310577955
"GOBP_POSITIVE_REGULATION_OF_GLUCOSE_METABOLIC_PROCESS",1,"Up",0.457040719082844,0.838801310577955
"GOBP_POSITIVE_REGULATION_OF_GLYCOGEN_METABOLIC_PROCESS",1,"Up",0.457040719082844,0.838801310577955
"GOBP_REGULATION_OF_GLUCOSE_IMPORT",1,"Up",0.457040719082844,0.838801310577955
"GOBP_ASYMMETRIC_NEUROBLAST_DIVISION",1,"Up",0.457174634954931,0.838801310577955
"GOBP_POSITIVE_REGULATION_OF_SMOOTH_MUSCLE_CELL_MIGRATION",1,"Up",0.457174634954931,0.838801310577955
"GOBP_POSITIVE_REGULATION_OF_VASCULAR_ASSOCIATED_SMOOTH_MUSCLE_CELL_MIGRATION",1,"Up",0.457174634954931,0.838801310577955
"GOBP_INNER_EAR_RECEPTOR_CELL_DEVELOPMENT",2,"Down",0.458733841417714,0.838801310577955
"GOBP_MECHANORECEPTOR_DIFFERENTIATION",2,"Down",0.458733841417714,0.838801310577955
"GOBP_LEUKOCYTE_HOMEOSTASIS",2,"Up",0.459126538385958,0.838801310577955
"GOBP_LYMPHOCYTE_HOMEOSTASIS",2,"Up",0.459126538385958,0.838801310577955
"GOBP_NEGATIVE_REGULATION_OF_EPITHELIAL_CELL_MIGRATION",1,"Up",0.45914422479764,0.838801310577955
"GOBP_REGULATION_OF_HOMOPHILIC_CELL_ADHESION",1,"Up",0.45914422479764,0.838801310577955
"GOBP_WNT_PROTEIN_SECRETION",1,"Up",0.45914422479764,0.838801310577955
"GOBP_CELLULAR_MODIFIED_AMINO_ACID_BIOSYNTHETIC_PROCESS",2,"Down",0.459576657472798,0.838801310577955
"GOBP_CENTRAL_NERVOUS_SYSTEM_DEVELOPMENT",50,"Up",0.460214693219948,0.838801310577955
"GOBP_ACUTE_PHASE_RESPONSE",2,"Up",0.461190916871297,0.838801310577955
"GOBP_NEGATIVE_REGULATION_OF_CELL_CELL_ADHESION",7,"Down",0.461672599537598,0.838801310577955
"GOBP_CYTOPLASMIC_TRANSLATION",8,"Down",0.461736853539252,0.838801310577955
"GOBP_CELLULAR_RESPONSE_TO_LEPTIN_STIMULUS",1,"Up",0.462212629407447,0.838801310577955
"GOBP_CYTOKINE_PRODUCTION_INVOLVED_IN_INFLAMMATORY_RESPONSE",1,"Up",0.462212629407447,0.838801310577955
"GOBP_EATING_BEHAVIOR",1,"Up",0.462212629407447,0.838801310577955
"GOBP_EYE_PHOTORECEPTOR_CELL_DIFFERENTIATION",1,"Up",0.462212629407447,0.838801310577955
"GOBP_INTERLEUKIN_10_PRODUCTION",1,"Up",0.462212629407447,0.838801310577955
"GOBP_INTERLEUKIN_6_MEDIATED_SIGNALING_PATHWAY",1,"Up",0.462212629407447,0.838801310577955
"GOBP_INTERLEUKIN_6_PRODUCTION",1,"Up",0.462212629407447,0.838801310577955
"GOBP_LEPTIN_MEDIATED_SIGNALING_PATHWAY",1,"Up",0.462212629407447,0.838801310577955
"GOBP_MRNA_TRANSCRIPTION",1,"Up",0.462212629407447,0.838801310577955
"GOBP_NEGATIVE_REGULATION_OF_NEURON_MIGRATION",1,"Up",0.462212629407447,0.838801310577955
"GOBP_PHOTORECEPTOR_CELL_DIFFERENTIATION",1,"Up",0.462212629407447,0.838801310577955
"GOBP_POSITIVE_REGULATION_OF_CYTOKINE_PRODUCTION_INVOLVED_IN_INFLAMMATORY_RESPONSE",1,"Up",0.462212629407447,0.838801310577955
"GOBP_POSITIVE_REGULATION_OF_INTERLEUKIN_10_PRODUCTION",1,"Up",0.462212629407447,0.838801310577955
"GOBP_POSITIVE_REGULATION_OF_INTERLEUKIN_6_PRODUCTION",1,"Up",0.462212629407447,0.838801310577955
"GOBP_POSITIVE_REGULATION_OF_METALLOENDOPEPTIDASE_ACTIVITY",1,"Up",0.462212629407447,0.838801310577955
"GOBP_POSITIVE_REGULATION_OF_METALLOPEPTIDASE_ACTIVITY",1,"Up",0.462212629407447,0.838801310577955
"GOBP_POSITIVE_REGULATION_OF_MIRNA_MEDIATED_GENE_SILENCING_BY_INHIBITION_OF_TRANSLATION",1,"Up",0.462212629407447,0.838801310577955
"GOBP_POSITIVE_REGULATION_OF_MIRNA_TRANSCRIPTION",1,"Up",0.462212629407447,0.838801310577955
"GOBP_POSITIVE_REGULATION_OF_POSTTRANSCRIPTIONAL_GENE_SILENCING",1,"Up",0.462212629407447,0.838801310577955
"GOBP_POSITIVE_REGULATION_OF_VASCULAR_ENDOTHELIAL_CELL_PROLIFERATION",1,"Up",0.462212629407447,0.838801310577955
"GOBP_PRIMARY_MIRNA_PROCESSING",1,"Up",0.462212629407447,0.838801310577955
"GOBP_PRODUCTION_OF_MOLECULAR_MEDIATOR_INVOLVED_IN_INFLAMMATORY_RESPONSE",1,"Up",0.462212629407447,0.838801310577955
"GOBP_RADIAL_GLIAL_CELL_DIFFERENTIATION",1,"Up",0.462212629407447,0.838801310577955
"GOBP_REGULATION_OF_METALLOENDOPEPTIDASE_ACTIVITY",1,"Up",0.462212629407447,0.838801310577955
"GOBP_REGULATION_OF_METALLOPEPTIDASE_ACTIVITY",1,"Up",0.462212629407447,0.838801310577955
"GOBP_REGULATION_OF_MIRNA_TRANSCRIPTION",1,"Up",0.462212629407447,0.838801310577955
"GOBP_REGULATION_OF_MULTICELLULAR_ORGANISM_GROWTH",1,"Up",0.462212629407447,0.838801310577955
"GOBP_RESPONSE_TO_LEPTIN",1,"Up",0.462212629407447,0.838801310577955
"GOBP_RNA_MEDIATED_GENE_SILENCING_BY_INHIBITION_OF_TRANSLATION",1,"Up",0.462212629407447,0.838801310577955
"GOBP_T_HELPER_17_CELL_DIFFERENTIATION",1,"Up",0.462212629407447,0.838801310577955
"GOBP_T_HELPER_17_CELL_LINEAGE_COMMITMENT",1,"Up",0.462212629407447,0.838801310577955
"GOBP_VASCULAR_ENDOTHELIAL_CELL_PROLIFERATION",1,"Up",0.462212629407447,0.838801310577955
"GOBP_REGULATION_OF_VASOCONSTRICTION",2,"Up",0.462241821758998,0.838801310577955
"GOBP_VASOCONSTRICTION",2,"Up",0.462241821758998,0.838801310577955
"GOBP_REGULATION_OF_CELL_MORPHOGENESIS",30,"Down",0.462580427464833,0.838801310577955
"GOBP_RESPONSE_TO_MUSCLE_ACTIVITY",2,"Down",0.463124955822231,0.838801310577955
"GOBP_REGULATION_OF_INTRACELLULAR_SIGNAL_TRANSDUCTION",69,"Down",0.463479422788073,0.838801310577955
"GOBP_LOCALIZATION_WITHIN_MEMBRANE",61,"Up",0.463803699102067,0.838801310577955
"GOBP_REGULATION_OF_ACTIN_FILAMENT_ORGANIZATION",30,"Up",0.464095991346548,0.838801310577955
"GOBP_PROTEIN_LOCALIZATION_TO_CILIARY_MEMBRANE",2,"Up",0.46429248342135,0.838801310577955
"GOBP_EPINEPHRINE_SECRETION",1,"Up",0.464396298155148,0.838801310577955
"GOBP_EPINEPHRINE_TRANSPORT",1,"Up",0.464396298155148,0.838801310577955
"GOBP_GAMMA_AMINOBUTYRIC_ACID_SECRETION",1,"Up",0.464396298155148,0.838801310577955
"GOBP_GAMMA_AMINOBUTYRIC_ACID_TRANSPORT",1,"Up",0.464396298155148,0.838801310577955
"GOBP_GROWTH_HORMONE_SECRETION",1,"Up",0.464396298155148,0.838801310577955
"GOBP_NEGATIVE_REGULATION_OF_AMINE_TRANSPORT",1,"Up",0.464396298155148,0.838801310577955
"GOBP_NEGATIVE_REGULATION_OF_AMINO_ACID_TRANSPORT",1,"Up",0.464396298155148,0.838801310577955
"GOBP_NEGATIVE_REGULATION_OF_ANION_TRANSPORT",1,"Up",0.464396298155148,0.838801310577955
"GOBP_NEGATIVE_REGULATION_OF_CATECHOLAMINE_SECRETION",1,"Up",0.464396298155148,0.838801310577955
"GOBP_NEGATIVE_REGULATION_OF_DOPAMINE_SECRETION",1,"Up",0.464396298155148,0.838801310577955
"GOBP_NEGATIVE_REGULATION_OF_EPINEPHRINE_SECRETION",1,"Up",0.464396298155148,0.838801310577955
"GOBP_NEGATIVE_REGULATION_OF_ORGANIC_ACID_TRANSPORT",1,"Up",0.464396298155148,0.838801310577955
"GOBP_NEURON_GLIAL_CELL_SIGNALING",1,"Up",0.464396298155148,0.838801310577955
"GOBP_POSITIVE_REGULATION_OF_GROWTH_HORMONE_SECRETION",1,"Up",0.464396298155148,0.838801310577955
"GOBP_REGULATION_OF_GAMMA_AMINOBUTYRIC_ACID_SECRETION",1,"Up",0.464396298155148,0.838801310577955
"GOBP_RESPONSE_TO_NICOTINE",1,"Up",0.464396298155148,0.838801310577955
"GOBP_REGULATION_OF_VACUOLE_ORGANIZATION",6,"Up",0.464485592131518,0.838801310577955
"GOBP_CELLULAR_DEFENSE_RESPONSE",2,"Down",0.464651542317569,0.838801310577955
"GOBP_ADULT_LOCOMOTORY_BEHAVIOR",7,"Down",0.464711819166539,0.838801310577955
"GOBP_INTERFERON_GAMMA_MEDIATED_SIGNALING_PATHWAY",1,"Up",0.465452383305924,0.838801310577955
"GOBP_REGULATION_OF_RESPONSE_TO_INTERFERON_GAMMA",1,"Up",0.465452383305924,0.838801310577955
"GOBP_REGULATION_OF_DENDRITE_MORPHOGENESIS",8,"Down",0.466298952687111,0.838801310577955
"GOBP_CELLULAR_HYPEROSMOTIC_RESPONSE",2,"Down",0.466411366007874,0.838801310577955
"GOBP_CELLULAR_RESPONSE_TO_SALT_STRESS",2,"Down",0.466411366007874,0.838801310577955
"GOBP_RESPONSE_TO_SALT_STRESS",2,"Down",0.466411366007874,0.838801310577955
"GOBP_POSITIVE_REGULATION_OF_PRODUCTION_OF_MOLECULAR_MEDIATOR_OF_IMMUNE_RESPONSE",4,"Up",0.46688873001749,0.838801310577955
"GOBP_NEGATIVE_REGULATION_OF_INTRACELLULAR_ESTROGEN_RECEPTOR_SIGNALING_PATHWAY",2,"Up",0.466905419286585,0.838801310577955
"GOBP_NON_CANONICAL_WNT_SIGNALING_PATHWAY",2,"Down",0.467136066774775,0.838801310577955
"GOBP_REGULATION_OF_ESTABLISHMENT_OF_PLANAR_POLARITY",2,"Down",0.467136066774775,0.838801310577955
"GOBP_MUSCLE_STRUCTURE_DEVELOPMENT",20,"Up",0.46724555762118,0.838801310577955
"GOBP_ATP_METABOLIC_PROCESS",19,"Down",0.467540609232483,0.838801310577955
"GOBP_PEPTIDYL_THREONINE_DEPHOSPHORYLATION",2,"Down",0.467765305256355,0.838801310577955
"GOBP_MACROMOLECULE_DEACYLATION",8,"Down",0.467841349526917,0.838801310577955
"GOBP_CELLULAR_RESPONSE_TO_UV_A",1,"Up",0.468091250590009,0.838801310577955
"GOBP_LIPID_DROPLET_ORGANIZATION",1,"Up",0.468091250590009,0.838801310577955
"GOBP_RESPONSE_TO_UV_A",1,"Up",0.468091250590009,0.838801310577955
"GOBP_POSITIVE_REGULATION_OF_ACTIN_CYTOSKELETON_REORGANIZATION",1,"Up",0.468242474659351,0.838801310577955
"GOBP_CELLULAR_PROCESS_INVOLVED_IN_REPRODUCTION_IN_MULTICELLULAR_ORGANISM",5,"Down",0.468282877648305,0.838801310577955
"GOBP_ARP2_3_COMPLEX_MEDIATED_ACTIN_NUCLEATION",5,"Down",0.468400944676181,0.838801310577955
"GOBP_REGULATION_OF_TRANSFERASE_ACTIVITY",38,"Down",0.469031937840829,0.838801310577955
"GOBP_POSITIVE_REGULATION_OF_RESPONSE_TO_WOUNDING",6,"Up",0.471123089947155,0.838801310577955
"GOBP_REGULATION_OF_PROTEIN_DEACETYLATION",4,"Down",0.471409537945397,0.838801310577955
"GOBP_SYNAPTIC_VESICLE_MATURATION",2,"Down",0.472607903292571,0.838801310577955
"GOBP_BIOMINERALIZATION",2,"Up",0.472737490295161,0.838801310577955
"GOBP_BONE_MINERALIZATION",2,"Up",0.472737490295161,0.838801310577955
"GOBP_REGULATION_OF_BIOMINERALIZATION",2,"Up",0.472737490295161,0.838801310577955
"GOBP_REGULATION_OF_BONE_MINERALIZATION",2,"Up",0.472737490295161,0.838801310577955
"GOBP_NEGATIVE_REGULATION_OF_IMMUNE_RESPONSE",3,"Up",0.472849165155629,0.838801310577955
"GOBP_DEFENSE_RESPONSE_TO_OTHER_ORGANISM",31,"Down",0.472849707906609,0.838801310577955
"GOBP_NUCLEOSOME_ASSEMBLY",2,"Up",0.473103568021586,0.838801310577955
"GOBP_HETEROCHROMATIN_ORGANIZATION",2,"Down",0.473559837567212,0.838801310577955
"GOBP_NEGATIVE_REGULATION_OF_GENE_EXPRESSION_EPIGENETIC",2,"Down",0.473559837567212,0.838801310577955
"GOBP_SYNAPTIC_VESICLE_DOCKING",1,"Up",0.473757697080387,0.838801310577955
"GOBP_MYOBLAST_FUSION",5,"Up",0.473833672307561,0.838801310577955
"GOBP_SYNCYTIUM_FORMATION",5,"Up",0.473833672307561,0.838801310577955
"GOBP_CYTOKINE_MEDIATED_SIGNALING_PATHWAY",13,"Down",0.473836307814312,0.838801310577955
"GOBP_CELLULAR_RESPONSE_TO_NUTRIENT",2,"Up",0.474435406986331,0.838801310577955
"GOBP_CELLULAR_RESPONSE_TO_VITAMIN",2,"Up",0.474435406986331,0.838801310577955
"GOBP_REGULATION_OF_CELL_PROJECTION_ORGANIZATION",53,"Up",0.474757313981424,0.838801310577955
"GOBP_RETROGRADE_AXONAL_TRANSPORT",8,"Up",0.474804358191861,0.838801310577955
"GOBP_PROTEIN_LOCALIZATION_TO_CELL_JUNCTION",13,"Up",0.475262270644587,0.838801310577955
"GOBP_NEGATIVE_REGULATION_OF_STEM_CELL_DIFFERENTIATION",2,"Up",0.475501068715619,0.838801310577955
"GOBP_REGULATION_OF_STEM_CELL_DIFFERENTIATION",2,"Up",0.475501068715619,0.838801310577955
"GOBP_PLASMA_MEMBRANE_TUBULATION",5,"Up",0.476383668997711,0.838801310577955
"GOBP_CELL_CELL_SIGNALING_BY_WNT",18,"Down",0.476523197919588,0.838801310577955
"GOBP_TORC1_SIGNALING",2,"Down",0.477050677803655,0.838801310577955
"GOBP_PHOSPHATIDYLCHOLINE_BIOSYNTHETIC_PROCESS",2,"Down",0.477592691689936,0.838801310577955
"GOBP_AXON_DEVELOPMENT",42,"Up",0.477594218836037,0.838801310577955
"GOBP_REGULATION_OF_AUTOPHAGY_OF_MITOCHONDRION",7,"Up",0.477683269979173,0.838801310577955
"GOBP_PEPTIDE_CROSS_LINKING",2,"Up",0.478349634358696,0.838801310577955
"GOBP_PROTEIN_K63_LINKED_DEUBIQUITINATION",4,"Down",0.478591865379146,0.838801310577955
"GOBP_NUCLEOSIDE_MONOPHOSPHATE_METABOLIC_PROCESS",5,"Down",0.478938507494066,0.838801310577955
"GOBP_PURINE_NUCLEOSIDE_MONOPHOSPHATE_METABOLIC_PROCESS",5,"Down",0.478938507494066,0.838801310577955
"GOBP_RIBONUCLEOSIDE_MONOPHOSPHATE_METABOLIC_PROCESS",5,"Down",0.478938507494066,0.838801310577955
"GOBP_PLASMA_MEMBRANE_RAFT_ASSEMBLY",2,"Up",0.479443769965096,0.838801310577955
"GOBP_PLASMA_MEMBRANE_RAFT_ORGANIZATION",2,"Up",0.479443769965096,0.838801310577955
"GOBP_SUCCINATE_METABOLIC_PROCESS",1,"Up",0.480371692266467,0.838801310577955
"GOBP_MALATE_METABOLIC_PROCESS",1,"Up",0.48048997617667,0.838801310577955
"GOBP_REGULATION_OF_DNA_REPAIR",8,"Down",0.480531598457781,0.838801310577955
"GOBP_ESTABLISHMENT_OF_MITOCHONDRION_LOCALIZATION",4,"Up",0.480761172670705,0.838801310577955
"GOBP_ASSOCIATIVE_LEARNING",5,"Up",0.481046917052454,0.838801310577955
"GOBP_POSITIVE_REGULATION_OF_LIPID_TRANSPORT",2,"Down",0.482472944495439,0.838801310577955
"GOBP_REGULATION_OF_PHOSPHOLIPID_TRANSLOCATION",2,"Down",0.482472944495439,0.838801310577955
"GOBP_REGULATION_OF_PHOSPHOLIPID_TRANSPORT",2,"Down",0.482472944495439,0.838801310577955
"GOBP_TUBE_FORMATION",6,"Up",0.482504051278264,0.838801310577955
"GOBP_NUCLEAR_CHROMOSOME_SEGREGATION",17,"Up",0.482647533061597,0.838801310577955
"GOBP_CELLULAR_RESPONSE_TO_REACTIVE_NITROGEN_SPECIES",2,"Down",0.482687516980381,0.838801310577955
"GOBP_PLATELET_ACTIVATION",14,"Up",0.482791622041472,0.838801310577955
"GOBP_INORGANIC_ION_IMPORT_ACROSS_PLASMA_MEMBRANE",5,"Up",0.482894903041988,0.838801310577955
"GOBP_RESPONSE_TO_HORMONE",37,"Down",0.483203020238827,0.838801310577955
"GOBP_ACTIN_POLYMERIZATION_DEPENDENT_CELL_MOTILITY",1,"Up",0.483713189336864,0.838801310577955
"GOBP_LONG_TERM_SYNAPTIC_POTENTIATION",2,"Up",0.483740919575011,0.838801310577955
"GOBP_METAL_ION_TRANSPORT",41,"Up",0.483784422320372,0.838801310577955
"GOBP_DETECTION_OF_LIGHT_STIMULUS",1,"Up",0.483812294680415,0.838801310577955
"GOBP_PHOTOTRANSDUCTION",1,"Up",0.483812294680415,0.838801310577955
"GOBP_PROTEIN_DNA_COMPLEX_SUBUNIT_ORGANIZATION",5,"Down",0.484015795792876,0.838801310577955
"GOBP_IMMUNOGLOBULIN_PRODUCTION",4,"Up",0.48489097302014,0.838801310577955
"GOBP_REGULATION_OF_IMMUNOGLOBULIN_PRODUCTION",4,"Up",0.48489097302014,0.838801310577955
"GOBP_REGULATION_OF_TELOMERE_MAINTENANCE",8,"Up",0.484953881883997,0.838801310577955
"GOBP_MAINTENANCE_OF_SYNAPSE_STRUCTURE",2,"Up",0.485308645786486,0.838801310577955
"GOBP_LATE_NUCLEOPHAGY",1,"Up",0.485540904933087,0.838801310577955
"GOBP_LYSOSOMAL_MICROAUTOPHAGY",1,"Up",0.485540904933087,0.838801310577955
"GOBP_PIECEMEAL_MICROAUTOPHAGY_OF_THE_NUCLEUS",1,"Up",0.485540904933087,0.838801310577955
"GOBP_RETICULOPHAGY",1,"Up",0.485540904933087,0.838801310577955
"GOBP_VACUOLAR_TRANSPORT",21,"Down",0.485733194475948,0.838801310577955
"GOBP_CELLULAR_RESPONSE_TO_ALKALOID",2,"Up",0.485942504781051,0.838801310577955
"GOBP_RESPONSE_TO_ALKALOID",2,"Up",0.485942504781051,0.838801310577955
"GOBP_REGULATION_OF_HEART_RATE",6,"Up",0.487099454985375,0.838801310577955
"GOBP_NEGATIVE_REGULATION_OF_NEURON_APOPTOTIC_PROCESS",7,"Down",0.488958831053709,0.838801310577955
"GOBP_NEURON_APOPTOTIC_PROCESS",7,"Down",0.488958831053709,0.838801310577955
"GOBP_SYNAPTIC_VESICLE_MEMBRANE_ORGANIZATION",7,"Up",0.48905660548749,0.838801310577955
"GOBP_VESICLE_FUSION_WITH_GOLGI_APPARATUS",1,"Up",0.489113080707445,0.838801310577955
"GOBP_NEGATIVE_REGULATION_OF_PROTEIN_LOCALIZATION_TO_CELL_PERIPHERY",4,"Down",0.490117455553532,0.838801310577955
"GOBP_NEGATIVE_REGULATION_OF_DEFENSE_RESPONSE",5,"Down",0.490248877574732,0.838801310577955
"GOBP_NEGATIVE_REGULATION_OF_TRANSFORMING_GROWTH_FACTOR_BETA_RECEPTOR_SIGNALING_PATHWAY",3,"Down",0.490338139048065,0.838801310577955
"GOBP_NEGATIVE_REGULATION_OF_TRANSMEMBRANE_RECEPTOR_PROTEIN_SERINE_THREONINE_KINASE_SIGNALING_PATHWAY",3,"Down",0.490338139048065,0.838801310577955
"GOBP_REGULATION_OF_CELLULAR_RESPONSE_TO_TRANSFORMING_GROWTH_FACTOR_BETA_STIMULUS",3,"Down",0.490338139048065,0.838801310577955
"GOBP_DICARBOXYLIC_ACID_CATABOLIC_PROCESS",1,"Up",0.490373742736298,0.838801310577955
"GOBP_GLUTAMATE_CATABOLIC_PROCESS",1,"Up",0.490373742736298,0.838801310577955
"GOBP_POSITIVE_REGULATION_OF_GLUCOSE_TRANSMEMBRANE_TRANSPORT",2,"Down",0.49095347269073,0.838801310577955
"GOBP_REGULATION_OF_GLUCOSE_TRANSMEMBRANE_TRANSPORT",2,"Down",0.49095347269073,0.838801310577955
"GOBP_LYMPHOCYTE_MIGRATION",6,"Up",0.491686936960347,0.838801310577955
"GOBP_CELL_DIFFERENTIATION_IN_SPINAL_CORD",1,"Up",0.491837259182719,0.838801310577955
"GOBP_SPINAL_CORD_MOTOR_NEURON_DIFFERENTIATION",1,"Up",0.491837259182719,0.838801310577955
"GOBP_RESPONSE_TO_INTERLEUKIN_7",1,"Up",0.492141132820585,0.838801310577955
"GOBP_AUTOPHAGOSOME_ORGANIZATION",14,"Up",0.492677819660715,0.838801310577955
"GOBP_AMINOGLYCAN_BIOSYNTHETIC_PROCESS",1,"Up",0.493011319920394,0.838801310577955
"GOBP_HYALURONAN_BIOSYNTHETIC_PROCESS",1,"Up",0.493011319920394,0.838801310577955
"GOBP_REGULATION_OF_HYALURONAN_BIOSYNTHETIC_PROCESS",1,"Up",0.493011319920394,0.838801310577955
"GOBP_CALCIUM_ION_REGULATED_EXOCYTOSIS_OF_NEUROTRANSMITTER",2,"Up",0.49455879724491,0.838801310577955
"GOBP_POSITIVE_REGULATION_OF_CALCIUM_ION_DEPENDENT_EXOCYTOSIS",2,"Up",0.49455879724491,0.838801310577955
"GOBP_REGULATION_OF_THE_FORCE_OF_HEART_CONTRACTION",4,"Up",0.495026067140196,0.838801310577955
"GOBP_POSITIVE_REGULATION_OF_TRANSMEMBRANE_TRANSPORT",11,"Down",0.495092724851142,0.838801310577955
"GOBP_MEMBRANE_DOCKING",16,"Up",0.496507849192265,0.838801310577955
"GOBP_STRIATED_MUSCLE_CELL_DEVELOPMENT",4,"Down",0.496571642302104,0.838801310577955
"GOBP_POSITIVE_REGULATION_OF_OLIGODENDROCYTE_DIFFERENTIATION",1,"Up",0.497786542176498,0.838801310577955
"GOBP_REGULATION_OF_OLIGODENDROCYTE_DIFFERENTIATION",1,"Up",0.497786542176498,0.838801310577955
"GOBP_ESTABLISHMENT_OF_PROTEIN_LOCALIZATION_TO_MEMBRANE",19,"Up",0.498359617465827,0.838801310577955
"GOBP_CELLULAR_RESPONSE_TO_EXTRACELLULAR_STIMULUS",9,"Up",0.498949391804829,0.838801310577955
"GOBP_POSITIVE_REGULATION_OF_CELL_SUBSTRATE_ADHESION",6,"Up",0.499023594368662,0.838801310577955
"GOBP_ENDOCYTOSIS_INVOLVED_IN_VIRAL_ENTRY_INTO_HOST_CELL",2,"Up",0.499095859554017,0.838801310577955
"GOBP_REGULATION_OF_PHOSPHOPROTEIN_PHOSPHATASE_ACTIVITY",9,"Down",0.499946619238894,0.838801310577955
"GOBP_DENDRITIC_SPINE_MORPHOGENESIS",8,"Down",0.500060884474546,0.838801310577955
"GOBP_PINOCYTOSIS",2,"Down",0.500321198039008,0.838801310577955
"GOBP_REGULATION_OF_PEPTIDE_TRANSPORT",9,"Up",0.500579179987853,0.838801310577955
"GOBP_ENDOCRINE_PANCREAS_DEVELOPMENT",2,"Up",0.500783010791401,0.838801310577955
"GOBP_ENTEROENDOCRINE_CELL_DIFFERENTIATION",2,"Up",0.500783010791401,0.838801310577955
"GOBP_GLANDULAR_EPITHELIAL_CELL_DEVELOPMENT",2,"Up",0.500783010791401,0.838801310577955
"GOBP_GLANDULAR_EPITHELIAL_CELL_DIFFERENTIATION",2,"Up",0.500783010791401,0.838801310577955
"GOBP_PANCREAS_DEVELOPMENT",2,"Up",0.500783010791401,0.838801310577955
"GOBP_REGULATION_OF_TYPE_B_PANCREATIC_CELL_DEVELOPMENT",2,"Up",0.500783010791401,0.838801310577955
"GOBP_TYPE_B_PANCREATIC_CELL_DEVELOPMENT",2,"Up",0.500783010791401,0.838801310577955
"GOBP_NEGATIVE_REGULATION_OF_LAMELLIPODIUM_ORGANIZATION",1,"Up",0.501177598817593,0.838801310577955
"GOBP_POLYSACCHARIDE_METABOLIC_PROCESS",11,"Down",0.501514015621236,0.838801310577955
"GOBP_DEPHOSPHORYLATION",29,"Down",0.501581590570815,0.838801310577955
"GOBP_MEIOSIS_I_CELL_CYCLE_PROCESS",2,"Down",0.502092838133112,0.838801310577955
"GOBP_REGULATION_OF_RELEASE_OF_CYTOCHROME_C_FROM_MITOCHONDRIA",2,"Up",0.50222748379616,0.838801310577955
"GOBP_RELEASE_OF_CYTOCHROME_C_FROM_MITOCHONDRIA",2,"Up",0.50222748379616,0.838801310577955
"GOBP_SNRNA_TRANSPORT",1,"Up",0.50277597671104,0.838801310577955
"GOBP_PHOSPHATIDYLGLYCEROL_METABOLIC_PROCESS",3,"Up",0.50335190224476,0.838801310577955
"GOBP_DECIDUALIZATION",1,"Up",0.503450140403387,0.838801310577955
"GOBP_EMBRYO_IMPLANTATION",1,"Up",0.503450140403387,0.838801310577955
"GOBP_MATERNAL_PLACENTA_DEVELOPMENT",1,"Up",0.503450140403387,0.838801310577955
"GOBP_MATERNAL_PROCESS_INVOLVED_IN_FEMALE_PREGNANCY",1,"Up",0.503450140403387,0.838801310577955
"GOBP_B_CELL_DIFFERENTIATION",5,"Up",0.503479750589451,0.838801310577955
"GOBP_REGULATION_OF_PHOSPHORUS_METABOLIC_PROCESS",59,"Down",0.506306022603867,0.838801310577955
"GOBP_ANTIGEN_PROCESSING_AND_PRESENTATION_OF_EXOGENOUS_ANTIGEN",2,"Up",0.507204880577621,0.838801310577955
"GOBP_POSITIVE_REGULATION_OF_PROTEIN_SERINE_THREONINE_KINASE_ACTIVITY",4,"Down",0.507503716288161,0.838801310577955
"GOBP_FATTY_ACID_CATABOLIC_PROCESS",7,"Down",0.50779781063387,0.838801310577955
"GOBP_MONOCARBOXYLIC_ACID_CATABOLIC_PROCESS",7,"Down",0.50779781063387,0.838801310577955
"GOBP_CHROMOSOME_MOVEMENT_TOWARDS_SPINDLE_POLE",3,"Up",0.508349553173702,0.838801310577955
"GOBP_ORGANELLE_MEMBRANE_FUSION",14,"Up",0.508612649473831,0.838801310577955
"GOBP_PROTEIN_LOCALIZATION_TO_EXTRACELLULAR_REGION",31,"Down",0.508712183958942,0.838801310577955
"GOBP_PROTEIN_REPAIR",2,"Down",0.509393843507032,0.838801310577955
"GOBP_TOLL_LIKE_RECEPTOR_4_SIGNALING_PATHWAY",2,"Down",0.509767750058712,0.838801310577955
"GOBP_POSITIVE_REGULATION_OF_COMPLEMENT_ACTIVATION",3,"Down",0.510056066929141,0.838801310577955
"GOBP_POSITIVE_REGULATION_OF_HUMORAL_IMMUNE_RESPONSE",3,"Down",0.510056066929141,0.838801310577955
"GOBP_POSITIVE_REGULATION_OF_CATION_CHANNEL_ACTIVITY",4,"Up",0.510342451110181,0.838801310577955
"GOBP_NEUTRAL_LIPID_BIOSYNTHETIC_PROCESS",2,"Down",0.510345520709279,0.838801310577955
"GOBP_ORGANIC_HYDROXY_COMPOUND_METABOLIC_PROCESS",17,"Down",0.510365802601008,0.838801310577955
"GOBP_POSITIVE_REGULATION_OF_SIGNALING",63,"Down",0.510588713594541,0.838801310577955
"GOBP_REGULATION_OF_CELLULAR_COMPONENT_MOVEMENT",52,"Up",0.510689069987698,0.838801310577955
"GOBP_CHOLESTEROL_STORAGE",1,"Up",0.510781193515374,0.838801310577955
"GOBP_LOW_DENSITY_LIPOPROTEIN_PARTICLE_CLEARANCE",1,"Up",0.510781193515374,0.838801310577955
"GOBP_PLASMA_LIPOPROTEIN_PARTICLE_CLEARANCE",1,"Up",0.510781193515374,0.838801310577955
"GOBP_POSITIVE_REGULATION_OF_CHOLESTEROL_STORAGE",1,"Up",0.510781193515374,0.838801310577955
"GOBP_POSITIVE_REGULATION_OF_ENDOCYTIC_RECYCLING",1,"Up",0.510781193515374,0.838801310577955
"GOBP_ESTABLISHMENT_OF_ENDOTHELIAL_INTESTINAL_BARRIER",1,"Up",0.511108184292928,0.838801310577955
"GOBP_POSITIVE_REGULATION_OF_CELL_PROJECTION_ORGANIZATION",31,"Up",0.511277971295974,0.838801310577955
"GOBP_HEART_PROCESS",16,"Up",0.511365366857365,0.838801310577955
"GOBP_SHORT_CHAIN_FATTY_ACID_CATABOLIC_PROCESS",1,"Up",0.511758438024351,0.838801310577955
"GOBP_SHORT_CHAIN_FATTY_ACID_METABOLIC_PROCESS",1,"Up",0.511758438024351,0.838801310577955
"GOBP_REGULATION_OF_CARTILAGE_DEVELOPMENT",2,"Down",0.512234487647248,0.838801310577955
"GOBP_REGULATION_OF_CHONDROCYTE_DIFFERENTIATION",2,"Down",0.512234487647248,0.838801310577955
"GOBP_AMMONIUM_TRANSMEMBRANE_TRANSPORT",2,"Down",0.512483993692019,0.838801310577955
"GOBP_CELL_VOLUME_HOMEOSTASIS",2,"Down",0.512483993692019,0.838801310577955
"GOBP_CHROMOSOME_LOCALIZATION",13,"Up",0.513815112217069,0.838801310577955
"GOBP_NON_MEMBRANE_BOUNDED_ORGANELLE_ASSEMBLY",23,"Up",0.51421863851077,0.838801310577955
"GOBP_INTRACELLULAR_ESTROGEN_RECEPTOR_SIGNALING_PATHWAY",4,"Down",0.514516123931361,0.838801310577955
"GOBP_MITOCHONDRIAL_FRAGMENTATION_INVOLVED_IN_APOPTOTIC_PROCESS",1,"Up",0.514751239218028,0.838801310577955
"GOBP_PEROXISOME_FISSION",1,"Up",0.514751239218028,0.838801310577955
"GOBP_POSITIVE_REGULATION_OF_GRANULOCYTE_CHEMOTAXIS",1,"Up",0.514751239218028,0.838801310577955
"GOBP_POSITIVE_REGULATION_OF_NEUTROPHIL_MIGRATION",1,"Up",0.514751239218028,0.838801310577955
"GOBP_POSITIVE_REGULATION_OF_RELEASE_OF_CYTOCHROME_C_FROM_MITOCHONDRIA",1,"Up",0.514751239218028,0.838801310577955
"GOBP_PROTON_TRANSMEMBRANE_TRANSPORT",10,"Down",0.515036481004052,0.838801310577955
"GOBP_REGULATION_OF_SPONTANEOUS_SYNAPTIC_TRANSMISSION",2,"Down",0.515157845480696,0.838801310577955
"GOBP_REGULATION_OF_LEUKOCYTE_CHEMOTAXIS",5,"Up",0.51563904924563,0.838801310577955
"GOBP_POSITIVE_REGULATION_OF_GLIAL_CELL_DIFFERENTIATION",2,"Up",0.516015172427947,0.838801310577955
"GOBP_REGULATION_OF_GLIAL_CELL_DIFFERENTIATION",2,"Up",0.516015172427947,0.838801310577955
"GOBP_REGULATION_OF_LYASE_ACTIVITY",4,"Down",0.516291361317614,0.838801310577955
"GOBP_POSITIVE_REGULATION_OF_T_CELL_PROLIFERATION",2,"Down",0.516521357834089,0.838801310577955
"GOBP_PROTEIN_TARGETING_TO_MEMBRANE",6,"Down",0.517227187763622,0.838801310577955
"GOBP_POSITIVE_REGULATION_OF_CELLULAR_RESPONSE_TO_INSULIN_STIMULUS",2,"Down",0.517273326728059,0.838801310577955
"GOBP_MITOCHONDRIAL_ELECTRON_TRANSPORT_NADH_TO_UBIQUINONE",2,"Down",0.51741299387262,0.838801310577955
"GOBP_REGULATION_OF_GTP_BINDING",3,"Up",0.517547119507968,0.838801310577955
"GOBP_REGULATION_OF_CELL_SIZE",14,"Up",0.517743726321066,0.838801310577955
"GOBP_NEGATIVE_REGULATION_OF_CELL_CYCLE_G1_S_PHASE_TRANSITION",2,"Up",0.517845618617149,0.838801310577955
"GOBP_NEGATIVE_REGULATION_OF_DNA_TEMPLATED_TRANSCRIPTION_ELONGATION",1,"Up",0.518190086046261,0.838801310577955
"GOBP_CENTRAL_NERVOUS_SYSTEM_NEURON_DEVELOPMENT",4,"Down",0.51821463553376,0.838801310577955
"GOBP_POSITIVE_REGULATION_OF_SMALL_MOLECULE_METABOLIC_PROCESS",4,"Down",0.518963815558577,0.838801310577955
"GOBP_INNATE_IMMUNE_RESPONSE",20,"Up",0.519440466690801,0.838801310577955
"GOBP_LEUKOCYTE_DEGRANULATION",2,"Up",0.519896139443501,0.838801310577955
"GOBP_POSITIVE_REGULATION_OF_PHOSPHORUS_METABOLIC_PROCESS",29,"Down",0.520667813360833,0.838801310577955
"GOBP_PROTEIN_K48_LINKED_DEUBIQUITINATION",6,"Up",0.520758153493708,0.838801310577955
"GOBP_REGULATION_OF_SODIUM_ION_TRANSPORT",8,"Up",0.521154235538947,0.838801310577955
"GOBP_DENDRITE_DEVELOPMENT",28,"Up",0.521158147136882,0.838801310577955
"GOBP_POSITIVE_REGULATION_OF_CYTOPLASMIC_TRANSPORT",2,"Down",0.521647705854909,0.838801310577955
"GOBP_POSITIVE_REGULATION_OF_EARLY_ENDOSOME_TO_LATE_ENDOSOME_TRANSPORT",2,"Down",0.521647705854909,0.838801310577955
"GOBP_REGULATION_OF_B_CELL_ACTIVATION",2,"Up",0.521653317647459,0.838801310577955
"GOBP_NEGATIVE_REGULATION_OF_INNATE_IMMUNE_RESPONSE",2,"Up",0.521953346823166,0.838801310577955
"GOBP_DEVELOPMENTAL_GROWTH_INVOLVED_IN_MORPHOGENESIS",18,"Down",0.522073621438563,0.838801310577955
"GOBP_NEURON_PROJECTION_EXTENSION",18,"Down",0.522073621438563,0.838801310577955
"GOBP_DENDRITIC_SPINE_MAINTENANCE",1,"Up",0.522117456227025,0.838801310577955
"GOBP_LIPOPROTEIN_BIOSYNTHETIC_PROCESS",4,"Down",0.522424852871073,0.838801310577955
"GOBP_BONE_MORPHOGENESIS",2,"Up",0.522449652405948,0.838801310577955
"GOBP_SKELETAL_SYSTEM_MORPHOGENESIS",2,"Up",0.522449652405948,0.838801310577955
"GOBP_ACROSOMAL_VESICLE_EXOCYTOSIS",1,"Up",0.522476032189265,0.838801310577955
"GOBP_ACROSOME_REACTION",1,"Up",0.522476032189265,0.838801310577955
"GOBP_GLUTAMATE_SECRETION_NEUROTRANSMISSION",1,"Up",0.522476032189265,0.838801310577955
"GOBP_MAST_CELL_ACTIVATION",1,"Up",0.522476032189265,0.838801310577955
"GOBP_MAST_CELL_ACTIVATION_INVOLVED_IN_IMMUNE_RESPONSE",1,"Up",0.522476032189265,0.838801310577955
"GOBP_MYELOID_CELL_ACTIVATION_INVOLVED_IN_IMMUNE_RESPONSE",1,"Up",0.522476032189265,0.838801310577955
"GOBP_NEGATIVE_REGULATION_OF_SYNAPTIC_TRANSMISSION_GABAERGIC",1,"Up",0.522476032189265,0.838801310577955
"GOBP_NEUROMUSCULAR_SYNAPTIC_TRANSMISSION",1,"Up",0.522476032189265,0.838801310577955
"GOBP_POSITIVE_REGULATION_OF_LEUKOCYTE_DEGRANULATION",1,"Up",0.522476032189265,0.838801310577955
"GOBP_POSITIVE_REGULATION_OF_MAST_CELL_ACTIVATION",1,"Up",0.522476032189265,0.838801310577955
"GOBP_POSITIVE_REGULATION_OF_MAST_CELL_ACTIVATION_INVOLVED_IN_IMMUNE_RESPONSE",1,"Up",0.522476032189265,0.838801310577955
"GOBP_POSITIVE_REGULATION_OF_NEUROTRANSMITTER_SECRETION",1,"Up",0.522476032189265,0.838801310577955
"GOBP_POSITIVE_REGULATION_OF_SYNAPTIC_TRANSMISSION_GLUTAMATERGIC",1,"Up",0.522476032189265,0.838801310577955
"GOBP_PRESYNAPTIC_DENSE_CORE_VESICLE_EXOCYTOSIS",1,"Up",0.522476032189265,0.838801310577955
"GOBP_REGULATION_OF_LEUKOCYTE_DEGRANULATION",1,"Up",0.522476032189265,0.838801310577955
"GOBP_REGULATION_OF_MAST_CELL_ACTIVATION",1,"Up",0.522476032189265,0.838801310577955
"GOBP_REGULATION_OF_MAST_CELL_ACTIVATION_INVOLVED_IN_IMMUNE_RESPONSE",1,"Up",0.522476032189265,0.838801310577955
"GOBP_REGULATION_OF_SNARE_COMPLEX_ASSEMBLY",1,"Up",0.522476032189265,0.838801310577955
"GOBP_REGULATION_OF_SYNAPTIC_VESICLE_PRIMING",1,"Up",0.522476032189265,0.838801310577955
"GOBP_SNARE_COMPLEX_ASSEMBLY",1,"Up",0.522476032189265,0.838801310577955
"GOBP_NEURON_PROJECTION_REGENERATION",4,"Up",0.522642683651404,0.838801310577955
"GOBP_SMALL_MOLECULE_BIOSYNTHETIC_PROCESS",16,"Down",0.522789252688829,0.838801310577955
"GOBP_REGULATION_OF_COAGULATION",5,"Down",0.523061824214178,0.838801310577955
"GOBP_REGULATION_OF_ION_TRANSPORT",36,"Up",0.523775873584806,0.838801310577955
"GOBP_CELLULAR_RESPONSE_TO_MECHANICAL_STIMULUS",4,"Up",0.523901404299817,0.838801310577955
"GOBP_CALCIUM_ION_IMPORT_INTO_SARCOPLASMIC_RETICULUM",1,"Up",0.524534899614704,0.838801310577955
"GOBP_POSITIVE_REGULATION_OF_ATPASE_COUPLED_CALCIUM_TRANSMEMBRANE_TRANSPORTER_ACTIVITY",1,"Up",0.524534899614704,0.838801310577955
"GOBP_POSITIVE_REGULATION_OF_CALCIUM_ION_IMPORT",1,"Up",0.524534899614704,0.838801310577955
"GOBP_REGULATION_OF_ATPASE_COUPLED_CALCIUM_TRANSMEMBRANE_TRANSPORTER_ACTIVITY",1,"Up",0.524534899614704,0.838801310577955
"GOBP_REGULATION_OF_SKELETAL_MUSCLE_CONTRACTION",1,"Up",0.524534899614704,0.838801310577955
"GOBP_PROTEIN_LOCALIZATION_TO_PLASMA_MEMBRANE",39,"Up",0.525856032463092,0.838801310577955
"GOBP_GLIOGENESIS",12,"Up",0.526047442942853,0.838801310577955
"GOBP_POSITIVE_REGULATION_OF_PROTEIN_LOCALIZATION",34,"Up",0.526646240848438,0.838801310577955
"GOBP_REGULATION_OF_DIGESTIVE_SYSTEM_PROCESS",4,"Down",0.526795671127797,0.838801310577955
"GOBP_REGULATION_OF_INTRACELLULAR_TRANSPORT",32,"Up",0.526928276192062,0.838801310577955
"GOBP_VESICLE_DOCKING",8,"Up",0.527671759441837,0.838801310577955
"GOBP_MEIOTIC_CHROMOSOME_SEGREGATION",2,"Up",0.528315841789071,0.838801310577955
"GOBP_MEIOTIC_CYTOKINESIS",2,"Up",0.528315841789071,0.838801310577955
"GOBP_NEGATIVE_REGULATION_OF_MITOTIC_CELL_CYCLE_PHASE_TRANSITION",6,"Up",0.528808532038934,0.838801310577955
"GOBP_REGULATION_OF_SPROUTING_ANGIOGENESIS",2,"Down",0.529435451956103,0.838801310577955
"GOBP_REGULATION_OF_PROTEIN_CATABOLIC_PROCESS",29,"Up",0.530045746351464,0.838801310577955
"GOBP_INTERMEMBRANE_LIPID_TRANSFER",4,"Down",0.531703373034689,0.838801310577955
"GOBP_CELLULAR_RESPONSE_TO_ACIDIC_PH",5,"Down",0.531771380535238,0.838801310577955
"GOBP_CELLULAR_RESPONSE_TO_PH",5,"Down",0.531771380535238,0.838801310577955
"GOBP_RESPONSE_TO_ACIDIC_PH",5,"Down",0.531771380535238,0.838801310577955
"GOBP_RESPONSE_TO_PH",5,"Down",0.531771380535238,0.838801310577955
"GOBP_REGULATION_OF_HYDROLASE_ACTIVITY",69,"Down",0.531829335575726,0.838801310577955
"GOBP_CELL_PROLIFERATION_IN_HINDBRAIN",1,"Up",0.531862810751557,0.838801310577955
"GOBP_CENTRAL_NERVOUS_SYSTEM_MATURATION",1,"Up",0.531862810751557,0.838801310577955
"GOBP_CEREBELLAR_GRANULAR_LAYER_DEVELOPMENT",1,"Up",0.531862810751557,0.838801310577955
"GOBP_HINDBRAIN_MATURATION",1,"Up",0.531862810751557,0.838801310577955
"GOBP_NEGATIVE_REGULATION_OF_NEURAL_PRECURSOR_CELL_PROLIFERATION",1,"Up",0.531862810751557,0.838801310577955
"GOBP_REGULATION_OF_CEREBELLAR_GRANULE_CELL_PRECURSOR_PROLIFERATION",1,"Up",0.531862810751557,0.838801310577955
"GOBP_STEROID_BIOSYNTHETIC_PROCESS",6,"Down",0.532003389961392,0.838801310577955
"GOBP_CYTOKINE_PRODUCTION_INVOLVED_IN_IMMUNE_RESPONSE",1,"Up",0.532234650304211,0.838801310577955
"GOBP_MAINTENANCE_OF_PROTEIN_LOCATION_IN_MITOCHONDRION",1,"Up",0.532234650304211,0.838801310577955
"GOBP_MANNOSE_METABOLIC_PROCESS",1,"Up",0.532234650304211,0.838801310577955
"GOBP_POSITIVE_REGULATION_OF_CYTOKINE_PRODUCTION_INVOLVED_IN_IMMUNE_RESPONSE",1,"Up",0.532234650304211,0.838801310577955
"GOBP_ANATOMICAL_STRUCTURE_FORMATION_INVOLVED_IN_MORPHOGENESIS",44,"Down",0.532254524715066,0.838801310577955
"GOBP_ANTIGEN_PROCESSING_AND_PRESENTATION_OF_LIPID_ANTIGEN_VIA_MHC_CLASS_IB",1,"Up",0.53274298588968,0.838801310577955
"GOBP_ANTIGEN_PROCESSING_AND_PRESENTATION_VIA_MHC_CLASS_IB",1,"Up",0.53274298588968,0.838801310577955
"GOBP_DEVELOPMENTAL_PIGMENTATION",1,"Up",0.53274298588968,0.838801310577955
"GOBP_NEUROTRANSMITTER_RECEPTOR_TRANSPORT_POSTSYNAPTIC_ENDOSOME_TO_LYSOSOME",1,"Up",0.53274298588968,0.838801310577955
"GOBP_NK_T_CELL_DIFFERENTIATION",1,"Up",0.53274298588968,0.838801310577955
"GOBP_PIGMENT_ACCUMULATION",1,"Up",0.53274298588968,0.838801310577955
"GOBP_PIGMENT_CELL_DIFFERENTIATION",1,"Up",0.53274298588968,0.838801310577955
"GOBP_PIGMENT_GRANULE_MATURATION",1,"Up",0.53274298588968,0.838801310577955
"GOBP_PIGMENT_GRANULE_ORGANIZATION",1,"Up",0.53274298588968,0.838801310577955
"GOBP_POSITIVE_REGULATION_OF_ALPHA_BETA_T_CELL_DIFFERENTIATION",1,"Up",0.53274298588968,0.838801310577955
"GOBP_REGULATION_OF_ALPHA_BETA_T_CELL_DIFFERENTIATION",1,"Up",0.53274298588968,0.838801310577955
"GOBP_REGULATION_OF_NK_T_CELL_DIFFERENTIATION",1,"Up",0.53274298588968,0.838801310577955
"GOBP_REGULATION_OF_SEQUESTERING_OF_ZINC_ION",1,"Up",0.53274298588968,0.838801310577955
"GOBP_SEQUESTERING_OF_METAL_ION",1,"Up",0.53274298588968,0.838801310577955
"GOBP_SEQUESTERING_OF_ZINC_ION",1,"Up",0.53274298588968,0.838801310577955
"GOBP_ZINC_ION_HOMEOSTASIS",1,"Up",0.53274298588968,0.838801310577955
"GOBP_POSITIVE_REGULATION_OF_DNA_BINDING_TRANSCRIPTION_FACTOR_ACTIVITY",9,"Up",0.532865682324083,0.838801310577955
"GOBP_NEGATIVE_REGULATION_OF_RESPONSE_TO_ENDOPLASMIC_RETICULUM_STRESS",2,"Down",0.532888312046682,0.838801310577955
"GOBP_REGULATION_OF_RESPONSE_TO_ENDOPLASMIC_RETICULUM_STRESS",2,"Down",0.532888312046682,0.838801310577955
"GOBP_LEUKOCYTE_MEDIATED_IMMUNITY",10,"Up",0.533018245480518,0.838801310577955
"GOBP_IMPORT_INTO_NUCLEUS",13,"Up",0.534936175820723,0.838801310577955
"GOBP_POSITIVE_REGULATION_OF_REGULATED_SECRETORY_PATHWAY",3,"Down",0.535384440808355,0.838801310577955
"GOBP_ALCOHOL_METABOLIC_PROCESS",12,"Down",0.535814812542541,0.838801310577955
"GOBP_PEPTIDYL_SERINE_MODIFICATION",15,"Down",0.535854053328434,0.838801310577955
"GOBP_ACETYL_COA_BIOSYNTHETIC_PROCESS",2,"Up",0.53619383984002,0.838801310577955
"GOBP_ACETYL_COA_METABOLIC_PROCESS",2,"Up",0.53619383984002,0.838801310577955
"GOBP_NUCLEOSIDE_BISPHOSPHATE_BIOSYNTHETIC_PROCESS",2,"Up",0.53619383984002,0.838801310577955
"GOBP_SULFUR_COMPOUND_BIOSYNTHETIC_PROCESS",2,"Up",0.53619383984002,0.838801310577955
"GOBP_THIOESTER_BIOSYNTHETIC_PROCESS",2,"Up",0.53619383984002,0.838801310577955
"GOBP_CARDIAC_CHAMBER_MORPHOGENESIS",1,"Up",0.536291298832205,0.838801310577955
"GOBP_CARDIAC_SEPTUM_MORPHOGENESIS",1,"Up",0.536291298832205,0.838801310577955
"GOBP_CARDIOBLAST_PROLIFERATION",1,"Up",0.536291298832205,0.838801310577955
"GOBP_CELL_PROLIFERATION_INVOLVED_IN_HEART_MORPHOGENESIS",1,"Up",0.536291298832205,0.838801310577955
"GOBP_CELL_SURFACE_RECEPTOR_SIGNALING_PATHWAY_INVOLVED_IN_HEART_DEVELOPMENT",1,"Up",0.536291298832205,0.838801310577955
"GOBP_COMMON_BILE_DUCT_DEVELOPMENT",1,"Up",0.536291298832205,0.838801310577955
"GOBP_DORSAL_VENTRAL_NEURAL_TUBE_PATTERNING",1,"Up",0.536291298832205,0.838801310577955
"GOBP_DORSAL_VENTRAL_PATTERN_FORMATION",1,"Up",0.536291298832205,0.838801310577955
"GOBP_EMBRYONIC_BRAIN_DEVELOPMENT",1,"Up",0.536291298832205,0.838801310577955
"GOBP_EMBRYONIC_SKELETAL_SYSTEM_DEVELOPMENT",1,"Up",0.536291298832205,0.838801310577955
"GOBP_EPITHELIAL_STRUCTURE_MAINTENANCE",1,"Up",0.536291298832205,0.838801310577955
"GOBP_HEART_FORMATION",1,"Up",0.536291298832205,0.838801310577955
"GOBP_INNER_EAR_RECEPTOR_CELL_STEREOCILIUM_ORGANIZATION",1,"Up",0.536291298832205,0.838801310577955
"GOBP_MOTILE_CILIUM_ASSEMBLY",1,"Up",0.536291298832205,0.838801310577955
"GOBP_NEURAL_TUBE_PATTERNING",1,"Up",0.536291298832205,0.838801310577955
"GOBP_REGULATION_OF_NON_CANONICAL_WNT_SIGNALING_PATHWAY",1,"Up",0.536291298832205,0.838801310577955
"GOBP_REGULATION_OF_SECONDARY_HEART_FIELD_CARDIOBLAST_PROLIFERATION",1,"Up",0.536291298832205,0.838801310577955
"GOBP_REGULATION_OF_SMOOTHENED_SIGNALING_PATHWAY",1,"Up",0.536291298832205,0.838801310577955
"GOBP_REGULATION_OF_SMOOTHENED_SIGNALING_PATHWAY_INVOLVED_IN_DORSAL_VENTRAL_NEURAL_TUBE_PATTERNING",1,"Up",0.536291298832205,0.838801310577955
"GOBP_REGULATION_OF_WNT_SIGNALING_PATHWAY_PLANAR_CELL_POLARITY_PATHWAY",1,"Up",0.536291298832205,0.838801310577955
"GOBP_SMOOTHENED_SIGNALING_PATHWAY",1,"Up",0.536291298832205,0.838801310577955
"GOBP_SMOOTHENED_SIGNALING_PATHWAY_INVOLVED_IN_DORSAL_VENTRAL_NEURAL_TUBE_PATTERNING",1,"Up",0.536291298832205,0.838801310577955
"GOBP_SPECIFICATION_OF_SYMMETRY",1,"Up",0.536291298832205,0.838801310577955
"GOBP_MODULATION_BY_HOST_OF_SYMBIONT_PROCESS",3,"Up",0.536604265508506,0.838801310577955
"GOBP_MODULATION_BY_HOST_OF_VIRAL_PROCESS",3,"Up",0.536604265508506,0.838801310577955
"GOBP_NUCLEUS_LOCALIZATION",6,"Up",0.536640925629632,0.838801310577955
"GOBP_ERBB2_SIGNALING_PATHWAY",2,"Down",0.536929930688997,0.838801310577955
"GOBP_RECOMBINATIONAL_REPAIR",6,"Down",0.536937625019096,0.838801310577955
"GOBP_ENDOSOME_TO_LYSOSOME_TRANSPORT",6,"Down",0.537087183425134,0.838801310577955
"GOBP_CELLULAR_CARBOHYDRATE_BIOSYNTHETIC_PROCESS",5,"Down",0.537340234261052,0.838801310577955
"GOBP_METANEPHROS_DEVELOPMENT",2,"Up",0.537392837061384,0.838801310577955
"GOBP_REGULATION_OF_PHOSPHOLIPID_METABOLIC_PROCESS",5,"Down",0.537877978291061,0.838801310577955
"GOBP_RESPONSE_TO_METAL_ION",23,"Up",0.537939907488934,0.838801310577955
"GOBP_EXTRINSIC_APOPTOTIC_SIGNALING_PATHWAY_VIA_DEATH_DOMAIN_RECEPTORS",5,"Up",0.538512538389513,0.838801310577955
"GOBP_NUCLEOSIDE_PHOSPHATE_BIOSYNTHETIC_PROCESS",6,"Down",0.538615319064583,0.838801310577955
"GOBP_PURINE_CONTAINING_COMPOUND_BIOSYNTHETIC_PROCESS",6,"Down",0.538615319064583,0.838801310577955
"GOBP_RIBOSE_PHOSPHATE_BIOSYNTHETIC_PROCESS",6,"Down",0.538615319064583,0.838801310577955
"GOBP_NEGATIVE_REGULATION_OF_CELL_JUNCTION_ASSEMBLY",4,"Up",0.538822521707129,0.838801310577955
"GOBP_NEGATIVE_REGULATION_OF_CELL_MATRIX_ADHESION",4,"Up",0.538822521707129,0.838801310577955
"GOBP_NEGATIVE_REGULATION_OF_CELL_SUBSTRATE_ADHESION",4,"Up",0.538822521707129,0.838801310577955
"GOBP_NEGATIVE_REGULATION_OF_CELL_SUBSTRATE_JUNCTION_ORGANIZATION",4,"Up",0.538822521707129,0.838801310577955
"GOBP_IMMUNE_RESPONSE",40,"Up",0.53892794524174,0.838801310577955
"GOBP_POSITIVE_REGULATION_OF_EXTRINSIC_APOPTOTIC_SIGNALING_PATHWAY_IN_ABSENCE_OF_LIGAND",1,"Up",0.539420812911914,0.838801310577955
"GOBP_REGULATION_OF_EXTRINSIC_APOPTOTIC_SIGNALING_PATHWAY_IN_ABSENCE_OF_LIGAND",1,"Up",0.539420812911914,0.838801310577955
"GOBP_REGULATION_OF_GLYCOGEN_CATABOLIC_PROCESS",1,"Up",0.539420812911914,0.838801310577955
"GOBP_HEAD_DEVELOPMENT",40,"Up",0.539495068051242,0.838801310577955
"GOBP_CIRCADIAN_RHYTHM",7,"Down",0.539686216050156,0.838801310577955
"GOBP_RESPONSE_TO_ABIOTIC_STIMULUS",46,"Down",0.539866005629056,0.838801310577955
"GOBP_REGULATION_OF_SMOOTH_MUSCLE_CONTRACTION",2,"Up",0.540075106709014,0.838801310577955
"GOBP_MUSCLE_CELL_PROLIFERATION",4,"Down",0.540312126020048,0.838801310577955
"GOBP_SMOOTH_MUSCLE_CELL_PROLIFERATION",4,"Down",0.540312126020048,0.838801310577955
"GOBP_HEMATOPOIETIC_STEM_CELL_HOMEOSTASIS",1,"Up",0.540334014236284,0.838801310577955
"GOBP_CORONARY_VASCULATURE_DEVELOPMENT",1,"Up",0.540499219928547,0.838801310577955
"GOBP_RESPONSE_TO_STARVATION",8,"Up",0.540967702168477,0.838801310577955
"GOBP_CARTILAGE_DEVELOPMENT_INVOLVED_IN_ENDOCHONDRAL_BONE_MORPHOGENESIS",1,"Up",0.540974286860714,0.838801310577955
"GOBP_CHONDROCYTE_DIFFERENTIATION_INVOLVED_IN_ENDOCHONDRAL_BONE_MORPHOGENESIS",1,"Up",0.540974286860714,0.838801310577955
"GOBP_ENDOCHONDRAL_BONE_MORPHOGENESIS",1,"Up",0.540974286860714,0.838801310577955
"GOBP_GROWTH_PLATE_CARTILAGE_CHONDROCYTE_DIFFERENTIATION",1,"Up",0.540974286860714,0.838801310577955
"GOBP_GROWTH_PLATE_CARTILAGE_DEVELOPMENT",1,"Up",0.540974286860714,0.838801310577955
"GOBP_TYPE_2_IMMUNE_RESPONSE",2,"Up",0.541388662819533,0.838801310577955
"GOBP_PROTEIN_RETENTION_IN_GOLGI_APPARATUS",2,"Down",0.541490572322026,0.838801310577955
"GOBP_DETECTION_OF_STIMULUS",5,"Up",0.542795122939275,0.838801310577955
"GOBP_POSITIVE_REGULATION_OF_PROTEIN_CATABOLIC_PROCESS",16,"Up",0.542865418322565,0.838801310577955
"GOBP_CRANIAL_NERVE_DEVELOPMENT",2,"Up",0.54290803230105,0.838801310577955
"GOBP_NERVE_DEVELOPMENT",2,"Up",0.54290803230105,0.838801310577955
"GOBP_OPTIC_NERVE_DEVELOPMENT",2,"Up",0.54290803230105,0.838801310577955
"GOBP_POSITIVE_REGULATION_OF_AMINE_TRANSPORT",5,"Up",0.542918260091322,0.838801310577955
"GOBP_MITOCHONDRIAL_RESPIRATORY_CHAIN_COMPLEX_ASSEMBLY",2,"Down",0.542974555609502,0.838801310577955
"GOBP_NADH_DEHYDROGENASE_COMPLEX_ASSEMBLY",2,"Down",0.542974555609502,0.838801310577955
"GOBP_REGULATION_OF_CARDIAC_MUSCLE_CELL_ACTION_POTENTIAL_INVOLVED_IN_REGULATION_OF_CONTRACTION",1,"Up",0.543486908175787,0.838801310577955
"GOBP_REGULATION_OF_DEACETYLASE_ACTIVITY",1,"Up",0.543486908175787,0.838801310577955
"GOBP_REGULATION_OF_HISTONE_DEACETYLASE_ACTIVITY",1,"Up",0.543486908175787,0.838801310577955
"GOBP_REGULATION_OF_RELAXATION_OF_CARDIAC_MUSCLE",1,"Up",0.543486908175787,0.838801310577955
"GOBP_CELLULAR_RESPIRATION",10,"Up",0.544890169219983,0.838801310577955
"GOBP_INSULIN_SECRETION_INVOLVED_IN_CELLULAR_RESPONSE_TO_GLUCOSE_STIMULUS",5,"Down",0.545894581122483,0.838801310577955
"GOBP_MESENCHYME_MORPHOGENESIS",1,"Up",0.546512698633447,0.838801310577955
"GOBP_PARAXIAL_MESODERM_DEVELOPMENT",1,"Up",0.546512698633447,0.838801310577955
"GOBP_PARAXIAL_MESODERM_FORMATION",1,"Up",0.546512698633447,0.838801310577955
"GOBP_PARAXIAL_MESODERM_MORPHOGENESIS",1,"Up",0.546512698633447,0.838801310577955
"GOBP_REGULATION_OF_CALCIUM_ION_IMPORT",2,"Up",0.547102153474605,0.838801310577955
"GOBP_MEGAKARYOCYTE_DEVELOPMENT",1,"Up",0.547176787039465,0.838801310577955
"GOBP_MEGAKARYOCYTE_DIFFERENTIATION",1,"Up",0.547176787039465,0.838801310577955
"GOBP_SOMITE_DEVELOPMENT",1,"Up",0.547176787039465,0.838801310577955
"GOBP_SOMITOGENESIS",1,"Up",0.547176787039465,0.838801310577955
"GOBP_RESPONSE_TO_NUTRIENT",5,"Down",0.54748038859209,0.838801310577955
"GOBP_TETRAPYRROLE_METABOLIC_PROCESS",2,"Up",0.547842677601612,0.838801310577955
"GOBP_NEGATIVE_REGULATION_OF_PEPTIDASE_ACTIVITY",14,"Down",0.548297713288905,0.838801310577955
"GOBP_REGULATION_OF_MONONUCLEAR_CELL_MIGRATION",5,"Up",0.549744897512739,0.838801310577955
"GOBP_PROTEIN_IMPORT_INTO_PEROXISOME_MATRIX",2,"Down",0.54984307386154,0.838801310577955
"GOBP_PROTEIN_TARGETING_TO_PEROXISOME",2,"Down",0.54984307386154,0.838801310577955
"GOBP_POINTED_END_ACTIN_FILAMENT_CAPPING",2,"Down",0.549936950430971,0.838801310577955
"GOBP_DIGESTIVE_SYSTEM_DEVELOPMENT",1,"Up",0.550404108993489,0.838801310577955
"GOBP_FERMENTATION",1,"Up",0.550404108993489,0.838801310577955
"GOBP_FRUCTOSE_2_6_BISPHOSPHATE_METABOLIC_PROCESS",1,"Up",0.550404108993489,0.838801310577955
"GOBP_GLYCOLYTIC_FERMENTATION",1,"Up",0.550404108993489,0.838801310577955
"GOBP_INTESTINAL_EPITHELIAL_CELL_DEVELOPMENT",1,"Up",0.550404108993489,0.838801310577955
"GOBP_INTESTINAL_EPITHELIAL_CELL_DIFFERENTIATION",1,"Up",0.550404108993489,0.838801310577955
"GOBP_NADPH_REGENERATION",1,"Up",0.550404108993489,0.838801310577955
"GOBP_NEGATIVE_REGULATION_OF_AUTOPHAGY_OF_MITOCHONDRION",1,"Up",0.550404108993489,0.838801310577955
"GOBP_NEGATIVE_REGULATION_OF_MITOPHAGY",1,"Up",0.550404108993489,0.838801310577955
"GOBP_PENTOSE_PHOSPHATE_SHUNT",1,"Up",0.550404108993489,0.838801310577955
"GOBP_REGULATION_OF_NADP_METABOLIC_PROCESS",1,"Up",0.550404108993489,0.838801310577955
"GOBP_RESPONSE_TO_CELL_CYCLE_CHECKPOINT_SIGNALING",1,"Up",0.550404108993489,0.838801310577955
"GOBP_RESPONSE_TO_COBALT_ION",1,"Up",0.550404108993489,0.838801310577955
"GOBP_RESPONSE_TO_GAMMA_RADIATION",1,"Up",0.550404108993489,0.838801310577955
"GOBP_RESPONSE_TO_ISCHEMIA",1,"Up",0.550404108993489,0.838801310577955
"GOBP_POSITIVE_REGULATION_OF_NF_KAPPAB_TRANSCRIPTION_FACTOR_ACTIVITY",5,"Up",0.550484877508753,0.838801310577955
"GOBP_NEGATIVE_REGULATION_OF_BIOSYNTHETIC_PROCESS",33,"Down",0.551243858346229,0.838801310577955
"GOBP_REGULATION_OF_RESPONSE_TO_BIOTIC_STIMULUS",9,"Up",0.551468056291382,0.838801310577955
"GOBP_RIBOSE_PHOSPHATE_METABOLIC_PROCESS",20,"Up",0.551544502010245,0.838801310577955
"GOBP_CELLULAR_RESPONSE_TO_CORTICOSTEROID_STIMULUS",2,"Down",0.552063048749817,0.838801310577955
"GOBP_EXTRACELLULAR_EXOSOME_ASSEMBLY",2,"Up",0.552394152596784,0.838801310577955
"GOBP_MAMMARY_GLAND_MORPHOGENESIS",2,"Up",0.552810057191801,0.838801310577955
"GOBP_MITOCHONDRIAL_GENOME_MAINTENANCE",1,"Up",0.553005367064677,0.838801310577955
"GOBP_NEGATIVE_REGULATION_OF_NECROTIC_CELL_DEATH",1,"Up",0.553005367064677,0.838801310577955
"GOBP_NEGATIVE_REGULATION_OF_PROGRAMMED_NECROTIC_CELL_DEATH",1,"Up",0.553005367064677,0.838801310577955
"GOBP_POSITIVE_REGULATION_OF_EPITHELIAL_CELL_MIGRATION",7,"Down",0.553033888116863,0.838801310577955
"GOBP_EXOCYST_LOCALIZATION",1,"Up",0.55388205232483,0.838801310577955
"GOBP_IMMUNE_RESPONSE_REGULATING_SIGNALING_PATHWAY",16,"Down",0.555062478885206,0.838801310577955
"GOBP_RESPONSE_TO_BACTERIUM",15,"Down",0.555512780005067,0.838801310577955
"GOBP_POSITIVE_REGULATION_OF_ION_TRANSPORT",15,"Up",0.55643373977739,0.838801310577955
"GOBP_MITOCHONDRIAL_TRANSPORT",10,"Down",0.556793978413786,0.838801310577955
"GOBP_ESTABLISHMENT_OF_PROTEIN_LOCALIZATION_TO_ORGANELLE",41,"Down",0.556810974751684,0.838801310577955
"GOBP_REGULATION_OF_VESICLE_MEDIATED_TRANSPORT",64,"Up",0.557144533755596,0.838801310577955
"GOBP_DOUBLE_STRAND_BREAK_REPAIR_VIA_NONHOMOLOGOUS_END_JOINING",2,"Up",0.557347247024134,0.838801310577955
"GOBP_NEGATIVE_REGULATION_OF_INFLAMMATORY_RESPONSE",2,"Down",0.557658024017989,0.838801310577955
"GOBP_ENDOSOME_TO_PLASMA_MEMBRANE_PROTEIN_TRANSPORT",2,"Up",0.557894107296055,0.838801310577955
"GOBP_ADIPOSE_TISSUE_DEVELOPMENT",1,"Up",0.558158141433877,0.838801310577955
"GOBP_HEME_TRANSPORT",1,"Up",0.558158141433877,0.838801310577955
"GOBP_IRON_COORDINATION_ENTITY_TRANSPORT",1,"Up",0.558158141433877,0.838801310577955
"GOBP_NCRNA_TRANSCRIPTION",1,"Up",0.55853736687734,0.838801310577955
"GOBP_NUCLEOLAR_LARGE_RRNA_TRANSCRIPTION_BY_RNA_POLYMERASE_I",1,"Up",0.55853736687734,0.838801310577955
"GOBP_RRNA_TRANSCRIPTION",1,"Up",0.55853736687734,0.838801310577955
"GOBP_TRANSCRIPTION_BY_RNA_POLYMERASE_I",1,"Up",0.55853736687734,0.838801310577955
"GOBP_POSITIVE_REGULATION_OF_VOLTAGE_GATED_CALCIUM_CHANNEL_ACTIVITY",1,"Up",0.558584083784704,0.838801310577955
"GOBP_REGULATION_OF_CARDIAC_MUSCLE_CELL_MEMBRANE_POTENTIAL",1,"Up",0.558584083784704,0.838801310577955
"GOBP_CATECHOLAMINE_UPTAKE",2,"Down",0.55935840733465,0.838801310577955
"GOBP_POSITIVE_REGULATION_OF_LIPID_KINASE_ACTIVITY",1,"Up",0.560229350511457,0.838801310577955
"GOBP_REGULATION_OF_LIPID_KINASE_ACTIVITY",1,"Up",0.560229350511457,0.838801310577955
"GOBP_POSITIVE_REGULATION_OF_DIGESTIVE_SYSTEM_PROCESS",2,"Down",0.560523778086831,0.838801310577955
"GOBP_CELLULAR_COMPONENT_ASSEMBLY_INVOLVED_IN_MORPHOGENESIS",9,"Down",0.56088107413374,0.838801310577955
"GOBP_ORGANIC_ANION_TRANSPORT",11,"Down",0.561000512185455,0.838801310577955
"GOBP_FOREBRAIN_DEVELOPMENT",16,"Down",0.561882923787147,0.838801310577955
"GOBP_CELL_MORPHOGENESIS",82,"Up",0.563061188796382,0.838801310577955
"GOBP_POSITIVE_REGULATION_OF_LYMPHOCYTE_CHEMOTAXIS",2,"Down",0.563260678823154,0.838801310577955
"GOBP_POSITIVE_REGULATION_OF_LYMPHOCYTE_MIGRATION",2,"Down",0.563260678823154,0.838801310577955
"GOBP_POSITIVE_REGULATION_OF_MONONUCLEAR_CELL_MIGRATION",2,"Down",0.563260678823154,0.838801310577955
"GOBP_POSITIVE_REGULATION_OF_T_CELL_MIGRATION",2,"Down",0.563260678823154,0.838801310577955
"GOBP_REGULATION_OF_LYMPHOCYTE_CHEMOTAXIS",2,"Down",0.563260678823154,0.838801310577955
"GOBP_REGULATION_OF_T_CELL_CHEMOTAXIS",2,"Down",0.563260678823154,0.838801310577955
"GOBP_DETECTION_OF_MECHANICAL_STIMULUS",1,"Up",0.563305719025304,0.838801310577955
"GOBP_DETECTION_OF_MECHANICAL_STIMULUS_INVOLVED_IN_SENSORY_PERCEPTION",1,"Up",0.563305719025304,0.838801310577955
"GOBP_DETECTION_OF_MECHANICAL_STIMULUS_INVOLVED_IN_SENSORY_PERCEPTION_OF_PAIN",1,"Up",0.563305719025304,0.838801310577955
"GOBP_ANTERIOR_POSTERIOR_AXIS_SPECIFICATION",1,"Up",0.563340065037147,0.838801310577955
"GOBP_AXIS_SPECIFICATION",1,"Up",0.563340065037147,0.838801310577955
"GOBP_BLASTODERM_SEGMENTATION",1,"Up",0.563340065037147,0.838801310577955
"GOBP_DIAPHRAGM_DEVELOPMENT",1,"Up",0.563340065037147,0.838801310577955
"GOBP_EMBRYONIC_AXIS_SPECIFICATION",1,"Up",0.563340065037147,0.838801310577955
"GOBP_EMBRYONIC_PATTERN_SPECIFICATION",1,"Up",0.563340065037147,0.838801310577955
"GOBP_KIDNEY_MESENCHYME_DEVELOPMENT",1,"Up",0.563340065037147,0.838801310577955
"GOBP_KIDNEY_MORPHOGENESIS",1,"Up",0.563340065037147,0.838801310577955
"GOBP_MESENCHYMAL_TO_EPITHELIAL_TRANSITION",1,"Up",0.563340065037147,0.838801310577955
"GOBP_MESONEPHROS_DEVELOPMENT",1,"Up",0.563340065037147,0.838801310577955
"GOBP_METANEPHRIC_MESENCHYME_DEVELOPMENT",1,"Up",0.563340065037147,0.838801310577955
"GOBP_METANEPHRIC_PART_OF_URETERIC_BUD_DEVELOPMENT",1,"Up",0.563340065037147,0.838801310577955
"GOBP_METANEPHROS_MORPHOGENESIS",1,"Up",0.563340065037147,0.838801310577955
"GOBP_POSITIVE_REGULATION_OF_HEART_GROWTH",1,"Up",0.563340065037147,0.838801310577955
"GOBP_POSITIVE_REGULATION_OF_ORGAN_GROWTH",1,"Up",0.563340065037147,0.838801310577955
"GOBP_REGULATION_OF_HEART_GROWTH",1,"Up",0.563340065037147,0.838801310577955
"GOBP_REGULATION_OF_KIDNEY_DEVELOPMENT",1,"Up",0.563340065037147,0.838801310577955
"GOBP_REGULATION_OF_METANEPHROS_DEVELOPMENT",1,"Up",0.563340065037147,0.838801310577955
"GOBP_REGULATION_OF_ORGAN_GROWTH",1,"Up",0.563340065037147,0.838801310577955
"GOBP_THORAX_AND_ANTERIOR_ABDOMEN_DETERMINATION",1,"Up",0.563340065037147,0.838801310577955
"GOBP_TRIPARTITE_REGIONAL_SUBDIVISION",1,"Up",0.563340065037147,0.838801310577955
"GOBP_ZYGOTIC_DETERMINATION_OF_ANTERIOR_POSTERIOR_AXIS_EMBRYO",1,"Up",0.563340065037147,0.838801310577955
"GOBP_NEGATIVE_REGULATION_OF_TRANSFORMING_GROWTH_FACTOR_BETA1_PRODUCTION",1,"Up",0.56349479976679,0.838801310577955
"GOBP_SUBSTRATE_DEPENDENT_CELL_MIGRATION_CELL_EXTENSION",1,"Up",0.56349479976679,0.838801310577955
"GOBP_REGULATION_OF_CATION_TRANSMEMBRANE_TRANSPORT",22,"Down",0.563888582258435,0.838801310577955
"GOBP_REGULATION_OF_CALCIUM_ION_TRANSMEMBRANE_TRANSPORT",11,"Down",0.564231676876436,0.838801310577955
"GOBP_CONSTITUTIVE_SECRETORY_PATHWAY",1,"Up",0.564660998407103,0.838801310577955
"GOBP_SPONTANEOUS_NEUROTRANSMITTER_SECRETION",1,"Up",0.564894738826513,0.838801310577955
"GOBP_HEPATOCYTE_GROWTH_FACTOR_RECEPTOR_SIGNALING_PATHWAY",2,"Down",0.566244135252092,0.838801310577955
"GOBP_MYOBLAST_DIFFERENTIATION",4,"Down",0.566318190739049,0.838801310577955
"GOBP_REGULATION_OF_DEVELOPMENTAL_GROWTH",17,"Up",0.566736310774153,0.838801310577955
"GOBP_GLUCOSE_METABOLIC_PROCESS",10,"Up",0.566738841073658,0.838801310577955
"GOBP_NUCLEAR_MIGRATION",5,"Up",0.567315825955472,0.838801310577955
"GOBP_MICROTUBULE_ANCHORING_AT_CENTROSOME",2,"Up",0.567740528970367,0.838801310577955
"GOBP_MICROTUBULE_ANCHORING_AT_MICROTUBULE_ORGANIZING_CENTER",2,"Up",0.567740528970367,0.838801310577955
"GOBP_PROTEIN_LOCALIZATION_TO_MITOCHONDRION",9,"Down",0.568034212417318,0.838801310577955
"GOBP_VIRAL_PROTEIN_PROCESSING",2,"Up",0.568317096356038,0.838801310577955
"GOBP_COBALAMIN_METABOLIC_PROCESS",1,"Up",0.568629326495236,0.838801310577955
"GOBP_PROTEIN_TRIMERIZATION",1,"Up",0.568629326495236,0.838801310577955
"GOBP_REGULATION_OF_TETRAPYRROLE_METABOLIC_PROCESS",1,"Up",0.568629326495236,0.838801310577955
"GOBP_REGULATION_OF_VITAMIN_METABOLIC_PROCESS",1,"Up",0.568629326495236,0.838801310577955
"GOBP_VITAMIN_METABOLIC_PROCESS",1,"Up",0.568629326495236,0.838801310577955
"GOBP_WATER_SOLUBLE_VITAMIN_METABOLIC_PROCESS",1,"Up",0.568629326495236,0.838801310577955
"GOBP_ESCRT_COMPLEX_DISASSEMBLY",2,"Up",0.570686490678144,0.838801310577955
"GOBP_CELL_ADHESION_MEDIATED_BY_INTEGRIN",5,"Down",0.571014555971307,0.838801310577955
"GOBP_AXO_DENDRITIC_PROTEIN_TRANSPORT",4,"Up",0.571229655904023,0.838801310577955
"GOBP_PROTEIN_LOCALIZATION_TO_PRESYNAPSE",4,"Up",0.571229655904023,0.838801310577955
"GOBP_COMPLEMENT_RECEPTOR_MEDIATED_SIGNALING_PATHWAY",1,"Up",0.571598728968786,0.838801310577955
"GOBP_CYTOLYSIS",1,"Up",0.571598728968786,0.838801310577955
"GOBP_IMMUNE_COMPLEX_CLEARANCE",1,"Up",0.571598728968786,0.838801310577955
"GOBP_INTERFERON_GAMMA_PRODUCTION",1,"Up",0.571598728968786,0.838801310577955
"GOBP_NEGATIVE_REGULATION_OF_ADAPTIVE_IMMUNE_RESPONSE",1,"Up",0.571598728968786,0.838801310577955
"GOBP_NEGATIVE_REGULATION_OF_B_CELL_ACTIVATION",1,"Up",0.571598728968786,0.838801310577955
"GOBP_NEGATIVE_REGULATION_OF_B_CELL_DIFFERENTIATION",1,"Up",0.571598728968786,0.838801310577955
"GOBP_NEGATIVE_REGULATION_OF_B_CELL_MEDIATED_IMMUNITY",1,"Up",0.571598728968786,0.838801310577955
"GOBP_NEGATIVE_REGULATION_OF_COMPLEMENT_ACTIVATION",1,"Up",0.571598728968786,0.838801310577955
"GOBP_NEGATIVE_REGULATION_OF_HUMORAL_IMMUNE_RESPONSE",1,"Up",0.571598728968786,0.838801310577955
"GOBP_NEGATIVE_REGULATION_OF_HUMORAL_IMMUNE_RESPONSE_MEDIATED_BY_CIRCULATING_IMMUNOGLOBULIN",1,"Up",0.571598728968786,0.838801310577955
"GOBP_NEGATIVE_REGULATION_OF_IMMUNE_EFFECTOR_PROCESS",1,"Up",0.571598728968786,0.838801310577955
"GOBP_NEGATIVE_REGULATION_OF_IMMUNOGLOBULIN_PRODUCTION",1,"Up",0.571598728968786,0.838801310577955
"GOBP_NEGATIVE_REGULATION_OF_INTERFERON_GAMMA_PRODUCTION",1,"Up",0.571598728968786,0.838801310577955
"GOBP_NEGATIVE_REGULATION_OF_INTERLEUKIN_2_PRODUCTION",1,"Up",0.571598728968786,0.838801310577955
"GOBP_NEGATIVE_REGULATION_OF_LEUKOCYTE_MEDIATED_IMMUNITY",1,"Up",0.571598728968786,0.838801310577955
"GOBP_NEGATIVE_REGULATION_OF_LYMPHOCYTE_DIFFERENTIATION",1,"Up",0.571598728968786,0.838801310577955
"GOBP_NEGATIVE_REGULATION_OF_LYMPHOCYTE_MEDIATED_IMMUNITY",1,"Up",0.571598728968786,0.838801310577955
"GOBP_NEGATIVE_REGULATION_OF_PRODUCTION_OF_MOLECULAR_MEDIATOR_OF_IMMUNE_RESPONSE",1,"Up",0.571598728968786,0.838801310577955
"GOBP_NEGATIVE_REGULATION_OF_SERINE_TYPE_PEPTIDASE_ACTIVITY",1,"Up",0.571598728968786,0.838801310577955
"GOBP_PLASMA_CELL_DIFFERENTIATION",1,"Up",0.571598728968786,0.838801310577955
"GOBP_POSITIVE_REGULATION_OF_REGULATORY_T_CELL_DIFFERENTIATION",1,"Up",0.571598728968786,0.838801310577955
"GOBP_REGULATION_OF_B_CELL_DIFFERENTIATION",1,"Up",0.571598728968786,0.838801310577955
"GOBP_REGULATION_OF_COMPLEMENT_ACTIVATION_ALTERNATIVE_PATHWAY",1,"Up",0.571598728968786,0.838801310577955
"GOBP_REGULATION_OF_COMPLEMENT_ACTIVATION_CLASSICAL_PATHWAY",1,"Up",0.571598728968786,0.838801310577955
"GOBP_REGULATION_OF_COMPLEMENT_DEPENDENT_CYTOTOXICITY",1,"Up",0.571598728968786,0.838801310577955
"GOBP_REGULATION_OF_HUMORAL_IMMUNE_RESPONSE_MEDIATED_BY_CIRCULATING_IMMUNOGLOBULIN",1,"Up",0.571598728968786,0.838801310577955
"GOBP_REGULATION_OF_SERINE_TYPE_PEPTIDASE_ACTIVITY",1,"Up",0.571598728968786,0.838801310577955
"GOBP_REGULATORY_T_CELL_DIFFERENTIATION",1,"Up",0.571598728968786,0.838801310577955
"GOBP_ALPHA_BETA_T_CELL_ACTIVATION",5,"Down",0.572145195978179,0.838801310577955
"GOBP_IRES_DEPENDENT_VIRAL_TRANSLATIONAL_INITIATION",1,"Up",0.572160070324382,0.838801310577955
"GOBP_MALE_SEX_DIFFERENTIATION",1,"Up",0.572160070324382,0.838801310577955
"GOBP_VIRAL_TRANSLATION",1,"Up",0.572160070324382,0.838801310577955
"GOBP_NEGATIVE_REGULATION_OF_NEURON_PROJECTION_DEVELOPMENT",8,"Up",0.573055232386389,0.838801310577955
"GOBP_CARDIOLIPIN_METABOLIC_PROCESS",2,"Up",0.573191865567953,0.838801310577955
"GOBP_CELLULAR_RESPONSE_TO_ANTIBIOTIC",1,"Up",0.57332361568862,0.838801310577955
"GOBP_REGULATION_OF_DOUBLE_STRAND_BREAK_REPAIR_VIA_NONHOMOLOGOUS_END_JOINING",1,"Up",0.57332361568862,0.838801310577955
"GOBP_RESPONSE_TO_ANTIBIOTIC",1,"Up",0.57332361568862,0.838801310577955
"GOBP_RESPONSE_TO_IMMOBILIZATION_STRESS",1,"Up",0.57332361568862,0.838801310577955
"GOBP_NEGATIVE_REGULATION_OF_PROTEASOMAL_PROTEIN_CATABOLIC_PROCESS",4,"Up",0.573536618796989,0.838801310577955
"GOBP_NEGATIVE_REGULATION_OF_PROTEASOMAL_UBIQUITIN_DEPENDENT_PROTEIN_CATABOLIC_PROCESS",4,"Up",0.573536618796989,0.838801310577955
"GOBP_CELL_JUNCTION_MAINTENANCE",5,"Up",0.573578188642483,0.838801310577955
"GOBP_POSITIVE_REGULATION_OF_DEFENSE_RESPONSE",7,"Down",0.573946393132323,0.838801310577955
"GOBP_MORPHOGENESIS_OF_A_BRANCHING_STRUCTURE",6,"Up",0.573956174836925,0.838801310577955
"GOBP_AV_NODE_CELL_TO_BUNDLE_OF_HIS_CELL_COMMUNICATION",1,"Up",0.574135409825596,0.838801310577955
"GOBP_AV_NODE_CELL_TO_BUNDLE_OF_HIS_CELL_SIGNALING",1,"Up",0.574135409825596,0.838801310577955
"GOBP_BUNDLE_OF_HIS_CELL_TO_PURKINJE_MYOCYTE_COMMUNICATION",1,"Up",0.574135409825596,0.838801310577955
"GOBP_BUNDLE_OF_HIS_CELL_TO_PURKINJE_MYOCYTE_SIGNALING",1,"Up",0.574135409825596,0.838801310577955
"GOBP_ODONTOGENESIS_OF_DENTIN_CONTAINING_TOOTH",1,"Up",0.574135409825596,0.838801310577955
"GOBP_REGULATION_OF_ATRIAL_CARDIAC_MUSCLE_CELL_MEMBRANE_DEPOLARIZATION",1,"Up",0.574135409825596,0.838801310577955
"GOBP_NEURON_DIFFERENTIATION",90,"Up",0.574154166028514,0.838801310577955
"GOBP_NEGATIVE_REGULATION_OF_GUANYL_NUCLEOTIDE_EXCHANGE_FACTOR_ACTIVITY",1,"Up",0.574242904321905,0.838801310577955
"GOBP_REGULATION_OF_GUANYL_NUCLEOTIDE_EXCHANGE_FACTOR_ACTIVITY",1,"Up",0.574242904321905,0.838801310577955
"GOBP_THROMBIN_ACTIVATED_RECEPTOR_SIGNALING_PATHWAY",1,"Up",0.574242904321905,0.838801310577955
"GOBP_ORGANELLE_ASSEMBLY",65,"Up",0.574926246824031,0.838801310577955
"GOBP_CENTROMERE_COMPLEX_ASSEMBLY",1,"Up",0.57547002380519,0.838801310577955
"GOBP_KINETOCHORE_ASSEMBLY",1,"Up",0.57547002380519,0.838801310577955
"GOBP_KINETOCHORE_ORGANIZATION",1,"Up",0.57547002380519,0.838801310577955
"GOBP_REGULATION_OF_CENTROMERE_COMPLEX_ASSEMBLY",1,"Up",0.57547002380519,0.838801310577955
"GOBP_POSITIVE_REGULATION_OF_BMP_SIGNALING_PATHWAY",1,"Up",0.576238577648876,0.838801310577955
"GOBP_POSITIVE_REGULATION_OF_TRANSMEMBRANE_RECEPTOR_PROTEIN_SERINE_THREONINE_KINASE_SIGNALING_PATHWAY",1,"Up",0.576238577648876,0.838801310577955
"GOBP_PHYSIOLOGICAL_CARDIAC_MUSCLE_HYPERTROPHY",1,"Up",0.577168165569604,0.838801310577955
"GOBP_REGULATION_OF_SYNAPSE_ASSEMBLY",1,"Up",0.577168165569604,0.838801310577955
"GOBP_ANTIGEN_RECEPTOR_MEDIATED_SIGNALING_PATHWAY",4,"Down",0.578123733908594,0.838801310577955
"GOBP_T_CELL_RECEPTOR_SIGNALING_PATHWAY",4,"Down",0.578123733908594,0.838801310577955
"GOBP_SYNAPSE_ORGANIZATION",30,"Up",0.578167494882549,0.838801310577955
"GOBP_MESENCHYMAL_CELL_DEVELOPMENT",5,"Up",0.578944985864654,0.838801310577955
"GOBP_NEURAL_CREST_CELL_DIFFERENTIATION",5,"Up",0.578944985864654,0.838801310577955
"GOBP_MULTICELLULAR_ORGANISM_REPRODUCTION",17,"Down",0.579841652487303,0.838801310577955
"GOBP_REGULATION_OF_CYSTEINE_TYPE_ENDOPEPTIDASE_ACTIVITY",7,"Down",0.580237194769851,0.838801310577955
"GOBP_NEGATIVE_REGULATION_OF_ENDOCYTOSIS",4,"Down",0.580475907838192,0.838801310577955
"GOBP_REGULATION_OF_LEUKOCYTE_MEDIATED_IMMUNITY",6,"Up",0.580531937590264,0.838801310577955
"GOBP_NEUTRAL_LIPID_METABOLIC_PROCESS",8,"Down",0.580712832701649,0.838801310577955
"GOBP_CELL_DIVISION",51,"Up",0.580799859838098,0.838801310577955
"GOBP_REGULATION_OF_MYOBLAST_DIFFERENTIATION",1,"Up",0.580910232134956,0.838801310577955
"GOBP_REGULATION_OF_NECROTIC_CELL_DEATH",2,"Down",0.581496841462976,0.838801310577955
"GOBP_REGULATION_OF_PROGRAMMED_NECROTIC_CELL_DEATH",2,"Down",0.581496841462976,0.838801310577955
"GOBP_NEGATIVE_REGULATION_OF_SMALL_GTPASE_MEDIATED_SIGNAL_TRANSDUCTION",5,"Down",0.581676576123176,0.838801310577955
"GOBP_AORTA_DEVELOPMENT",2,"Down",0.58321735077697,0.838801310577955
"GOBP_REGULATION_OF_PLASMA_MEMBRANE_ORGANIZATION",4,"Up",0.58345527081431,0.838801310577955
"GOBP_DEVELOPMENTAL_GROWTH",27,"Up",0.583742183790267,0.838801310577955
"GOBP_ANTIBACTERIAL_HUMORAL_RESPONSE",1,"Up",0.584175034992388,0.838801310577955
"GOBP_ANTIMICROBIAL_HUMORAL_RESPONSE",1,"Up",0.584175034992388,0.838801310577955
"GOBP_ENDOTHELIAL_CELL_APOPTOTIC_PROCESS",1,"Up",0.584175034992388,0.838801310577955
"GOBP_EPITHELIAL_CELL_APOPTOTIC_PROCESS",1,"Up",0.584175034992388,0.838801310577955
"GOBP_FIBRINOLYSIS",1,"Up",0.584175034992388,0.838801310577955
"GOBP_INDUCTION_OF_BACTERIAL_AGGLUTINATION",1,"Up",0.584175034992388,0.838801310577955
"GOBP_NEGATIVE_REGULATION_OF_ENDOTHELIAL_CELL_APOPTOTIC_PROCESS",1,"Up",0.584175034992388,0.838801310577955
"GOBP_NEGATIVE_REGULATION_OF_EPITHELIAL_CELL_APOPTOTIC_PROCESS",1,"Up",0.584175034992388,0.838801310577955
"GOBP_PLASMINOGEN_ACTIVATION",1,"Up",0.584175034992388,0.838801310577955
"GOBP_POSITIVE_REGULATION_OF_VASOCONSTRICTION",1,"Up",0.584175034992388,0.838801310577955
"GOBP_REGULATION_OF_EPITHELIAL_CELL_APOPTOTIC_PROCESS",1,"Up",0.584175034992388,0.838801310577955
"GOBP_ZYMOGEN_ACTIVATION",1,"Up",0.584175034992388,0.838801310577955
"GOBP_NEGATIVE_REGULATION_OF_CELL_DEATH",42,"Down",0.584232230912249,0.838801310577955
"GOBP_MORPHOGENESIS_OF_AN_EPITHELIAL_FOLD",1,"Up",0.584486801326908,0.838801310577955
"GOBP_NEURAL_FOLD_FORMATION",1,"Up",0.584486801326908,0.838801310577955
"GOBP_POSITIVE_REGULATION_OF_PROTEIN_TYROSINE_KINASE_ACTIVITY",2,"Down",0.585928804773692,0.838801310577955
"GOBP_NEGATIVE_REGULATION_OF_RHO_PROTEIN_SIGNAL_TRANSDUCTION",2,"Down",0.586005719292518,0.838801310577955
"GOBP_RETINA_DEVELOPMENT_IN_CAMERA_TYPE_EYE",3,"Down",0.586095680862597,0.838801310577955
"GOBP_TRANSMEMBRANE_RECEPTOR_PROTEIN_SERINE_THREONINE_KINASE_SIGNALING_PATHWAY",10,"Up",0.586136576999071,0.838801310577955
"GOBP_DIRECT_OSSIFICATION",1,"Up",0.586721531514727,0.838801310577955
"GOBP_EPHRIN_RECEPTOR_SIGNALING_PATHWAY",1,"Up",0.586721531514727,0.838801310577955
"GOBP_INFLAMMATORY_RESPONSE_TO_WOUNDING",1,"Up",0.586721531514727,0.838801310577955
"GOBP_MOTOR_LEARNING",1,"Up",0.586721531514727,0.838801310577955
"GOBP_NEGATIVE_REGULATION_OF_INTERLEUKIN_1_BETA_PRODUCTION",1,"Up",0.586721531514727,0.838801310577955
"GOBP_NEGATIVE_REGULATION_OF_INTERLEUKIN_1_PRODUCTION",1,"Up",0.586721531514727,0.838801310577955
"GOBP_PRESYNAPTIC_MODULATION_OF_CHEMICAL_SYNAPTIC_TRANSMISSION",1,"Up",0.586721531514727,0.838801310577955
"GOBP_REGULATION_OF_INFLAMMATORY_RESPONSE_TO_WOUNDING",1,"Up",0.586721531514727,0.838801310577955
"GOBP_REGULATION_OF_IMMUNE_RESPONSE",25,"Down",0.586885266056364,0.838801310577955
"GOBP_DNA_BIOSYNTHETIC_PROCESS",10,"Up",0.587519590616084,0.838801310577955
"GOBP_MUSCLE_CELL_DEVELOPMENT",9,"Up",0.587699645375942,0.838801310577955
"GOBP_CHEMICAL_HOMEOSTASIS",54,"Up",0.58827496702621,0.838801310577955
"GOBP_NEUROTRANSMITTER_UPTAKE",4,"Down",0.588641214873484,0.838801310577955
"GOBP_REGULATION_OF_HISTONE_DEACETYLATION",2,"Down",0.588684701875415,0.838801310577955
"GOBP_REGULATION_OF_CATION_CHANNEL_ACTIVITY",7,"Up",0.588746601998507,0.838801310577955
"GOBP_POSITIVE_REGULATION_OF_PROTEIN_MODIFICATION_BY_SMALL_PROTEIN_CONJUGATION_OR_REMOVAL",2,"Down",0.589333823854279,0.838801310577955
"GOBP_CELLULAR_RESPONSE_TO_OXYGEN_CONTAINING_COMPOUND",54,"Down",0.589380098646114,0.838801310577955
"GOBP_REGULATION_OF_T_CELL_ACTIVATION",8,"Down",0.58968204258255,0.838801310577955
"GOBP_REGULATION_OF_ADAPTIVE_IMMUNE_RESPONSE",5,"Down",0.589694274633624,0.838801310577955
"GOBP_CILIUM_OR_FLAGELLUM_DEPENDENT_CELL_MOTILITY",2,"Down",0.590462481868272,0.838801310577955
"GOBP_SPERM_MOTILITY",2,"Down",0.590462481868272,0.838801310577955
"GOBP_NEUROMUSCULAR_PROCESS_CONTROLLING_BALANCE",2,"Down",0.590865429711187,0.838801310577955
"GOBP_MUSCLE_HYPERTROPHY",4,"Up",0.590871834701905,0.838801310577955
"GOBP_RESPONSE_TO_MOLECULE_OF_BACTERIAL_ORIGIN",8,"Up",0.591195202603864,0.838801310577955
"GOBP_REGULATION_OF_TRANSLATIONAL_INITIATION_IN_RESPONSE_TO_STRESS",2,"Down",0.591379462225409,0.838801310577955
"GOBP_POSITIVE_REGULATION_OF_EXTRINSIC_APOPTOTIC_SIGNALING_PATHWAY",2,"Down",0.591393643837859,0.838801310577955
"GOBP_ENTRAINMENT_OF_CIRCADIAN_CLOCK",2,"Down",0.591512407890566,0.838801310577955
"GOBP_PHOTOPERIODISM",2,"Down",0.591512407890566,0.838801310577955
"GOBP_NEGATIVE_REGULATION_OF_SMALL_MOLECULE_METABOLIC_PROCESS",5,"Up",0.59182769919688,0.838801310577955
"GOBP_CELL_GROWTH",29,"Down",0.591958081578995,0.838801310577955
"GOBP_POSITIVE_REGULATION_OF_CELLULAR_PROTEIN_CATABOLIC_PROCESS",6,"Up",0.592580858414697,0.838801310577955
"GOBP_POSITIVE_REGULATION_OF_PROTEOLYSIS_INVOLVED_IN_CELLULAR_PROTEIN_CATABOLIC_PROCESS",6,"Up",0.592580858414697,0.838801310577955
"GOBP_REGULATION_OF_INNATE_IMMUNE_RESPONSE",5,"Up",0.59305057832213,0.838801310577955
"GOBP_CELL_CYCLE_CHECKPOINT_SIGNALING",5,"Up",0.593405054137844,0.838801310577955
"GOBP_POTASSIUM_ION_IMPORT_ACROSS_PLASMA_MEMBRANE",4,"Up",0.59372025252593,0.838801310577955
"GOBP_CENTRIOLE_CENTRIOLE_COHESION",1,"Up",0.593825768899741,0.838801310577955
"GOBP_MOTOR_BEHAVIOR",1,"Up",0.593825768899741,0.838801310577955
"GOBP_REGULATION_OF_NEUROMUSCULAR_JUNCTION_DEVELOPMENT",1,"Up",0.593825768899741,0.838801310577955
"GOBP_REGULATION_OF_CELL_DIVISION",4,"Down",0.594386724833795,0.838801310577955
"GOBP_REGULATION_OF_CYTOKINESIS",4,"Down",0.594386724833795,0.838801310577955
"GOBP_NEGATIVE_REGULATION_OF_HEMOPOIESIS",3,"Down",0.594564995394338,0.838801310577955
"GOBP_AUTONOMIC_NERVOUS_SYSTEM_DEVELOPMENT",1,"Up",0.594833875291685,0.838801310577955
"GOBP_MONOCYTE_ACTIVATION",1,"Up",0.594833875291685,0.838801310577955
"GOBP_NEURAL_CREST_CELL_MIGRATION_INVOLVED_IN_AUTONOMIC_NERVOUS_SYSTEM_DEVELOPMENT",1,"Up",0.594833875291685,0.838801310577955
"GOBP_MACROPHAGE_ACTIVATION",4,"Down",0.595085419705295,0.838801310577955
"GOBP_CELLULAR_METABOLIC_COMPOUND_SALVAGE",1,"Up",0.595145850256512,0.838801310577955
"GOBP_CYCLIC_NUCLEOTIDE_BIOSYNTHETIC_PROCESS",1,"Up",0.595145850256512,0.838801310577955
"GOBP_CYCLIC_NUCLEOTIDE_METABOLIC_PROCESS",1,"Up",0.595145850256512,0.838801310577955
"GOBP_IMP_SALVAGE",1,"Up",0.595145850256512,0.838801310577955
"GOBP_NUCLEOTIDE_SALVAGE",1,"Up",0.595145850256512,0.838801310577955
"GOBP_PURINE_CONTAINING_COMPOUND_SALVAGE",1,"Up",0.595145850256512,0.838801310577955
"GOBP_PURINE_NUCLEOTIDE_SALVAGE",1,"Up",0.595145850256512,0.838801310577955
"GOBP_PURINE_RIBONUCLEOTIDE_SALVAGE",1,"Up",0.595145850256512,0.838801310577955
"GOBP_POSITIVE_REGULATION_OF_TRANSFORMING_GROWTH_FACTOR_BETA_PRODUCTION",1,"Up",0.595369712126182,0.838801310577955
"GOBP_POSITIVE_REGULATION_OF_TRANSFORMING_GROWTH_FACTOR_BETA1_PRODUCTION",1,"Up",0.595369712126182,0.838801310577955
"GOBP_GERM_CELL_DEVELOPMENT",3,"Down",0.596197822361736,0.838801310577955
"GOBP_RIBOSOME_ASSEMBLY",2,"Down",0.596499895684359,0.838801310577955
"GOBP_CARBOHYDRATE_PHOSPHORYLATION",2,"Down",0.596905292867682,0.838801310577955
"GOBP_LENS_DEVELOPMENT_IN_CAMERA_TYPE_EYE",1,"Up",0.596983076062019,0.838801310577955
"GOBP_LENS_FIBER_CELL_DEVELOPMENT",1,"Up",0.596983076062019,0.838801310577955
"GOBP_LENS_FIBER_CELL_DIFFERENTIATION",1,"Up",0.596983076062019,0.838801310577955
"GOBP_RESPONSE_TO_PEPTIDE",24,"Down",0.597064141469133,0.838801310577955
"GOBP_RESPONSE_TO_PEPTIDE_HORMONE",24,"Down",0.597064141469133,0.838801310577955
"GOBP_CELLULAR_RESPONSE_TO_HYDROPEROXIDE",2,"Down",0.597179584997693,0.838801310577955
"GOBP_NEGATIVE_REGULATION_OF_TRANSCRIPTION_BY_RNA_POLYMERASE_II",15,"Down",0.597182786133521,0.838801310577955
"GOBP_NEURAL_PRECURSOR_CELL_PROLIFERATION",8,"Down",0.597342023208733,0.838801310577955
"GOBP_POSITIVE_REGULATION_OF_SODIUM_ION_TRANSMEMBRANE_TRANSPORT",4,"Down",0.5973741274711,0.838801310577955
"GOBP_POSITIVE_REGULATION_OF_SODIUM_ION_TRANSMEMBRANE_TRANSPORTER_ACTIVITY",4,"Down",0.5973741274711,0.838801310577955
"GOBP_POSITIVE_REGULATION_OF_SODIUM_ION_TRANSPORT",4,"Down",0.5973741274711,0.838801310577955
"GOBP_ADENYLATE_CYCLASE_INHIBITING_G_PROTEIN_COUPLED_RECEPTOR_SIGNALING_PATHWAY",4,"Up",0.597585311870367,0.838801310577955
"GOBP_DNA_DEPENDENT_DNA_REPLICATION",2,"Up",0.598134103464911,0.838801310577955
"GOBP_POTASSIUM_ION_TRANSPORT",19,"Up",0.598522164795401,0.838801310577955
"GOBP_CAMP_MEDIATED_SIGNALING",1,"Up",0.598681119170833,0.838801310577955
"GOBP_REGULATION_OF_CAMP_MEDIATED_SIGNALING",1,"Up",0.598681119170833,0.838801310577955
"GOBP_NEURON_DEVELOPMENT",85,"Up",0.599281686135934,0.838801310577955
"GOBP_ORGANONITROGEN_COMPOUND_CATABOLIC_PROCESS",63,"Up",0.599414596288979,0.838801310577955
"GOBP_POSITIVE_REGULATION_OF_CELL_CELL_ADHESION",14,"Up",0.600029780133116,0.838801310577955
"GOBP_EPITHELIAL_TUBE_MORPHOGENESIS",8,"Down",0.600186501390745,0.838801310577955
"GOBP_MESENCHYMAL_CELL_DIFFERENTIATION",11,"Up",0.60020527195353,0.838801310577955
"GOBP_REGULATION_OF_CYTOPLASMIC_TRANSPORT",5,"Down",0.600562531468072,0.838801310577955
"GOBP_CELL_CELL_ADHESION",44,"Up",0.600893790874065,0.838801310577955
"GOBP_CHONDROCYTE_DEVELOPMENT",1,"Up",0.600989216915248,0.838801310577955
"GOBP_NEGATIVE_REGULATION_OF_BIOMINERALIZATION",1,"Up",0.600989216915248,0.838801310577955
"GOBP_NEGATIVE_REGULATION_OF_BONE_MINERALIZATION",1,"Up",0.600989216915248,0.838801310577955
"GOBP_NEGATIVE_REGULATION_OF_OSSIFICATION",1,"Up",0.600989216915248,0.838801310577955
"GOBP_NEGATIVE_REGULATION_OF_RESPONSE_TO_CYTOKINE_STIMULUS",1,"Up",0.600989216915248,0.838801310577955
"GOBP_NEURAL_CREST_FORMATION",2,"Down",0.601733135556107,0.838801310577955
"GOBP_RECEPTOR_MEDIATED_ENDOCYTOSIS",34,"Up",0.601938549351553,0.838801310577955
"GOBP_RESPONSE_TO_INTERLEUKIN_6",2,"Up",0.601950807017606,0.838801310577955
"GOBP_EXTRINSIC_APOPTOTIC_SIGNALING_PATHWAY",8,"Up",0.602436459068818,0.838801310577955
"GOBP_RESPONSE_TO_IONIZING_RADIATION",2,"Down",0.602446877593844,0.838801310577955
"GOBP_SARCOPLASMIC_RETICULUM_CALCIUM_ION_TRANSPORT",4,"Up",0.603230755741288,0.838801310577955
"GOBP_HOMOTYPIC_CELL_CELL_ADHESION",13,"Up",0.603705539743347,0.838801310577955
"GOBP_RESPONSE_TO_VITAMIN_K",1,"Up",0.603710089826368,0.838801310577955
"GOBP_CELLULAR_RESPONSE_TO_NITROGEN_COMPOUND",35,"Down",0.604045408496711,0.838801310577955
"GOBP_RESPONSE_TO_TUMOR_NECROSIS_FACTOR",4,"Up",0.604405508308662,0.838801310577955
"GOBP_REGULATION_OF_MITOCHONDRIAL_MEMBRANE_POTENTIAL",4,"Up",0.604608603588934,0.838801310577955
"GOBP_NEGATIVE_REGULATION_OF_REACTIVE_OXYGEN_SPECIES_METABOLIC_PROCESS",2,"Down",0.604824615632605,0.838801310577955
"GOBP_NEGATIVE_REGULATION_OF_DEVELOPMENTAL_PROCESS",28,"Down",0.605590161621038,0.838801310577955
"GOBP_POSITIVE_REGULATION_OF_DEVELOPMENTAL_PROCESS",58,"Down",0.605792540583346,0.838801310577955
"GOBP_MESODERM_DEVELOPMENT",2,"Down",0.60610701809795,0.838801310577955
"GOBP_MESODERM_MORPHOGENESIS",2,"Down",0.60610701809795,0.838801310577955
"GOBP_SMALL_MOLECULE_CATABOLIC_PROCESS",19,"Down",0.606150217159212,0.838801310577955
"GOBP_SISTER_CHROMATID_SEGREGATION",12,"Up",0.606700164298753,0.838801310577955
"GOBP_EMBRYONIC_MORPHOGENESIS",18,"Down",0.606718282732715,0.838801310577955
"GOBP_BEHAVIORAL_RESPONSE_TO_PAIN",1,"Up",0.606869374742976,0.838801310577955
"GOBP_CALCIUM_ION_IMPORT_INTO_CYTOSOL",1,"Up",0.606869374742976,0.838801310577955
"GOBP_CELLULAR_RESPONSE_TO_ATP",1,"Up",0.606869374742976,0.838801310577955
"GOBP_CELLULAR_RESPONSE_TO_TEMPERATURE_STIMULUS",1,"Up",0.606869374742976,0.838801310577955
"GOBP_CHEMOSENSORY_BEHAVIOR",1,"Up",0.606869374742976,0.838801310577955
"GOBP_DETECTION_OF_TEMPERATURE_STIMULUS",1,"Up",0.606869374742976,0.838801310577955
"GOBP_DETECTION_OF_TEMPERATURE_STIMULUS_INVOLVED_IN_SENSORY_PERCEPTION",1,"Up",0.606869374742976,0.838801310577955
"GOBP_DETECTION_OF_TEMPERATURE_STIMULUS_INVOLVED_IN_SENSORY_PERCEPTION_OF_PAIN",1,"Up",0.606869374742976,0.838801310577955
"GOBP_DIET_INDUCED_THERMOGENESIS",1,"Up",0.606869374742976,0.838801310577955
"GOBP_ESTABLISHMENT_OF_BLOOD_BRAIN_BARRIER",1,"Up",0.606869374742976,0.838801310577955
"GOBP_FEVER_GENERATION",1,"Up",0.606869374742976,0.838801310577955
"GOBP_GASTRIC_ACID_SECRETION",1,"Up",0.606869374742976,0.838801310577955
"GOBP_HEAT_GENERATION",1,"Up",0.606869374742976,0.838801310577955
"GOBP_MICTURITION",1,"Up",0.606869374742976,0.838801310577955
"GOBP_NEGATIVE_REGULATION_OF_BLOOD_PRESSURE",1,"Up",0.606869374742976,0.838801310577955
"GOBP_NEGATIVE_REGULATION_OF_HEART_RATE",1,"Up",0.606869374742976,0.838801310577955
"GOBP_NEGATIVE_REGULATION_OF_SYSTEMIC_ARTERIAL_BLOOD_PRESSURE",1,"Up",0.606869374742976,0.838801310577955
"GOBP_POSITIVE_REGULATION_OF_NITRIC_OXIDE_METABOLIC_PROCESS",1,"Up",0.606869374742976,0.838801310577955
"GOBP_REGULATION_OF_GASTRIC_ACID_SECRETION",1,"Up",0.606869374742976,0.838801310577955
"GOBP_REGULATION_OF_NITRIC_OXIDE_METABOLIC_PROCESS",1,"Up",0.606869374742976,0.838801310577955
"GOBP_RESPONSE_TO_ATP",1,"Up",0.606869374742976,0.838801310577955
"GOBP_RESPONSE_TO_PAIN",1,"Up",0.606869374742976,0.838801310577955
"GOBP_SENSORY_PERCEPTION_OF_CHEMICAL_STIMULUS",1,"Up",0.606869374742976,0.838801310577955
"GOBP_SENSORY_PERCEPTION_OF_TEMPERATURE_STIMULUS",1,"Up",0.606869374742976,0.838801310577955
"GOBP_THERMOCEPTION",1,"Up",0.606869374742976,0.838801310577955
"GOBP_URINARY_BLADDER_SMOOTH_MUSCLE_CONTRACTION",1,"Up",0.606869374742976,0.838801310577955
"GOBP_URINARY_TRACT_SMOOTH_MUSCLE_CONTRACTION",1,"Up",0.606869374742976,0.838801310577955
"GOBP_MONOSACCHARIDE_CATABOLIC_PROCESS",5,"Down",0.607083461277736,0.838801310577955
"GOBP_REGULATION_OF_PROTEIN_SERINE_THREONINE_KINASE_ACTIVITY",11,"Down",0.607198117493371,0.838801310577955
"GOBP_ENDOCRINE_HORMONE_SECRETION",1,"Up",0.608295932837924,0.838801310577955
"GOBP_ENDOCRINE_PROCESS",1,"Up",0.608295932837924,0.838801310577955
"GOBP_REGULATION_OF_ADIPONECTIN_SECRETION",1,"Up",0.608295932837924,0.838801310577955
"GOBP_NEGATIVE_REGULATION_OF_INSULIN_SECRETION_INVOLVED_IN_CELLULAR_RESPONSE_TO_GLUCOSE_STIMULUS",1,"Up",0.608593414490006,0.838801310577955
"GOBP_G_PROTEIN_COUPLED_ACETYLCHOLINE_RECEPTOR_SIGNALING_PATHWAY",2,"Down",0.608633423034769,0.838801310577955
"GOBP_POSTSYNAPTIC_SIGNAL_TRANSDUCTION",2,"Down",0.608633423034769,0.838801310577955
"GOBP_RESPONSE_TO_ACETYLCHOLINE",2,"Down",0.608633423034769,0.838801310577955
"GOBP_ESTABLISHMENT_OF_GOLGI_LOCALIZATION",1,"Up",0.608823241112541,0.838801310577955
"GOBP_GOLGI_LOCALIZATION",1,"Up",0.608823241112541,0.838801310577955
"GOBP_IRON_SULFUR_CLUSTER_ASSEMBLY",2,"Down",0.609054543870707,0.838849389510412
"GOBP_TOLL_LIKE_RECEPTOR_SIGNALING_PATHWAY",5,"Up",0.609256331327572,0.838856799194087
"GOBP_MYELOID_CELL_DIFFERENTIATION",10,"Up",0.610388245666837,0.839882066426773
"GOBP_PARKIN_MEDIATED_STIMULATION_OF_MITOPHAGY_IN_RESPONSE_TO_MITOCHONDRIAL_DEPOLARIZATION",1,"Up",0.61040310867065,0.839882066426773
"GOBP_ALPHA_AMINO_ACID_METABOLIC_PROCESS",5,"Up",0.611752050967167,0.839882066426773
"GOBP_ENDOPLASMIC_RETICULUM_TO_GOLGI_VESICLE_MEDIATED_TRANSPORT",9,"Up",0.612399095273278,0.839882066426773
"GOBP_VESICLE_TARGETING",7,"Down",0.612516844850969,0.839882066426773
"GOBP_ORGANIC_ACID_BIOSYNTHETIC_PROCESS",9,"Down",0.613752453761276,0.839882066426773
"GOBP_ACTIN_FILAMENT_BUNDLE_ORGANIZATION",20,"Up",0.613944848065585,0.839882066426773
"GOBP_REGULATION_OF_PROTEIN_LOCALIZATION_TO_CILIUM",2,"Up",0.614970927111965,0.839882066426773
"GOBP_ADHERENS_JUNCTION_ASSEMBLY",1,"Up",0.614985195609447,0.839882066426773
"GOBP_APICAL_PROTEIN_LOCALIZATION",1,"Up",0.614985195609447,0.839882066426773
"GOBP_NOREPINEPHRINE_TRANSPORT",1,"Up",0.614985195609447,0.839882066426773
"GOBP_NOREPINEPHRINE_UPTAKE",1,"Up",0.614985195609447,0.839882066426773
"GOBP_POSTSYNAPTIC_ACTIN_CYTOSKELETON_ORGANIZATION",1,"Up",0.614985195609447,0.839882066426773
"GOBP_PROTEIN_LOCALIZATION_TO_ADHERENS_JUNCTION",1,"Up",0.614985195609447,0.839882066426773
"GOBP_LATE_ENDOSOME_TO_LYSOSOME_TRANSPORT",3,"Down",0.615178415196207,0.839882066426773
"GOBP_NUCLEAR_MEMBRANE_REASSEMBLY",3,"Down",0.615178415196207,0.839882066426773
"GOBP_REGULATION_OF_EPIDERMAL_GROWTH_FACTOR_ACTIVATED_RECEPTOR_ACTIVITY",1,"Up",0.615713654326734,0.839882066426773
"GOBP_RESPONSE_TO_CALCIUM_ION",12,"Up",0.616035272760452,0.839882066426773
"GOBP_DEVELOPMENTAL_CELL_GROWTH",19,"Down",0.616125480436495,0.839882066426773
"GOBP_POSITIVE_REGULATION_OF_GROWTH",13,"Up",0.616586869701721,0.839882066426773
"GOBP_REGULATION_OF_CELL_POPULATION_PROLIFERATION",42,"Down",0.616748631960971,0.839882066426773
"GOBP_GTP_METABOLIC_PROCESS",2,"Up",0.617027115260911,0.839882066426773
"GOBP_CELL_MIGRATION_IN_HINDBRAIN",2,"Down",0.617054753348363,0.839882066426773
"GOBP_HINDBRAIN_RADIAL_GLIA_GUIDED_CELL_MIGRATION",2,"Down",0.617054753348363,0.839882066426773
"GOBP_POSITIVE_REGULATION_OF_PROTEIN_TARGETING_TO_MEMBRANE",2,"Down",0.61770604523451,0.839882066426773
"GOBP_BRANCHING_INVOLVED_IN_MAMMARY_GLAND_DUCT_MORPHOGENESIS",1,"Up",0.618052948562351,0.839882066426773
"GOBP_DEVELOPMENT_OF_SECONDARY_FEMALE_SEXUAL_CHARACTERISTICS",1,"Up",0.618052948562351,0.839882066426773
"GOBP_DEVELOPMENT_OF_SECONDARY_SEXUAL_CHARACTERISTICS",1,"Up",0.618052948562351,0.839882066426773
"GOBP_MAMMARY_GLAND_ALVEOLUS_DEVELOPMENT",1,"Up",0.618052948562351,0.839882066426773
"GOBP_MAMMARY_GLAND_DUCT_MORPHOGENESIS",1,"Up",0.618052948562351,0.839882066426773
"GOBP_REGULATION_OF_ELECTRON_TRANSFER_ACTIVITY",1,"Up",0.618052948562351,0.839882066426773
"GOBP_REGULATION_OF_EXIT_FROM_MITOSIS",1,"Up",0.618052948562351,0.839882066426773
"GOBP_REGULATION_OF_MORPHOGENESIS_OF_AN_EPITHELIUM",1,"Up",0.618052948562351,0.839882066426773
"GOBP_SISTER_CHROMATID_COHESION",1,"Up",0.618052948562351,0.839882066426773
"GOBP_MONOCARBOXYLIC_ACID_METABOLIC_PROCESS",30,"Down",0.618325247104095,0.839882066426773
"GOBP_CELLULAR_RESPONSE_TO_EXTERNAL_STIMULUS",11,"Up",0.618563718629671,0.839882066426773
"GOBP_MULTI_MULTICELLULAR_ORGANISM_PROCESS",2,"Down",0.618874036758869,0.839882066426773
"GOBP_CELLULAR_RESPONSE_TO_MINERALOCORTICOID_STIMULUS",1,"Up",0.619440063040116,0.839882066426773
"GOBP_CELLULAR_RESPONSE_TO_VITAMIN_D",1,"Up",0.619440063040116,0.839882066426773
"GOBP_NEGATIVE_REGULATION_OF_CYTOSOLIC_CALCIUM_ION_CONCENTRATION",1,"Up",0.619440063040116,0.839882066426773
"GOBP_NEURAL_RETINA_DEVELOPMENT",1,"Up",0.619440063040116,0.839882066426773
"GOBP_POSITIVE_REGULATION_OF_BIOMINERALIZATION",1,"Up",0.619440063040116,0.839882066426773
"GOBP_POSITIVE_REGULATION_OF_BONE_MINERALIZATION",1,"Up",0.619440063040116,0.839882066426773
"GOBP_POSITIVE_REGULATION_OF_OSSIFICATION",1,"Up",0.619440063040116,0.839882066426773
"GOBP_REGULATION_OF_PRESYNAPTIC_CYTOSOLIC_CALCIUM_ION_CONCENTRATION",1,"Up",0.619440063040116,0.839882066426773
"GOBP_REGULATION_OF_VASCULAR_ASSOCIATED_SMOOTH_MUSCLE_CONTRACTION",1,"Up",0.619440063040116,0.839882066426773
"GOBP_RESPONSE_TO_VITAMIN_D",1,"Up",0.619440063040116,0.839882066426773
"GOBP_VASCULAR_ASSOCIATED_SMOOTH_MUSCLE_CONTRACTION",1,"Up",0.619440063040116,0.839882066426773
"GOBP_POSITIVE_REGULATION_OF_CELL_POPULATION_PROLIFERATION",26,"Down",0.619705184423717,0.8399015031322
"GOBP_NEURON_RECOGNITION",3,"Down",0.619847702615943,0.8399015031322
"GOBP_CELLULAR_SODIUM_ION_HOMEOSTASIS",4,"Up",0.620130799201958,0.839989613071029
"GOBP_REGULATION_OF_ESTABLISHMENT_OF_PROTEIN_LOCALIZATION",40,"Up",0.620306073431521,0.839989613071029
"GOBP_NEGATIVE_REGULATION_OF_ORGANELLE_ASSEMBLY",5,"Up",0.623079441638755,0.843477748094809
"GOBP_POSITIVE_REGULATION_OF_NEUROTRANSMITTER_TRANSPORT",2,"Down",0.62419532680444,0.843954547732943
"GOBP_INTRINSIC_APOPTOTIC_SIGNALING_PATHWAY_IN_RESPONSE_TO_ENDOPLASMIC_RETICULUM_STRESS",2,"Down",0.624229259242416,0.843954547732943
"GOBP_VISUAL_BEHAVIOR",2,"Down",0.624470099327477,0.843954547732943
"GOBP_VASCULAR_TRANSPORT",3,"Down",0.625254166167991,0.843954547732943
"GOBP_CELLULAR_RESPONSE_TO_POTASSIUM_ION",2,"Up",0.625331956799626,0.843954547732943
"GOBP_RESPONSE_TO_POTASSIUM_ION",2,"Up",0.625331956799626,0.843954547732943
"GOBP_REGULATION_OF_PROTEIN_KINASE_A_SIGNALING",2,"Down",0.625586015170081,0.843954547732943
"GOBP_CELLULAR_ANION_HOMEOSTASIS",2,"Up",0.625618089134472,0.843954547732943
"GOBP_CELLULAR_MONOVALENT_INORGANIC_ANION_HOMEOSTASIS",2,"Up",0.625618089134472,0.843954547732943
"GOBP_MONOVALENT_INORGANIC_ANION_HOMEOSTASIS",2,"Up",0.625618089134472,0.843954547732943
"GOBP_ANION_TRANSMEMBRANE_TRANSPORT",6,"Down",0.62620573602811,0.843954547732943
"GOBP_ESTABLISHMENT_OF_PROTEIN_LOCALIZATION_TO_CHROMOSOME",4,"Up",0.626470665485081,0.843954547732943
"GOBP_NEGATIVE_REGULATION_OF_TUBULIN_DEACETYLATION",2,"Down",0.626937129093363,0.843954547732943
"GOBP_TUBULIN_DEACETYLATION",2,"Down",0.626937129093363,0.843954547732943
"GOBP_POSITIVE_REGULATION_OF_IMMUNOGLOBULIN_PRODUCTION",3,"Up",0.627086323849667,0.843954547732943
"GOBP_CYTOPLASMIC_PATTERN_RECOGNITION_RECEPTOR_SIGNALING_PATHWAY_IN_RESPONSE_TO_VIRUS",3,"Up",0.627352471687589,0.843954547732943
"GOBP_RIG_I_SIGNALING_PATHWAY",3,"Up",0.627352471687589,0.843954547732943
"GOBP_REGULATION_OF_CALCIUM_ION_TRANSPORT_INTO_CYTOSOL",5,"Down",0.62758383856387,0.843954547732943
"GOBP_REGULATION_OF_RELEASE_OF_SEQUESTERED_CALCIUM_ION_INTO_CYTOSOL",5,"Down",0.62758383856387,0.843954547732943
"GOBP_RESPONSE_TO_DIETARY_EXCESS",2,"Down",0.627642620776113,0.843954547732943
"GOBP_POSITIVE_REGULATION_OF_BINDING",8,"Up",0.627660045735981,0.843954547732943
"GOBP_REGULATED_EXOCYTOSIS",27,"Up",0.627927118680865,0.843954547732943
"GOBP_CELL_PROJECTION_ORGANIZATION",117,"Up",0.627976481548887,0.843954547732943
"GOBP_PEPTIDE_METABOLIC_PROCESS",33,"Down",0.628542040260881,0.844335945423548
"GOBP_NEGATIVE_REGULATION_OF_ERBB_SIGNALING_PATHWAY",2,"Down",0.628655655922941,0.844335945423548
"GOBP_LOCOMOTION_INVOLVED_IN_LOCOMOTORY_BEHAVIOR",1,"Up",0.629037960106555,0.844583818803865
"GOBP_BONE_DEVELOPMENT",7,"Up",0.629406453963924,0.844812999647995
"GOBP_CALCIUM_ION_EXPORT_ACROSS_PLASMA_MEMBRANE",2,"Down",0.629665248068076,0.844880704969217
"GOBP_GLUTATHIONE_METABOLIC_PROCESS",4,"Up",0.629852532105359,0.844880704969217
"GOBP_GENE_SILENCING_BY_RNA",4,"Down",0.630275490943515,0.845182612816249
"GOBP_PROTEIN_IMPORT_INTO_MITOCHONDRIAL_MATRIX",2,"Down",0.630813431897708,0.845439171968727
"GOBP_MICROTUBULE_ANCHORING",5,"Up",0.630862711558027,0.845439171968727
"GOBP_CELL_PART_MORPHOGENESIS",64,"Up",0.632067563063013,0.846448240527653
"GOBP_PLATELET_DERIVED_GROWTH_FACTOR_RECEPTOR_BETA_SIGNALING_PATHWAY",1,"Up",0.632626842973451,0.846448240527653
"GOBP_REGULATION_OF_PLATELET_DERIVED_GROWTH_FACTOR_RECEPTOR_BETA_SIGNALING_PATHWAY",1,"Up",0.632626842973451,0.846448240527653
"GOBP_CD40_SIGNALING_PATHWAY",3,"Down",0.634213350219564,0.846448240527653
"GOBP_BRANCHING_INVOLVED_IN_SALIVARY_GLAND_MORPHOGENESIS",1,"Up",0.634859500645405,0.846448240527653
"GOBP_CELLULAR_RESPONSE_TO_COCAINE",1,"Up",0.634859500645405,0.846448240527653
"GOBP_EXOCRINE_SYSTEM_DEVELOPMENT",1,"Up",0.634859500645405,0.846448240527653
"GOBP_PHOSPHOLIPASE_C_ACTIVATING_G_PROTEIN_COUPLED_RECEPTOR_SIGNALING_PATHWAY",1,"Up",0.634859500645405,0.846448240527653
"GOBP_POSITIVE_REGULATION_OF_SMALL_GTPASE_MEDIATED_SIGNAL_TRANSDUCTION",1,"Up",0.634859500645405,0.846448240527653
"GOBP_RESPONSE_TO_COCAINE",1,"Up",0.634859500645405,0.846448240527653
"GOBP_SALIVARY_GLAND_DEVELOPMENT",1,"Up",0.634859500645405,0.846448240527653
"GOBP_TUBE_LUMEN_CAVITATION",1,"Up",0.634859500645405,0.846448240527653
"GOBP_STEROL_METABOLIC_PROCESS",4,"Down",0.634933138117617,0.846448240527653
"GOBP_PROTEIN_DNA_COVALENT_CROSS_LINKING_REPAIR",1,"Up",0.634955520849083,0.846448240527653
"GOBP_PROTEIN_K11_LINKED_DEUBIQUITINATION",1,"Up",0.634955520849083,0.846448240527653
"GOBP_REGULATION_OF_PROTEIN_LOCALIZATION_TO_CHROMATIN",1,"Up",0.634955520849083,0.846448240527653
"GOBP_POSITIVE_REGULATION_OF_CHROMOSOME_ORGANIZATION",8,"Up",0.634984819164271,0.846448240527653
"GOBP_METHYLGLYOXAL_METABOLIC_PROCESS",2,"Down",0.635644280739676,0.847025017932023
"GOBP_NEGATIVE_REGULATION_OF_HORMONE_SECRETION",4,"Up",0.635875327373524,0.847025017932023
"GOBP_CARDIAC_MUSCLE_CELL_MEMBRANE_REPOLARIZATION",3,"Up",0.636012463710606,0.847025017932023
"GOBP_MYELOID_LEUKOCYTE_ACTIVATION",7,"Down",0.636492320382252,0.847399844249563
"GOBP_GLIAL_CELL_DEVELOPMENT",4,"Up",0.63687539683065,0.847645627878998
"GOBP_REGULATION_OF_LEUKOCYTE_PROLIFERATION",5,"Up",0.637421995532659,0.847983674621123
"GOBP_REGULATION_OF_INSULIN_SECRETION_INVOLVED_IN_CELLULAR_RESPONSE_TO_GLUCOSE_STIMULUS",2,"Down",0.637526476049737,0.847983674621123
"GOBP_ARF_PROTEIN_SIGNAL_TRANSDUCTION",3,"Down",0.638169765889875,0.848105729137951
"GOBP_GASTRULATION",9,"Down",0.638202722446688,0.848105729137951
"GOBP_REGULATION_OF_POTASSIUM_ION_TRANSPORT",11,"Up",0.638294310066229,0.848105729137951
"GOBP_CHAPERONE_MEDIATED_PROTEIN_FOLDING",8,"Up",0.638412530830839,0.848105729137951
"GOBP_REGULATION_OF_IMMUNE_SYSTEM_PROCESS",42,"Down",0.638868808498033,0.848416151083218
"GOBP_POSITIVE_REGULATION_OF_AUTOPHAGY",12,"Up",0.639043492866942,0.848416151083218
"GOBP_MEIOTIC_CELL_CYCLE",6,"Up",0.64015100646646,0.849622420328853
"GOBP_ACTOMYOSIN_STRUCTURE_ORGANIZATION",20,"Up",0.640663103873463,0.850037936204896
"GOBP_CITRATE_METABOLIC_PROCESS",1,"Up",0.641448782262075,0.85055192457042
"GOBP_COENZYME_A_METABOLIC_PROCESS",1,"Up",0.641448782262075,0.85055192457042
"GOBP_REGULATION_OF_B_CELL_MEDIATED_IMMUNITY",3,"Down",0.642087355675071,0.851134418401063
"GOBP_REGULATION_OF_CELL_CYCLE_G1_S_PHASE_TRANSITION",5,"Down",0.642466084823778,0.851372214794402
"GOBP_REGULATION_OF_HORMONE_LEVELS",16,"Up",0.643304434988213,0.852218747467325
"GOBP_POSITIVE_REGULATION_OF_WOUND_HEALING",5,"Up",0.644256036936273,0.852621913085641
"GOBP_INTRACELLULAR_STEROL_TRANSPORT",2,"Up",0.6444320020864,0.852621913085641
"GOBP_CEREBRAL_CORTEX_CELL_MIGRATION",2,"Down",0.645006181498409,0.852621913085641
"GOBP_CEREBRAL_CORTEX_RADIALLY_ORIENTED_CELL_MIGRATION",2,"Down",0.645006181498409,0.852621913085641
"GOBP_FOREBRAIN_CELL_MIGRATION",2,"Down",0.645006181498409,0.852621913085641
"GOBP_GLIAL_CELL_MIGRATION",2,"Down",0.645006181498409,0.852621913085641
"GOBP_TELENCEPHALON_GLIAL_CELL_MIGRATION",2,"Down",0.645006181498409,0.852621913085641
"GOBP_MITOCHONDRIAL_FISSION",4,"Up",0.645632333687846,0.852830016996884
"GOBP_REGULATION_OF_CELL_SUBSTRATE_JUNCTION_ORGANIZATION",9,"Down",0.64577455547918,0.852830016996884
"GOBP_DNA_REPLICATION_INITIATION",1,"Up",0.646361686962986,0.852830016996884
"GOBP_DNA_SYNTHESIS_INVOLVED_IN_DNA_REPAIR",1,"Up",0.646361686962986,0.852830016996884
"GOBP_REGULATION_OF_DNA_DEPENDENT_DNA_REPLICATION",1,"Up",0.646361686962986,0.852830016996884
"GOBP_REGULATION_OF_DNA_DEPENDENT_DNA_REPLICATION_INITIATION",1,"Up",0.646361686962986,0.852830016996884
"GOBP_BLASTOCYST_DEVELOPMENT",2,"Down",0.646912513878332,0.852949079951714
"GOBP_MAINTENANCE_OF_PRESYNAPTIC_ACTIVE_ZONE_STRUCTURE",1,"Up",0.647250753482441,0.852949079951714
"GOBP_PRESYNAPSE_ORGANIZATION",1,"Up",0.647250753482441,0.852949079951714
"GOBP_PRESYNAPTIC_ACTIVE_ZONE_ORGANIZATION",1,"Up",0.647250753482441,0.852949079951714
"GOBP_PROTEIN_DESTABILIZATION",1,"Up",0.649038579996333,0.855041263159882
"GOBP_REGULATION_OF_BMP_SIGNALING_PATHWAY",3,"Down",0.649355222392978,0.855194620672343
"GOBP_BILE_ACID_BIOSYNTHETIC_PROCESS",2,"Down",0.649844896739335,0.855312035122866
"GOBP_BILE_ACID_METABOLIC_PROCESS",2,"Down",0.649844896739335,0.855312035122866
"GOBP_LYMPHOCYTE_MEDIATED_IMMUNITY",9,"Up",0.650518263650397,0.855934536060027
"GOBP_DOPAMINE_TRANSPORT",5,"Up",0.6507601937485,0.855989155374144
"GOBP_ANIMAL_ORGAN_MORPHOGENESIS",24,"Down",0.651380463599161,0.856495152399972
"GOBP_RNA_DEPENDENT_DNA_BIOSYNTHETIC_PROCESS",8,"Up",0.651746486841468,0.856495152399972
"GOBP_TELOMERE_MAINTENANCE_VIA_TELOMERE_LENGTHENING",8,"Up",0.651746486841468,0.856495152399972
"GOBP_REGULATION_OF_ANION_TRANSPORT",5,"Up",0.652762850387323,0.857566943710937
"GOBP_MITOCHONDRIAL_TRANSMEMBRANE_TRANSPORT",6,"Up",0.653319596283907,0.857702204416245
"GOBP_REGULATION_OF_EXOCYTOSIS",26,"Down",0.653576383624839,0.857702204416245
"GOBP_REGULATION_OF_UBIQUITIN_DEPENDENT_PROTEIN_CATABOLIC_PROCESS",12,"Up",0.653764608010749,0.857702204416245
"GOBP_SYNAPTIC_VESICLE_RECYCLING",19,"Up",0.654207990112621,0.857702204416245
"GOBP_MITOTIC_DNA_INTEGRITY_CHECKPOINT_SIGNALING",2,"Down",0.655208201476742,0.857702204416245
"GOBP_MITOTIC_G2_DNA_DAMAGE_CHECKPOINT_SIGNALING",2,"Down",0.655208201476742,0.857702204416245
"GOBP_MITOTIC_G2_M_TRANSITION_CHECKPOINT",2,"Down",0.655208201476742,0.857702204416245
"GOBP_ERAD_PATHWAY",1,"Up",0.655275648094172,0.857702204416245
"GOBP_NEGATIVE_REGULATION_OF_ERAD_PATHWAY",1,"Up",0.655275648094172,0.857702204416245
"GOBP_REGULATION_OF_ER_ASSOCIATED_UBIQUITIN_DEPENDENT_PROTEIN_CATABOLIC_PROCESS",1,"Up",0.655275648094172,0.857702204416245
"GOBP_REGULATION_OF_ERAD_PATHWAY",1,"Up",0.655275648094172,0.857702204416245
"GOBP_UBIQUITIN_DEPENDENT_ERAD_PATHWAY",1,"Up",0.655275648094172,0.857702204416245
"GOBP_REGULATION_OF_SYNAPTIC_VESICLE_EXOCYTOSIS",5,"Up",0.656809459387104,0.859229954132271
"GOBP_OLIGODENDROCYTE_DIFFERENTIATION",2,"Down",0.656845188537079,0.859229954132271
"GOBP_POSITIVE_REGULATION_OF_ION_TRANSMEMBRANE_TRANSPORT",9,"Down",0.657100144994014,0.859295518957598
"GOBP_REGULATION_OF_PLASMA_LIPOPROTEIN_PARTICLE_LEVELS",2,"Down",0.65733278614444,0.859295518957598
"GOBP_REPRODUCTION",36,"Down",0.657498889242199,0.859295518957598
"GOBP_BONE_CELL_DEVELOPMENT",3,"Down",0.659078716290537,0.861096725994764
"GOBP_NEUROBLAST_PROLIFERATION",5,"Down",0.659346747696847,0.861183473826676
"GOBP_REGULATION_OF_CAVEOLIN_MEDIATED_ENDOCYTOSIS",2,"Down",0.65986723315354,0.861599802139642
"GOBP_CARDIOCYTE_DIFFERENTIATION",4,"Up",0.660551465748951,0.862229618035993
"GOBP_ESTABLISHMENT_OF_EPITHELIAL_CELL_POLARITY",2,"Down",0.660875465659414,0.862388974589477
"GOBP_NEGATIVE_REGULATION_OF_CYCLIN_DEPENDENT_PROTEIN_SERINE_THREONINE_KINASE_ACTIVITY",1,"Up",0.661102268960365,0.862421438830091
"GOBP_ION_TRANSPORT",63,"Up",0.661611956373289,0.86266982792048
"GOBP_INOSITOL_PHOSPHATE_METABOLIC_PROCESS",5,"Down",0.661805033009946,0.86266982792048
"GOBP_REGULATION_OF_CELL_SUBSTRATE_ADHESION",14,"Up",0.661982763712255,0.86266982792048
"GOBP_MAINTENANCE_OF_PROTEIN_LOCATION",8,"Down",0.662184231573305,0.86266982792048
"GOBP_REGULATION_OF_HETEROTYPIC_CELL_CELL_ADHESION",5,"Up",0.662452080692978,0.86266982792048
"GOBP_HISTONE_DEACETYLATION",3,"Down",0.662504574005894,0.86266982792048
"GOBP_REGULATION_OF_PHOSPHOLIPID_CATABOLIC_PROCESS",2,"Down",0.66278262150431,0.862768843780832
"GOBP_RESPONSE_TO_INTERLEUKIN_4",2,"Up",0.663130904050038,0.862959199024288
"GOBP_T_CELL_PROLIFERATION",5,"Up",0.66506916584196,0.86488660225704
"GOBP_REGULATION_OF_SPINDLE_ASSEMBLY",7,"Up",0.665305826840445,0.86488660225704
"GOBP_POSTSYNAPSE_ORGANIZATION",14,"Down",0.665491411991387,0.86488660225704
"GOBP_CELLULAR_POLYSACCHARIDE_CATABOLIC_PROCESS",4,"Up",0.665624505178855,0.86488660225704
"GOBP_POLYSACCHARIDE_CATABOLIC_PROCESS",4,"Up",0.665624505178855,0.86488660225704
"GOBP_REGULATION_OF_PROTEIN_STABILITY",28,"Up",0.666319117811362,0.865039787023352
"GOBP_POSITIVE_REGULATION_OF_NERVOUS_SYSTEM_DEVELOPMENT",20,"Up",0.666421153628559,0.865039787023352
"GOBP_POSITIVE_REGULATION_OF_NEUROGENESIS",20,"Up",0.666421153628559,0.865039787023352
"GOBP_LYSOSOMAL_TRANSPORT",14,"Down",0.666593096594503,0.865039787023352
"GOBP_OXIDATIVE_PHOSPHORYLATION",5,"Down",0.666755087539422,0.865039787023352
"GOBP_REGULATION_OF_CARDIAC_MUSCLE_CONTRACTION",8,"Up",0.667314165197042,0.865280413958863
"GOBP_CELL_CELL_ADHESION_VIA_PLASMA_MEMBRANE_ADHESION_MOLECULES",9,"Down",0.667345746565323,0.865280413958863
"GOBP_REGULATION_OF_CHROMOSOME_ORGANIZATION",14,"Up",0.668138743961537,0.865719161084378
"GOBP_NEGATIVE_REGULATION_OF_VASCULATURE_DEVELOPMENT",5,"Down",0.668236169148971,0.865719161084378
"GOBP_REGULATION_OF_ACTIN_FILAMENT_BUNDLE_ASSEMBLY",8,"Down",0.668441313800258,0.865719161084378
"GOBP_ACTIN_CYTOSKELETON_REORGANIZATION",14,"Up",0.668494917643709,0.865719161084378
"GOBP_PROTEIN_STABILIZATION",24,"Up",0.669243969713986,0.866426491254451
"GOBP_SUBSTRATE_ADHESION_DEPENDENT_CELL_SPREADING",7,"Up",0.669740209659242,0.866527195993716
"GOBP_CELL_SUBSTRATE_JUNCTION_ORGANIZATION",13,"Up",0.669853529767738,0.866527195993716
"GOBP_PHAGOLYSOSOME_ASSEMBLY",2,"Up",0.67019576106332,0.866527195993716
"GOBP_PHAGOSOME_MATURATION",2,"Up",0.67019576106332,0.866527195993716
"GOBP_AUTOPHAGOSOME_MEMBRANE_DOCKING",2,"Down",0.670336187207501,0.866527195993716
"GOBP_XENOPHAGY",4,"Up",0.671198383096031,0.867379211559197
"GOBP_CELLULAR_COMPONENT_MORPHOGENESIS",69,"Up",0.671568166881898,0.867594567680758
"GOBP_MUSCLE_TISSUE_DEVELOPMENT",9,"Down",0.671901038727051,0.867762121682261
"GOBP_REGULATION_OF_METAL_ION_TRANSPORT",23,"Down",0.672694964423389,0.868282539367858
"GOBP_INTERLEUKIN_2_PRODUCTION",4,"Up",0.673403981655239,0.868282539367858
"GOBP_POSITIVE_REGULATION_OF_CGMP_MEDIATED_SIGNALING",1,"Up",0.673535135050548,0.868282539367858
"GOBP_REGULATION_OF_CGMP_MEDIATED_SIGNALING",1,"Up",0.673535135050548,0.868282539367858
"GOBP_NEGATIVE_REGULATION_OF_RESPONSE_TO_BIOTIC_STIMULUS",3,"Down",0.673707428284881,0.868282539367858
"GOBP_INTERLEUKIN_8_PRODUCTION",2,"Down",0.674273618877434,0.868282539367858
"GOBP_POSITIVE_REGULATION_OF_INTERLEUKIN_8_PRODUCTION",2,"Down",0.674273618877434,0.868282539367858
"GOBP_REGULATION_OF_VOLTAGE_GATED_CALCIUM_CHANNEL_ACTIVITY",2,"Down",0.674465704548556,0.868282539367858
"GOBP_MITOTIC_SPINDLE_ASSEMBLY",7,"Up",0.674646893322456,0.868282539367858
"GOBP_REGULATION_OF_ANATOMICAL_STRUCTURE_MORPHOGENESIS",64,"Down",0.674886561012484,0.868282539367858
"GOBP_RESPONSE_TO_KETONE",7,"Down",0.675401063627175,0.868282539367858
"GOBP_POSITIVE_REGULATION_OF_TRANSLATIONAL_INITIATION",2,"Down",0.675994240503171,0.868282539367858
"GOBP_NEGATIVE_REGULATION_OF_EPITHELIAL_CELL_PROLIFERATION",3,"Down",0.676435019840587,0.868282539367858
"GOBP_REGULATION_OF_STEROID_METABOLIC_PROCESS",3,"Up",0.676716753311484,0.868282539367858
"GOBP_REGULATION_OF_LIPID_BIOSYNTHETIC_PROCESS",10,"Down",0.677731285688346,0.868282539367858
"GOBP_SKELETAL_SYSTEM_DEVELOPMENT",15,"Up",0.677805921233255,0.868282539367858
"GOBP_POSITIVE_REGULATION_OF_PROTEIN_SECRETION",10,"Down",0.678924538909379,0.868282539367858
"GOBP_MATURE_RIBOSOME_ASSEMBLY",1,"Up",0.679435178852934,0.868282539367858
"GOBP_TRANSLATIONAL_ELONGATION",1,"Up",0.679435178852934,0.868282539367858
"GOBP_INTRACELLULAR_LIPID_TRANSPORT",3,"Down",0.679451453347831,0.868282539367858
"GOBP_ACETYL_COA_BIOSYNTHETIC_PROCESS_FROM_PYRUVATE",1,"Up",0.679792783358454,0.868282539367858
"GOBP_BRANCHED_CHAIN_AMINO_ACID_CATABOLIC_PROCESS",1,"Up",0.679792783358454,0.868282539367858
"GOBP_BRANCHED_CHAIN_AMINO_ACID_METABOLIC_PROCESS",1,"Up",0.679792783358454,0.868282539367858
"GOBP_MITOCHONDRIAL_ACETYL_COA_BIOSYNTHETIC_PROCESS_FROM_PYRUVATE",1,"Up",0.679792783358454,0.868282539367858
"GOBP_SPERM_CAPACITATION",1,"Up",0.679792783358454,0.868282539367858
"GOBP_CELLULAR_COPPER_ION_HOMEOSTASIS",1,"Up",0.680647601870357,0.868282539367858
"GOBP_COPPER_ION_HOMEOSTASIS",1,"Up",0.680647601870357,0.868282539367858
"GOBP_CYTOPLASMIC_SEQUESTERING_OF_NF_KAPPAB",1,"Up",0.680647601870357,0.868282539367858
"GOBP_CYTOPLASMIC_SEQUESTERING_OF_PROTEIN",1,"Up",0.680647601870357,0.868282539367858
"GOBP_CYTOPLASMIC_SEQUESTERING_OF_TRANSCRIPTION_FACTOR",1,"Up",0.680647601870357,0.868282539367858
"GOBP_ANGIOGENESIS_INVOLVED_IN_WOUND_HEALING",1,"Up",0.681056282728006,0.868282539367858
"GOBP_C4_DICARBOXYLATE_TRANSPORT",1,"Up",0.681056282728006,0.868282539367858
"GOBP_CHLORIDE_TRANSMEMBRANE_TRANSPORT",1,"Up",0.681056282728006,0.868282539367858
"GOBP_INORGANIC_ANION_TRANSMEMBRANE_TRANSPORT",1,"Up",0.681056282728006,0.868282539367858
"GOBP_NEGATIVE_REGULATION_OF_VASCULAR_WOUND_HEALING",1,"Up",0.681056282728006,0.868282539367858
"GOBP_REGULATION_OF_MATRIX_METALLOPEPTIDASE_SECRETION",1,"Up",0.681056282728006,0.868282539367858
"GOBP_REGULATION_OF_VASCULAR_WOUND_HEALING",1,"Up",0.681056282728006,0.868282539367858
"GOBP_SODIUM_ION_IMPORT_ACROSS_PLASMA_MEMBRANE",1,"Up",0.681056282728006,0.868282539367858
"GOBP_TRANSEPITHELIAL_CHLORIDE_TRANSPORT",1,"Up",0.681056282728006,0.868282539367858
"GOBP_VASCULAR_WOUND_HEALING",1,"Up",0.681056282728006,0.868282539367858
"GOBP_NEGATIVE_REGULATION_OF_ANTIGEN_RECEPTOR_MEDIATED_SIGNALING_PATHWAY",2,"Down",0.681757509192004,0.868282539367858
"GOBP_NEGATIVE_REGULATION_OF_T_CELL_RECEPTOR_SIGNALING_PATHWAY",2,"Down",0.681757509192004,0.868282539367858
"GOBP_REGULATION_OF_ANTIGEN_RECEPTOR_MEDIATED_SIGNALING_PATHWAY",2,"Down",0.681757509192004,0.868282539367858
"GOBP_REGULATION_OF_T_CELL_RECEPTOR_SIGNALING_PATHWAY",2,"Down",0.681757509192004,0.868282539367858
"GOBP_CELLULAR_RESPONSE_TO_TOPOLOGICALLY_INCORRECT_PROTEIN",3,"Up",0.682157504454708,0.868282539367858
"GOBP_CELLULAR_RESPONSE_TO_UNFOLDED_PROTEIN",3,"Up",0.682157504454708,0.868282539367858
"GOBP_RECEPTOR_SIGNALING_PATHWAY_VIA_STAT",3,"Down",0.682206602476959,0.868282539367858
"GOBP_NEGATIVE_REGULATION_OF_CELL_GROWTH",5,"Up",0.68241992777256,0.868282539367858
"GOBP_NEGATIVE_REGULATION_OF_GROWTH",5,"Up",0.68241992777256,0.868282539367858
"GOBP_CARBOHYDRATE_DERIVATIVE_BIOSYNTHETIC_PROCESS",10,"Down",0.682533178610112,0.868282539367858
"GOBP_POSITIVE_REGULATION_OF_CATALYTIC_ACTIVITY",55,"Down",0.682672153406056,0.868282539367858
"GOBP_HISTONE_DEUBIQUITINATION",4,"Up",0.684420979161457,0.870247693360698
"GOBP_NEGATIVE_REGULATION_OF_INTRACELLULAR_PROTEIN_TRANSPORT",5,"Down",0.685194615648095,0.870862956438653
"GOBP_T_CELL_MIGRATION",5,"Up",0.685420656763955,0.870862956438653
"GOBP_REGULATION_OF_PEPTIDYL_SERINE_PHOSPHORYLATION",5,"Down",0.685796855457566,0.870862956438653
"GOBP_LEUKOCYTE_DIFFERENTIATION",13,"Up",0.686015043694216,0.870862956438653
"GOBP_REGULATION_OF_CELL_COMMUNICATION_BY_ELECTRICAL_COUPLING_INVOLVED_IN_CARDIAC_CONDUCTION",2,"Down",0.686128271696574,0.870862956438653
"GOBP_REGULATION_OF_RYANODINE_SENSITIVE_CALCIUM_RELEASE_CHANNEL_ACTIVITY",2,"Down",0.686128271696574,0.870862956438653
"GOBP_POSITIVE_REGULATION_OF_MULTICELLULAR_ORGANISMAL_PROCESS",57,"Up",0.68666334491841,0.871283168789818
"GOBP_CELLULAR_RESPONSE_TO_VIRUS",4,"Down",0.687868450577611,0.872410349509994
"GOBP_NADH_METABOLIC_PROCESS",5,"Up",0.687960210056113,0.872410349509994
"GOBP_CELLULAR_RESPONSE_TO_FLUID_SHEAR_STRESS",2,"Down",0.689068549458751,0.873199472996937
"GOBP_RESPONSE_TO_FLUID_SHEAR_STRESS",2,"Down",0.689068549458751,0.873199472996937
"GOBP_METAPHASE_PLATE_CONGRESSION",10,"Up",0.689195837853588,0.873199472996937
"GOBP_POSITIVE_REGULATION_OF_TRANSLATION",7,"Down",0.690202225267988,0.873600598072697
"GOBP_LIPID_TRANSLOCATION",3,"Down",0.690311766547877,0.873600598072697
"GOBP_REGULATION_OF_MEMBRANE_LIPID_DISTRIBUTION",3,"Down",0.690311766547877,0.873600598072697
"GOBP_CARBOHYDRATE_METABOLIC_PROCESS",30,"Up",0.690391980569991,0.873600598072697
"GOBP_REGULATION_OF_CIRCADIAN_RHYTHM",5,"Up",0.690535148464862,0.873600598072697
"GOBP_REGULATION_OF_CALCIUM_ION_DEPENDENT_EXOCYTOSIS",3,"Down",0.691446204473757,0.874463275117777
"GOBP_EXOCYTOSIS",50,"Up",0.691744349334193,0.874463275117777
"GOBP_REGULATION_OF_CELLULAR_MACROMOLECULE_BIOSYNTHETIC_PROCESS",33,"Down",0.692406202111166,0.874463275117777
"GOBP_NEGATIVE_REGULATION_OF_LEUKOCYTE_CELL_CELL_ADHESION",4,"Up",0.692465130371294,0.874463275117777
"GOBP_REGULATION_OF_LYMPHOCYTE_ACTIVATION",9,"Down",0.69258804893667,0.874463275117777
"GOBP_MITOTIC_SISTER_CHROMATID_SEGREGATION",11,"Up",0.692806049994211,0.874463275117777
"GOBP_AMYLOID_PRECURSOR_PROTEIN_CATABOLIC_PROCESS",8,"Up",0.69305974860072,0.874463275117777
"GOBP_AMYLOID_PRECURSOR_PROTEIN_METABOLIC_PROCESS",8,"Up",0.69305974860072,0.874463275117777
"GOBP_REGULATION_OF_AMYLOID_PRECURSOR_PROTEIN_CATABOLIC_PROCESS",8,"Up",0.69305974860072,0.874463275117777
"GOBP_NEGATIVE_REGULATION_OF_ACTIN_NUCLEATION",3,"Down",0.694979038142255,0.875789768382069
"GOBP_NEGATIVE_REGULATION_OF_PROTEIN_BINDING",8,"Down",0.695630613753677,0.875789768382069
"GOBP_TRANSITION_METAL_ION_HOMEOSTASIS",5,"Up",0.695702987740565,0.875789768382069
"GOBP_REGULATION_OF_HEMOPOIESIS",6,"Up",0.69649674112817,0.875789768382069
"GOBP_GOLGI_TO_ENDOSOME_TRANSPORT",4,"Up",0.697083122544423,0.875789768382069
"GOBP_RESPONSE_TO_OXYGEN_CONTAINING_COMPOUND",73,"Down",0.697222086648663,0.875789768382069
"GOBP_ADULT_BEHAVIOR",8,"Down",0.697451513347517,0.875789768382069
"GOBP_EPIBOLY",4,"Up",0.698149352961995,0.875789768382069
"GOBP_MORPHOGENESIS_OF_AN_EPITHELIAL_SHEET",4,"Up",0.698149352961995,0.875789768382069
"GOBP_CORTICOSTEROID_RECEPTOR_SIGNALING_PATHWAY",2,"Up",0.699721751298455,0.875789768382069
"GOBP_PROTEIN_LOCALIZATION_TO_ENDOPLASMIC_RETICULUM",6,"Up",0.69993775907575,0.875789768382069
"GOBP_NEGATIVE_REGULATION_OF_PROTEIN_CATABOLIC_PROCESS",8,"Up",0.700045539233844,0.875789768382069
"GOBP_CELLULAR_RESPONSE_TO_KETONE",5,"Down",0.700305074016362,0.875789768382069
"GOBP_REGULATION_OF_CARDIAC_MUSCLE_CONTRACTION_BY_CALCIUM_ION_SIGNALING",4,"Down",0.701128382106508,0.875789768382069
"GOBP_CELLULAR_MACROMOLECULE_LOCALIZATION",145,"Up",0.701224495430702,0.875789768382069
"GOBP_MIDBRAIN_DEVELOPMENT",5,"Up",0.701624277635508,0.875789768382069
"GOBP_NEURAL_NUCLEUS_DEVELOPMENT",5,"Up",0.701624277635508,0.875789768382069
"GOBP_SUBSTANTIA_NIGRA_DEVELOPMENT",5,"Up",0.701624277635508,0.875789768382069
"GOBP_CELLULAR_RESPONSE_TO_CAMP",2,"Down",0.7016997702583,0.875789768382069
"GOBP_RESPONSE_TO_CAMP",2,"Down",0.7016997702583,0.875789768382069
"GOBP_WATER_HOMEOSTASIS",5,"Down",0.701817500096812,0.875789768382069
"GOBP_MICROTUBULE_SEVERING",3,"Down",0.701843947802739,0.875789768382069
"GOBP_CHROMOSOME_ORGANIZATION",35,"Down",0.702333496088318,0.875789768382069
"GOBP_CARBOHYDRATE_BIOSYNTHETIC_PROCESS",8,"Up",0.702587643199056,0.875789768382069
"GOBP_ANATOMICAL_STRUCTURE_ARRANGEMENT",1,"Up",0.703263779323879,0.875789768382069
"GOBP_CIRCADIAN_SLEEP_WAKE_CYCLE",1,"Up",0.703263779323879,0.875789768382069
"GOBP_CIRCADIAN_SLEEP_WAKE_CYCLE_NON_REM_SLEEP",1,"Up",0.703263779323879,0.875789768382069
"GOBP_CIRCADIAN_SLEEP_WAKE_CYCLE_SLEEP",1,"Up",0.703263779323879,0.875789768382069
"GOBP_CRANIAL_NERVE_MORPHOGENESIS",1,"Up",0.703263779323879,0.875789768382069
"GOBP_CRANIAL_NERVE_STRUCTURAL_ORGANIZATION",1,"Up",0.703263779323879,0.875789768382069
"GOBP_OPTIC_NERVE_MORPHOGENESIS",1,"Up",0.703263779323879,0.875789768382069
"GOBP_POTASSIUM_ION_EXPORT_ACROSS_PLASMA_MEMBRANE",1,"Up",0.703263779323879,0.875789768382069
"GOBP_REGULATION_OF_CIRCADIAN_SLEEP_WAKE_CYCLE",1,"Up",0.703263779323879,0.875789768382069
"GOBP_REGULATION_OF_CIRCADIAN_SLEEP_WAKE_CYCLE_NON_REM_SLEEP",1,"Up",0.703263779323879,0.875789768382069
"GOBP_RHYTHMIC_BEHAVIOR",1,"Up",0.703263779323879,0.875789768382069
"GOBP_SLEEP",1,"Up",0.703263779323879,0.875789768382069
"GOBP_ACTIVATION_OF_GTPASE_ACTIVITY",11,"Down",0.703988343114022,0.875789768382069
"GOBP_HOMOCYSTEINE_METABOLIC_PROCESS",1,"Up",0.704095204047204,0.875789768382069
"GOBP_SULFUR_AMINO_ACID_CATABOLIC_PROCESS",1,"Up",0.704095204047204,0.875789768382069
"GOBP_SULFUR_AMINO_ACID_METABOLIC_PROCESS",1,"Up",0.704095204047204,0.875789768382069
"GOBP_SULFUR_COMPOUND_CATABOLIC_PROCESS",1,"Up",0.704095204047204,0.875789768382069
"GOBP_POSITIVE_REGULATION_OF_CELL_ACTIVATION",9,"Down",0.704157805455471,0.875789768382069
"GOBP_AMINOPHOSPHOLIPID_TRANSLOCATION",1,"Up",0.704774681225654,0.875789768382069
"GOBP_AMINOPHOSPHOLIPID_TRANSPORT",1,"Up",0.704774681225654,0.875789768382069
"GOBP_POSITIVE_REGULATION_OF_PHOSPHOLIPID_TRANSLOCATION",1,"Up",0.704774681225654,0.875789768382069
"GOBP_CARBOHYDRATE_HOMEOSTASIS",11,"Down",0.705450566509056,0.875789768382069
"GOBP_POSITIVE_REGULATION_OF_TELOMERE_MAINTENANCE",7,"Up",0.705826603627743,0.875789768382069
"GOBP_LIPOPROTEIN_CATABOLIC_PROCESS",3,"Down",0.705918183562159,0.875789768382069
"GOBP_MACROMOLECULE_DEPALMITOYLATION",3,"Down",0.705918183562159,0.875789768382069
"GOBP_PROTEIN_DEPALMITOYLATION",3,"Down",0.705918183562159,0.875789768382069
"GOBP_CELL_RECOGNITION",9,"Up",0.7065393472549,0.875789768382069
"GOBP_POSITIVE_REGULATION_OF_DEVELOPMENTAL_GROWTH",12,"Up",0.706556467065174,0.875789768382069
"GOBP_AMYGDALA_DEVELOPMENT",1,"Up",0.706565941689951,0.875789768382069
"GOBP_MAINTENANCE_OF_LOCATION",22,"Down",0.706847965272985,0.875789768382069
"GOBP_INTRACELLULAR_PROTEIN_TRANSPORT",78,"Down",0.706937058115277,0.875789768382069
"GOBP_PROTEIN_K63_LINKED_UBIQUITINATION",4,"Up",0.706937117744826,0.875789768382069
"GOBP_TELENCEPHALON_DEVELOPMENT",11,"Down",0.707412823828604,0.875789768382069
"GOBP_POSITIVE_REGULATION_OF_TRANSPORT",65,"Up",0.707706068437514,0.875789768382069
"GOBP_POST_TRANSLATIONAL_PROTEIN_MODIFICATION",2,"Down",0.707805696679473,0.875789768382069
"GOBP_NEGATIVE_REGULATION_OF_WOUND_HEALING",6,"Down",0.708493707773656,0.875789768382069
"GOBP_NEGATIVE_REGULATION_OF_SMOOTH_MUSCLE_CELL_PROLIFERATION",1,"Up",0.708827612438244,0.875789768382069
"GOBP_NEGATIVE_REGULATION_OF_SMOOTH_MUSCLE_CONTRACTION",1,"Up",0.708827612438244,0.875789768382069
"GOBP_NEGATIVE_REGULATION_OF_VASCULAR_ASSOCIATED_SMOOTH_MUSCLE_CELL_MIGRATION",1,"Up",0.708827612438244,0.875789768382069
"GOBP_NEGATIVE_REGULATION_OF_VASCULAR_ASSOCIATED_SMOOTH_MUSCLE_CELL_PROLIFERATION",1,"Up",0.708827612438244,0.875789768382069
"GOBP_RELAXATION_OF_VASCULAR_ASSOCIATED_SMOOTH_MUSCLE",1,"Up",0.708827612438244,0.875789768382069
"GOBP_VASODILATION",1,"Up",0.708827612438244,0.875789768382069
"GOBP_REGULATION_OF_RESPONSE_TO_WOUNDING",13,"Up",0.708869593275475,0.875789768382069
"GOBP_ALCOHOL_CATABOLIC_PROCESS",2,"Down",0.70974360203342,0.875789768382069
"GOBP_INOSITOL_PHOSPHATE_CATABOLIC_PROCESS",2,"Down",0.70974360203342,0.875789768382069
"GOBP_ORGANIC_HYDROXY_COMPOUND_CATABOLIC_PROCESS",2,"Down",0.70974360203342,0.875789768382069
"GOBP_POLYOL_CATABOLIC_PROCESS",2,"Down",0.70974360203342,0.875789768382069
"GOBP_SARCOMERE_ORGANIZATION",2,"Down",0.710259011881702,0.875789768382069
"GOBP_RESPONSE_TO_CARBOHYDRATE",8,"Up",0.710762466083249,0.875789768382069
"GOBP_POSITIVE_REGULATION_OF_MITOCHONDRIAL_FISSION",2,"Down",0.711103236415796,0.875789768382069
"GOBP_BIOLOGICAL_PROCESS_INVOLVED_IN_INTRASPECIES_INTERACTION_BETWEEN_ORGANISMS",2,"Down",0.71115111178237,0.875789768382069
"GOBP_MITOCHONDRIAL_CALCIUM_ION_TRANSMEMBRANE_TRANSPORT",2,"Up",0.71130694881967,0.875789768382069
"GOBP_REGULATION_OF_MEMBRANE_PERMEABILITY",5,"Up",0.711524438268836,0.875789768382069
"GOBP_SPERMATID_DIFFERENTIATION",3,"Down",0.711707960328689,0.875789768382069
"GOBP_NEGATIVE_REGULATION_OF_POSTTRANSCRIPTIONAL_GENE_SILENCING",2,"Down",0.712073914298683,0.875789768382069
"GOBP_NEGATIVE_REGULATION_OF_PRODUCTION_OF_MIRNAS_INVOLVED_IN_GENE_SILENCING_BY_MIRNA",2,"Down",0.712073914298683,0.875789768382069
"GOBP_REGULATION_OF_PRODUCTION_OF_SMALL_RNA_INVOLVED_IN_GENE_SILENCING_BY_RNA",2,"Down",0.712073914298683,0.875789768382069
"GOBP_CHEMICAL_HOMEOSTASIS_WITHIN_A_TISSUE",1,"Up",0.712362079878931,0.875789768382069
"GOBP_NEGATIVE_REGULATION_OF_PHOSPHOLIPID_METABOLIC_PROCESS",1,"Up",0.712362079878931,0.875789768382069
"GOBP_PHOSPHATIDYLCHOLINE_ACYL_CHAIN_REMODELING",1,"Up",0.712362079878931,0.875789768382069
"GOBP_PHOSPHATIDYLGLYCEROL_ACYL_CHAIN_REMODELING",1,"Up",0.712362079878931,0.875789768382069
"GOBP_REGULATION_OF_PHOSPHATIDYLCHOLINE_BIOSYNTHETIC_PROCESS",1,"Up",0.712362079878931,0.875789768382069
"GOBP_REGULATION_OF_PHOSPHATIDYLCHOLINE_METABOLIC_PROCESS",1,"Up",0.712362079878931,0.875789768382069
"GOBP_PROSTANOID_METABOLIC_PROCESS",2,"Down",0.712529438889081,0.875789768382069
"GOBP_POSTTRANSLATIONAL_PROTEIN_TARGETING_TO_ENDOPLASMIC_RETICULUM_MEMBRANE",2,"Down",0.712533282415092,0.875789768382069
"GOBP_REGULATION_OF_NEURON_DIFFERENTIATION",5,"Up",0.712632987472213,0.875789768382069
"GOBP_REGULATION_OF_MULTICELLULAR_ORGANISMAL_DEVELOPMENT",51,"Down",0.712771068812005,0.875789768382069
"GOBP_STRESS_GRANULE_ASSEMBLY",4,"Up",0.71325764202389,0.876135573507057
"GOBP_CELL_COMMUNICATION_BY_ELECTRICAL_COUPLING_INVOLVED_IN_CARDIAC_CONDUCTION",4,"Down",0.715756979494834,0.877580110501933
"GOBP_HISTONE_PHOSPHORYLATION",2,"Down",0.715928158789968,0.877580110501933
"GOBP_PROTEIN_MODIFICATION_BY_SMALL_PROTEIN_CONJUGATION_OR_REMOVAL",31,"Down",0.715952934461517,0.877580110501933
"GOBP_POSITIVE_REGULATION_OF_CELL_GROWTH",12,"Up",0.716489937195046,0.877580110501933
"GOBP_POSITIVE_REGULATION_OF_P38MAPK_CASCADE",2,"Down",0.716611251026979,0.877580110501933
"GOBP_POSITIVE_REGULATION_OF_STRESS_ACTIVATED_PROTEIN_KINASE_SIGNALING_CASCADE",2,"Down",0.716611251026979,0.877580110501933
"GOBP_VESICLE_DOCKING_INVOLVED_IN_EXOCYTOSIS",6,"Up",0.71669529373555,0.877580110501933
"GOBP_REGULATION_OF_UBIQUITIN_PROTEIN_LIGASE_ACTIVITY",2,"Down",0.717566373947498,0.877580110501933
"GOBP_PROTEIN_SUMOYLATION",2,"Down",0.718093051682348,0.877580110501933
"GOBP_CYTOKINETIC_PROCESS",9,"Up",0.719656635437131,0.877580110501933
"GOBP_POSITIVE_REGULATION_OF_TELOMERASE_ACTIVITY",4,"Up",0.719880048736956,0.877580110501933
"GOBP_REGULATION_OF_TELOMERASE_ACTIVITY",4,"Up",0.719880048736956,0.877580110501933
"GOBP_CELLULAR_RESPONSE_TO_INTERFERON_ALPHA",1,"Up",0.720560693262922,0.877580110501933
"GOBP_MRNA_EXPORT_FROM_NUCLEUS",1,"Up",0.720560693262922,0.877580110501933
"GOBP_POSITIVE_REGULATION_OF_CHROMATIN_ORGANIZATION",1,"Up",0.720560693262922,0.877580110501933
"GOBP_REGULATION_OF_CHROMATIN_ASSEMBLY",1,"Up",0.720560693262922,0.877580110501933
"GOBP_REGULATION_OF_CHROMATIN_ASSEMBLY_OR_DISASSEMBLY",1,"Up",0.720560693262922,0.877580110501933
"GOBP_REGULATION_OF_CHROMATIN_ORGANIZATION",1,"Up",0.720560693262922,0.877580110501933
"GOBP_REGULATION_OF_MRNA_EXPORT_FROM_NUCLEUS",1,"Up",0.720560693262922,0.877580110501933
"GOBP_REGULATION_OF_NUCLEOBASE_CONTAINING_COMPOUND_TRANSPORT",1,"Up",0.720560693262922,0.877580110501933
"GOBP_REGULATION_OF_RNA_EXPORT_FROM_NUCLEUS",1,"Up",0.720560693262922,0.877580110501933
"GOBP_RESPONSE_TO_INTERFERON_ALPHA",1,"Up",0.720560693262922,0.877580110501933
"GOBP_RIBONUCLEOPROTEIN_COMPLEX_LOCALIZATION",1,"Up",0.720560693262922,0.877580110501933
"GOBP_RNA_EXPORT_FROM_NUCLEUS",1,"Up",0.720560693262922,0.877580110501933
"GOBP_HYPEROSMOTIC_RESPONSE",3,"Down",0.721239776501412,0.877580110501933
"GOBP_GAMETE_GENERATION",15,"Down",0.722025872927513,0.877580110501933
"GOBP_FATTY_ACID_BETA_OXIDATION",5,"Down",0.722205724564756,0.877580110501933
"GOBP_LIPID_OXIDATION",5,"Down",0.722205724564756,0.877580110501933
"GOBP_ACTIVATION_OF_PHOSPHOLIPASE_C_ACTIVITY",2,"Up",0.722563374885966,0.877580110501933
"GOBP_ACTIVATION_OF_PROTEIN_KINASE_C_ACTIVITY",2,"Up",0.722563374885966,0.877580110501933
"GOBP_ANTIVIRAL_INNATE_IMMUNE_RESPONSE",2,"Up",0.722563374885966,0.877580110501933
"GOBP_POSITIVE_REGULATION_OF_NIK_NF_KAPPAB_SIGNALING",2,"Up",0.722563374885966,0.877580110501933
"GOBP_REGULATION_OF_PHOSPHOLIPASE_C_ACTIVITY",2,"Up",0.722563374885966,0.877580110501933
"GOBP_POSITIVE_REGULATION_OF_TELOMERASE_RNA_LOCALIZATION_TO_CAJAL_BODY",5,"Down",0.722574458625626,0.877580110501933
"GOBP_TELOMERASE_RNA_LOCALIZATION",5,"Down",0.722574458625626,0.877580110501933
"GOBP_PROGESTERONE_RECEPTOR_SIGNALING_PATHWAY",3,"Down",0.722836790565187,0.877580110501933
"GOBP_MICROTUBULE_ORGANIZING_CENTER_LOCALIZATION",5,"Down",0.724388944906502,0.877580110501933
"GOBP_POSITIVE_REGULATION_OF_OSTEOBLAST_DIFFERENTIATION",3,"Up",0.725069440200776,0.877580110501933
"GOBP_REGULATION_OF_OSTEOBLAST_DIFFERENTIATION",3,"Up",0.725069440200776,0.877580110501933
"GOBP_ADAPTIVE_IMMUNE_RESPONSE_BASED_ON_SOMATIC_RECOMBINATION_OF_IMMUNE_RECEPTORS_BUILT_FROM_IMMUNOGLOBULIN_SUPERFAMILY_DOMAINS",9,"Down",0.725111176038894,0.877580110501933
"GOBP_SENSORY_PERCEPTION_OF_LIGHT_STIMULUS",3,"Down",0.726623227218267,0.877580110501933
"GOBP_PLASMA_MEMBRANE_REPAIR",6,"Up",0.726785894446343,0.877580110501933
"GOBP_G_PROTEIN_COUPLED_RECEPTOR_SIGNALING_PATHWAY",22,"Up",0.726994594024409,0.877580110501933
"GOBP_PROTEIN_CONTAINING_COMPLEX_LOCALIZATION",14,"Up",0.727057088595381,0.877580110501933
"GOBP_CENTRIOLE_ASSEMBLY",1,"Up",0.728643222091338,0.877580110501933
"GOBP_CENTRIOLE_ELONGATION",1,"Up",0.728643222091338,0.877580110501933
"GOBP_POSITIVE_REGULATION_OF_CENTRIOLE_ELONGATION",1,"Up",0.728643222091338,0.877580110501933
"GOBP_POSITIVE_REGULATION_OF_CENTRIOLE_REPLICATION",1,"Up",0.728643222091338,0.877580110501933
"GOBP_REGULATION_OF_CENTRIOLE_REPLICATION",1,"Up",0.728643222091338,0.877580110501933
"GOBP_REGULATION_OF_REGULATED_SECRETORY_PATHWAY",10,"Down",0.728714868217348,0.877580110501933
"GOBP_POSITIVE_REGULATION_OF_IMMUNE_EFFECTOR_PROCESS",10,"Up",0.729342114832883,0.877580110501933
"GOBP_REGULATION_OF_IMMUNE_EFFECTOR_PROCESS",10,"Up",0.729342114832883,0.877580110501933
"GOBP_NITROGEN_COMPOUND_TRANSPORT",155,"Up",0.7297456987601,0.877580110501933
"GOBP_REGULATION_OF_BODY_FLUID_LEVELS",23,"Down",0.729868267719721,0.877580110501933
"GOBP_POSITIVE_REGULATION_OF_DNA_METABOLIC_PROCESS",17,"Down",0.729978377647957,0.877580110501933
"GOBP_PROTEIN_LOCALIZATION_TO_ORGANELLE",67,"Down",0.730033612080815,0.877580110501933
"GOBP_ESTABLISHMENT_OF_RNA_LOCALIZATION",7,"Up",0.730123679569076,0.877580110501933
"GOBP_PROTEASOMAL_PROTEIN_CATABOLIC_PROCESS",21,"Up",0.730154369380746,0.877580110501933
"GOBP_IMMUNOGLOBULIN_PRODUCTION_INVOLVED_IN_IMMUNOGLOBULIN_MEDIATED_IMMUNE_RESPONSE",1,"Up",0.730633919903511,0.877580110501933
"GOBP_INTERLEUKIN_4_MEDIATED_SIGNALING_PATHWAY",1,"Up",0.730633919903511,0.877580110501933
"GOBP_NEGATIVE_REGULATION_OF_TYPE_2_IMMUNE_RESPONSE",1,"Up",0.730633919903511,0.877580110501933
"GOBP_POSITIVE_REGULATION_OF_B_CELL_ACTIVATION",1,"Up",0.730633919903511,0.877580110501933
"GOBP_POSITIVE_REGULATION_OF_ISOTYPE_SWITCHING",1,"Up",0.730633919903511,0.877580110501933
"GOBP_REGULATION_OF_ISOTYPE_SWITCHING",1,"Up",0.730633919903511,0.877580110501933
"GOBP_REGULATION_OF_ISOTYPE_SWITCHING_TO_IGE_ISOTYPES",1,"Up",0.730633919903511,0.877580110501933
"GOBP_SOMATIC_DIVERSIFICATION_OF_IMMUNE_RECEPTORS",1,"Up",0.730633919903511,0.877580110501933
"GOBP_SOMATIC_DIVERSIFICATION_OF_IMMUNOGLOBULINS",1,"Up",0.730633919903511,0.877580110501933
"GOBP_SOMATIC_DIVERSIFICATION_OF_IMMUNOGLOBULINS_INVOLVED_IN_IMMUNE_RESPONSE",1,"Up",0.730633919903511,0.877580110501933
"GOBP_T_HELPER_1_CELL_DIFFERENTIATION",1,"Up",0.730633919903511,0.877580110501933
"GOBP_T_HELPER_1_TYPE_IMMUNE_RESPONSE",1,"Up",0.730633919903511,0.877580110501933
"GOBP_MAINTENANCE_OF_CELL_POLARITY",5,"Up",0.730746068612841,0.877580110501933
"GOBP_NEGATIVE_REGULATION_OF_MACROAUTOPHAGY",5,"Up",0.730928909984287,0.877580110501933
"GOBP_ANTIFUNGAL_INNATE_IMMUNE_RESPONSE",1,"Up",0.731126828137606,0.877580110501933
"GOBP_DEFENSE_RESPONSE_TO_FUNGUS",1,"Up",0.731126828137606,0.877580110501933
"GOBP_PATHWAY_RESTRICTED_SMAD_PROTEIN_PHOSPHORYLATION",1,"Up",0.731126828137606,0.877580110501933
"GOBP_POSITIVE_REGULATION_OF_RIG_I_SIGNALING_PATHWAY",1,"Up",0.731126828137606,0.877580110501933
"GOBP_REGULATION_OF_ANTIFUNGAL_INNATE_IMMUNE_RESPONSE",1,"Up",0.731126828137606,0.877580110501933
"GOBP_REGULATION_OF_DEFENSE_RESPONSE_TO_FUNGUS",1,"Up",0.731126828137606,0.877580110501933
"GOBP_REGULATION_OF_RIG_I_SIGNALING_PATHWAY",1,"Up",0.731126828137606,0.877580110501933
"GOBP_REGULATION_OF_VIRAL_INDUCED_CYTOPLASMIC_PATTERN_RECOGNITION_RECEPTOR_SIGNALING_PATHWAY",1,"Up",0.731126828137606,0.877580110501933
"GOBP_RESPONSE_TO_FUNGUS",1,"Up",0.731126828137606,0.877580110501933
"GOBP_PLACENTA_DEVELOPMENT",3,"Down",0.731282513059326,0.877580110501933
"GOBP_NEGATIVE_REGULATION_OF_PROTEOLYSIS",17,"Down",0.731793279935723,0.877752372551074
"GOBP_MAINTENANCE_OF_LOCATION_IN_CELL",18,"Down",0.731837087018116,0.877752372551074
"GOBP_RECEPTOR_LOCALIZATION_TO_SYNAPSE",8,"Up",0.732544261747893,0.878046701939251
"GOBP_AMIDE_TRANSPORT",16,"Up",0.732847263178658,0.878046701939251
"GOBP_PEPTIDE_TRANSPORT",16,"Up",0.732847263178658,0.878046701939251
"GOBP_POSITIVE_REGULATION_OF_CHEMOTAXIS",4,"Up",0.733315988250365,0.878046701939251
"GOBP_POSITIVE_REGULATION_OF_LEUKOCYTE_CHEMOTAXIS",4,"Up",0.733315988250365,0.878046701939251
"GOBP_POSITIVE_REGULATION_OF_LEUKOCYTE_MIGRATION",4,"Up",0.733315988250365,0.878046701939251
"GOBP_LIPID_HOMEOSTASIS",4,"Up",0.734177730919045,0.878350074616755
"GOBP_CALCIUM_ION_TRANSMEMBRANE_TRANSPORT",16,"Down",0.734339424271144,0.878350074616755
"GOBP_REGULATION_OF_NEUROTRANSMITTER_UPTAKE",2,"Down",0.735716349376174,0.878350074616755
"GOBP_POSITIVE_REGULATION_OF_SYNAPTIC_VESICLE_RECYCLING",3,"Up",0.735759238075758,0.878350074616755
"GOBP_REGULATION_OF_SYNAPTIC_VESICLE_RECYCLING",3,"Up",0.735759238075758,0.878350074616755
"GOBP_POSITIVE_REGULATION_OF_NUCLEOCYTOPLASMIC_TRANSPORT",5,"Up",0.736000884598571,0.878350074616755
"GOBP_NEGATIVE_REGULATION_OF_SYNAPTIC_TRANSMISSION",4,"Up",0.736311261307734,0.878350074616755
"GOBP_ANTEROGRADE_DENDRITIC_TRANSPORT",4,"Up",0.736512423842574,0.878350074616755
"GOBP_DENDRITIC_TRANSPORT",4,"Up",0.736512423842574,0.878350074616755
"GOBP_EPITHELIUM_DEVELOPMENT",42,"Up",0.737112979284377,0.878350074616755
"GOBP_SYNAPTIC_TRANSMISSION_DOPAMINERGIC",2,"Down",0.737431097486265,0.878350074616755
"GOBP_CELLULAR_RESPONSE_TO_LIPID",18,"Down",0.738348941346809,0.878350074616755
"GOBP_REGULATION_OF_PROTEIN_LOCALIZATION_TO_NUCLEUS",14,"Down",0.738771916765414,0.878350074616755
"GOBP_BASEMENT_MEMBRANE_ASSEMBLY",2,"Down",0.739015071247455,0.878350074616755
"GOBP_BODY_MORPHOGENESIS",2,"Down",0.739015071247455,0.878350074616755
"GOBP_EMBRYONIC_BODY_MORPHOGENESIS",2,"Down",0.739015071247455,0.878350074616755
"GOBP_POSITIVE_REGULATION_OF_BASEMENT_MEMBRANE_ASSEMBLY_INVOLVED_IN_EMBRYONIC_BODY_MORPHOGENESIS",2,"Down",0.739015071247455,0.878350074616755
"GOBP_POSITIVE_REGULATION_OF_EXTRACELLULAR_MATRIX_ASSEMBLY",2,"Down",0.739015071247455,0.878350074616755
"GOBP_POSITIVE_REGULATION_OF_EXTRACELLULAR_MATRIX_ORGANIZATION",2,"Down",0.739015071247455,0.878350074616755
"GOBP_REGULATION_OF_EXTRACELLULAR_MATRIX_ASSEMBLY",2,"Down",0.739015071247455,0.878350074616755
"GOBP_REGULATION_OF_EXTRACELLULAR_MATRIX_ORGANIZATION",2,"Down",0.739015071247455,0.878350074616755
"GOBP_REGULATION_OF_GASTRULATION",2,"Down",0.739015071247455,0.878350074616755
"GOBP_RESPONSE_TO_STEROID_HORMONE",14,"Down",0.739349919529214,0.878350074616755
"GOBP_FEMALE_GAMETE_GENERATION",1,"Up",0.73965683823054,0.878350074616755
"GOBP_FEMALE_MEIOTIC_NUCLEAR_DIVISION",1,"Up",0.73965683823054,0.878350074616755
"GOBP_HOMOLOGOUS_CHROMOSOME_SEGREGATION",1,"Up",0.73965683823054,0.878350074616755
"GOBP_OOGENESIS",1,"Up",0.73965683823054,0.878350074616755
"GOBP_PARALLEL_ACTIN_FILAMENT_BUNDLE_ASSEMBLY",1,"Up",0.73965683823054,0.878350074616755
"GOBP_ACIDIC_AMINO_ACID_TRANSPORT",6,"Down",0.73973898815183,0.878350074616755
"GOBP_DICARBOXYLIC_ACID_TRANSPORT",6,"Down",0.73973898815183,0.878350074616755
"GOBP_PHOSPHATIDYLINOSITOL_3_PHOSPHATE_BIOSYNTHETIC_PROCESS",2,"Down",0.740514694168135,0.87866459189301
"GOBP_POSITIVE_REGULATION_OF_INTRACELLULAR_TRANSPORT",15,"Up",0.740777761415761,0.87866459189301
"GOBP_PHAGOSOME_LYSOSOME_FUSION",1,"Up",0.74103251229188,0.87866459189301
"GOBP_REGULATION_OF_GLUCAGON_SECRETION",1,"Up",0.74103251229188,0.87866459189301
"GOBP_VESICLE_MEDIATED_CHOLESTEROL_TRANSPORT",1,"Up",0.74103251229188,0.87866459189301
"GOBP_REGULATION_OF_FIBROBLAST_MIGRATION",4,"Down",0.741541787638293,0.878682993478015
"GOBP_REGULATION_OF_FEEDING_BEHAVIOR",2,"Down",0.741618860937472,0.878682993478015
"GOBP_POSITIVE_REGULATION_OF_LOCOMOTION",27,"Up",0.741665228632228,0.878682993478015
"GOBP_REGULATION_OF_TYPE_I_INTERFERON_MEDIATED_SIGNALING_PATHWAY",2,"Down",0.742433114505701,0.878687518525302
"GOBP_RESPONSE_TO_TYPE_I_INTERFERON",2,"Down",0.742433114505701,0.878687518525302
"GOBP_REGULATION_OF_NEUROTRANSMITTER_TRANSPORT",11,"Up",0.742437788496716,0.878687518525302
"GOBP_PROTEIN_LOCALIZATION_TO_CYTOSKELETON",5,"Up",0.742491981821076,0.878687518525302
"GOBP_APOPTOTIC_SIGNALING_PATHWAY",20,"Down",0.743135785598991,0.878743031404718
"GOBP_POSITIVE_REGULATION_OF_ACTIN_FILAMENT_BUNDLE_ASSEMBLY",2,"Down",0.743362916078381,0.878743031404718
"GOBP_POSITIVE_REGULATION_OF_FOCAL_ADHESION_ASSEMBLY",2,"Down",0.743579373349776,0.878743031404718
"GOBP_FAT_CELL_DIFFERENTIATION",2,"Down",0.743592797606824,0.878743031404718
"GOBP_REGULATION_OF_LYMPHOCYTE_MEDIATED_IMMUNITY",5,"Up",0.744138391687582,0.878743031404718
"GOBP_REGULATION_OF_ACTION_POTENTIAL",4,"Up",0.744278617251921,0.878743031404718
"GOBP_REGULATION_OF_CARDIAC_MUSCLE_CELL_ACTION_POTENTIAL",4,"Up",0.744278617251921,0.878743031404718
"GOBP_REGULATION_OF_DNA_TEMPLATED_TRANSCRIPTION_IN_RESPONSE_TO_STRESS",4,"Up",0.744338300857765,0.878743031404718
"GOBP_CELL_COMMUNICATION_INVOLVED_IN_CARDIAC_CONDUCTION",6,"Up",0.74453453758358,0.878743031404718
"GOBP_NEGATIVE_REGULATION_OF_INTRACELLULAR_TRANSPORT",8,"Up",0.744596354636777,0.878743031404718
"GOBP_MITOCHONDRIAL_MEMBRANE_ORGANIZATION",5,"Up",0.745009572605034,0.878754150191661
"GOBP_PROTEIN_CATABOLIC_PROCESS",52,"Up",0.745017274138142,0.878754150191661
"GOBP_CELLULAR_CARBOHYDRATE_METABOLIC_PROCESS",22,"Up",0.745580437172951,0.879017809176831
"GOBP_MITOTIC_CELL_CYCLE_CHECKPOINT_SIGNALING",4,"Up",0.745958341095799,0.879017809176831
"GOBP_BIOLOGICAL_PROCESS_INVOLVED_IN_INTERSPECIES_INTERACTION_BETWEEN_ORGANISMS",57,"Up",0.746045702274967,0.879017809176831
"GOBP_CELLULAR_RESPONSE_TO_RETINOIC_ACID",3,"Down",0.746598003756147,0.879017809176831
"GOBP_POSITIVE_REGULATION_OF_PROTEIN_KINASE_B_SIGNALING",5,"Down",0.746598313290402,0.879017809176831
"GOBP_PROTEIN_KINASE_B_SIGNALING",5,"Down",0.746598313290402,0.879017809176831
"GOBP_REGULATION_OF_BINDING",19,"Up",0.746908342358288,0.879017809176831
"GOBP_COMPLEMENT_ACTIVATION",4,"Down",0.747540655857789,0.879017809176831
"GOBP_REGULATION_OF_COMPLEMENT_ACTIVATION",4,"Down",0.747540655857789,0.879017809176831
"GOBP_REGULATION_OF_HUMORAL_IMMUNE_RESPONSE",4,"Down",0.747540655857789,0.879017809176831
"GOBP_MAINTENANCE_OF_CELL_NUMBER",2,"Down",0.747738646114558,0.879017809176831
"GOBP_B_CELL_ACTIVATION",9,"Up",0.748531653758842,0.879017809176831
"GOBP_REGULATION_OF_ESTABLISHMENT_OF_PROTEIN_LOCALIZATION_TO_MITOCHONDRION",3,"Up",0.748564987535924,0.879017809176831
"GOBP_MODIFICATION_OF_POSTSYNAPTIC_STRUCTURE",1,"Up",0.748739590209625,0.879017809176831
"GOBP_MODIFICATION_OF_SYNAPTIC_STRUCTURE",1,"Up",0.748739590209625,0.879017809176831
"GOBP_NEUROTRANSMITTER_RECEPTOR_TRANSPORT_ENDOSOME_TO_POSTSYNAPTIC_MEMBRANE",1,"Up",0.748739590209625,0.879017809176831
"GOBP_REGULATION_OF_ENDOSOME_TO_PLASMA_MEMBRANE_PROTEIN_TRANSPORT",1,"Up",0.748739590209625,0.879017809176831
"GOBP_POSTSYNAPTIC_NEUROTRANSMITTER_RECEPTOR_INTERNALIZATION",2,"Down",0.749188068275701,0.879120995219468
"GOBP_NEURON_DEATH",15,"Up",0.749239153031811,0.879120995219468
"GOBP_REGULATION_OF_TRANSMEMBRANE_RECEPTOR_PROTEIN_SERINE_THREONINE_KINASE_SIGNALING_PATHWAY",4,"Down",0.749826619718589,0.879273853170107
"GOBP_POSITIVE_REGULATION_OF_NEURON_DIFFERENTIATION",2,"Down",0.749840661442151,0.879273853170107
"GOBP_NEGATIVE_REGULATION_OF_CANONICAL_WNT_SIGNALING_PATHWAY",6,"Down",0.750192910548319,0.879273853170107
"GOBP_NEGATIVE_REGULATION_OF_WNT_SIGNALING_PATHWAY",6,"Down",0.750192910548319,0.879273853170107
"GOBP_RESPONSE_TO_TRANSFORMING_GROWTH_FACTOR_BETA",8,"Down",0.750979897524512,0.879954771557528
"GOBP_CELLULAR_MONOVALENT_INORGANIC_CATION_HOMEOSTASIS",8,"Down",0.752101023943967,0.881001492407477
"GOBP_REGULATION_OF_CELL_DEATH",66,"Down",0.752285751067681,0.881001492407477
"GOBP_CELLULAR_RESPONSE_TO_ORGANIC_CYCLIC_COMPOUND",26,"Up",0.752528613578997,0.881044328014226
"GOBP_MICROTUBULE_ORGANIZING_CENTER_ORGANIZATION",9,"Up",0.753116389892575,0.881490847144748
"GOBP_PROTEIN_MODIFICATION_BY_SMALL_PROTEIN_CONJUGATION",24,"Down",0.753660165747149,0.88188563504276
"GOBP_INOSITOL_LIPID_MEDIATED_SIGNALING",5,"Down",0.75424750784397,0.882163014512919
"GOBP_CGMP_MEDIATED_SIGNALING",3,"Down",0.754419403213335,0.882163014512919
"GOBP_LIPID_MODIFICATION",11,"Up",0.754757555163826,0.882163014512919
"GOBP_NEGATIVE_REGULATION_OF_ACTIN_FILAMENT_BUNDLE_ASSEMBLY",6,"Down",0.754763091062302,0.882163014512919
"GOBP_REGULATION_OF_ARP2_3_COMPLEX_MEDIATED_ACTIN_NUCLEATION",3,"Down",0.754929950373383,0.882163014512919
"GOBP_CELLULAR_RESPONSE_TO_ESTROGEN_STIMULUS",2,"Down",0.755646451712312,0.882517362664284
"GOBP_RESPONSE_TO_ESTROGEN",2,"Down",0.755646451712312,0.882517362664284
"GOBP_PERIPHERAL_NERVOUS_SYSTEM_AXON_REGENERATION",3,"Up",0.756017123303162,0.882708893829361
"GOBP_NEGATIVE_REGULATION_OF_MITOCHONDRIAL_OUTER_MEMBRANE_PERMEABILIZATION_INVOLVED_IN_APOPTOTIC_SIGNALING_PATHWAY",2,"Down",0.757256849025399,0.883150278810964
"GOBP_REGULATION_OF_SODIUM_ION_TRANSMEMBRANE_TRANSPORT",7,"Up",0.757709406151777,0.883150278810964
"GOBP_CELLULAR_HYPEROSMOTIC_SALINITY_RESPONSE",1,"Up",0.758928954263473,0.883150278810964
"GOBP_CRISTAE_FORMATION",1,"Up",0.758928954263473,0.883150278810964
"GOBP_HYPEROSMOTIC_SALINITY_RESPONSE",1,"Up",0.758928954263473,0.883150278810964
"GOBP_INNER_MITOCHONDRIAL_MEMBRANE_ORGANIZATION",1,"Up",0.758928954263473,0.883150278810964
"GOBP_PROTEIN_HEXAMERIZATION",1,"Up",0.758928954263473,0.883150278810964
"GOBP_REGULATION_OF_CELLULAR_RESPONSE_TO_OSMOTIC_STRESS",1,"Up",0.758928954263473,0.883150278810964
"GOBP_REGULATION_OF_RESPONSE_TO_OSMOTIC_STRESS",1,"Up",0.758928954263473,0.883150278810964
"GOBP_MRNA_CATABOLIC_PROCESS",5,"Down",0.759121794912359,0.883150278810964
"GOBP_REGULATION_OF_MRNA_CATABOLIC_PROCESS",5,"Down",0.759121794912359,0.883150278810964
"GOBP_RNA_CATABOLIC_PROCESS",5,"Down",0.759121794912359,0.883150278810964
"GOBP_REGULATION_OF_NEURAL_PRECURSOR_CELL_PROLIFERATION",3,"Down",0.759571598658655,0.883150278810964
"GOBP_REGULATION_OF_ANIMAL_ORGAN_MORPHOGENESIS",3,"Down",0.759836352959335,0.883150278810964
"GOBP_RESPONSE_TO_XENOBIOTIC_STIMULUS",7,"Up",0.760254158342742,0.883150278810964
"GOBP_POSITIVE_REGULATION_OF_MAP_KINASE_ACTIVITY",1,"Up",0.760727041268428,0.883150278810964
"GOBP_CELL_DEATH_IN_RESPONSE_TO_OXIDATIVE_STRESS",5,"Down",0.760823815664592,0.883150278810964
"GOBP_CELL_SUBSTRATE_ADHESION",21,"Down",0.760923761011276,0.883150278810964
"GOBP_MUSCLE_ADAPTATION",3,"Up",0.761104938508046,0.883150278810964
"GOBP_REGULATION_OF_MUSCLE_ADAPTATION",3,"Up",0.761104938508046,0.883150278810964
"GOBP_REGULATION_OF_MUSCLE_HYPERTROPHY",3,"Up",0.761104938508046,0.883150278810964
"GOBP_POSITIVE_REGULATION_OF_SECRETION",25,"Down",0.761548495359689,0.883150278810964
"GOBP_ERK1_AND_ERK2_CASCADE",12,"Down",0.762158056743903,0.883150278810964
"GOBP_CELLULAR_IRON_ION_HOMEOSTASIS",2,"Down",0.762226720689868,0.883150278810964
"GOBP_CARDIOLIPIN_BIOSYNTHETIC_PROCESS",1,"Up",0.763103203134427,0.883150278810964
"GOBP_PHOSPHATIDYLGLYCEROL_BIOSYNTHETIC_PROCESS",1,"Up",0.763103203134427,0.883150278810964
"GOBP_PLASMA_MEMBRANE_PHOSPHOLIPID_SCRAMBLING",1,"Up",0.763103203134427,0.883150278810964
"GOBP_EXTRACELLULAR_MATRIX_ASSEMBLY",3,"Down",0.76355021141239,0.883150278810964
"GOBP_CALCIUM_ION_TRANSMEMBRANE_TRANSPORT_VIA_HIGH_VOLTAGE_GATED_CALCIUM_CHANNEL",3,"Down",0.763715710877792,0.883150278810964
"GOBP_REGULATION_OF_CHEMOTAXIS",8,"Down",0.764216279193241,0.883150278810964
"GOBP_REGULATION_OF_PHOSPHOLIPID_BIOSYNTHETIC_PROCESS",3,"Down",0.764797142357642,0.883150278810964
"GOBP_MAINTENANCE_OF_ORGANELLE_LOCATION",3,"Down",0.764856958961701,0.883150278810964
"GOBP_CELLULAR_TRANSITION_METAL_ION_HOMEOSTASIS",4,"Up",0.764875247821708,0.883150278810964
"GOBP_POSITIVE_REGULATION_OF_INNATE_IMMUNE_RESPONSE",2,"Down",0.765083196265662,0.883150278810964
"GOBP_ORGANELLE_FUSION",15,"Up",0.765108899997312,0.883150278810964
"GOBP_REGULATION_OF_EPITHELIAL_CELL_MIGRATION",8,"Down",0.765477383967784,0.883150278810964
"GOBP_COPII_COATED_VESICLE_BUDDING",2,"Down",0.76555058317209,0.883150278810964
"GOBP_POSITIVE_REGULATION_OF_EXOSOMAL_SECRETION",4,"Down",0.765567830829779,0.883150278810964
"GOBP_CELLULAR_RESPONSE_TO_INSULIN_LIKE_GROWTH_FACTOR_STIMULUS",1,"Up",0.765726570891672,0.883150278810964
"GOBP_EXTRACELLULAR_REGULATION_OF_SIGNAL_TRANSDUCTION",1,"Up",0.765726570891672,0.883150278810964
"GOBP_MAINTENANCE_OF_PROTEIN_LOCATION_IN_EXTRACELLULAR_REGION",1,"Up",0.765726570891672,0.883150278810964
"GOBP_NEGATIVE_REGULATION_OF_OSTEOCLAST_DEVELOPMENT",1,"Up",0.765726570891672,0.883150278810964
"GOBP_REGULATION_OF_OSTEOCLAST_DEVELOPMENT",1,"Up",0.765726570891672,0.883150278810964
"GOBP_SEQUESTERING_OF_BMP_IN_EXTRACELLULAR_MATRIX",1,"Up",0.765726570891672,0.883150278810964
"GOBP_SEQUESTERING_OF_EXTRACELLULAR_LIGAND_FROM_RECEPTOR",1,"Up",0.765726570891672,0.883150278810964
"GOBP_REGULATION_OF_INSULIN_SECRETION",7,"Up",0.765906961534959,0.883150278810964
"GOBP_CRANIAL_SKELETAL_SYSTEM_DEVELOPMENT",1,"Up",0.766532065358498,0.883338539867536
"GOBP_CRANIOFACIAL_SUTURE_MORPHOGENESIS",1,"Up",0.766532065358498,0.883338539867536
"GOBP_NEGATIVE_REGULATION_OF_INTRACELLULAR_STEROID_HORMONE_RECEPTOR_SIGNALING_PATHWAY",4,"Down",0.766690697094113,0.883338539867536
"GOBP_POSITIVE_REGULATION_OF_KINASE_ACTIVITY",19,"Down",0.766908730130515,0.883351452639544
"GOBP_POSITIVE_REGULATION_OF_ERK1_AND_ERK2_CASCADE",9,"Up",0.7673998564014,0.883678831677104
"GOBP_VESICLE_BUDDING_FROM_MEMBRANE",13,"Down",0.767993522363618,0.88412407924933
"GOBP_CIRCULATORY_SYSTEM_DEVELOPMENT",36,"Down",0.768888093462458,0.88412859085987
"GOBP_POSITIVE_REGULATION_OF_FIBROBLAST_MIGRATION",3,"Up",0.768960618820321,0.88412859085987
"GOBP_NEGATIVE_REGULATION_OF_NEURON_DEATH",12,"Up",0.769010396455717,0.88412859085987
"GOBP_CARTILAGE_DEVELOPMENT",6,"Down",0.769516502546022,0.88412859085987
"GOBP_CELL_MATRIX_ADHESION",18,"Down",0.769555266407275,0.88412859085987
"GOBP_LEUKOCYTE_APOPTOTIC_PROCESS",2,"Down",0.769799761403831,0.88412859085987
"GOBP_REGULATION_OF_LEUKOCYTE_APOPTOTIC_PROCESS",2,"Down",0.769799761403831,0.88412859085987
"GOBP_DIOL_METABOLIC_PROCESS",1,"Up",0.770058164052312,0.88412859085987
"GOBP_SPHINGOID_METABOLIC_PROCESS",1,"Up",0.770058164052312,0.88412859085987
"GOBP_REGULATION_OF_TRANSPORTER_ACTIVITY",19,"Down",0.770174651710582,0.88412859085987
"GOBP_NEGATIVE_REGULATION_OF_ION_TRANSMEMBRANE_TRANSPORT",9,"Down",0.770493764752786,0.88412859085987
"GOBP_NEGATIVE_REGULATION_OF_TRANSMEMBRANE_TRANSPORT",9,"Down",0.770493764752786,0.88412859085987
"GOBP_POLYSACCHARIDE_BIOSYNTHETIC_PROCESS",5,"Up",0.770987572108659,0.88412859085987
"GOBP_AGGREPHAGY",2,"Down",0.771445958495033,0.88412859085987
"GOBP_SODIUM_ION_HOMEOSTASIS",5,"Down",0.771723553802873,0.88412859085987
"GOBP_NEGATIVE_REGULATION_OF_EXTRINSIC_APOPTOTIC_SIGNALING_PATHWAY_VIA_DEATH_DOMAIN_RECEPTORS",3,"Down",0.77178639113769,0.88412859085987
"GOBP_DNA_UNWINDING_INVOLVED_IN_DNA_REPLICATION",1,"Up",0.772051462681574,0.88412859085987
"GOBP_MISMATCH_REPAIR",1,"Up",0.772051462681574,0.88412859085987
"GOBP_NEGATIVE_REGULATION_OF_TRANSCRIPTION_FROM_RNA_POLYMERASE_II_PROMOTER_IN_RESPONSE_TO_STRESS",2,"Down",0.772061946231018,0.88412859085987
"GOBP_MUSCLE_CELL_CELLULAR_HOMEOSTASIS",2,"Down",0.772292261372332,0.88412859085987
"GOBP_INTERMEDIATE_FILAMENT_ORGANIZATION",7,"Up",0.772595061983678,0.88412859085987
"GOBP_AXONAL_TRANSPORT_OF_MITOCHONDRION",3,"Up",0.772743614585914,0.88412859085987
"GOBP_T_CELL_ACTIVATION",15,"Up",0.772835563076899,0.88412859085987
"GOBP_PROTEASOME_MEDIATED_UBIQUITIN_DEPENDENT_PROTEIN_CATABOLIC_PROCESS",20,"Up",0.773152134078126,0.88412859085987
"GOBP_REGULATION_OF_CENTROSOME_CYCLE",4,"Down",0.77414746155562,0.88412859085987
"GOBP_HISTONE_ARGININE_METHYLATION",1,"Up",0.774466851256882,0.88412859085987
"GOBP_PEPTIDYL_ARGININE_METHYLATION_TO_ASYMMETRICAL_DIMETHYL_ARGININE",1,"Up",0.774466851256882,0.88412859085987
"GOBP_CALCIUM_ION_TRANSPORT",19,"Down",0.774798286383189,0.88412859085987
"GOBP_LAMELLIPODIUM_MORPHOGENESIS",6,"Down",0.776321974020232,0.88412859085987
"GOBP_POSITIVE_REGULATION_OF_MAPK_CASCADE",16,"Down",0.776578951042052,0.88412859085987
"GOBP_PORPHYRIN_CONTAINING_COMPOUND_METABOLIC_PROCESS",1,"Up",0.776868054690607,0.88412859085987
"GOBP_TETRAPYRROLE_CATABOLIC_PROCESS",1,"Up",0.776868054690607,0.88412859085987
"GOBP_INFLAMMASOME_COMPLEX_ASSEMBLY",1,"Up",0.777616076933101,0.88412859085987
"GOBP_POSITIVE_REGULATION_OF_NLRP3_INFLAMMASOME_COMPLEX_ASSEMBLY",1,"Up",0.777616076933101,0.88412859085987
"GOBP_HETEROPHILIC_CELL_CELL_ADHESION_VIA_PLASMA_MEMBRANE_CELL_ADHESION_MOLECULES",2,"Down",0.777746078193609,0.88412859085987
"GOBP_POSITIVE_REGULATION_OF_RECEPTOR_INTERNALIZATION",2,"Down",0.777914019678273,0.88412859085987
"GOBP_PHOSPHAGEN_METABOLIC_PROCESS",1,"Up",0.778055896449348,0.88412859085987
"GOBP_POLYOL_METABOLIC_PROCESS",6,"Down",0.778868715516077,0.88412859085987
"GOBP_REGULATION_OF_CELL_ADHESION",35,"Up",0.780620543996013,0.88412859085987
"GOBP_REGULATION_OF_PEPTIDASE_ACTIVITY",20,"Up",0.780752057791562,0.88412859085987
"GOBP_CANONICAL_WNT_SIGNALING_PATHWAY_INVOLVED_IN_OSTEOBLAST_DIFFERENTIATION",1,"Up",0.780919363352967,0.88412859085987
"GOBP_CELLULAR_RESPONSE_TO_AMYLOID_BETA",1,"Up",0.780919363352967,0.88412859085987
"GOBP_DOPAMINERGIC_NEURON_DIFFERENTIATION",1,"Up",0.780919363352967,0.88412859085987
"GOBP_ER_NUCLEUS_SIGNALING_PATHWAY",1,"Up",0.780919363352967,0.88412859085987
"GOBP_ER_OVERLOAD_RESPONSE",1,"Up",0.780919363352967,0.88412859085987
"GOBP_MESENCHYMAL_STEM_CELL_DIFFERENTIATION",1,"Up",0.780919363352967,0.88412859085987
"GOBP_NEGATIVE_REGULATION_OF_GLYCOGEN_METABOLIC_PROCESS",1,"Up",0.780919363352967,0.88412859085987
"GOBP_NEGATIVE_REGULATION_OF_NEURON_DIFFERENTIATION",1,"Up",0.780919363352967,0.88412859085987
"GOBP_POSITIVE_REGULATION_OF_MITOCHONDRIAL_OUTER_MEMBRANE_PERMEABILIZATION_INVOLVED_IN_APOPTOTIC_SIGNALING_PATHWAY",1,"Up",0.780919363352967,0.88412859085987
"GOBP_POSITIVE_REGULATION_OF_PROTEIN_LOCALIZATION_TO_CENTROSOME",1,"Up",0.780919363352967,0.88412859085987
"GOBP_POSITIVE_REGULATION_OF_PROTEIN_LOCALIZATION_TO_CILIUM",1,"Up",0.780919363352967,0.88412859085987
"GOBP_REGULATION_OF_DOPAMINERGIC_NEURON_DIFFERENTIATION",1,"Up",0.780919363352967,0.88412859085987
"GOBP_REGULATION_OF_GLYCOGEN_STARCH_SYNTHASE_ACTIVITY",1,"Up",0.780919363352967,0.88412859085987
"GOBP_REGULATION_OF_LONG_TERM_SYNAPTIC_POTENTIATION",1,"Up",0.780919363352967,0.88412859085987
"GOBP_REGULATION_OF_MESENCHYMAL_STEM_CELL_DIFFERENTIATION",1,"Up",0.780919363352967,0.88412859085987
"GOBP_REGULATION_OF_PROTEIN_LOCALIZATION_TO_CENTROSOME",1,"Up",0.780919363352967,0.88412859085987
"GOBP_RESPONSE_TO_AMYLOID_BETA",1,"Up",0.780919363352967,0.88412859085987
"GOBP_RESPONSE_TO_INTERLEUKIN_3",1,"Up",0.780919363352967,0.88412859085987
"GOBP_UBIQUITIN_DEPENDENT_PROTEIN_CATABOLIC_PROCESS_VIA_THE_MULTIVESICULAR_BODY_SORTING_PATHWAY",9,"Up",0.781320090377712,0.88412859085987
"GOBP_PROTEIN_LOCALIZATION_TO_PHAGOPHORE_ASSEMBLY_SITE",4,"Up",0.781499456600924,0.88412859085987
"GOBP_POSITIVE_REGULATION_OF_EPITHELIAL_CELL_PROLIFERATION",5,"Up",0.781630906471012,0.88412859085987
"GOBP_REGULATION_OF_CELL_CYCLE_PROCESS",27,"Down",0.781740692558327,0.88412859085987
"GOBP_LEUKEMIA_INHIBITORY_FACTOR_SIGNALING_PATHWAY",1,"Up",0.781923436942418,0.88412859085987
"GOBP_ONCOSTATIN_M_MEDIATED_SIGNALING_PATHWAY",1,"Up",0.781923436942418,0.88412859085987
"GOBP_GMP_METABOLIC_PROCESS",3,"Down",0.782754275776995,0.88412859085987
"GOBP_HOMEOSTASIS_OF_NUMBER_OF_CELLS_WITHIN_A_TISSUE",1,"Up",0.783844493358831,0.88412859085987
"GOBP_IMMUNOLOGICAL_SYNAPSE_FORMATION",1,"Up",0.783844493358831,0.88412859085987
"GOBP_NATURAL_KILLER_CELL_ACTIVATION",1,"Up",0.783844493358831,0.88412859085987
"GOBP_NATURAL_KILLER_CELL_ACTIVATION_INVOLVED_IN_IMMUNE_RESPONSE",1,"Up",0.783844493358831,0.88412859085987
"GOBP_NATURAL_KILLER_CELL_DEGRANULATION",1,"Up",0.783844493358831,0.88412859085987
"GOBP_NERVE_GROWTH_FACTOR_SIGNALING_PATHWAY",1,"Up",0.783844493358831,0.88412859085987
"GOBP_POSITIVE_CHEMOTAXIS",1,"Up",0.783844493358831,0.88412859085987
"GOBP_T_CELL_HOMEOSTASIS",1,"Up",0.783844493358831,0.88412859085987
"GOBP_EPITHELIAL_TUBE_FORMATION",4,"Up",0.783937010907593,0.88412859085987
"GOBP_MORPHOGENESIS_OF_EMBRYONIC_EPITHELIUM",4,"Up",0.783937010907593,0.88412859085987
"GOBP_NEURAL_TUBE_DEVELOPMENT",4,"Up",0.783937010907593,0.88412859085987
"GOBP_NEURAL_TUBE_FORMATION",4,"Up",0.783937010907593,0.88412859085987
"GOBP_NEGATIVE_REGULATION_OF_NUCLEOBASE_CONTAINING_COMPOUND_METABOLIC_PROCESS",29,"Down",0.784543305049725,0.884578789827712
"GOBP_ESTABLISHMENT_OR_MAINTENANCE_OF_CYTOSKELETON_POLARITY",3,"Up",0.785011907602809,0.884793379848693
"GOBP_POSITIVE_REGULATION_OF_MICROTUBULE_BINDING",1,"Up",0.785562279650256,0.884793379848693
"GOBP_PROTEIN_LOCALIZATION_TO_MICROTUBULE_END",1,"Up",0.785562279650256,0.884793379848693
"GOBP_REGULATION_OF_MICROTUBULE_BINDING",1,"Up",0.785562279650256,0.884793379848693
"GOBP_INTERLEUKIN_1_PRODUCTION",4,"Up",0.78654665101997,0.885080296168767
"GOBP_CELLULAR_PROTEIN_CATABOLIC_PROCESS",37,"Down",0.786638979398493,0.885080296168767
"GOBP_NEGATIVE_REGULATION_OF_PEPTIDYL_THREONINE_PHOSPHORYLATION",2,"Down",0.786716036558525,0.885080296168767
"GOBP_REGULATION_OF_PEPTIDYL_THREONINE_PHOSPHORYLATION",2,"Down",0.786716036558525,0.885080296168767
"GOBP_NEGATIVE_REGULATION_OF_CELL_MORPHOGENESIS_INVOLVED_IN_DIFFERENTIATION",2,"Down",0.786986966013385,0.885080296168767
"GOBP_FEEDING_BEHAVIOR",3,"Up",0.787060399168574,0.885080296168767
"GOBP_PEPTIDYL_PROLINE_MODIFICATION",4,"Up",0.788646076944307,0.886396682797141
"GOBP_PROTEIN_PEPTIDYL_PROLYL_ISOMERIZATION",4,"Up",0.788646076944307,0.886396682797141
"GOBP_REGULATION_OF_CELLULAR_AMIDE_METABOLIC_PROCESS",27,"Down",0.789625780554019,0.887178154548857
"GOBP_INOSITOL_PHOSPHATE_BIOSYNTHETIC_PROCESS",3,"Down",0.789756933860363,0.887178154548857
"GOBP_ESTABLISHMENT_OF_CELL_POLARITY",15,"Up",0.790144414742755,0.887178154548857
"GOBP_DENDRITE_SELF_AVOIDANCE",1,"Up",0.790379976131679,0.887178154548857
"GOBP_EPITHELIAL_CELL_MORPHOGENESIS",1,"Up",0.790379976131679,0.887178154548857
"GOBP_RNA_PHOSPHODIESTER_BOND_HYDROLYSIS_EXONUCLEOLYTIC",2,"Down",0.79163402918682,0.887488041717754
"GOBP_NEGATIVE_REGULATION_OF_PROTEIN_LOCALIZATION_TO_MEMBRANE",5,"Down",0.791763080755856,0.887488041717754
"GOBP_VACUOLE_ORGANIZATION",17,"Up",0.791914258744993,0.887488041717754
"GOBP_AMYLOID_BETA_CLEARANCE",3,"Down",0.792109842518914,0.887488041717754
"GOBP_DENDRITE_MORPHOGENESIS",18,"Down",0.792132469652163,0.887488041717754
"GOBP_MITOTIC_CELL_CYCLE_PROCESS",39,"Up",0.792375693545904,0.887488041717754
"GOBP_ORGANOPHOSPHATE_ESTER_TRANSPORT",9,"Down",0.792651900939899,0.887488041717754
"GOBP_REGULATION_OF_CELL_DIFFERENTIATION",51,"Up",0.793105291486444,0.887488041717754
"GOBP_NEGATIVE_REGULATION_OF_PLASMA_MEMBRANE_BOUNDED_CELL_PROJECTION_ASSEMBLY",4,"Up",0.793131459391522,0.887488041717754
"GOBP_NON_LYTIC_VIRAL_RELEASE",4,"Down",0.793149327193765,0.887488041717754
"GOBP_RESPONSE_TO_EPIDERMAL_GROWTH_FACTOR",4,"Up",0.793427084110457,0.887488041717754
"GOBP_FATTY_ACID_DERIVATIVE_CATABOLIC_PROCESS",1,"Up",0.794011502516483,0.887488041717754
"GOBP_FATTY_ACID_DERIVATIVE_METABOLIC_PROCESS",1,"Up",0.794011502516483,0.887488041717754
"GOBP_ICOSANOID_CATABOLIC_PROCESS",1,"Up",0.794011502516483,0.887488041717754
"GOBP_CYTOPLASMIC_PATTERN_RECOGNITION_RECEPTOR_SIGNALING_PATHWAY",4,"Down",0.794249835978895,0.887488041717754
"GOBP_T_HELPER_17_TYPE_IMMUNE_RESPONSE",3,"Down",0.794566762830968,0.887488041717754
"GOBP_DEMETHYLATION",2,"Down",0.79475658330191,0.887488041717754
"GOBP_DNA_DEALKYLATION",2,"Down",0.79475658330191,0.887488041717754
"GOBP_DNA_METHYLATION_OR_DEMETHYLATION",2,"Down",0.79475658330191,0.887488041717754
"GOBP_TUMOR_NECROSIS_FACTOR_SUPERFAMILY_CYTOKINE_PRODUCTION",3,"Up",0.794811931531353,0.887488041717754
"GOBP_POSITIVE_REGULATION_OF_HORMONE_SECRETION",5,"Down",0.795780508187697,0.888048366069816
"GOBP_POSITIVE_REGULATION_OF_PEPTIDE_SECRETION",5,"Down",0.795780508187697,0.888048366069816
"GOBP_ACTIN_NUCLEATION",7,"Down",0.795937519390132,0.888048366069816
"GOBP_ENDOSOME_TRANSPORT_VIA_MULTIVESICULAR_BODY_SORTING_PATHWAY",6,"Up",0.796506394979459,0.888219011215997
"GOBP_MULTIVESICULAR_BODY_SORTING_PATHWAY",6,"Up",0.796506394979459,0.888219011215997
"GOBP_REGULATION_OF_MITOCHONDRIAL_FISSION",3,"Up",0.797536500172192,0.889135576151248
"GOBP_NEGATIVE_REGULATION_OF_PEPTIDE_SECRETION",3,"Up",0.798338420126581,0.88979733621102
"GOBP_RELAXATION_OF_CARDIAC_MUSCLE",3,"Up",0.799318774402917,0.889940770554969
"GOBP_PROTEIN_LOCALIZATION_TO_CHROMATIN",3,"Down",0.799441901207127,0.889940770554969
"GOBP_CYTOPLASMIC_MICROTUBULE_ORGANIZATION",12,"Up",0.799481997039523,0.889940770554969
"GOBP_POSITIVE_REGULATION_OF_POTASSIUM_ION_IMPORT_ACROSS_PLASMA_MEMBRANE",2,"Down",0.799508952615176,0.889940770554969
"GOBP_REGULATION_OF_POTASSIUM_ION_IMPORT",2,"Down",0.799508952615176,0.889940770554969
"GOBP_EMBRYO_DEVELOPMENT",32,"Down",0.800302835587788,0.89059234257307
"GOBP_REGULATION_OF_SMALL_MOLECULE_METABOLIC_PROCESS",14,"Up",0.800798017235491,0.89091126116509
"GOBP_REGULATION_OF_EPITHELIAL_TO_MESENCHYMAL_TRANSITION",3,"Up",0.80211853963039,0.892147990302447
"GOBP_BIOLOGICAL_ADHESION",67,"Up",0.802829076687655,0.892513109778209
"GOBP_MITOCHONDRION_ORGANIZATION",31,"Up",0.802864754803999,0.892513109778209
"GOBP_LYMPHOCYTE_ACTIVATION",22,"Up",0.803082371362994,0.892522718733112
"GOBP_REGULATION_OF_SYNAPSE_STRUCTURE_OR_ACTIVITY",10,"Down",0.804233617806463,0.893569662240219
"GOBP_REGULATION_OF_LYMPHOCYTE_MIGRATION",4,"Up",0.804924649904466,0.89410485819037
"GOBP_PALLIUM_DEVELOPMENT",8,"Up",0.806396069661918,0.894697750815324
"GOBP_TRANSEPITHELIAL_TRANSPORT",3,"Down",0.806810233598289,0.894697750815324
"GOBP_NEGATIVE_REGULATION_OF_ACTION_POTENTIAL",1,"Up",0.806924780178091,0.894697750815324
"GOBP_NEGATIVE_REGULATION_OF_CARDIAC_MUSCLE_CONTRACTION",1,"Up",0.806924780178091,0.894697750815324
"GOBP_POSITIVE_REGULATION_OF_ASTROCYTE_DIFFERENTIATION",1,"Up",0.806924780178091,0.894697750815324
"GOBP_REGULATION_OF_ASTROCYTE_DIFFERENTIATION",1,"Up",0.806924780178091,0.894697750815324
"GOBP_REGULATION_OF_VENTRICULAR_CARDIAC_MUSCLE_CELL_ACTION_POTENTIAL",1,"Up",0.806924780178091,0.894697750815324
"GOBP_WALKING_BEHAVIOR",3,"Down",0.807377931040711,0.894967854522419
"GOBP_IN_UTERO_EMBRYONIC_DEVELOPMENT",8,"Down",0.808093976122383,0.895529157244084
"GOBP_EXPORT_FROM_CELL",76,"Up",0.808401909348413,0.895638016816361
"GOBP_REGULATION_OF_INTRACELLULAR_PROTEIN_TRANSPORT",15,"Down",0.808727686451446,0.895766584241216
"GOBP_MAINTENANCE_OF_BLOOD_BRAIN_BARRIER",3,"Down",0.80942160443228,0.896302741127889
"GOBP_CELL_FATE_COMMITMENT",4,"Up",0.809731165732638,0.896413117896344
"GOBP_POSITIVE_REGULATION_OF_INTERFERON_BETA_PRODUCTION",2,"Down",0.810431685679307,0.896723764128581
"GOBP_POSITIVE_REGULATION_OF_TYPE_I_INTERFERON_PRODUCTION",2,"Down",0.810431685679307,0.896723764128581
"GOBP_FRUCTOSE_1_6_BISPHOSPHATE_METABOLIC_PROCESS",3,"Down",0.811282074144981,0.897411948224527
"GOBP_REGULATION_OF_CARDIAC_MUSCLE_CONTRACTION_BY_REGULATION_OF_THE_RELEASE_OF_SEQUESTERED_CALCIUM_ION",3,"Up",0.811683998124876,0.897411948224527
"GOBP_RELEASE_OF_SEQUESTERED_CALCIUM_ION_INTO_CYTOSOL_BY_ENDOPLASMIC_RETICULUM",3,"Up",0.811683998124876,0.897411948224527
"GOBP_MEMBRANE_PROTEIN_ECTODOMAIN_PROTEOLYSIS",3,"Up",0.812258233313459,0.897582125351044
"GOBP_MEMBRANE_PROTEIN_PROTEOLYSIS",3,"Up",0.812258233313459,0.897582125351044
"GOBP_RESPONSE_TO_CHEMOKINE",3,"Down",0.814506042565034,0.899579106457304
"GOBP_PROCESS_UTILIZING_AUTOPHAGIC_MECHANISM",59,"Up",0.814608769226997,0.899579106457304
"GOBP_REGULATION_OF_RAS_PROTEIN_SIGNAL_TRANSDUCTION",11,"Up",0.814697256796266,0.899579106457304
"GOBP_NEGATIVE_REGULATION_OF_PROTEIN_LOCALIZATION",19,"Down",0.815475459077588,0.90020565668658
"GOBP_REGULATION_OF_DNA_METABOLIC_PROCESS",18,"Down",0.815901440001259,0.900443165438082
"GOBP_RESPONSE_TO_OXYGEN_LEVELS",9,"Down",0.818072858567264,0.902500072958079
"GOBP_NEGATIVE_REGULATION_OF_FILOPODIUM_ASSEMBLY",3,"Down",0.818187844180211,0.902500072958079
"GOBP_GLIAL_CELL_APOPTOTIC_PROCESS",2,"Down",0.81895800219293,0.902883228540527
"GOBP_REGULATION_OF_GLIAL_CELL_APOPTOTIC_PROCESS",2,"Down",0.81895800219293,0.902883228540527
"GOBP_HORMONE_TRANSPORT",15,"Up",0.819812729211145,0.903592301022142
"GOBP_RESPONSE_TO_LIPID",30,"Up",0.821952704055271,0.905578372381605
"GOBP_EXCRETION",3,"Down",0.822188040587432,0.905578372381605
"GOBP_POSITIVE_REGULATION_OF_HETEROTYPIC_CELL_CELL_ADHESION",3,"Down",0.82225074411048,0.905578372381605
"GOBP_POSITIVE_REGULATION_OF_CELL_JUNCTION_ASSEMBLY",3,"Up",0.822740971159123,0.905884683635116
"GOBP_FRUCTOSE_6_PHOSPHATE_METABOLIC_PROCESS",3,"Down",0.823484926646134,0.90600312254138
"GOBP_GLYCOLYTIC_PROCESS_THROUGH_FRUCTOSE_6_PHOSPHATE",3,"Down",0.823484926646134,0.90600312254138
"GOBP_NADH_REGENERATION",3,"Down",0.823484926646134,0.90600312254138
"GOBP_GLUCOSE_IMPORT",3,"Down",0.824426909808998,0.90646895043411
"GOBP_POSITIVE_REGULATION_OF_AMINO_ACID_TRANSPORT",4,"Up",0.825373331323689,0.90646895043411
"GOBP_POSITIVE_REGULATION_OF_ANION_TRANSPORT",4,"Up",0.825373331323689,0.90646895043411
"GOBP_POSITIVE_REGULATION_OF_ORGANIC_ACID_TRANSPORT",4,"Up",0.825373331323689,0.90646895043411
"GOBP_REGULATION_OF_AMINO_ACID_TRANSPORT",4,"Up",0.825373331323689,0.90646895043411
"GOBP_REGULATION_OF_ORGANIC_ACID_TRANSPORT",4,"Up",0.825373331323689,0.90646895043411
"GOBP_NEGATIVE_REGULATION_OF_CELL_DIFFERENTIATION",15,"Down",0.82560950847978,0.90646895043411
"GOBP_CELLULAR_EXTRAVASATION",2,"Down",0.826428441750275,0.90646895043411
"GOBP_LEUKOCYTE_ADHESION_TO_VASCULAR_ENDOTHELIAL_CELL",2,"Down",0.826428441750275,0.90646895043411
"GOBP_LEUKOCYTE_TETHERING_OR_ROLLING",2,"Down",0.826428441750275,0.90646895043411
"GOBP_NUCLEOSIDE_DIPHOSPHATE_METABOLIC_PROCESS",11,"Up",0.826876140090071,0.90646895043411
"GOBP_RIBONUCLEOSIDE_DIPHOSPHATE_METABOLIC_PROCESS",11,"Up",0.826876140090071,0.90646895043411
"GOBP_CALCIUM_IMPORT_INTO_THE_MITOCHONDRION",1,"Up",0.826879660709738,0.90646895043411
"GOBP_NEGATIVE_REGULATION_OF_CALCIUM_ION_IMPORT",1,"Up",0.826879660709738,0.90646895043411
"GOBP_CALCIUM_ION_EXPORT",3,"Down",0.828713118745146,0.908165751791335
"GOBP_PROTEIN_LOCALIZATION_TO_MICROTUBULE",3,"Down",0.828852751225152,0.908165751791335
"GOBP_GOLGI_ORGANIZATION",18,"Up",0.829377913308302,0.908508096368238
"GOBP_REGULATION_OF_EXTRINSIC_APOPTOTIC_SIGNALING_PATHWAY_VIA_DEATH_DOMAIN_RECEPTORS",4,"Up",0.830545407656459,0.909529722194134
"GOBP_REGULATION_OF_MITOCHONDRIAL_MEMBRANE_PERMEABILITY",4,"Up",0.830923072739215,0.909529722194134
"GOBP_STEROID_METABOLIC_PROCESS",7,"Down",0.83165432518115,0.909529722194134
"GOBP_CENTROSOME_DUPLICATION",5,"Up",0.831679357128875,0.909529722194134
"GOBP_CYTOKINE_PRODUCTION",21,"Down",0.831797118197056,0.909529722194134
"GOBP_REGULATION_OF_FATTY_ACID_BIOSYNTHETIC_PROCESS",2,"Down",0.83180123973081,0.909529722194134
"GOBP_REGULATION_OF_FATTY_ACID_METABOLIC_PROCESS",2,"Down",0.83180123973081,0.909529722194134
"GOBP_PLATELET_AGGREGATION",11,"Up",0.832695093499602,0.910274057931098
"GOBP_MUSCLE_ORGAN_DEVELOPMENT",9,"Up",0.833430022789753,0.910844326339569
"GOBP_REGULATION_OF_CELL_COMMUNICATION_BY_ELECTRICAL_COUPLING",3,"Up",0.834269600795041,0.911528642874295
"GOBP_FOCAL_ADHESION_ASSEMBLY",10,"Down",0.835634667932506,0.912759541040787
"GOBP_MEIOTIC_CELL_CYCLE_PROCESS",4,"Up",0.835823592837864,0.912759541040787
"GOBP_EXPORT_ACROSS_PLASMA_MEMBRANE",5,"Down",0.837118943486773,0.913940441623724
"GOBP_PATTERN_RECOGNITION_RECEPTOR_SIGNALING_PATHWAY",9,"Up",0.837890617921177,0.914549151326693
"GOBP_REGULATION_OF_EXTRINSIC_APOPTOTIC_SIGNALING_PATHWAY",7,"Up",0.83904197057326,0.915477259808366
"GOBP_TRANSFORMING_GROWTH_FACTOR_BETA_RECEPTOR_SIGNALING_PATHWAY",7,"Down",0.83916962588381,0.915477259808366
"GOBP_INTRA_GOLGI_VESICLE_MEDIATED_TRANSPORT",3,"Up",0.839387843023854,0.915481480478775
"GOBP_NEGATIVE_REGULATION_OF_VASCULAR_ENDOTHELIAL_GROWTH_FACTOR_RECEPTOR_SIGNALING_PATHWAY",3,"Down",0.839882398532713,0.915553273132521
"GOBP_REGULATION_OF_VASCULAR_ENDOTHELIAL_GROWTH_FACTOR_RECEPTOR_SIGNALING_PATHWAY",3,"Down",0.839882398532713,0.915553273132521
"GOBP_REGULATION_OF_ENDOCYTOSIS",27,"Up",0.840740779430967,0.916247571355925
"GOBP_REGULATION_OF_RECEPTOR_MEDIATED_ENDOCYTOSIS",16,"Down",0.841083745278208,0.916247571355925
"GOBP_POSITIVE_REGULATION_OF_TRANSCRIPTION_BY_RNA_POLYMERASE_II",20,"Down",0.841162895641906,0.916247571355925
"GOBP_CELLULAR_AMIDE_METABOLIC_PROCESS",40,"Down",0.841432042194997,0.916307050539223
"GOBP_SPONTANEOUS_SYNAPTIC_TRANSMISSION",3,"Down",0.841788138739253,0.916461162517295
"GOBP_REGULATION_OF_TISSUE_REMODELING",3,"Down",0.842384564429543,0.916643178262058
"GOBP_TISSUE_REMODELING",3,"Down",0.842384564429543,0.916643178262058
"GOBP_MULTI_ORGANISM_REPRODUCTIVE_PROCESS",24,"Up",0.842824520954255,0.916888316096695
"GOBP_STEROL_TRANSPORT",5,"Up",0.844039104791832,0.917488714912057
"GOBP_LYMPHOCYTE_CHEMOTAXIS",4,"Up",0.844261624736479,0.917488714912057
"GOBP_T_CELL_CHEMOTAXIS",4,"Up",0.844261624736479,0.917488714912057
"GOBP_CELL_CYCLE",95,"Up",0.844294966873624,0.917488714912057
"GOBP_NEGATIVE_REGULATION_OF_GTPASE_ACTIVITY",5,"Down",0.844704641200463,0.917488714912057
"GOBP_POSITIVE_REGULATION_OF_GLIOGENESIS",4,"Up",0.844880148852522,0.917488714912057
"GOBP_REGULATION_OF_GLIOGENESIS",4,"Up",0.844880148852522,0.917488714912057
"GOBP_POSITIVE_REGULATION_OF_CATABOLIC_PROCESS",32,"Up",0.84525214723537,0.917659359644704
"GOBP_CALCIUM_MEDIATED_SIGNALING",10,"Down",0.845666582665049,0.917875978287783
"GOBP_RETROGRADE_VESICLE_MEDIATED_TRANSPORT_GOLGI_TO_ENDOPLASMIC_RETICULUM",9,"Down",0.846574225436235,0.918328188910246
"GOBP_REGULATION_OF_POSTSYNAPTIC_MEMBRANE_NEUROTRANSMITTER_RECEPTOR_LEVELS",8,"Up",0.846727443709391,0.918328188910246
"GOBP_ADP_METABOLIC_PROCESS",8,"Up",0.846728262216939,0.918328188910246
"GOBP_MEMBRANE_ORGANIZATION",80,"Down",0.847978833465397,0.919386797894408
"GOBP_NEGATIVE_REGULATION_OF_ION_TRANSPORT",11,"Up",0.848134859214228,0.919386797894408
"GOBP_ENDOTHELIAL_CELL_PROLIFERATION",4,"Down",0.848795607442779,0.919636235258272
"GOBP_POSITIVE_REGULATION_OF_ENDOTHELIAL_CELL_PROLIFERATION",4,"Down",0.848795607442779,0.919636235258272
"GOBP_REGULATION_OF_DENDRITIC_SPINE_DEVELOPMENT",6,"Down",0.849297559340104,0.919728184810283
"GOBP_RESPIRATORY_GASEOUS_EXCHANGE_BY_RESPIRATORY_SYSTEM",3,"Down",0.849311159187955,0.919728184810283
"GOBP_SMALL_GTPASE_MEDIATED_SIGNAL_TRANSDUCTION",31,"Down",0.849969090272001,0.920164011912233
"GOBP_POSITIVE_REGULATION_OF_CYTOKINE_PRODUCTION",14,"Down",0.850413724728455,0.920164011912233
"GOBP_REGULATION_OF_ERBB_SIGNALING_PATHWAY",3,"Up",0.850415206843881,0.920164011912233
"GOBP_REGULATION_OF_RHO_PROTEIN_SIGNAL_TRANSDUCTION",5,"Down",0.850714294630564,0.920164011912233
"GOBP_STEROL_HOMEOSTASIS",3,"Down",0.85079084126467,0.920164011912233
"GOBP_COGNITION",14,"Up",0.851313815943533,0.920496533644261
"GOBP_PROTEIN_IMPORT",17,"Up",0.852968625151378,0.922052391298794
"GOBP_MODIFICATION_DEPENDENT_MACROMOLECULE_CATABOLIC_PROCESS",34,"Down",0.85347463472276,0.922365932414198
"GOBP_NEGATIVE_REGULATION_OF_EXTRINSIC_APOPTOTIC_SIGNALING_PATHWAY",4,"Up",0.853860999629609,0.922550045387822
"GOBP_REGULATION_OF_PROTEIN_LOCALIZATION_TO_MEMBRANE",16,"Up",0.854219436781459,0.922703898455642
"GOBP_NEGATIVE_REGULATION_OF_PROTEIN_SECRETION",5,"Down",0.854522410745149,0.922797779087871
"GOBP_RESPONSE_TO_ENDOPLASMIC_RETICULUM_STRESS",8,"Down",0.854992265583038,0.92307178116915
"GOBP_PROTEIN_FOLDING",17,"Up",0.855326626901296,0.923199399417598
"GOBP_ORGANIC_ACID_CATABOLIC_PROCESS",11,"Up",0.855716259950131,0.92338659581784
"GOBP_POSITIVE_REGULATION_OF_UBIQUITIN_DEPENDENT_PROTEIN_CATABOLIC_PROCESS",5,"Up",0.856040151519988,0.923502775231591
"GOBP_RESPONSE_TO_BMP",5,"Up",0.85723547658277,0.924442931576347
"GOBP_CENTRAL_NERVOUS_SYSTEM_NEURON_DIFFERENTIATION",7,"Up",0.857344521651583,0.924442931576347
"GOBP_AEROBIC_RESPIRATION",7,"Up",0.85843506345082,0.925385198384264
"GOBP_REGULATION_OF_CALCIUM_ION_TRANSMEMBRANE_TRANSPORTER_ACTIVITY",6,"Up",0.859027091993918,0.925789732502151
"GOBP_REGULATION_OF_ACTIN_NUCLEATION",5,"Up",0.859737037886375,0.926321112213095
"GOBP_ENDOPLASMIC_RETICULUM_UNFOLDED_PROTEIN_RESPONSE",2,"Down",0.860632112998302,0.927051640508386
"GOBP_NEGATIVE_REGULATION_OF_IMMUNE_SYSTEM_PROCESS",9,"Up",0.861218523182694,0.927449398011418
"GOBP_POSITIVE_REGULATION_OF_HYDROLASE_ACTIVITY",37,"Up",0.86188049926705,0.927928311663617
"GOBP_ESTABLISHMENT_OF_PROTEIN_LOCALIZATION_TO_ENDOPLASMIC_RETICULUM",3,"Up",0.862459539677995,0.928317715212882
"GOBP_LEUKOCYTE_PROLIFERATION",7,"Up",0.863152792144539,0.928829824955739
"GOBP_REGULATION_OF_T_CELL_MIGRATION",3,"Down",0.864594548422395,0.929759207182899
"GOBP_CELLULAR_AMINO_ACID_BIOSYNTHETIC_PROCESS",3,"Up",0.864655764274095,0.929759207182899
"GOBP_NEGATIVE_REGULATION_OF_CATION_CHANNEL_ACTIVITY",2,"Down",0.86466953194345,0.929759207182899
"GOBP_SMALL_MOLECULE_METABOLIC_PROCESS",69,"Up",0.864942266252776,0.92981837884863
"GOBP_LAMELLIPODIUM_ORGANIZATION",15,"Up",0.865621961674443,0.930314896404516
"GOBP_CELLULAR_MODIFIED_AMINO_ACID_METABOLIC_PROCESS",6,"Down",0.866920122833201,0.931411049270548
"GOBP_SECOND_MESSENGER_MEDIATED_SIGNALING",14,"Down",0.867154044781224,0.931411049270548
"GOBP_NEURON_MIGRATION",7,"Up",0.867296123378358,0.931411049270548
"GOBP_NEGATIVE_REGULATION_OF_CELL_POPULATION_PROLIFERATION",16,"Up",0.867644731696453,0.931475704483535
"GOBP_POSITIVE_REGULATION_OF_MOLECULAR_FUNCTION",72,"Up",0.868309966860457,0.931475704483535
"GOBP_REGULATION_OF_GROWTH",30,"Down",0.868342123366458,0.931475704483535
"GOBP_POSITIVE_REGULATION_OF_RESPONSE_TO_EXTERNAL_STIMULUS",12,"Down",0.868629862485996,0.931475704483535
"GOBP_POSITIVE_REGULATION_OF_INTRACELLULAR_PROTEIN_TRANSPORT",9,"Down",0.868651322989536,0.931475704483535
"GOBP_ADHERENS_JUNCTION_MAINTENANCE",3,"Up",0.868882979785156,0.931475704483535
"GOBP_CELL_CELL_JUNCTION_MAINTENANCE",3,"Up",0.868882979785156,0.931475704483535
"GOBP_POSITIVE_REGULATION_OF_INTERLEUKIN_2_PRODUCTION",3,"Up",0.869115597187344,0.93149127116365
"GOBP_RESPONSE_TO_INORGANIC_SUBSTANCE",33,"Up",0.870070740534891,0.932234075133205
"GOBP_REGULATION_OF_WATER_LOSS_VIA_SKIN",3,"Down",0.870245201956471,0.932234075133205
"GOBP_POSITIVE_REGULATION_OF_LAMELLIPODIUM_ORGANIZATION",3,"Down",0.871877703060669,0.933748663433329
"GOBP_INORGANIC_ION_TRANSMEMBRANE_TRANSPORT",39,"Down",0.872551041834553,0.934235522606011
"GOBP_NEGATIVE_REGULATION_OF_TRANSPORT",31,"Down",0.87510976599933,0.93659922551149
"GOBP_PLASMA_MEMBRANE_TO_ENDOSOME_TRANSPORT",1,"Up",0.875197262705773,0.93659922551149
"GOBP_POSITIVE_REGULATION_OF_GENE_EXPRESSION",35,"Up",0.875441430592994,0.936625839194057
"GOBP_REPRODUCTIVE_SYSTEM_DEVELOPMENT",7,"Down",0.876314172612488,0.937178288197509
"GOBP_REGULATION_OF_PROTEIN_TYROSINE_KINASE_ACTIVITY",3,"Down",0.876396647871892,0.937178288197509
"GOBP_RESPONSE_TO_AMINO_ACID_STARVATION",3,"Up",0.879030571877231,0.939759592612679
"GOBP_REGULATION_OF_LEUKOCYTE_DIFFERENTIATION",4,"Down",0.879988606127494,0.940548382575206
"GOBP_POSITIVE_REGULATION_OF_EXOCYTOSIS",11,"Down",0.880456491928017,0.940793697638217
"GOBP_NEUROTRANSMITTER_RECEPTOR_INTERNALIZATION",3,"Up",0.880658675522732,0.940793697638217
"GOBP_CAVEOLA_ASSEMBLY",1,"Up",0.882068885642551,0.941358373458105
"GOBP_NEGATIVE_REGULATION_OF_ENDOTHELIAL_CELL_PROLIFERATION",1,"Up",0.882068885642551,0.941358373458105
"GOBP_POSITIVE_REGULATION_BY_HOST_OF_VIRAL_PROCESS",1,"Up",0.882068885642551,0.941358373458105
"GOBP_POSITIVE_REGULATION_OF_DOPAMINE_RECEPTOR_SIGNALING_PATHWAY",1,"Up",0.882068885642551,0.941358373458105
"GOBP_LOCOMOTION",86,"Up",0.883093722316437,0.942216659508744
"GOBP_CALCINEURIN_MEDIATED_SIGNALING",3,"Down",0.88408641924583,0.942420857599944
"GOBP_INOSITOL_PHOSPHATE_MEDIATED_SIGNALING",3,"Down",0.88408641924583,0.942420857599944
"GOBP_REGULATION_OF_TELOMERE_CAPPING",5,"Down",0.884190136825642,0.942420857599944
"GOBP_TELOMERE_CAPPING",5,"Down",0.884190136825642,0.942420857599944
"GOBP_MONOSACCHARIDE_METABOLIC_PROCESS",11,"Up",0.884604326351312,0.942420857599944
"GOBP_RESPONSE_TO_NERVE_GROWTH_FACTOR",7,"Up",0.884609041938228,0.942420857599944
"GOBP_NEGATIVE_REGULATION_OF_RESPONSE_TO_WOUNDING",7,"Down",0.885286577483334,0.942907474421775
"GOBP_NEGATIVE_REGULATION_OF_MULTICELLULAR_ORGANISMAL_PROCESS",38,"Down",0.88569724891492,0.943109685892701
"GOBP_REGULATION_OF_PROTEIN_TARGETING",5,"Down",0.886006568628448,0.943165441613217
"GOBP_POSITIVE_REGULATION_OF_POTASSIUM_ION_TRANSMEMBRANE_TRANSPORTER_ACTIVITY",2,"Down",0.886191270707993,0.943165441613217
"GOBP_MACROAUTOPHAGY",44,"Down",0.886435922540112,0.943190788532342
"GOBP_CELLULAR_POTASSIUM_ION_HOMEOSTASIS",3,"Up",0.887289639635658,0.943396580421343
"GOBP_POTASSIUM_ION_HOMEOSTASIS",3,"Up",0.887289639635658,0.943396580421343
"GOBP_NEGATIVE_REGULATION_OF_POTASSIUM_ION_TRANSMEMBRANE_TRANSPORT",4,"Up",0.887512868211884,0.943396580421343
"GOBP_NEGATIVE_REGULATION_OF_POTASSIUM_ION_TRANSPORT",4,"Up",0.887512868211884,0.943396580421343
"GOBP_RESPONSE_TO_RETINOIC_ACID",4,"Up",0.887975646781162,0.943653642050844
"GOBP_NEURON_PROJECTION_ORGANIZATION",12,"Up",0.888475931283565,0.943792872625327
"GOBP_CYTOSOLIC_CALCIUM_ION_TRANSPORT",9,"Up",0.888548616442623,0.943792872625327
"GOBP_PROTEIN_LIPID_COMPLEX_ASSEMBLY",3,"Down",0.889617556049279,0.944458509044611
"GOBP_PROTEIN_LIPID_COMPLEX_SUBUNIT_ORGANIZATION",3,"Down",0.889617556049279,0.944458509044611
"GOBP_HETEROTYPIC_CELL_CELL_ADHESION",6,"Down",0.89088850001258,0.945379872814419
"GOBP_VIRAL_RELEASE_FROM_HOST_CELL",6,"Up",0.890928117086874,0.945379872814419
"GOBP_CELLULAR_GLUCOSE_HOMEOSTASIS",7,"Up",0.89223496389285,0.946531428411914
"GOBP_CELL_REDOX_HOMEOSTASIS",3,"Down",0.892728716710861,0.946820051917579
"GOBP_CAVEOLIN_MEDIATED_ENDOCYTOSIS",3,"Up",0.893258629645125,0.946928016244464
"GOBP_REGULATION_OF_GTPASE_ACTIVITY",34,"Down",0.893381961464246,0.946928016244464
"GOBP_REGULATION_OF_CYCLASE_ACTIVITY",5,"Down",0.893520032049936,0.946928016244464
"GOBP_POSITIVE_REGULATION_OF_CALCIUM_ION_TRANSPORT",6,"Up",0.893985153179096,0.946928016244464
"GOBP_REGULATION_OF_TRANSLATION_IN_RESPONSE_TO_STRESS",3,"Down",0.894010534497877,0.946928016244464
"GOBP_ARTERY_DEVELOPMENT",3,"Down",0.894160779563082,0.946928016244464
"GOBP_REGULATION_OF_PROTEIN_EXPORT_FROM_NUCLEUS",4,"Up",0.894535555074415,0.947090073307592
"GOBP_NEURON_PROJECTION_GUIDANCE",13,"Down",0.89504065311475,0.94738999490783
"GOBP_LATE_ENDOSOME_TO_VACUOLE_TRANSPORT",5,"Up",0.89579403730698,0.947952510737887
"GOBP_STRESS_FIBER_ASSEMBLY",10,"Down",0.898649479417301,0.950738649143248
"GOBP_POSITIVE_REGULATION_OF_TRANSFERASE_ACTIVITY",23,"Down",0.899602983760495,0.95151172452726
"GOBP_TOR_SIGNALING",6,"Down",0.900163391482313,0.951868741030195
"GOBP_RESPONSE_TO_EXTRACELLULAR_STIMULUS",16,"Up",0.900421751007604,0.951906262018187
"GOBP_CEREBRAL_CORTEX_DEVELOPMENT",7,"Up",0.901216838080267,0.952291831117448
"GOBP_RENAL_FILTRATION",2,"Down",0.901232400228688,0.952291831117448
"GOBP_PROTEIN_LOCALIZATION_TO_MEMBRANE_RAFT",3,"Up",0.902235406601595,0.953115859904875
"GOBP_RESPONSE_TO_MECHANICAL_STIMULUS",9,"Up",0.903330371660263,0.953897006871179
"GOBP_PROTEIN_MODIFICATION_BY_SMALL_PROTEIN_REMOVAL",11,"Up",0.903740404567434,0.953897006871179
"GOBP_DSRNA_PROCESSING",3,"Up",0.903868224492546,0.953897006871179
"GOBP_REGULATION_OF_GENE_SILENCING_BY_RNA",3,"Up",0.903868224492546,0.953897006871179
"GOBP_CELL_CELL_ADHESION_MEDIATED_BY_INTEGRIN",3,"Down",0.904168331522142,0.953977999982971
"GOBP_CARBOHYDRATE_DERIVATIVE_METABOLIC_PROCESS",28,"Down",0.904856489606267,0.95409507869601
"GOBP_MALE_GAMETE_GENERATION",13,"Down",0.90506480557921,0.95409507869601
"GOBP_REGULATION_OF_POTASSIUM_ION_TRANSMEMBRANE_TRANSPORTER_ACTIVITY",8,"Down",0.905122864285255,0.95409507869601
"GOBP_MACROMOLECULE_CATABOLIC_PROCESS",62,"Up",0.905172853869405,0.95409507869601
"GOBP_POSITIVE_REGULATION_OF_CELL_DEATH",19,"Up",0.906472137672951,0.955047733758896
"GOBP_REGULATION_OF_CYTOSOLIC_CALCIUM_ION_CONCENTRATION",9,"Up",0.90652388495869,0.955047733758896
"GOBP_ACTIN_FILAMENT_NETWORK_FORMATION",3,"Down",0.907305650214568,0.955635618265456
"GOBP_DEVELOPMENTAL_PROCESS_INVOLVED_IN_REPRODUCTION",23,"Up",0.908305860111494,0.955814981515952
"GOBP_MEMBRANE_REPOLARIZATION_DURING_ACTION_POTENTIAL",2,"Down",0.908371109804086,0.955814981515952
"GOBP_MEMBRANE_REPOLARIZATION_DURING_CARDIAC_MUSCLE_CELL_ACTION_POTENTIAL",2,"Down",0.908371109804086,0.955814981515952
"GOBP_SODIUM_ION_EXPORT_ACROSS_PLASMA_MEMBRANE",2,"Down",0.908371109804086,0.955814981515952
"GOBP_TISSUE_DEVELOPMENT",68,"Up",0.909631333443049,0.956725189763492
"GOBP_SEQUESTERING_OF_CALCIUM_ION",8,"Up",0.909684147887975,0.956725189763492
"GOBP_NEGATIVE_REGULATION_OF_CYTOKINE_PRODUCTION",7,"Down",0.910309355034765,0.957147034798986
"GOBP_REGULATION_OF_PROTEIN_BINDING",14,"Up",0.911000306504271,0.957316618850974
"GOBP_CELLULAR_NITROGEN_COMPOUND_CATABOLIC_PROCESS",10,"Up",0.911143070856757,0.957316618850974
"GOBP_ORGANIC_CYCLIC_COMPOUND_CATABOLIC_PROCESS",10,"Up",0.911143070856757,0.957316618850974
"GOBP_ENERGY_DERIVATION_BY_OXIDATION_OF_ORGANIC_COMPOUNDS",22,"Up",0.911409591523245,0.957361132660054
"GOBP_CELLULAR_RESPONSE_TO_OXYGEN_LEVELS",6,"Down",0.911979249151964,0.957515080424463
"GOBP_EAR_DEVELOPMENT",3,"Down",0.912142514112641,0.957515080424463
"GOBP_POSITIVE_REGULATION_OF_GTPASE_ACTIVITY",24,"Down",0.912228719795631,0.957515080424463
"GOBP_NEGATIVE_REGULATION_OF_MITOCHONDRION_ORGANIZATION",5,"Down",0.913610529469681,0.957847187030075
"GOBP_MAMMARY_GLAND_DEVELOPMENT",4,"Up",0.913660598025192,0.957847187030075
"GOBP_CELLULAR_RESPONSE_TO_STARVATION",6,"Up",0.913825433677862,0.957847187030075
"GOBP_CELL_DIFFERENTIATION_INVOLVED_IN_KIDNEY_DEVELOPMENT",3,"Up",0.914743593866112,0.957847187030075
"GOBP_EPITHELIAL_CELL_DIFFERENTIATION_INVOLVED_IN_KIDNEY_DEVELOPMENT",3,"Up",0.914743593866112,0.957847187030075
"GOBP_GLOMERULUS_DEVELOPMENT",3,"Up",0.914743593866112,0.957847187030075
"GOBP_KIDNEY_EPITHELIUM_DEVELOPMENT",3,"Up",0.914743593866112,0.957847187030075
"GOBP_NEPHRON_DEVELOPMENT",3,"Up",0.914743593866112,0.957847187030075
"GOBP_NEPHRON_EPITHELIUM_DEVELOPMENT",3,"Up",0.914743593866112,0.957847187030075
"GOBP_POSITIVE_REGULATION_OF_CELL_MATRIX_ADHESION",3,"Down",0.914994107196012,0.957847187030075
"GOBP_MICROTUBULE_BUNDLE_FORMATION",4,"Up",0.915012063470547,0.957847187030075
"GOBP_REGULATION_OF_MYELOID_CELL_DIFFERENTIATION",4,"Down",0.915706828706669,0.958326317237759
"GOBP_NEGATIVE_REGULATION_OF_ESTABLISHMENT_OF_PROTEIN_LOCALIZATION",11,"Down",0.915918526566269,0.958326317237759
"GOBP_REGULATION_OF_T_CELL_PROLIFERATION",4,"Up",0.916656273297586,0.958863321884396
"GOBP_REGULATION_OF_PROTEIN_LOCALIZATION_TO_PLASMA_MEMBRANE",11,"Down",0.917205004156809,0.958894031057853
"GOBP_IMPORT_ACROSS_PLASMA_MEMBRANE",6,"Up",0.917333268527999,0.958894031057853
"GOBP_CALCIUM_ION_TRANSPORT_INTO_CYTOSOL",7,"Down",0.917359169024206,0.958894031057853
"GOBP_ELECTRON_TRANSPORT_CHAIN",7,"Up",0.917911626362861,0.958916802514652
"GOBP_CELLULAR_RESPONSE_TO_CARBOHYDRATE_STIMULUS",6,"Down",0.918032788588491,0.958916802514652
"GOBP_GLUCOSE_CATABOLIC_PROCESS",4,"Up",0.918388044075923,0.958916802514652
"GOBP_NAD_METABOLIC_PROCESS",4,"Up",0.918388044075923,0.958916802514652
"GOBP_CLATHRIN_DEPENDENT_ENDOCYTOSIS",15,"Down",0.918503544623611,0.958916802514652
"GOBP_PROTEIN_POLYUBIQUITINATION",9,"Down",0.919094913266234,0.95929970052788
"GOBP_CHONDROCYTE_DIFFERENTIATION",4,"Up",0.919908350105176,0.959914137136381
"GOBP_POSITIVE_REGULATION_OF_COLD_INDUCED_THERMOGENESIS",4,"Down",0.922101950803877,0.961936309989686
"GOBP_POSITIVE_REGULATION_OF_ESTABLISHMENT_OF_PROTEIN_LOCALIZATION",22,"Up",0.922296696185382,0.961936309989686
"GOBP_ION_TRANSMEMBRANE_TRANSPORT",46,"Down",0.923641381189679,0.963103598403593
"GOBP_NEGATIVE_REGULATION_OF_G_PROTEIN_COUPLED_RECEPTOR_SIGNALING_PATHWAY",3,"Down",0.924579007267327,0.963845970231573
"GOBP_REGULATION_OF_MITOTIC_SPINDLE_ASSEMBLY",6,"Up",0.925133224843617,0.964105601754487
"GOBP_RESPONSE_TO_TOPOLOGICALLY_INCORRECT_PROTEIN",5,"Down",0.926523615012059,0.964105601754487
"GOBP_INSULIN_SECRETION",13,"Down",0.926554427464441,0.964105601754487
"GOBP_MITOCHONDRIAL_OUTER_MEMBRANE_PERMEABILIZATION",3,"Down",0.926633925357567,0.964105601754487
"GOBP_MITOCHONDRIAL_OUTER_MEMBRANE_PERMEABILIZATION_INVOLVED_IN_PROGRAMMED_CELL_DEATH",3,"Down",0.926633925357567,0.964105601754487
"GOBP_POSITIVE_REGULATION_OF_MEMBRANE_PERMEABILITY",3,"Down",0.926633925357567,0.964105601754487
"GOBP_REGULATION_OF_MITOCHONDRIAL_MEMBRANE_PERMEABILITY_INVOLVED_IN_APOPTOTIC_PROCESS",3,"Down",0.926633925357567,0.964105601754487
"GOBP_REGULATION_OF_MITOCHONDRIAL_OUTER_MEMBRANE_PERMEABILIZATION_INVOLVED_IN_APOPTOTIC_SIGNALING_PATHWAY",3,"Down",0.926633925357567,0.964105601754487
"GOBP_REGULATION_OF_TRANSMEMBRANE_TRANSPORT",29,"Down",0.927113322061788,0.964369458968801
"GOBP_NEGATIVE_REGULATION_OF_AUTOPHAGOSOME_ASSEMBLY",4,"Up",0.927371341473195,0.964402970399809
"GOBP_SECONDARY_ALCOHOL_METABOLIC_PROCESS",5,"Down",0.928309091087545,0.965143166512878
"GOBP_MITOCHONDRION_ENDOPLASMIC_RETICULUM_MEMBRANE_TETHERING",3,"Up",0.928667969385003,0.965281308650121
"GOBP_CELL_COMMUNICATION_BY_ELECTRICAL_COUPLING",5,"Up",0.929198204753273,0.965597453163317
"GOBP_RESPONSE_TO_ORGANIC_CYCLIC_COMPOUND",36,"Up",0.930579337637239,0.966401993515352
"GOBP_POSITIVE_REGULATION_OF_LEUKOCYTE_MEDIATED_IMMUNITY",4,"Up",0.930651229063133,0.966401993515352
"GOBP_POSITIVE_REGULATION_OF_LYMPHOCYTE_MEDIATED_IMMUNITY",4,"Up",0.930651229063133,0.966401993515352
"GOBP_CATION_TRANSMEMBRANE_TRANSPORT",42,"Up",0.931754922385973,0.96731290070746
"GOBP_IRON_ION_HOMEOSTASIS",3,"Down",0.933255115253693,0.968495706633996
"GOBP_POSITIVE_REGULATION_OF_INTRACELLULAR_SIGNAL_TRANSDUCTION",33,"Down",0.933347770663903,0.968495706633996
"GOBP_AXON_EXTENSION",13,"Up",0.934041768509255,0.96883468351751
"GOBP_REGULATION_OF_CELL_MATRIX_ADHESION",11,"Down",0.93412812613559,0.96883468351751
"GOBP_POSITIVE_REGULATION_OF_AUTOPHAGY_OF_MITOCHONDRION",4,"Up",0.934500700751734,0.968985795802539
"GOBP_CELL_MIGRATION",70,"Down",0.934825757205511,0.969087575006005
"GOBP_ANION_TRANSPORT",14,"Down",0.935424018819831,0.969472454350764
"GOBP_POSITIVE_REGULATION_OF_MITOPHAGY_IN_RESPONSE_TO_MITOCHONDRIAL_DEPOLARIZATION",3,"Down",0.93631897147931,0.969694065758519
"GOBP_REGULATION_OF_AUTOPHAGY_OF_MITOCHONDRION_IN_RESPONSE_TO_MITOCHONDRIAL_DEPOLARIZATION",3,"Down",0.93631897147931,0.969694065758519
"GOBP_RESPONSE_TO_MITOCHONDRIAL_DEPOLARISATION",3,"Down",0.93631897147931,0.969694065758519
"GOBP_POSITIVE_REGULATION_OF_PROTEIN_LOCALIZATION_TO_MEMBRANE",8,"Down",0.937894565530017,0.971090348940291
"GOBP_REGULATION_OF_LIPID_METABOLIC_PROCESS",12,"Down",0.938136152411138,0.97110506712263
"GOBP_REGULATION_OF_INTRACELLULAR_ESTROGEN_RECEPTOR_SIGNALING_PATHWAY",3,"Down",0.9387769616459,0.971532930261604
"GOBP_PROTEIN_HOMOTETRAMERIZATION",3,"Up",0.939524465698779,0.971835551707311
"GOBP_PROTEIN_TETRAMERIZATION",3,"Up",0.939524465698779,0.971835551707311
"GOBP_NECROTIC_CELL_DEATH",3,"Down",0.940050765632811,0.971909179379747
"GOBP_PROGRAMMED_NECROTIC_CELL_DEATH",3,"Down",0.940050765632811,0.971909179379747
"GOBP_PEPTIDYL_TYROSINE_DEPHOSPHORYLATION",7,"Up",0.940571764957791,0.972045079906761
"GOBP_RESPIRATORY_ELECTRON_TRANSPORT_CHAIN",6,"Down",0.940637395283223,0.972045079906761
"GOBP_ANTEROGRADE_DENDRITIC_TRANSPORT_OF_NEUROTRANSMITTER_RECEPTOR_COMPLEX",3,"Up",0.940970903393958,0.972154506143105
"GOBP_RESPONSE_TO_ESTRADIOL",6,"Down",0.941289714020446,0.972180625890116
"GOBP_REGULATION_OF_CELL_CELL_ADHESION",21,"Up",0.941492174370434,0.972180625890116
"GOBP_MEMBRANE_FUSION",20,"Up",0.941679056264905,0.972180625890116
"GOBP_POSITIVE_REGULATION_OF_CALCIUM_ION_TRANSMEMBRANE_TRANSPORT",5,"Down",0.942674309088926,0.972716536981133
"GOBP_POSITIVE_REGULATION_OF_CALCIUM_ION_TRANSMEMBRANE_TRANSPORTER_ACTIVITY",5,"Down",0.942674309088926,0.972716536981133
"GOBP_PEPTIDYL_THREONINE_MODIFICATION",9,"Down",0.942881400866751,0.972716536981133
"GOBP_POSITIVE_REGULATION_OF_ENDOCYTOSIS",12,"Up",0.943636524402728,0.973260467453285
"GOBP_EPITHELIAL_TO_MESENCHYMAL_TRANSITION",8,"Down",0.946627215021661,0.975910290397421
"GOBP_SECRETION",78,"Up",0.946662686283426,0.975910290397421
"GOBP_CD4_POSITIVE_ALPHA_BETA_T_CELL_ACTIVATION",3,"Down",0.946992942141467,0.975978417617643
"GOBP_REGULATION_OF_SECRETION",50,"Down",0.947185797477202,0.975978417617643
"GOBP_PRESYNAPTIC_ENDOCYTOSIS",16,"Up",0.948038230073933,0.976264842532043
"GOBP_KERATINOCYTE_DIFFERENTIATION",4,"Down",0.948221944557584,0.976264842532043
"GOBP_NEGATIVE_REGULATION_OF_PROTEIN_SERINE_THREONINE_KINASE_ACTIVITY",4,"Up",0.948628408525672,0.976264842532043
"GOBP_MITOTIC_METAPHASE_PLATE_CONGRESSION",8,"Down",0.948709231934246,0.976264842532043
"GOBP_RHO_PROTEIN_SIGNAL_TRANSDUCTION",6,"Up",0.948829304904979,0.976264842532043
"GOBP_METAL_ION_EXPORT",6,"Down",0.948835252013699,0.976264842532043
"GOBP_LOCOMOTORY_BEHAVIOR",13,"Down",0.949396127521153,0.976606662004539
"GOBP_REGULATION_OF_CHROMOSOME_SEGREGATION",3,"Up",0.950108440474987,0.977104057131873
"GOBP_FIBROBLAST_MIGRATION",5,"Up",0.950987185377969,0.977772332390299
"GOBP_ACTIN_FILAMENT_REORGANIZATION",3,"Down",0.951689173932358,0.978258594913382
"GOBP_NUCLEAR_TRANSCRIBED_MRNA_CATABOLIC_PROCESS",3,"Down",0.952836917406878,0.97828334519444
"GOBP_NUCLEAR_TRANSCRIBED_MRNA_CATABOLIC_PROCESS_DEADENYLATION_DEPENDENT_DECAY",3,"Down",0.952836917406878,0.97828334519444
"GOBP_POSITIVE_REGULATION_OF_MRNA_METABOLIC_PROCESS",3,"Down",0.952836917406878,0.97828334519444
"GOBP_RNA_DESTABILIZATION",3,"Down",0.952836917406878,0.97828334519444
"GOBP_REGULATION_OF_RESPONSE_TO_OXIDATIVE_STRESS",4,"Down",0.952858514635652,0.97828334519444
"GOBP_DENDRITIC_SPINE_DEVELOPMENT",11,"Up",0.953374665726305,0.978578033481627
"GOBP_REGULATION_OF_CILIUM_ASSEMBLY",7,"Up",0.954025691924841,0.978957973598229
"GOBP_RESPONSE_TO_MONOSACCHARIDE",7,"Up",0.954231748397206,0.978957973598229
"GOBP_POSITIVE_REGULATION_OF_PROTEIN_LOCALIZATION_TO_CELL_PERIPHERY",5,"Down",0.954432451899561,0.978957973598229
"GOBP_GROWTH",40,"Down",0.956331637344442,0.980096175741603
"GOBP_NEGATIVE_REGULATION_OF_SECRETION",9,"Down",0.956516469095382,0.980096175741603
"GOBP_CONNECTIVE_TISSUE_DEVELOPMENT",7,"Down",0.956764565904804,0.980096175741603
"GOBP_MIDBODY_ABSCISSION",5,"Down",0.956924076483484,0.980096175741603
"GOBP_MITOTIC_CYTOKINETIC_PROCESS",5,"Down",0.956924076483484,0.980096175741603
"GOBP_REGULATION_OF_MITOCHONDRION_ORGANIZATION",13,"Down",0.957005430418136,0.980096175741603
"GOBP_HIPPOCAMPUS_DEVELOPMENT",4,"Down",0.957148477878302,0.980096175741603
"GOBP_ELASTIC_FIBER_ASSEMBLY",1,"Down",0.958319278992617,0.980686187892553
"GOBP_REGULATION_OF_REMOVAL_OF_SUPEROXIDE_RADICALS",1,"Down",0.958319278992617,0.980686187892553
"GOBP_NUCLEOBASE_METABOLIC_PROCESS",4,"Up",0.958413521016979,0.980686187892553
"GOBP_REGULATION_OF_PROTEIN_TARGETING_TO_MEMBRANE",3,"Up",0.959660154091148,0.981726591167255
"GOBP_NEGATIVE_REGULATION_OF_MICROTUBULE_POLYMERIZATION",4,"Up",0.96000223928331,0.981729598908899
"GOBP_REGULATION_OF_BEHAVIOR",3,"Down",0.960122813074801,0.981729598908899
"GOBP_PROGRAMMED_CELL_DEATH",69,"Down",0.960581951749188,0.981963981790518
"GOBP_IMPORT_INTO_CELL",12,"Up",0.960841270613344,0.981994033689781
"GOBP_CELLULAR_ALDEHYDE_METABOLIC_PROCESS",3,"Up",0.961625884924763,0.982465712862788
"GOBP_REGULATION_OF_ACTOMYOSIN_STRUCTURE_ORGANIZATION",7,"Up",0.961762853074061,0.982465712862788
"GOBP_REGULATION_OF_DNA_BINDING_TRANSCRIPTION_FACTOR_ACTIVITY",15,"Down",0.963039308369535,0.982715732782062
"GOBP_POSITIVE_REGULATION_OF_RESPONSE_TO_BIOTIC_STIMULUS",3,"Down",0.96312955969982,0.982715732782062
"GOBP_HUMORAL_IMMUNE_RESPONSE",5,"Down",0.963316143591255,0.982715732782062
"GOBP_CLATHRIN_COAT_ASSEMBLY",6,"Down",0.963911428045409,0.982715732782062
"GOBP_NUCLEUS_ORGANIZATION",12,"Down",0.964662196355933,0.982715732782062
"GOBP_AORTIC_VALVE_MORPHOGENESIS",1,"Up",0.964713772837047,0.982715732782062
"GOBP_HEART_VALVE_DEVELOPMENT",1,"Up",0.964713772837047,0.982715732782062
"GOBP_HEART_VALVE_MORPHOGENESIS",1,"Up",0.964713772837047,0.982715732782062
"GOBP_OUTFLOW_TRACT_MORPHOGENESIS",1,"Up",0.964713772837047,0.982715732782062
"GOBP_SEMI_LUNAR_VALVE_DEVELOPMENT",1,"Up",0.964713772837047,0.982715732782062
"GOBP_CELL_PROLIFERATION_IN_FOREBRAIN",3,"Up",0.964899097806226,0.982715732782062
"GOBP_NEUROBLAST_DIVISION",3,"Up",0.964899097806226,0.982715732782062
"GOBP_DNA_INTEGRITY_CHECKPOINT_SIGNALING",3,"Down",0.964998778573628,0.982715732782062
"GOBP_PROTEIN_KINASE_A_SIGNALING",3,"Up",0.966181584150467,0.983534202631616
"GOBP_BRANCHING_MORPHOGENESIS_OF_AN_EPITHELIAL_TUBE",4,"Down",0.966263056483789,0.983534202631616
"GOBP_UROGENITAL_SYSTEM_DEVELOPMENT",7,"Down",0.966767491844199,0.983813189818102
"GOBP_ANATOMICAL_STRUCTURE_HOMEOSTASIS",14,"Down",0.9682075949182,0.984252047603597
"GOBP_POSITIVE_REGULATION_OF_INTRINSIC_APOPTOTIC_SIGNALING_PATHWAY",3,"Down",0.968794599473895,0.984252047603597
"GOBP_NEGATIVE_REGULATION_OF_OXIDATIVE_STRESS_INDUCED_CELL_DEATH",3,"Down",0.9691948535639,0.984252047603597
"GOBP_NEGATIVE_REGULATION_OF_OXIDATIVE_STRESS_INDUCED_NEURON_DEATH",3,"Down",0.9691948535639,0.984252047603597
"GOBP_NEGATIVE_REGULATION_OF_RESPONSE_TO_OXIDATIVE_STRESS",3,"Down",0.9691948535639,0.984252047603597
"GOBP_NEURON_DEATH_IN_RESPONSE_TO_OXIDATIVE_STRESS",3,"Down",0.9691948535639,0.984252047603597
"GOBP_PEPTIDYL_CYSTEINE_MODIFICATION",3,"Down",0.9691948535639,0.984252047603597
"GOBP_REGULATION_OF_OXIDATIVE_STRESS_INDUCED_CELL_DEATH",3,"Down",0.9691948535639,0.984252047603597
"GOBP_INTEGRIN_ACTIVATION",3,"Up",0.969287506969931,0.984252047603597
"GOBP_PATTERN_SPECIFICATION_PROCESS",4,"Up",0.969874367646843,0.984252047603597
"GOBP_REGIONALIZATION",4,"Up",0.969874367646843,0.984252047603597
"GOBP_EMBRYO_DEVELOPMENT_ENDING_IN_BIRTH_OR_EGG_HATCHING",16,"Up",0.970005409406043,0.984252047603597
"GOBP_ESTABLISHMENT_OF_PROTEIN_LOCALIZATION",150,"Down",0.970335698624524,0.984252047603597
"GOBP_POSITIVE_REGULATION_OF_LIPASE_ACTIVITY",4,"Up",0.971026626271621,0.984252047603597
"GOBP_REGULATION_OF_LIPASE_ACTIVITY",4,"Up",0.971026626271621,0.984252047603597
"GOBP_ENERGY_HOMEOSTASIS",3,"Up",0.971174126854408,0.984252047603597
"GOBP_RESPONSE_TO_CORTICOSTEROID",3,"Up",0.971418349557136,0.984252047603597
"GOBP_RNA_LOCALIZATION",12,"Up",0.971739398795918,0.984252047603597
"GOBP_POSITIVE_REGULATION_OF_LEUKOCYTE_PROLIFERATION",3,"Down",0.971765143256996,0.984252047603597
"GOBP_ORGANIC_HYDROXY_COMPOUND_TRANSPORT",13,"Down",0.971807746369555,0.984252047603597
"GOBP_REGULATION_OF_RECEPTOR_INTERNALIZATION",5,"Down",0.972955770087214,0.985181150792435
"GOBP_EPITHELIAL_CELL_PROLIFERATION",8,"Up",0.973359857329687,0.985188100238641
"GOBP_REGULATION_OF_WOUND_HEALING",11,"Up",0.973423971671052,0.985188100238641
"GOBP_PROTEOLYSIS",69,"Down",0.973788561230734,0.985323606969074
"GOBP_NEGATIVE_REGULATION_OF_CELL_ADHESION",12,"Up",0.974034863170476,0.98533938905758
"GOBP_MULTICELLULAR_ORGANISMAL_HOMEOSTASIS",26,"Up",0.974989035131391,0.986071079575224
"GOBP_POSITIVE_REGULATION_OF_PROTEIN_IMPORT",3,"Down",0.975394410339583,0.986090302931894
"GOBP_POSITIVE_REGULATION_OF_TELOMERE_CAPPING",3,"Down",0.97546980329835,0.986090302931894
"GOBP_POSITIVE_REGULATION_OF_MITOCHONDRION_ORGANIZATION",7,"Down",0.976034052177646,0.986427221214086
"GOBP_GAMMA_AMINOBUTYRIC_ACID_SIGNALING_PATHWAY",4,"Up",0.977432978044726,0.987607345452809
"GOBP_HINDBRAIN_DEVELOPMENT",4,"Up",0.978399266701569,0.988167705212348
"GOBP_ADAPTIVE_IMMUNE_RESPONSE",11,"Down",0.978450298605249,0.988167705212348
"GOBP_ORGANIC_ACID_METABOLIC_PROCESS",38,"Down",0.979344893470767,0.988837361705353
"GOBP_PROTEIN_LOCALIZATION_TO_CHROMOSOME",10,"Down",0.980641588062361,0.989912602839599
"GOBP_REGULATION_OF_PROTEIN_LOCALIZATION_TO_CELL_PERIPHERY",12,"Up",0.982884926264367,0.991942703231359
"GOBP_PROTEIN_PROCESSING",3,"Up",0.98312131658391,0.991946880021233
"GOBP_VIRAL_BUDDING",8,"Up",0.985373499966307,0.993658166604325
"GOBP_VIRION_ASSEMBLY",8,"Up",0.985373499966307,0.993658166604325
"GOBP_NEGATIVE_REGULATION_OF_LYMPHOCYTE_ACTIVATION",3,"Down",0.985515334520234,0.993658166604325
"GOBP_REGULATION_OF_LAMELLIPODIUM_ORGANIZATION",7,"Up",0.986203816983016,0.993766377090434
"GOBP_CARDIAC_MUSCLE_CELL_DIFFERENTIATION",3,"Up",0.986348397861181,0.993766377090434
"GOBP_CARDIAC_MUSCLE_TISSUE_DEVELOPMENT",3,"Up",0.986348397861181,0.993766377090434
"GOBP_RESPONSE_TO_PURINE_CONTAINING_COMPOUND",3,"Down",0.98655336896826,0.993766377090434
"GOBP_NEGATIVE_REGULATION_OF_CELL_CYCLE_G2_M_PHASE_TRANSITION",3,"Down",0.987849016127981,0.994836865805849
"GOBP_DEVELOPMENTAL_MATURATION",10,"Up",0.989049294502016,0.995810829047174
"GOBP_MYELOID_CELL_DEVELOPMENT",4,"Up",0.989523453028939,0.996053421608908
"GOBP_REGULATION_OF_PROTEIN_SECRETION",19,"Up",0.990146196755077,0.996213528146118
"GOBP_REGULATION_OF_ION_TRANSMEMBRANE_TRANSPORT",26,"Down",0.990310607686643,0.996213528146118
"GOBP_GLUCAN_BIOSYNTHETIC_PROCESS",4,"Down",0.990634511192668,0.996213528146118
"GOBP_NEGATIVE_REGULATION_OF_CELLULAR_PROTEIN_CATABOLIC_PROCESS",5,"Down",0.991082013835836,0.996213528146118
"GOBP_NEGATIVE_REGULATION_OF_PROTEOLYSIS_INVOLVED_IN_CELLULAR_PROTEIN_CATABOLIC_PROCESS",5,"Down",0.991082013835836,0.996213528146118
"GOBP_NEGATIVE_REGULATION_OF_UBIQUITIN_DEPENDENT_PROTEIN_CATABOLIC_PROCESS",5,"Down",0.991082013835836,0.996213528146118
"GOBP_NEGATIVE_REGULATION_OF_ADENYLATE_CYCLASE_ACTIVITY",3,"Up",0.99188407865368,0.996283892578095
"GOBP_NEGATIVE_REGULATION_OF_LYASE_ACTIVITY",3,"Up",0.99188407865368,0.996283892578095
"GOBP_REGULATION_OF_ADENYLATE_CYCLASE_ACTIVITY",3,"Up",0.99188407865368,0.996283892578095
"GOBP_CYCLIC_NUCLEOTIDE_MEDIATED_SIGNALING",4,"Down",0.992085084320918,0.996283892578095
"GOBP_POSITIVE_REGULATION_OF_PROTEIN_DEPOLYMERIZATION",3,"Down",0.992318823025936,0.99628436604226
"GOBP_MITOTIC_CELL_CYCLE",49,"Up",0.994345037842704,0.998084055611325
"GOBP_CILIUM_MOVEMENT",3,"Down",0.995002942650536,0.998086699013742
"GOBP_MODULATION_BY_HOST_OF_VIRAL_GENOME_REPLICATION",1,"Up",0.995516117489707,0.998086699013742
"GOBP_NEGATIVE_REGULATION_OF_TRANSCRIPTION_BY_COMPETITIVE_PROMOTER_BINDING",1,"Up",0.995516117489707,0.998086699013742
"GOBP_REGULATION_OF_GLUCOCORTICOID_RECEPTOR_SIGNALING_PATHWAY",1,"Up",0.995516117489707,0.998086699013742
"GOBP_VIRAL_RNA_GENOME_REPLICATION",1,"Up",0.995516117489707,0.998086699013742
"GOBP_NEGATIVE_REGULATION_OF_BINDING",10,"Up",0.996695415808099,0.99849797353665
"GOBP_NEGATIVE_REGULATION_OF_ION_TRANSMEMBRANE_TRANSPORTER_ACTIVITY",6,"Up",0.996721511407074,0.99849797353665
"GOBP_NEGATIVE_REGULATION_OF_TRANSPORTER_ACTIVITY",6,"Up",0.996721511407074,0.99849797353665
"GOBP_MRNA_TRANSPORT",3,"Down",0.996861474867778,0.99849797353665
"GOBP_REGULATION_OF_CELL_JUNCTION_ASSEMBLY",11,"Down",0.997644892112807,0.998753580272336
"GOBP_POSITIVE_REGULATION_OF_INTERLEUKIN_1_PRODUCTION",3,"Up",0.997802586767462,0.998753580272336
"GOBP_NEGATIVE_REGULATION_OF_CHROMOSOME_ORGANIZATION",3,"Up",0.997818198787652,0.998753580272336
"GOBP_NEGATIVE_REGULATION_OF_CELLULAR_MACROMOLECULE_BIOSYNTHETIC_PROCESS",8,"Down",0.999154166643661,0.999820537619815
"GOBP_CHROMATIN_ASSEMBLY_OR_DISASSEMBLY",4,"Up",0.999586442434234,0.999820537619815
"GOBP_DNA_PACKAGING",4,"Up",0.999586442434234,0.999820537619815
"GOBP_LACTATE_METABOLIC_PROCESS",3,"Up",0.999909085735638,0.999909085735638
"GOBP_10_FORMYLTETRAHYDROFOLATE_METABOLIC_PROCESS",0,"Up",NA,NA
"GOBP_3_PHOSPHOADENOSINE_5_PHOSPHOSULFATE_BIOSYNTHETIC_PROCESS",0,"Up",NA,NA
"GOBP_3_PHOSPHOADENOSINE_5_PHOSPHOSULFATE_METABOLIC_PROCESS",0,"Up",NA,NA
"GOBP_3_UTR_MEDIATED_MRNA_DESTABILIZATION",0,"Up",NA,NA
"GOBP_3_UTR_MEDIATED_MRNA_STABILIZATION",0,"Up",NA,NA
"GOBP_5_PHOSPHORIBOSE_1_DIPHOSPHATE_METABOLIC_PROCESS",0,"Up",NA,NA
"GOBP_5S_CLASS_RRNA_TRANSCRIPTION_BY_RNA_POLYMERASE_III",0,"Up",NA,NA
"GOBP_ABSCISSION",0,"Up",NA,NA
"GOBP_ACETATE_ESTER_TRANSPORT",0,"Up",NA,NA
"GOBP_ACETYLCHOLINE_METABOLIC_PROCESS",0,"Up",NA,NA
"GOBP_ACTIN_MODIFICATION",0,"Up",NA,NA
"GOBP_ACTIN_MYOSIN_FILAMENT_SLIDING",0,"Up",NA,NA
"GOBP_ACTIVATION_INDUCED_CELL_DEATH_OF_T_CELLS",0,"Up",NA,NA
"GOBP_ACTIVATION_OF_ADENYLATE_CYCLASE_ACTIVITY",0,"Up",NA,NA
"GOBP_ACTIVATION_OF_CYSTEINE_TYPE_ENDOPEPTIDASE_ACTIVITY",0,"Up",NA,NA
"GOBP_ACTIVATION_OF_CYSTEINE_TYPE_ENDOPEPTIDASE_ACTIVITY_INVOLVED_IN_APOPTOTIC_PROCESS_BY_CYTOCHROME_C",0,"Up",NA,NA
"GOBP_ACTIVATION_OF_INNATE_IMMUNE_RESPONSE",0,"Up",NA,NA
"GOBP_ACTIVATION_OF_JANUS_KINASE_ACTIVITY",0,"Up",NA,NA
"GOBP_ACTIVATION_OF_MEIOSIS",0,"Up",NA,NA
"GOBP_ACTIVATION_OF_NF_KAPPAB_INDUCING_KINASE_ACTIVITY",0,"Up",NA,NA
"GOBP_ACTIVATION_OF_PHOSPHOLIPASE_D_ACTIVITY",0,"Up",NA,NA
"GOBP_ACTIVATION_OF_STORE_OPERATED_CALCIUM_CHANNEL_ACTIVITY",0,"Up",NA,NA
"GOBP_ACTIVATION_OF_TRANSMEMBRANE_RECEPTOR_PROTEIN_TYROSINE_KINASE_ACTIVITY",0,"Up",NA,NA
"GOBP_ACTIVIN_RECEPTOR_SIGNALING_PATHWAY",0,"Up",NA,NA
"GOBP_ACYL_CARNITINE_TRANSMEMBRANE_TRANSPORT",0,"Up",NA,NA
"GOBP_ACYLGLYCEROL_TRANSPORT",0,"Up",NA,NA
"GOBP_ADENOHYPOPHYSIS_DEVELOPMENT",0,"Up",NA,NA
"GOBP_ADENOSINE_METABOLIC_PROCESS",0,"Up",NA,NA
"GOBP_ADENOSINE_TO_INOSINE_EDITING",0,"Up",NA,NA
"GOBP_ADENYLATE_CYCLASE_ACTIVATING_DOPAMINE_RECEPTOR_SIGNALING_PATHWAY",0,"Up",NA,NA
"GOBP_ADENYLATE_CYCLASE_INHIBITING_DOPAMINE_RECEPTOR_SIGNALING_PATHWAY",0,"Up",NA,NA
"GOBP_ADENYLATE_CYCLASE_INHIBITING_G_PROTEIN_COUPLED_ACETYLCHOLINE_RECEPTOR_SIGNALING_PATHWAY",0,"Up",NA,NA
"GOBP_ADENYLATE_CYCLASE_INHIBITING_G_PROTEIN_COUPLED_GLUTAMATE_RECEPTOR_SIGNALING_PATHWAY",0,"Up",NA,NA
"GOBP_ADENYLATE_CYCLASE_INHIBITING_SEROTONIN_RECEPTOR_SIGNALING_PATHWAY",0,"Up",NA,NA
"GOBP_ADHESION_OF_SYMBIONT_TO_HOST",0,"Up",NA,NA
"GOBP_ADHESION_OF_SYMBIONT_TO_HOST_CELL",0,"Up",NA,NA
"GOBP_ADIPONECTIN_ACTIVATED_SIGNALING_PATHWAY",0,"Up",NA,NA
"GOBP_ADRENAL_GLAND_DEVELOPMENT",0,"Up",NA,NA
"GOBP_ADRENOMEDULLIN_RECEPTOR_SIGNALING_PATHWAY",0,"Up",NA,NA
"GOBP_ADULT_FEEDING_BEHAVIOR",0,"Up",NA,NA
"GOBP_ADULT_HEART_DEVELOPMENT",0,"Up",NA,NA
"GOBP_AGGRESSIVE_BEHAVIOR",0,"Up",NA,NA
"GOBP_ALANINE_CATABOLIC_PROCESS",0,"Up",NA,NA
"GOBP_ALANINE_TRANSPORT",0,"Up",NA,NA
"GOBP_ALDEHYDE_BIOSYNTHETIC_PROCESS",0,"Up",NA,NA
"GOBP_ALDITOL_BIOSYNTHETIC_PROCESS",0,"Up",NA,NA
"GOBP_ALDITOL_CATABOLIC_PROCESS",0,"Up",NA,NA
"GOBP_ALDITOL_METABOLIC_PROCESS",0,"Up",NA,NA
"GOBP_ALDITOL_PHOSPHATE_METABOLIC_PROCESS",0,"Up",NA,NA
"GOBP_ALKALOID_METABOLIC_PROCESS",0,"Up",NA,NA
"GOBP_ALKANESULFONATE_METABOLIC_PROCESS",0,"Up",NA,NA
"GOBP_ALLANTOIN_METABOLIC_PROCESS",0,"Up",NA,NA
"GOBP_ALPHA_BETA_T_CELL_PROLIFERATION",0,"Up",NA,NA
"GOBP_ALPHA_KETOGLUTARATE_TRANSPORT",0,"Up",NA,NA
"GOBP_ALPHA_LINOLENIC_ACID_METABOLIC_PROCESS",0,"Up",NA,NA
"GOBP_AMACRINE_CELL_DIFFERENTIATION",0,"Up",NA,NA
"GOBP_AMELOGENESIS",0,"Up",NA,NA
"GOBP_AMINE_CATABOLIC_PROCESS",0,"Up",NA,NA
"GOBP_AMINO_ACID_ACTIVATION",0,"Up",NA,NA
"GOBP_AMINO_ACID_BETAINE_BIOSYNTHETIC_PROCESS",0,"Up",NA,NA
"GOBP_AMINO_ACID_BETAINE_METABOLIC_PROCESS",0,"Up",NA,NA
"GOBP_AMINO_ACID_BETAINE_TRANSPORT",0,"Up",NA,NA
"GOBP_AMINO_ACID_SALVAGE",0,"Up",NA,NA
"GOBP_AMINO_SUGAR_BIOSYNTHETIC_PROCESS",0,"Up",NA,NA
"GOBP_AMINO_SUGAR_CATABOLIC_PROCESS",0,"Up",NA,NA
"GOBP_AMINO_SUGAR_METABOLIC_PROCESS",0,"Up",NA,NA
"GOBP_AMINOACYL_TRNA_METABOLISM_INVOLVED_IN_TRANSLATIONAL_FIDELITY",0,"Up",NA,NA
"GOBP_AMINOGLYCOSIDE_ANTIBIOTIC_METABOLIC_PROCESS",0,"Up",NA,NA
"GOBP_AMMONIUM_ION_METABOLIC_PROCESS",0,"Up",NA,NA
"GOBP_AMP_CATABOLIC_PROCESS",0,"Up",NA,NA
"GOBP_AMP_SALVAGE",0,"Up",NA,NA
"GOBP_AMPA_GLUTAMATE_RECEPTOR_CLUSTERING",0,"Up",NA,NA
"GOBP_AMYLIN_RECEPTOR_SIGNALING_PATHWAY",0,"Up",NA,NA
"GOBP_AMYLOID_BETA_CLEARANCE_BY_CELLULAR_CATABOLIC_PROCESS",0,"Up",NA,NA
"GOBP_AMYLOID_PRECURSOR_PROTEIN_BIOSYNTHETIC_PROCESS",0,"Up",NA,NA
"GOBP_ANAGEN",0,"Up",NA,NA
"GOBP_ANAPHASE_PROMOTING_COMPLEX_DEPENDENT_CATABOLIC_PROCESS",0,"Up",NA,NA
"GOBP_ANATOMICAL_STRUCTURE_REGRESSION",0,"Up",NA,NA
"GOBP_ANDROGEN_BIOSYNTHETIC_PROCESS",0,"Up",NA,NA
"GOBP_ANDROGEN_CATABOLIC_PROCESS",0,"Up",NA,NA
"GOBP_ANDROGEN_METABOLIC_PROCESS",0,"Up",NA,NA
"GOBP_ANGIOGENESIS_INVOLVED_IN_CORONARY_VASCULAR_MORPHOGENESIS",0,"Up",NA,NA
"GOBP_ANGIOTENSIN_ACTIVATED_SIGNALING_PATHWAY",0,"Up",NA,NA
"GOBP_ANIMAL_ORGAN_MATURATION",0,"Up",NA,NA
"GOBP_ANTERIOR_COMMISSURE_MORPHOGENESIS",0,"Up",NA,NA
"GOBP_ANTERIOR_HEAD_DEVELOPMENT",0,"Up",NA,NA
"GOBP_ANTERIOR_POSTERIOR_AXON_GUIDANCE",0,"Up",NA,NA
"GOBP_ANTEROGRADE_AXONAL_TRANSPORT_OF_MITOCHONDRION",0,"Up",NA,NA
"GOBP_ANTIBACTERIAL_PEPTIDE_PRODUCTION",0,"Up",NA,NA
"GOBP_ANTIBODY_DEPENDENT_CELLULAR_CYTOTOXICITY",0,"Up",NA,NA
"GOBP_ANTIFUNGAL_HUMORAL_RESPONSE",0,"Up",NA,NA
"GOBP_ANTIGEN_PROCESSING_AND_PRESENTATION_ENDOGENOUS_LIPID_ANTIGEN_VIA_MHC_CLASS_IB",0,"Up",NA,NA
"GOBP_ANTIGEN_PROCESSING_AND_PRESENTATION_OF_ENDOGENOUS_ANTIGEN",0,"Up",NA,NA
"GOBP_ANTIGEN_PROCESSING_AND_PRESENTATION_OF_ENDOGENOUS_PEPTIDE_ANTIGEN",0,"Up",NA,NA
"GOBP_ANTIGEN_PROCESSING_AND_PRESENTATION_OF_ENDOGENOUS_PEPTIDE_ANTIGEN_VIA_MHC_CLASS_I_VIA_ER_PATHWAY",0,"Up",NA,NA
"GOBP_ANTIGEN_PROCESSING_AND_PRESENTATION_OF_EXOGENOUS_PEPTIDE_ANTIGEN",0,"Up",NA,NA
"GOBP_ANTIGEN_PROCESSING_AND_PRESENTATION_OF_EXOGENOUS_PEPTIDE_ANTIGEN_VIA_MHC_CLASS_I",0,"Up",NA,NA
"GOBP_ANTIGEN_PROCESSING_AND_PRESENTATION_OF_EXOGENOUS_PEPTIDE_ANTIGEN_VIA_MHC_CLASS_II",0,"Up",NA,NA
"GOBP_ANTIGEN_PROCESSING_AND_PRESENTATION_OF_PEPTIDE_ANTIGEN",0,"Up",NA,NA
"GOBP_ANTIGEN_PROCESSING_AND_PRESENTATION_OF_PEPTIDE_ANTIGEN_VIA_MHC_CLASS_I",0,"Up",NA,NA
"GOBP_ANTIGEN_PROCESSING_AND_PRESENTATION_OF_PEPTIDE_ANTIGEN_VIA_MHC_CLASS_IB",0,"Up",NA,NA
"GOBP_ANTIGEN_PROCESSING_AND_PRESENTATION_OF_PEPTIDE_OR_POLYSACCHARIDE_ANTIGEN_VIA_MHC_CLASS_II",0,"Up",NA,NA
"GOBP_ANTIMICROBIAL_HUMORAL_IMMUNE_RESPONSE_MEDIATED_BY_ANTIMICROBIAL_PEPTIDE",0,"Up",NA,NA
"GOBP_ANTIMICROBIAL_PEPTIDE_PRODUCTION",0,"Up",NA,NA
"GOBP_ANTRAL_OVARIAN_FOLLICLE_GROWTH",0,"Up",NA,NA
"GOBP_AORTA_MORPHOGENESIS",0,"Up",NA,NA
"GOBP_AORTA_SMOOTH_MUSCLE_TISSUE_MORPHOGENESIS",0,"Up",NA,NA
"GOBP_APOLIPOPROTEIN_A_I_MEDIATED_SIGNALING_PATHWAY",0,"Up",NA,NA
"GOBP_APOPTOTIC_CHROMOSOME_CONDENSATION",0,"Up",NA,NA
"GOBP_APOPTOTIC_DNA_FRAGMENTATION",0,"Up",NA,NA
"GOBP_APOPTOTIC_PROCESS_IN_BONE_MARROW_CELL",0,"Up",NA,NA
"GOBP_APOPTOTIC_PROCESS_INVOLVED_IN_BLOOD_VESSEL_MORPHOGENESIS",0,"Up",NA,NA
"GOBP_APOPTOTIC_PROCESS_INVOLVED_IN_DEVELOPMENT",0,"Up",NA,NA
"GOBP_APOPTOTIC_PROCESS_INVOLVED_IN_HEART_MORPHOGENESIS",0,"Up",NA,NA
"GOBP_APOPTOTIC_PROCESS_INVOLVED_IN_MORPHOGENESIS",0,"Up",NA,NA
"GOBP_ARACHIDONIC_ACID_SECRETION",0,"Up",NA,NA
"GOBP_ARGININE_BIOSYNTHETIC_PROCESS",0,"Up",NA,NA
"GOBP_ARGININE_CATABOLIC_PROCESS",0,"Up",NA,NA
"GOBP_ARGININE_METABOLIC_PROCESS",0,"Up",NA,NA
"GOBP_AROMATIC_AMINO_ACID_FAMILY_CATABOLIC_PROCESS",0,"Up",NA,NA
"GOBP_AROMATIC_AMINO_ACID_TRANSPORT",0,"Up",NA,NA
"GOBP_ARTERIAL_ENDOTHELIAL_CELL_DIFFERENTIATION",0,"Up",NA,NA
"GOBP_ARTERY_MORPHOGENESIS",0,"Up",NA,NA
"GOBP_ASCENDING_AORTA_DEVELOPMENT",0,"Up",NA,NA
"GOBP_ASPARAGINE_METABOLIC_PROCESS",0,"Up",NA,NA
"GOBP_ASPARTATE_FAMILY_AMINO_ACID_BIOSYNTHETIC_PROCESS",0,"Up",NA,NA
"GOBP_ASPARTATE_FAMILY_AMINO_ACID_CATABOLIC_PROCESS",0,"Up",NA,NA
"GOBP_ASPARTATE_FAMILY_AMINO_ACID_METABOLIC_PROCESS",0,"Up",NA,NA
"GOBP_ASPARTATE_METABOLIC_PROCESS",0,"Up",NA,NA
"GOBP_ASPARTATE_TRANSMEMBRANE_TRANSPORT",0,"Up",NA,NA
"GOBP_ASTRAL_MICROTUBULE_ORGANIZATION",0,"Up",NA,NA
"GOBP_ASTROCYTE_CELL_MIGRATION",0,"Up",NA,NA
"GOBP_ATF6_MEDIATED_UNFOLDED_PROTEIN_RESPONSE",0,"Up",NA,NA
"GOBP_ATRIAL_CARDIAC_MUSCLE_CELL_MEMBRANE_REPOLARIZATION",0,"Up",NA,NA
"GOBP_ATRIAL_CARDIAC_MUSCLE_TISSUE_DEVELOPMENT",0,"Up",NA,NA
"GOBP_ATRIAL_CARDIAC_MUSCLE_TISSUE_MORPHOGENESIS",0,"Up",NA,NA
"GOBP_ATRIAL_SEPTUM_MORPHOGENESIS",0,"Up",NA,NA
"GOBP_ATRIOVENTRICULAR_CANAL_DEVELOPMENT",0,"Up",NA,NA
"GOBP_ATRIOVENTRICULAR_NODE_DEVELOPMENT",0,"Up",NA,NA
"GOBP_ATRIOVENTRICULAR_VALVE_DEVELOPMENT",0,"Up",NA,NA
"GOBP_ATRIOVENTRICULAR_VALVE_FORMATION",0,"Up",NA,NA
"GOBP_ATTACHMENT_OF_GPI_ANCHOR_TO_PROTEIN",0,"Up",NA,NA
"GOBP_AUDITORY_RECEPTOR_CELL_MORPHOGENESIS",0,"Up",NA,NA
"GOBP_AUTOCRINE_SIGNALING",0,"Up",NA,NA
"GOBP_AUTOPHAGIC_CELL_DEATH",0,"Up",NA,NA
"GOBP_AUTOPHAGOSOME_LYSOSOME_FUSION",0,"Up",NA,NA
"GOBP_AXIAL_MESODERM_DEVELOPMENT",0,"Up",NA,NA
"GOBP_AXIS_ELONGATION",0,"Up",NA,NA
"GOBP_AXON_CHOICE_POINT_RECOGNITION",0,"Up",NA,NA
"GOBP_AXON_ENSHEATHMENT_IN_CENTRAL_NERVOUS_SYSTEM",0,"Up",NA,NA
"GOBP_AXON_MIDLINE_CHOICE_POINT_RECOGNITION",0,"Up",NA,NA
"GOBP_AXONEMAL_CENTRAL_APPARATUS_ASSEMBLY",0,"Up",NA,NA
"GOBP_AXONEMAL_DYNEIN_COMPLEX_ASSEMBLY",0,"Up",NA,NA
"GOBP_AXONEME_ASSEMBLY",0,"Up",NA,NA
"GOBP_AXONOGENESIS_INVOLVED_IN_INNERVATION",0,"Up",NA,NA
"GOBP_AZOLE_TRANSMEMBRANE_TRANSPORT",0,"Up",NA,NA
"GOBP_B_1_B_CELL_DIFFERENTIATION",0,"Up",NA,NA
"GOBP_B_CELL_APOPTOTIC_PROCESS",0,"Up",NA,NA
"GOBP_B_CELL_CHEMOTAXIS",0,"Up",NA,NA
"GOBP_B_CELL_LINEAGE_COMMITMENT",0,"Up",NA,NA
"GOBP_B_CELL_PROLIFERATION_INVOLVED_IN_IMMUNE_RESPONSE",0,"Up",NA,NA
"GOBP_BASE_CONVERSION_OR_SUBSTITUTION_EDITING",0,"Up",NA,NA
"GOBP_BASE_EXCISION_REPAIR_AP_SITE_FORMATION",0,"Up",NA,NA
"GOBP_BASE_EXCISION_REPAIR_GAP_FILLING",0,"Up",NA,NA
"GOBP_BASIC_AMINO_ACID_TRANSPORT",0,"Up",NA,NA
"GOBP_BEHAVIORAL_RESPONSE_TO_COCAINE",0,"Up",NA,NA
"GOBP_BEHAVIORAL_RESPONSE_TO_ETHANOL",0,"Up",NA,NA
"GOBP_BEHAVIORAL_RESPONSE_TO_NICOTINE",0,"Up",NA,NA
"GOBP_BENZENE_CONTAINING_COMPOUND_METABOLIC_PROCESS",0,"Up",NA,NA
"GOBP_BICARBONATE_TRANSPORT",0,"Up",NA,NA
"GOBP_BILE_ACID_SECRETION",0,"Up",NA,NA
"GOBP_BILE_ACID_SIGNALING_PATHWAY",0,"Up",NA,NA
"GOBP_BIOLOGICAL_PHASE",0,"Up",NA,NA
"GOBP_BLASTOCYST_GROWTH",0,"Up",NA,NA
"GOBP_BLEB_ASSEMBLY",0,"Up",NA,NA
"GOBP_BLOOD_COAGULATION_INTRINSIC_PATHWAY",0,"Up",NA,NA
"GOBP_BLOOD_VESSEL_ENDOTHELIAL_CELL_DIFFERENTIATION",0,"Up",NA,NA
"GOBP_BLOOD_VESSEL_MATURATION",0,"Up",NA,NA
"GOBP_BLOOD_VESSEL_REMODELING",0,"Up",NA,NA
"GOBP_BMP_SIGNALING_PATHWAY_INVOLVED_IN_HEART_DEVELOPMENT",0,"Up",NA,NA
"GOBP_BONE_MARROW_DEVELOPMENT",0,"Up",NA,NA
"GOBP_BONE_MATURATION",0,"Up",NA,NA
"GOBP_BONE_MINERALIZATION_INVOLVED_IN_BONE_MATURATION",0,"Up",NA,NA
"GOBP_BONE_TRABECULA_FORMATION",0,"Up",NA,NA
"GOBP_BONE_TRABECULA_MORPHOGENESIS",0,"Up",NA,NA
"GOBP_BRADYKININ_CATABOLIC_PROCESS",0,"Up",NA,NA
"GOBP_BRAIN_DERIVED_NEUROTROPHIC_FACTOR_RECEPTOR_SIGNALING_PATHWAY",0,"Up",NA,NA
"GOBP_BRAIN_RENIN_ANGIOTENSIN_SYSTEM",0,"Up",NA,NA
"GOBP_BRAINSTEM_DEVELOPMENT",0,"Up",NA,NA
"GOBP_BRANCH_ELONGATION_INVOLVED_IN_URETERIC_BUD_BRANCHING",0,"Up",NA,NA
"GOBP_BRANCH_ELONGATION_OF_AN_EPITHELIUM",0,"Up",NA,NA
"GOBP_BRANCHED_CHAIN_AMINO_ACID_BIOSYNTHETIC_PROCESS",0,"Up",NA,NA
"GOBP_BRANCHED_CHAIN_AMINO_ACID_TRANSPORT",0,"Up",NA,NA
"GOBP_BRANCHING_INVOLVED_IN_LABYRINTHINE_LAYER_MORPHOGENESIS",0,"Up",NA,NA
"GOBP_BRANCHING_INVOLVED_IN_PROSTATE_GLAND_MORPHOGENESIS",0,"Up",NA,NA
"GOBP_BRANCHIOMOTOR_NEURON_AXON_GUIDANCE",0,"Up",NA,NA
"GOBP_BRONCHIOLE_DEVELOPMENT",0,"Up",NA,NA
"GOBP_BRONCHUS_DEVELOPMENT",0,"Up",NA,NA
"GOBP_BROWN_FAT_CELL_DIFFERENTIATION",0,"Up",NA,NA
"GOBP_BRUSH_BORDER_ASSEMBLY",0,"Up",NA,NA
"GOBP_BUD_ELONGATION_INVOLVED_IN_LUNG_BRANCHING",0,"Up",NA,NA
"GOBP_C_5_METHYLATION_OF_CYTOSINE",0,"Up",NA,NA
"GOBP_C_TERMINAL_PROTEIN_DEGLUTAMYLATION",0,"Up",NA,NA
"GOBP_C21_STEROID_HORMONE_BIOSYNTHETIC_PROCESS",0,"Up",NA,NA
"GOBP_C21_STEROID_HORMONE_METABOLIC_PROCESS",0,"Up",NA,NA
"GOBP_CADMIUM_ION_TRANSMEMBRANE_TRANSPORT",0,"Up",NA,NA
"GOBP_CALCITONIN_FAMILY_RECEPTOR_SIGNALING_PATHWAY",0,"Up",NA,NA
"GOBP_CALCIUM_ACTIVATED_PHOSPHOLIPID_SCRAMBLING",0,"Up",NA,NA
"GOBP_CALCIUM_INDEPENDENT_CELL_CELL_ADHESION_VIA_PLASMA_MEMBRANE_CELL_ADHESION_MOLECULES",0,"Up",NA,NA
"GOBP_CALMODULIN_DEPENDENT_KINASE_SIGNALING_PATHWAY",0,"Up",NA,NA
"GOBP_CAMERA_TYPE_EYE_PHOTORECEPTOR_CELL_DIFFERENTIATION",0,"Up",NA,NA
"GOBP_CAMP_BIOSYNTHETIC_PROCESS",0,"Up",NA,NA
"GOBP_CAMP_CATABOLIC_PROCESS",0,"Up",NA,NA
"GOBP_CAMP_METABOLIC_PROCESS",0,"Up",NA,NA
"GOBP_CANNABINOID_SIGNALING_PATHWAY",0,"Up",NA,NA
"GOBP_CANONICAL_WNT_SIGNALING_PATHWAY_INVOLVED_IN_CARDIAC_MUSCLE_CELL_FATE_COMMITMENT",0,"Up",NA,NA
"GOBP_CANONICAL_WNT_SIGNALING_PATHWAY_INVOLVED_IN_HEART_DEVELOPMENT",0,"Up",NA,NA
"GOBP_CANONICAL_WNT_SIGNALING_PATHWAY_INVOLVED_IN_REGULATION_OF_CELL_PROLIFERATION",0,"Up",NA,NA
"GOBP_CAP_DEPENDENT_TRANSLATIONAL_INITIATION",0,"Up",NA,NA
"GOBP_CARBOHYDRATE_IMPORT_ACROSS_PLASMA_MEMBRANE",0,"Up",NA,NA
"GOBP_CARBOHYDRATE_MEDIATED_SIGNALING",0,"Up",NA,NA
"GOBP_CARBON_CATABOLITE_REGULATION_OF_TRANSCRIPTION",0,"Up",NA,NA
"GOBP_CARDIAC_ATRIUM_MORPHOGENESIS",0,"Up",NA,NA
"GOBP_CARDIAC_CELL_FATE_COMMITMENT",0,"Up",NA,NA
"GOBP_CARDIAC_CHAMBER_FORMATION",0,"Up",NA,NA
"GOBP_CARDIAC_CONDUCTION_SYSTEM_DEVELOPMENT",0,"Up",NA,NA
"GOBP_CARDIAC_LEFT_VENTRICLE_MORPHOGENESIS",0,"Up",NA,NA
"GOBP_CARDIAC_MUSCLE_CELL_CARDIAC_MUSCLE_CELL_ADHESION",0,"Up",NA,NA
"GOBP_CARDIAC_MUSCLE_CELL_FATE_COMMITMENT",0,"Up",NA,NA
"GOBP_CARDIAC_MUSCLE_CELL_MYOBLAST_DIFFERENTIATION",0,"Up",NA,NA
"GOBP_CARDIAC_MUSCLE_CELL_PROLIFERATION",0,"Up",NA,NA
"GOBP_CARDIAC_MUSCLE_MYOBLAST_PROLIFERATION",0,"Up",NA,NA
"GOBP_CARDIAC_MUSCLE_TISSUE_MORPHOGENESIS",0,"Up",NA,NA
"GOBP_CARDIAC_MUSCLE_TISSUE_REGENERATION",0,"Up",NA,NA
"GOBP_CARDIAC_MYOFIBRIL_ASSEMBLY",0,"Up",NA,NA
"GOBP_CARDIAC_NEURAL_CREST_CELL_DEVELOPMENT_INVOLVED_IN_OUTFLOW_TRACT_MORPHOGENESIS",0,"Up",NA,NA
"GOBP_CARDIAC_NEURAL_CREST_CELL_MIGRATION_INVOLVED_IN_OUTFLOW_TRACT_MORPHOGENESIS",0,"Up",NA,NA
"GOBP_CARDIAC_PACEMAKER_CELL_DIFFERENTIATION",0,"Up",NA,NA
"GOBP_CARDIAC_RIGHT_VENTRICLE_MORPHOGENESIS",0,"Up",NA,NA
"GOBP_CARDIAC_VASCULAR_SMOOTH_MUSCLE_CELL_DIFFERENTIATION",0,"Up",NA,NA
"GOBP_CARDIAC_VENTRICLE_FORMATION",0,"Up",NA,NA
"GOBP_CARDIAC_VENTRICLE_MORPHOGENESIS",0,"Up",NA,NA
"GOBP_CARDIOBLAST_DIFFERENTIATION",0,"Up",NA,NA
"GOBP_CARDIOLIPIN_ACYL_CHAIN_REMODELING",0,"Up",NA,NA
"GOBP_CARNITINE_METABOLIC_PROCESS",0,"Up",NA,NA
"GOBP_CARNITINE_TRANSPORT",0,"Up",NA,NA
"GOBP_CARTILAGE_MORPHOGENESIS",0,"Up",NA,NA
"GOBP_CATECHOL_CONTAINING_COMPOUND_CATABOLIC_PROCESS",0,"Up",NA,NA
"GOBP_CD4_POSITIVE_ALPHA_BETA_T_CELL_CYTOKINE_PRODUCTION",0,"Up",NA,NA
"GOBP_CD4_POSITIVE_ALPHA_BETA_T_CELL_PROLIFERATION",0,"Up",NA,NA
"GOBP_CD4_POSITIVE_CD25_POSITIVE_ALPHA_BETA_REGULATORY_T_CELL_DIFFERENTIATION",0,"Up",NA,NA
"GOBP_CD8_POSITIVE_ALPHA_BETA_T_CELL_ACTIVATION",0,"Up",NA,NA
"GOBP_CD8_POSITIVE_ALPHA_BETA_T_CELL_DIFFERENTIATION",0,"Up",NA,NA
"GOBP_CD8_POSITIVE_ALPHA_BETA_T_CELL_PROLIFERATION",0,"Up",NA,NA
"GOBP_CDC42_PROTEIN_SIGNAL_TRANSDUCTION",0,"Up",NA,NA
"GOBP_CDP_DIACYLGLYCEROL_METABOLIC_PROCESS",0,"Up",NA,NA
"GOBP_CELL_ADHESION_INVOLVED_IN_HEART_MORPHOGENESIS",0,"Up",NA,NA
"GOBP_CELL_AGGREGATION",0,"Up",NA,NA
"GOBP_CELL_CYCLE_DNA_REPLICATION",0,"Up",NA,NA
"GOBP_CELL_CYCLE_DNA_REPLICATION_INITIATION",0,"Up",NA,NA
"GOBP_CELL_DIFFERENTIATION_INVOLVED_IN_EMBRYONIC_PLACENTA_DEVELOPMENT",0,"Up",NA,NA
"GOBP_CELL_DIFFERENTIATION_INVOLVED_IN_METANEPHROS_DEVELOPMENT",0,"Up",NA,NA
"GOBP_CELL_DIFFERENTIATION_INVOLVED_IN_PHENOTYPIC_SWITCHING",0,"Up",NA,NA
"GOBP_CELL_FATE_COMMITMENT_INVOLVED_IN_FORMATION_OF_PRIMARY_GERM_LAYER",0,"Up",NA,NA
"GOBP_CELL_FATE_COMMITMENT_INVOLVED_IN_PATTERN_SPECIFICATION",0,"Up",NA,NA
"GOBP_CELL_FATE_DETERMINATION",0,"Up",NA,NA
"GOBP_CELL_FATE_SPECIFICATION_INVOLVED_IN_PATTERN_SPECIFICATION",0,"Up",NA,NA
"GOBP_CELL_MIGRATION_INVOLVED_IN_GASTRULATION",0,"Up",NA,NA
"GOBP_CELL_MIGRATION_INVOLVED_IN_HEART_DEVELOPMENT",0,"Up",NA,NA
"GOBP_CELL_MIGRATION_INVOLVED_IN_KIDNEY_DEVELOPMENT",0,"Up",NA,NA
"GOBP_CELL_MIGRATION_INVOLVED_IN_METANEPHROS_DEVELOPMENT",0,"Up",NA,NA
"GOBP_CELL_MOTILITY_INVOLVED_IN_CEREBRAL_CORTEX_RADIAL_GLIA_GUIDED_MIGRATION",0,"Up",NA,NA
"GOBP_CELL_PROLIFERATION_IN_MIDBRAIN",0,"Up",NA,NA
"GOBP_CELL_PROLIFERATION_INVOLVED_IN_KIDNEY_DEVELOPMENT",0,"Up",NA,NA
"GOBP_CELL_PROLIFERATION_INVOLVED_IN_METANEPHROS_DEVELOPMENT",0,"Up",NA,NA
"GOBP_CELLULAR_COMPONENT_DISASSEMBLY_INVOLVED_IN_EXECUTION_PHASE_OF_APOPTOSIS",0,"Up",NA,NA
"GOBP_CELLULAR_HORMONE_METABOLIC_PROCESS",0,"Up",NA,NA
"GOBP_CELLULAR_MAGNESIUM_ION_HOMEOSTASIS",0,"Up",NA,NA
"GOBP_CELLULAR_RESPONSE_TO_AMMONIUM_ION",0,"Up",NA,NA
"GOBP_CELLULAR_RESPONSE_TO_ARSENIC_CONTAINING_SUBSTANCE",0,"Up",NA,NA
"GOBP_CELLULAR_RESPONSE_TO_BACTERIAL_LIPOPROTEIN",0,"Up",NA,NA
"GOBP_CELLULAR_RESPONSE_TO_BILE_ACID",0,"Up",NA,NA
"GOBP_CELLULAR_RESPONSE_TO_CAFFEINE",0,"Up",NA,NA
"GOBP_CELLULAR_RESPONSE_TO_CHOLESTEROL",0,"Up",NA,NA
"GOBP_CELLULAR_RESPONSE_TO_COLD",0,"Up",NA,NA
"GOBP_CELLULAR_RESPONSE_TO_EPINEPHRINE_STIMULUS",0,"Up",NA,NA
"GOBP_CELLULAR_RESPONSE_TO_ETHANOL",0,"Up",NA,NA
"GOBP_CELLULAR_RESPONSE_TO_FATTY_ACID",0,"Up",NA,NA
"GOBP_CELLULAR_RESPONSE_TO_FOLLICLE_STIMULATING_HORMONE_STIMULUS",0,"Up",NA,NA
"GOBP_CELLULAR_RESPONSE_TO_GAMMA_RADIATION",0,"Up",NA,NA
"GOBP_CELLULAR_RESPONSE_TO_GLUCAGON_STIMULUS",0,"Up",NA,NA
"GOBP_CELLULAR_RESPONSE_TO_GONADOTROPIN_STIMULUS",0,"Up",NA,NA
"GOBP_CELLULAR_RESPONSE_TO_HEPARIN",0,"Up",NA,NA
"GOBP_CELLULAR_RESPONSE_TO_HISTAMINE",0,"Up",NA,NA
"GOBP_CELLULAR_RESPONSE_TO_HYPEROXIA",0,"Up",NA,NA
"GOBP_CELLULAR_RESPONSE_TO_INDOLE_3_METHANOL",0,"Up",NA,NA
"GOBP_CELLULAR_RESPONSE_TO_INTERFERON_BETA",0,"Up",NA,NA
"GOBP_CELLULAR_RESPONSE_TO_IRON_ION",0,"Up",NA,NA
"GOBP_CELLULAR_RESPONSE_TO_LAMINAR_FLUID_SHEAR_STRESS",0,"Up",NA,NA
"GOBP_CELLULAR_RESPONSE_TO_LEUCINE",0,"Up",NA,NA
"GOBP_CELLULAR_RESPONSE_TO_LIGHT_INTENSITY",0,"Up",NA,NA
"GOBP_CELLULAR_RESPONSE_TO_LITHIUM_ION",0,"Up",NA,NA
"GOBP_CELLULAR_RESPONSE_TO_MANGANESE_ION",0,"Up",NA,NA
"GOBP_CELLULAR_RESPONSE_TO_MURAMYL_DIPEPTIDE",0,"Up",NA,NA
"GOBP_CELLULAR_RESPONSE_TO_NICOTINE",0,"Up",NA,NA
"GOBP_CELLULAR_RESPONSE_TO_NITROGEN_STARVATION",0,"Up",NA,NA
"GOBP_CELLULAR_RESPONSE_TO_OXIDISED_LOW_DENSITY_LIPOPROTEIN_PARTICLE_STIMULUS",0,"Up",NA,NA
"GOBP_CELLULAR_RESPONSE_TO_OXYGEN_GLUCOSE_DEPRIVATION",0,"Up",NA,NA
"GOBP_CELLULAR_RESPONSE_TO_PARATHYROID_HORMONE_STIMULUS",0,"Up",NA,NA
"GOBP_CELLULAR_RESPONSE_TO_PEPTIDOGLYCAN",0,"Up",NA,NA
"GOBP_CELLULAR_RESPONSE_TO_PROGESTERONE_STIMULUS",0,"Up",NA,NA
"GOBP_CELLULAR_RESPONSE_TO_PROSTAGLANDIN_E_STIMULUS",0,"Up",NA,NA
"GOBP_CELLULAR_RESPONSE_TO_PROSTAGLANDIN_STIMULUS",0,"Up",NA,NA
"GOBP_CELLULAR_RESPONSE_TO_PURINE_CONTAINING_COMPOUND",0,"Up",NA,NA
"GOBP_CELLULAR_RESPONSE_TO_SALT",0,"Up",NA,NA
"GOBP_CELLULAR_RESPONSE_TO_SODIUM_ARSENITE",0,"Up",NA,NA
"GOBP_CELLULAR_RESPONSE_TO_STEROL",0,"Up",NA,NA
"GOBP_CELLULAR_RESPONSE_TO_STEROL_DEPLETION",0,"Up",NA,NA
"GOBP_CELLULAR_RESPONSE_TO_TESTOSTERONE_STIMULUS",0,"Up",NA,NA
"GOBP_CELLULAR_RESPONSE_TO_THYROID_HORMONE_STIMULUS",0,"Up",NA,NA
"GOBP_CELLULAR_RESPONSE_TO_UV_B",0,"Up",NA,NA
"GOBP_CELLULAR_RESPONSE_TO_X_RAY",0,"Up",NA,NA
"GOBP_CELLULAR_RESPONSE_TO_ZINC_ION",0,"Up",NA,NA
"GOBP_CELLULAR_TRIGLYCERIDE_HOMEOSTASIS",0,"Up",NA,NA
"GOBP_CELLULAR_TRIVALENT_INORGANIC_ANION_HOMEOSTASIS",0,"Up",NA,NA
"GOBP_CENP_A_CONTAINING_CHROMATIN_ORGANIZATION",0,"Up",NA,NA
"GOBP_CENTRAL_NERVOUS_SYSTEM_MYELIN_FORMATION",0,"Up",NA,NA
"GOBP_CENTRAL_NERVOUS_SYSTEM_MYELIN_MAINTENANCE",0,"Up",NA,NA
"GOBP_CENTROMERIC_SISTER_CHROMATID_COHESION",0,"Up",NA,NA
"GOBP_CENTROSOME_SEPARATION",0,"Up",NA,NA
"GOBP_CERAMIDE_1_PHOSPHATE_TRANSPORT",0,"Up",NA,NA
"GOBP_CERAMIDE_TRANSPORT",0,"Up",NA,NA
"GOBP_CEREBELLAR_GRANULAR_LAYER_FORMATION",0,"Up",NA,NA
"GOBP_CEREBELLAR_GRANULAR_LAYER_MORPHOGENESIS",0,"Up",NA,NA
"GOBP_CEREBELLAR_PURKINJE_CELL_GRANULE_CELL_PRECURSOR_CELL_SIGNALING_INVOLVED_IN_REGULATION_OF_GRANULE_CELL_PRECURSOR_CELL_PROLIFERATION",0,"Up",NA,NA
"GOBP_CEREBRAL_CORTEX_GABAERGIC_INTERNEURON_DEVELOPMENT",0,"Up",NA,NA
"GOBP_CEREBRAL_CORTEX_GABAERGIC_INTERNEURON_DIFFERENTIATION",0,"Up",NA,NA
"GOBP_CEREBRAL_CORTEX_REGIONALIZATION",0,"Up",NA,NA
"GOBP_CEREBRAL_CORTEX_TANGENTIAL_MIGRATION",0,"Up",NA,NA
"GOBP_CEREBROSPINAL_FLUID_CIRCULATION",0,"Up",NA,NA
"GOBP_CGMP_BIOSYNTHETIC_PROCESS",0,"Up",NA,NA
"GOBP_CGMP_METABOLIC_PROCESS",0,"Up",NA,NA
"GOBP_CHANGES_TO_DNA_METHYLATION_INVOLVED_IN_EMBRYO_DEVELOPMENT",0,"Up",NA,NA
"GOBP_CHAPERONE_MEDIATED_PROTEIN_COMPLEX_ASSEMBLY",0,"Up",NA,NA
"GOBP_CHEMOKINE_C_C_MOTIF_LIGAND_5_PRODUCTION",0,"Up",NA,NA
"GOBP_CHEMOKINE_C_X_C_MOTIF_LIGAND_1_PRODUCTION",0,"Up",NA,NA
"GOBP_CHEMOKINE_C_X_C_MOTIF_LIGAND_2_PRODUCTION",0,"Up",NA,NA
"GOBP_CHEMOKINE_PRODUCTION",0,"Up",NA,NA
"GOBP_CHEMOREPULSION_OF_AXON",0,"Up",NA,NA
"GOBP_CHIASMA_ASSEMBLY",0,"Up",NA,NA
"GOBP_CHITIN_METABOLIC_PROCESS",0,"Up",NA,NA
"GOBP_CHOLESTEROL_CATABOLIC_PROCESS",0,"Up",NA,NA
"GOBP_CHOLINE_METABOLIC_PROCESS",0,"Up",NA,NA
"GOBP_CHOLINE_TRANSPORT",0,"Up",NA,NA
"GOBP_CHONDROBLAST_DIFFERENTIATION",0,"Up",NA,NA
"GOBP_CHONDROCYTE_DEVELOPMENT_INVOLVED_IN_ENDOCHONDRAL_BONE_MORPHOGENESIS",0,"Up",NA,NA
"GOBP_CHONDROCYTE_HYPERTROPHY",0,"Up",NA,NA
"GOBP_CHONDROCYTE_PROLIFERATION",0,"Up",NA,NA
"GOBP_CHONDROITIN_SULFATE_BIOSYNTHETIC_PROCESS",0,"Up",NA,NA
"GOBP_CHONDROITIN_SULFATE_PROTEOGLYCAN_BIOSYNTHETIC_PROCESS",0,"Up",NA,NA
"GOBP_CHONDROITIN_SULFATE_PROTEOGLYCAN_METABOLIC_PROCESS",0,"Up",NA,NA
"GOBP_CHORIO_ALLANTOIC_FUSION",0,"Up",NA,NA
"GOBP_CHORION_DEVELOPMENT",0,"Up",NA,NA
"GOBP_CHORIONIC_TROPHOBLAST_CELL_DIFFERENTIATION",0,"Up",NA,NA
"GOBP_CHORIONIC_TROPHOBLAST_CELL_PROLIFERATION",0,"Up",NA,NA
"GOBP_CHROMATIN_DISASSEMBLY",0,"Up",NA,NA
"GOBP_CHROMATIN_REMODELING_AT_CENTROMERE",0,"Up",NA,NA
"GOBP_CHROMOSOME_ATTACHMENT_TO_THE_NUCLEAR_ENVELOPE",0,"Up",NA,NA
"GOBP_CHROMOSOME_CONDENSATION",0,"Up",NA,NA
"GOBP_CHROMOSOME_LOCALIZATION_TO_NUCLEAR_ENVELOPE_INVOLVED_IN_HOMOLOGOUS_CHROMOSOME_SEGREGATION",0,"Up",NA,NA
"GOBP_CHRONIC_INFLAMMATORY_RESPONSE",0,"Up",NA,NA
"GOBP_CILIARY_BASAL_BODY_ORGANIZATION",0,"Up",NA,NA
"GOBP_CILIARY_NEUROTROPHIC_FACTOR_MEDIATED_SIGNALING_PATHWAY",0,"Up",NA,NA
"GOBP_CIRCADIAN_SLEEP_WAKE_CYCLE_REM_SLEEP",0,"Up",NA,NA
"GOBP_CITRULLINE_BIOSYNTHETIC_PROCESS",0,"Up",NA,NA
"GOBP_CITRULLINE_METABOLIC_PROCESS",0,"Up",NA,NA
"GOBP_CLEAVAGE_INVOLVED_IN_RRNA_PROCESSING",0,"Up",NA,NA
"GOBP_CLUSTERING_OF_VOLTAGE_GATED_SODIUM_CHANNELS",0,"Up",NA,NA
"GOBP_COBALAMIN_TRANSPORT",0,"Up",NA,NA
"GOBP_COBALT_ION_TRANSPORT",0,"Up",NA,NA
"GOBP_COCHLEA_MORPHOGENESIS",0,"Up",NA,NA
"GOBP_COENZYME_A_BIOSYNTHETIC_PROCESS",0,"Up",NA,NA
"GOBP_COHESIN_LOADING",0,"Up",NA,NA
"GOBP_COLLAGEN_BIOSYNTHETIC_PROCESS",0,"Up",NA,NA
"GOBP_COLLATERAL_SPROUTING",0,"Up",NA,NA
"GOBP_COLLATERAL_SPROUTING_IN_ABSENCE_OF_INJURY",0,"Up",NA,NA
"GOBP_COLLECTING_DUCT_DEVELOPMENT",0,"Up",NA,NA
"GOBP_COLUMNAR_CUBOIDAL_EPITHELIAL_CELL_MATURATION",0,"Up",NA,NA
"GOBP_COMMA_SHAPED_BODY_MORPHOGENESIS",0,"Up",NA,NA
"GOBP_COMMON_MYELOID_PROGENITOR_CELL_PROLIFERATION",0,"Up",NA,NA
"GOBP_COMPARTMENT_PATTERN_SPECIFICATION",0,"Up",NA,NA
"GOBP_COMPLEMENT_ACTIVATION_LECTIN_PATHWAY",0,"Up",NA,NA
"GOBP_CONNECTIVE_TISSUE_REPLACEMENT_INVOLVED_IN_INFLAMMATORY_RESPONSE_WOUND_HEALING",0,"Up",NA,NA
"GOBP_CONSTITUTIVE_HETEROCHROMATIN_ASSEMBLY",0,"Up",NA,NA
"GOBP_CONVERGENT_EXTENSION",0,"Up",NA,NA
"GOBP_CONVERGENT_EXTENSION_INVOLVED_IN_AXIS_ELONGATION",0,"Up",NA,NA
"GOBP_CONVERGENT_EXTENSION_INVOLVED_IN_GASTRULATION",0,"Up",NA,NA
"GOBP_CONVERGENT_EXTENSION_INVOLVED_IN_ORGANOGENESIS",0,"Up",NA,NA
"GOBP_COP9_SIGNALOSOME_ASSEMBLY",0,"Up",NA,NA
"GOBP_COPII_COATED_VESICLE_CARGO_LOADING",0,"Up",NA,NA
"GOBP_COPPER_ION_IMPORT",0,"Up",NA,NA
"GOBP_COPPER_ION_TRANSMEMBRANE_TRANSPORT",0,"Up",NA,NA
"GOBP_COPPER_ION_TRANSPORT",0,"Up",NA,NA
"GOBP_COPULATION",0,"Up",NA,NA
"GOBP_CORNEA_DEVELOPMENT_IN_CAMERA_TYPE_EYE",0,"Up",NA,NA
"GOBP_CORONARY_ARTERY_MORPHOGENESIS",0,"Up",NA,NA
"GOBP_CORONARY_VASCULATURE_MORPHOGENESIS",0,"Up",NA,NA
"GOBP_CORTICOSPINAL_TRACT_MORPHOGENESIS",0,"Up",NA,NA
"GOBP_CORTICOSTEROID_HORMONE_SECRETION",0,"Up",NA,NA
"GOBP_CORTICOTROPIN_SECRETION",0,"Up",NA,NA
"GOBP_CORTISOL_BIOSYNTHETIC_PROCESS",0,"Up",NA,NA
"GOBP_CORTISOL_METABOLIC_PROCESS",0,"Up",NA,NA
"GOBP_CORTISOL_SECRETION",0,"Up",NA,NA
"GOBP_COTRANSLATIONAL_PROTEIN_TARGETING_TO_MEMBRANE",0,"Up",NA,NA
"GOBP_CRANIAL_GANGLION_DEVELOPMENT",0,"Up",NA,NA
"GOBP_CRANIAL_NERVE_FORMATION",0,"Up",NA,NA
"GOBP_CRANIAL_SUTURE_MORPHOGENESIS",0,"Up",NA,NA
"GOBP_CYCLIC_GMP_AMP_TRANSMEMBRANE_IMPORT_ACROSS_PLASMA_MEMBRANE",0,"Up",NA,NA
"GOBP_CYCLIC_NUCLEOTIDE_CATABOLIC_PROCESS",0,"Up",NA,NA
"GOBP_CYCLOOXYGENASE_PATHWAY",0,"Up",NA,NA
"GOBP_CYSTEINE_CATABOLIC_PROCESS",0,"Up",NA,NA
"GOBP_CYSTEINE_METABOLIC_PROCESS",0,"Up",NA,NA
"GOBP_CYTIDINE_METABOLIC_PROCESS",0,"Up",NA,NA
"GOBP_CYTIDINE_TO_URIDINE_EDITING",0,"Up",NA,NA
"GOBP_CYTOCHROME_COMPLEX_ASSEMBLY",0,"Up",NA,NA
"GOBP_CYTOLYSIS_BY_HOST_OF_SYMBIONT_CELLS",0,"Up",NA,NA
"GOBP_CYTOPLASMIC_TRANSLATIONAL_ELONGATION",0,"Up",NA,NA
"GOBP_D_AMINO_ACID_TRANSPORT",0,"Up",NA,NA
"GOBP_D_ASPARTATE_IMPORT_ACROSS_PLASMA_MEMBRANE",0,"Up",NA,NA
"GOBP_DAMP_METABOLIC_PROCESS",0,"Up",NA,NA
"GOBP_DCMP_CATABOLIC_PROCESS",0,"Up",NA,NA
"GOBP_DE_NOVO_CENTRIOLE_ASSEMBLY",0,"Up",NA,NA
"GOBP_DE_NOVO_NAD_BIOSYNTHETIC_PROCESS",0,"Up",NA,NA
"GOBP_DE_NOVO_PYRIMIDINE_NUCLEOBASE_BIOSYNTHETIC_PROCESS",0,"Up",NA,NA
"GOBP_DEADENYLATION_DEPENDENT_DECAPPING_OF_NUCLEAR_TRANSCRIBED_MRNA",0,"Up",NA,NA
"GOBP_DEDIFFERENTIATION",0,"Up",NA,NA
"GOBP_DEFENSE_RESPONSE_TO_GRAM_POSITIVE_BACTERIUM",0,"Up",NA,NA
"GOBP_DEFENSE_RESPONSE_TO_TUMOR_CELL",0,"Up",NA,NA
"GOBP_DEFINITIVE_ERYTHROCYTE_DIFFERENTIATION",0,"Up",NA,NA
"GOBP_DEFINITIVE_HEMOPOIESIS",0,"Up",NA,NA
"GOBP_DEHYDROASCORBIC_ACID_TRANSPORT",0,"Up",NA,NA
"GOBP_DELAMINATION",0,"Up",NA,NA
"GOBP_DENDRITE_ARBORIZATION",0,"Up",NA,NA
"GOBP_DENDRITIC_CELL_ANTIGEN_PROCESSING_AND_PRESENTATION",0,"Up",NA,NA
"GOBP_DENDRITIC_CELL_APOPTOTIC_PROCESS",0,"Up",NA,NA
"GOBP_DENDRITIC_CELL_CHEMOTAXIS",0,"Up",NA,NA
"GOBP_DENDRITIC_CELL_CYTOKINE_PRODUCTION",0,"Up",NA,NA
"GOBP_DENDRITIC_CELL_DIFFERENTIATION",0,"Up",NA,NA
"GOBP_DENDRITIC_CELL_MIGRATION",0,"Up",NA,NA
"GOBP_DENTATE_GYRUS_DEVELOPMENT",0,"Up",NA,NA
"GOBP_DENTINOGENESIS",0,"Up",NA,NA
"GOBP_DEOXYRIBONUCLEOSIDE_CATABOLIC_PROCESS",0,"Up",NA,NA
"GOBP_DEOXYRIBONUCLEOSIDE_DIPHOSPHATE_METABOLIC_PROCESS",0,"Up",NA,NA
"GOBP_DEOXYRIBONUCLEOSIDE_METABOLIC_PROCESS",0,"Up",NA,NA
"GOBP_DEOXYRIBONUCLEOSIDE_MONOPHOSPHATE_BIOSYNTHETIC_PROCESS",0,"Up",NA,NA
"GOBP_DEOXYRIBONUCLEOSIDE_MONOPHOSPHATE_CATABOLIC_PROCESS",0,"Up",NA,NA
"GOBP_DEOXYRIBONUCLEOSIDE_MONOPHOSPHATE_METABOLIC_PROCESS",0,"Up",NA,NA
"GOBP_DEOXYRIBONUCLEOSIDE_TRIPHOSPHATE_BIOSYNTHETIC_PROCESS",0,"Up",NA,NA
"GOBP_DEOXYRIBONUCLEOSIDE_TRIPHOSPHATE_CATABOLIC_PROCESS",0,"Up",NA,NA
"GOBP_DEOXYRIBONUCLEOSIDE_TRIPHOSPHATE_METABOLIC_PROCESS",0,"Up",NA,NA
"GOBP_DEOXYRIBONUCLEOTIDE_BIOSYNTHETIC_PROCESS",0,"Up",NA,NA
"GOBP_DEOXYRIBOSE_PHOSPHATE_CATABOLIC_PROCESS",0,"Up",NA,NA
"GOBP_DEOXYRIBOSE_PHOSPHATE_METABOLIC_PROCESS",0,"Up",NA,NA
"GOBP_DEPHOSPHORYLATION_OF_RNA_POLYMERASE_II_C_TERMINAL_DOMAIN",0,"Up",NA,NA
"GOBP_DEPYRIMIDINATION",0,"Up",NA,NA
"GOBP_DERMATAN_SULFATE_BIOSYNTHETIC_PROCESS",0,"Up",NA,NA
"GOBP_DERMATAN_SULFATE_METABOLIC_PROCESS",0,"Up",NA,NA
"GOBP_DERMATAN_SULFATE_PROTEOGLYCAN_METABOLIC_PROCESS",0,"Up",NA,NA
"GOBP_DESMOSOME_ORGANIZATION",0,"Up",NA,NA
"GOBP_DETECTION_OF_BACTERIAL_LIPOPROTEIN",0,"Up",NA,NA
"GOBP_DETECTION_OF_BIOTIC_STIMULUS",0,"Up",NA,NA
"GOBP_DETECTION_OF_CELL_DENSITY",0,"Up",NA,NA
"GOBP_DETECTION_OF_CHEMICAL_STIMULUS_INVOLVED_IN_SENSORY_PERCEPTION_OF_TASTE",0,"Up",NA,NA
"GOBP_DETECTION_OF_EXTERNAL_BIOTIC_STIMULUS",0,"Up",NA,NA
"GOBP_DETECTION_OF_LIGHT_STIMULUS_INVOLVED_IN_SENSORY_PERCEPTION",0,"Up",NA,NA
"GOBP_DETECTION_OF_MECHANICAL_STIMULUS_INVOLVED_IN_SENSORY_PERCEPTION_OF_SOUND",0,"Up",NA,NA
"GOBP_DETECTION_OF_MOLECULE_OF_BACTERIAL_ORIGIN",0,"Up",NA,NA
"GOBP_DETECTION_OF_MUSCLE_STRETCH",0,"Up",NA,NA
"GOBP_DETECTION_OF_OTHER_ORGANISM",0,"Up",NA,NA
"GOBP_DETECTION_OF_VIRUS",0,"Up",NA,NA
"GOBP_DETECTION_OF_VISIBLE_LIGHT",0,"Up",NA,NA
"GOBP_DETERMINATION_OF_ADULT_LIFESPAN",0,"Up",NA,NA
"GOBP_DETERMINATION_OF_DIGESTIVE_TRACT_LEFT_RIGHT_ASYMMETRY",0,"Up",NA,NA
"GOBP_DETERMINATION_OF_DORSAL_VENTRAL_ASYMMETRY",0,"Up",NA,NA
"GOBP_DETERMINATION_OF_LEFT_RIGHT_ASYMMETRY_IN_LATERAL_MESODERM",0,"Up",NA,NA
"GOBP_DETERMINATION_OF_LIVER_LEFT_RIGHT_ASYMMETRY",0,"Up",NA,NA
"GOBP_DETERMINATION_OF_PANCREATIC_LEFT_RIGHT_ASYMMETRY",0,"Up",NA,NA
"GOBP_DEVELOPMENTAL_INDUCTION",0,"Up",NA,NA
"GOBP_DIADENOSINE_POLYPHOSPHATE_CATABOLIC_PROCESS",0,"Up",NA,NA
"GOBP_DIADENOSINE_POLYPHOSPHATE_METABOLIC_PROCESS",0,"Up",NA,NA
"GOBP_DIAPEDESIS",0,"Up",NA,NA
"GOBP_DICHOTOMOUS_SUBDIVISION_OF_AN_EPITHELIAL_TERMINAL_UNIT",0,"Up",NA,NA
"GOBP_DICHOTOMOUS_SUBDIVISION_OF_TERMINAL_UNITS_INVOLVED_IN_SALIVARY_GLAND_BRANCHING",0,"Up",NA,NA
"GOBP_DIENCEPHALON_DEVELOPMENT",0,"Up",NA,NA
"GOBP_DIGESTIVE_TRACT_MORPHOGENESIS",0,"Up",NA,NA
"GOBP_DIOL_BIOSYNTHETIC_PROCESS",0,"Up",NA,NA
"GOBP_DIPEPTIDE_TRANSMEMBRANE_TRANSPORT",0,"Up",NA,NA
"GOBP_DIPHOSPHOINOSITOL_POLYPHOSPHATE_METABOLIC_PROCESS",0,"Up",NA,NA
"GOBP_DISACCHARIDE_METABOLIC_PROCESS",0,"Up",NA,NA
"GOBP_DISTAL_TUBULE_DEVELOPMENT",0,"Up",NA,NA
"GOBP_DITERPENOID_BIOSYNTHETIC_PROCESS",0,"Up",NA,NA
"GOBP_DNA_CATABOLIC_PROCESS",0,"Up",NA,NA
"GOBP_DNA_CATABOLIC_PROCESS_ENDONUCLEOLYTIC",0,"Up",NA,NA
"GOBP_DNA_CATABOLIC_PROCESS_EXONUCLEOLYTIC",0,"Up",NA,NA
"GOBP_DNA_CYTOSINE_DEAMINATION",0,"Up",NA,NA
"GOBP_DNA_DAMAGE_RESPONSE_SIGNAL_TRANSDUCTION_BY_P53_CLASS_MEDIATOR_RESULTING_IN_CELL_CYCLE_ARREST",0,"Up",NA,NA
"GOBP_DNA_DAMAGE_RESPONSE_SIGNAL_TRANSDUCTION_RESULTING_IN_TRANSCRIPTION",0,"Up",NA,NA
"GOBP_DNA_DEPENDENT_DNA_REPLICATION_MAINTENANCE_OF_FIDELITY",0,"Up",NA,NA
"GOBP_DNA_DOUBLE_STRAND_BREAK_PROCESSING",0,"Up",NA,NA
"GOBP_DNA_ENDOREDUPLICATION",0,"Up",NA,NA
"GOBP_DNA_INTEGRATION",0,"Up",NA,NA
"GOBP_DNA_LIGATION",0,"Up",NA,NA
"GOBP_DNA_LIGATION_INVOLVED_IN_DNA_REPAIR",0,"Up",NA,NA
"GOBP_DNA_METHYLATION",0,"Up",NA,NA
"GOBP_DNA_METHYLATION_DEPENDENT_HETEROCHROMATIN_ASSEMBLY",0,"Up",NA,NA
"GOBP_DNA_METHYLATION_INVOLVED_IN_GAMETE_GENERATION",0,"Up",NA,NA
"GOBP_DNA_METHYLATION_ON_CYTOSINE",0,"Up",NA,NA
"GOBP_DNA_PROTECTION",0,"Up",NA,NA
"GOBP_DNA_REPLICATION_CHECKPOINT_SIGNALING",0,"Up",NA,NA
"GOBP_DNA_REPLICATION_DEPENDENT_CHROMATIN_ORGANIZATION",0,"Up",NA,NA
"GOBP_DNA_REPLICATION_INDEPENDENT_CHROMATIN_ORGANIZATION",0,"Up",NA,NA
"GOBP_DNA_REPLICATION_SYNTHESIS_OF_RNA_PRIMER",0,"Up",NA,NA
"GOBP_DNA_STRAND_ELONGATION_INVOLVED_IN_DNA_REPLICATION",0,"Up",NA,NA
"GOBP_DNA_TEMPLATED_TRANSCRIPTION_INITIATION",0,"Up",NA,NA
"GOBP_DNA_TEMPLATED_TRANSCRIPTION_TERMINATION",0,"Up",NA,NA
"GOBP_DNA_TOPOLOGICAL_CHANGE",0,"Up",NA,NA
"GOBP_DOLICHOL_METABOLIC_PROCESS",0,"Up",NA,NA
"GOBP_DOLICHYL_DIPHOSPHATE_BIOSYNTHETIC_PROCESS",0,"Up",NA,NA
"GOBP_DORSAL_AORTA_DEVELOPMENT",0,"Up",NA,NA
"GOBP_DORSAL_AORTA_MORPHOGENESIS",0,"Up",NA,NA
"GOBP_DORSAL_SPINAL_CORD_DEVELOPMENT",0,"Up",NA,NA
"GOBP_DORSAL_VENTRAL_AXIS_SPECIFICATION",0,"Up",NA,NA
"GOBP_DOSAGE_COMPENSATION",0,"Up",NA,NA
"GOBP_DOUBLE_STRAND_BREAK_REPAIR_INVOLVED_IN_MEIOTIC_RECOMBINATION",0,"Up",NA,NA
"GOBP_DOUBLE_STRAND_BREAK_REPAIR_VIA_BREAK_INDUCED_REPLICATION",0,"Up",NA,NA
"GOBP_DOUBLE_STRAND_BREAK_REPAIR_VIA_CLASSICAL_NONHOMOLOGOUS_END_JOINING",0,"Up",NA,NA
"GOBP_DOUBLE_STRAND_BREAK_REPAIR_VIA_SINGLE_STRAND_ANNEALING",0,"Up",NA,NA
"GOBP_DOUBLE_STRAND_BREAK_REPAIR_VIA_SYNTHESIS_DEPENDENT_STRAND_ANNEALING",0,"Up",NA,NA
"GOBP_DRINKING_BEHAVIOR",0,"Up",NA,NA
"GOBP_DTMP_METABOLIC_PROCESS",0,"Up",NA,NA
"GOBP_DTTP_METABOLIC_PROCESS",0,"Up",NA,NA
"GOBP_DUCTUS_ARTERIOSUS_CLOSURE",0,"Up",NA,NA
"GOBP_DUMP_CATABOLIC_PROCESS",0,"Up",NA,NA
"GOBP_DUMP_METABOLIC_PROCESS",0,"Up",NA,NA
"GOBP_ECTODERMAL_CELL_DIFFERENTIATION",0,"Up",NA,NA
"GOBP_ECTODERMAL_PLACODE_DEVELOPMENT",0,"Up",NA,NA
"GOBP_ECTOPIC_GERM_CELL_PROGRAMMED_CELL_DEATH",0,"Up",NA,NA
"GOBP_ELASTIN_CATABOLIC_PROCESS",0,"Up",NA,NA
"GOBP_ELASTIN_METABOLIC_PROCESS",0,"Up",NA,NA
"GOBP_EMBRYONIC_CAMERA_TYPE_EYE_DEVELOPMENT",0,"Up",NA,NA
"GOBP_EMBRYONIC_CAMERA_TYPE_EYE_FORMATION",0,"Up",NA,NA
"GOBP_EMBRYONIC_CAMERA_TYPE_EYE_MORPHOGENESIS",0,"Up",NA,NA
"GOBP_EMBRYONIC_CLEAVAGE",0,"Up",NA,NA
"GOBP_EMBRYONIC_CRANIAL_SKELETON_MORPHOGENESIS",0,"Up",NA,NA
"GOBP_EMBRYONIC_DIGESTIVE_TRACT_DEVELOPMENT",0,"Up",NA,NA
"GOBP_EMBRYONIC_DIGESTIVE_TRACT_MORPHOGENESIS",0,"Up",NA,NA
"GOBP_EMBRYONIC_HEART_TUBE_DEVELOPMENT",0,"Up",NA,NA
"GOBP_EMBRYONIC_HEART_TUBE_LEFT_RIGHT_PATTERN_FORMATION",0,"Up",NA,NA
"GOBP_EMBRYONIC_HEART_TUBE_MORPHOGENESIS",0,"Up",NA,NA
"GOBP_EMBRYONIC_HEMOPOIESIS",0,"Up",NA,NA
"GOBP_EMBRYONIC_HINDLIMB_MORPHOGENESIS",0,"Up",NA,NA
"GOBP_EMBRYONIC_NEUROCRANIUM_MORPHOGENESIS",0,"Up",NA,NA
"GOBP_EMBRYONIC_PLACENTA_MORPHOGENESIS",0,"Up",NA,NA
"GOBP_EMBRYONIC_PROCESS_INVOLVED_IN_FEMALE_PREGNANCY",0,"Up",NA,NA
"GOBP_EMBRYONIC_RETINA_MORPHOGENESIS_IN_CAMERA_TYPE_EYE",0,"Up",NA,NA
"GOBP_EMBRYONIC_SKELETAL_JOINT_DEVELOPMENT",0,"Up",NA,NA
"GOBP_EMBRYONIC_SKELETAL_JOINT_MORPHOGENESIS",0,"Up",NA,NA
"GOBP_EMBRYONIC_SKELETAL_SYSTEM_MORPHOGENESIS",0,"Up",NA,NA
"GOBP_EMBRYONIC_VISCEROCRANIUM_MORPHOGENESIS",0,"Up",NA,NA
"GOBP_ENAMEL_MINERALIZATION",0,"Up",NA,NA
"GOBP_ENDOCANNABINOID_SIGNALING_PATHWAY",0,"Up",NA,NA
"GOBP_ENDOCARDIAL_CELL_DIFFERENTIATION",0,"Up",NA,NA
"GOBP_ENDOCARDIAL_CUSHION_DEVELOPMENT",0,"Up",NA,NA
"GOBP_ENDOCARDIAL_CUSHION_FORMATION",0,"Up",NA,NA
"GOBP_ENDOCARDIAL_CUSHION_MORPHOGENESIS",0,"Up",NA,NA
"GOBP_ENDOCARDIAL_CUSHION_TO_MESENCHYMAL_TRANSITION",0,"Up",NA,NA
"GOBP_ENDOCARDIUM_DEVELOPMENT",0,"Up",NA,NA
"GOBP_ENDOCARDIUM_MORPHOGENESIS",0,"Up",NA,NA
"GOBP_ENDODERMAL_CELL_FATE_COMMITMENT",0,"Up",NA,NA
"GOBP_ENDODERMAL_CELL_FATE_SPECIFICATION",0,"Up",NA,NA
"GOBP_ENDONUCLEOLYTIC_CLEAVAGE_IN_5_ETS_OF_TRICISTRONIC_RRNA_TRANSCRIPT_SSU_RRNA_5_8S_RRNA_LSU_RRNA",0,"Up",NA,NA
"GOBP_ENDONUCLEOLYTIC_CLEAVAGE_IN_ITS1_TO_SEPARATE_SSU_RRNA_FROM_5_8S_RRNA_AND_LSU_RRNA_FROM_TRICISTRONIC_RRNA_TRANSCRIPT_SSU_RRNA_5_8S_RRNA_LSU_RRNA",0,"Up",NA,NA
"GOBP_ENDONUCLEOLYTIC_CLEAVAGE_INVOLVED_IN_RRNA_PROCESSING",0,"Up",NA,NA
"GOBP_ENDOPLASMIC_RETICULUM_MANNOSE_TRIMMING",0,"Up",NA,NA
"GOBP_ENDOPLASMIC_RETICULUM_TO_CYTOSOL_TRANSPORT",0,"Up",NA,NA
"GOBP_ENDOSOMAL_LUMEN_ACIDIFICATION",0,"Up",NA,NA
"GOBP_ENDOTHELIAL_CELL_ACTIVATION",0,"Up",NA,NA
"GOBP_ENDOTHELIAL_CELL_FATE_COMMITMENT",0,"Up",NA,NA
"GOBP_ENDOTHELIAL_CELL_MATRIX_ADHESION",0,"Up",NA,NA
"GOBP_ENDOTHELIAL_CELL_MORPHOGENESIS",0,"Up",NA,NA
"GOBP_ENGULFMENT_OF_APOPTOTIC_CELL",0,"Up",NA,NA
"GOBP_ENTERIC_NERVOUS_SYSTEM_DEVELOPMENT",0,"Up",NA,NA
"GOBP_ENTRY_OF_BACTERIUM_INTO_HOST_CELL",0,"Up",NA,NA
"GOBP_ENUCLEATE_ERYTHROCYTE_DIFFERENTIATION",0,"Up",NA,NA
"GOBP_ENZYME_DIRECTED_RRNA_PSEUDOURIDINE_SYNTHESIS",0,"Up",NA,NA
"GOBP_EOSINOPHIL_ACTIVATION",0,"Up",NA,NA
"GOBP_EOSINOPHIL_CHEMOTAXIS",0,"Up",NA,NA
"GOBP_EOSINOPHIL_DIFFERENTIATION",0,"Up",NA,NA
"GOBP_EOSINOPHIL_MEDIATED_IMMUNITY",0,"Up",NA,NA
"GOBP_EOSINOPHIL_MIGRATION",0,"Up",NA,NA
"GOBP_EPITHELIAL_CELL_DIFFERENTIATION_INVOLVED_IN_PROSTATE_GLAND_DEVELOPMENT",0,"Up",NA,NA
"GOBP_EPITHELIAL_CELL_FATE_COMMITMENT",0,"Up",NA,NA
"GOBP_EPITHELIAL_CELL_PROLIFERATION_INVOLVED_IN_LUNG_MORPHOGENESIS",0,"Up",NA,NA
"GOBP_EPITHELIAL_CELL_PROLIFERATION_INVOLVED_IN_PROSTATE_GLAND_DEVELOPMENT",0,"Up",NA,NA
"GOBP_EPITHELIAL_CELL_PROLIFERATION_INVOLVED_IN_SALIVARY_GLAND_MORPHOGENESIS",0,"Up",NA,NA
"GOBP_EPITHELIAL_CILIUM_MOVEMENT_INVOLVED_IN_DETERMINATION_OF_LEFT_RIGHT_ASYMMETRY",0,"Up",NA,NA
"GOBP_EPITHELIAL_MESENCHYMAL_CELL_SIGNALING",0,"Up",NA,NA
"GOBP_EPITHELIAL_TO_MESENCHYMAL_TRANSITION_INVOLVED_IN_ENDOCARDIAL_CUSHION_FORMATION",0,"Up",NA,NA
"GOBP_EPITHELIAL_TUBE_BRANCHING_INVOLVED_IN_LUNG_MORPHOGENESIS",0,"Up",NA,NA
"GOBP_EPOXIDE_METABOLIC_PROCESS",0,"Up",NA,NA
"GOBP_EPOXYGENASE_P450_PATHWAY",0,"Up",NA,NA
"GOBP_EQUILIBRIOCEPTION",0,"Up",NA,NA
"GOBP_ER_ASSOCIATED_MISFOLDED_PROTEIN_CATABOLIC_PROCESS",0,"Up",NA,NA
"GOBP_ERROR_FREE_TRANSLESION_SYNTHESIS",0,"Up",NA,NA
"GOBP_ERROR_PRONE_TRANSLESION_SYNTHESIS",0,"Up",NA,NA
"GOBP_ERYTHROCYTE_MATURATION",0,"Up",NA,NA
"GOBP_ESTABLISHMENT_OF_LEFT_RIGHT_ASYMMETRY",0,"Up",NA,NA
"GOBP_ESTABLISHMENT_OF_PLANAR_POLARITY_INVOLVED_IN_NEURAL_TUBE_CLOSURE",0,"Up",NA,NA
"GOBP_ESTABLISHMENT_OF_PROTEIN_LOCALIZATION_TO_MITOCHONDRIAL_MEMBRANE",0,"Up",NA,NA
"GOBP_ESTABLISHMENT_OF_SISTER_CHROMATID_COHESION",0,"Up",NA,NA
"GOBP_ESTROGEN_BIOSYNTHETIC_PROCESS",0,"Up",NA,NA
"GOBP_ESTROGEN_METABOLIC_PROCESS",0,"Up",NA,NA
"GOBP_ETHANOL_CATABOLIC_PROCESS",0,"Up",NA,NA
"GOBP_ETHANOL_METABOLIC_PROCESS",0,"Up",NA,NA
"GOBP_ETHANOL_OXIDATION",0,"Up",NA,NA
"GOBP_ETHANOLAMINE_CONTAINING_COMPOUND_METABOLIC_PROCESS",0,"Up",NA,NA
"GOBP_ETHER_BIOSYNTHETIC_PROCESS",0,"Up",NA,NA
"GOBP_EXCITATORY_CHEMICAL_SYNAPTIC_TRANSMISSION",0,"Up",NA,NA
"GOBP_EXCITATORY_SYNAPSE_ASSEMBLY",0,"Up",NA,NA
"GOBP_EXOCRINE_PANCREAS_DEVELOPMENT",0,"Up",NA,NA
"GOBP_EXPLORATION_BEHAVIOR",0,"Up",NA,NA
"GOBP_EXTRACELLULAR_MATRIX_CELL_SIGNALING",0,"Up",NA,NA
"GOBP_EXTRACELLULAR_MATRIX_CONSTITUENT_SECRETION",0,"Up",NA,NA
"GOBP_EXTRACELLULAR_TRANSPORT",0,"Up",NA,NA
"GOBP_EXTRAEMBRYONIC_MEMBRANE_DEVELOPMENT",0,"Up",NA,NA
"GOBP_EYE_PHOTORECEPTOR_CELL_DEVELOPMENT",0,"Up",NA,NA
"GOBP_EYE_PIGMENTATION",0,"Up",NA,NA
"GOBP_EYELID_DEVELOPMENT_IN_CAMERA_TYPE_EYE",0,"Up",NA,NA
"GOBP_FACIAL_NERVE_MORPHOGENESIS",0,"Up",NA,NA
"GOBP_FACIAL_NERVE_STRUCTURAL_ORGANIZATION",0,"Up",NA,NA
"GOBP_FACULTATIVE_HETEROCHROMATIN_ASSEMBLY",0,"Up",NA,NA
"GOBP_FARNESYL_DIPHOSPHATE_METABOLIC_PROCESS",0,"Up",NA,NA
"GOBP_FAS_SIGNALING_PATHWAY",0,"Up",NA,NA
"GOBP_FAT_CELL_PROLIFERATION",0,"Up",NA,NA
"GOBP_FAT_PAD_DEVELOPMENT",0,"Up",NA,NA
"GOBP_FAT_SOLUBLE_VITAMIN_BIOSYNTHETIC_PROCESS",0,"Up",NA,NA
"GOBP_FAT_SOLUBLE_VITAMIN_CATABOLIC_PROCESS",0,"Up",NA,NA
"GOBP_FAT_SOLUBLE_VITAMIN_METABOLIC_PROCESS",0,"Up",NA,NA
"GOBP_FATTY_ACID_ALPHA_OXIDATION",0,"Up",NA,NA
"GOBP_FATTY_ACID_BETA_OXIDATION_USING_ACYL_COA_OXIDASE",0,"Up",NA,NA
"GOBP_FATTY_ACID_DERIVATIVE_BIOSYNTHETIC_PROCESS",0,"Up",NA,NA
"GOBP_FATTY_ACID_ELONGATION",0,"Up",NA,NA
"GOBP_FATTY_ACID_ELONGATION_SATURATED_FATTY_ACID",0,"Up",NA,NA
"GOBP_FATTY_ACID_HOMEOSTASIS",0,"Up",NA,NA
"GOBP_FATTY_ACID_OMEGA_OXIDATION",0,"Up",NA,NA
"GOBP_FATTY_ACYL_COA_BIOSYNTHETIC_PROCESS",0,"Up",NA,NA
"GOBP_FATTY_ACYL_COA_CATABOLIC_PROCESS",0,"Up",NA,NA
"GOBP_FATTY_ACYL_COA_METABOLIC_PROCESS",0,"Up",NA,NA
"GOBP_FC_RECEPTOR_MEDIATED_INHIBITORY_SIGNALING_PATHWAY",0,"Up",NA,NA
"GOBP_FEAR_RESPONSE",0,"Up",NA,NA
"GOBP_FEMALE_GENITALIA_DEVELOPMENT",0,"Up",NA,NA
"GOBP_FEMALE_MEIOSIS_CHROMOSOME_SEGREGATION",0,"Up",NA,NA
"GOBP_FEMALE_MEIOSIS_I",0,"Up",NA,NA
"GOBP_FIBROBLAST_APOPTOTIC_PROCESS",0,"Up",NA,NA
"GOBP_FIBROBLAST_GROWTH_FACTOR_PRODUCTION",0,"Up",NA,NA
"GOBP_FIBROBLAST_GROWTH_FACTOR_RECEPTOR_SIGNALING_PATHWAY",0,"Up",NA,NA
"GOBP_FLAVIN_CONTAINING_COMPOUND_METABOLIC_PROCESS",0,"Up",NA,NA
"GOBP_FLAVONE_METABOLIC_PROCESS",0,"Up",NA,NA
"GOBP_FLAVONOID_GLUCURONIDATION",0,"Up",NA,NA
"GOBP_FLAVONOID_METABOLIC_PROCESS",0,"Up",NA,NA
"GOBP_FLOOR_PLATE_DEVELOPMENT",0,"Up",NA,NA
"GOBP_FOAM_CELL_DIFFERENTIATION",0,"Up",NA,NA
"GOBP_FOLATE_IMPORT_ACROSS_PLASMA_MEMBRANE",0,"Up",NA,NA
"GOBP_FOLATE_TRANSMEMBRANE_TRANSPORT",0,"Up",NA,NA
"GOBP_FOLIC_ACID_CONTAINING_COMPOUND_BIOSYNTHETIC_PROCESS",0,"Up",NA,NA
"GOBP_FOLIC_ACID_CONTAINING_COMPOUND_CATABOLIC_PROCESS",0,"Up",NA,NA
"GOBP_FOLIC_ACID_CONTAINING_COMPOUND_METABOLIC_PROCESS",0,"Up",NA,NA
"GOBP_FOLIC_ACID_METABOLIC_PROCESS",0,"Up",NA,NA
"GOBP_FOLIC_ACID_TRANSPORT",0,"Up",NA,NA
"GOBP_FOLLICLE_STIMULATING_HORMONE_SECRETION",0,"Up",NA,NA
"GOBP_FOREBRAIN_DORSAL_VENTRAL_PATTERN_FORMATION",0,"Up",NA,NA
"GOBP_FOREBRAIN_MORPHOGENESIS",0,"Up",NA,NA
"GOBP_FOREBRAIN_NEUROBLAST_DIVISION",0,"Up",NA,NA
"GOBP_FOREBRAIN_NEURON_FATE_COMMITMENT",0,"Up",NA,NA
"GOBP_FOREBRAIN_RADIAL_GLIAL_CELL_DIFFERENTIATION",0,"Up",NA,NA
"GOBP_FOREBRAIN_REGIONALIZATION",0,"Up",NA,NA
"GOBP_FOREBRAIN_VENTRICULAR_ZONE_PROGENITOR_CELL_DIVISION",0,"Up",NA,NA
"GOBP_FOREGUT_MORPHOGENESIS",0,"Up",NA,NA
"GOBP_FORMATE_METABOLIC_PROCESS",0,"Up",NA,NA
"GOBP_FORMATION_OF_ANATOMICAL_BOUNDARY",0,"Up",NA,NA
"GOBP_FORMATION_OF_EXTRACHROMOSOMAL_CIRCULAR_DNA",0,"Up",NA,NA
"GOBP_FREE_UBIQUITIN_CHAIN_POLYMERIZATION",0,"Up",NA,NA
"GOBP_FRUCTOSE_METABOLIC_PROCESS",0,"Up",NA,NA
"GOBP_FRUCTOSE_TRANSMEMBRANE_TRANSPORT",0,"Up",NA,NA
"GOBP_FUCOSE_CATABOLIC_PROCESS",0,"Up",NA,NA
"GOBP_FUCOSE_METABOLIC_PROCESS",0,"Up",NA,NA
"GOBP_FUCOSYLATION",0,"Up",NA,NA
"GOBP_FUNGIFORM_PAPILLA_DEVELOPMENT",0,"Up",NA,NA
"GOBP_FUNGIFORM_PAPILLA_MORPHOGENESIS",0,"Up",NA,NA
"GOBP_FUSION_OF_SPERM_TO_EGG_PLASMA_MEMBRANE_INVOLVED_IN_SINGLE_FERTILIZATION",0,"Up",NA,NA
"GOBP_G_PROTEIN_COUPLED_GLUTAMATE_RECEPTOR_SIGNALING_PATHWAY",0,"Up",NA,NA
"GOBP_G_PROTEIN_COUPLED_PURINERGIC_NUCLEOTIDE_RECEPTOR_SIGNALING_PATHWAY",0,"Up",NA,NA
"GOBP_G_PROTEIN_COUPLED_RECEPTOR_INTERNALIZATION",0,"Up",NA,NA
"GOBP_G_PROTEIN_COUPLED_RECEPTOR_SIGNALING_PATHWAY_COUPLED_TO_CYCLIC_NUCLEOTIDE_SECOND_MESSENGER",0,"Up",NA,NA
"GOBP_G_QUADRUPLEX_DNA_UNWINDING",0,"Up",NA,NA
"GOBP_G0_TO_G1_TRANSITION",0,"Up",NA,NA
"GOBP_G1_TO_G0_TRANSITION_INVOLVED_IN_CELL_DIFFERENTIATION",0,"Up",NA,NA
"GOBP_G2_MI_TRANSITION_OF_MEIOTIC_CELL_CYCLE",0,"Up",NA,NA
"GOBP_GABAERGIC_NEURON_DIFFERENTIATION",0,"Up",NA,NA
"GOBP_GALACTOLIPID_BIOSYNTHETIC_PROCESS",0,"Up",NA,NA
"GOBP_GALACTOLIPID_METABOLIC_PROCESS",0,"Up",NA,NA
"GOBP_GALACTOSE_CATABOLIC_PROCESS",0,"Up",NA,NA
"GOBP_GALACTOSE_METABOLIC_PROCESS",0,"Up",NA,NA
"GOBP_GAMMA_AMINOBUTYRIC_ACID_METABOLIC_PROCESS",0,"Up",NA,NA
"GOBP_GAMMA_DELTA_T_CELL_ACTIVATION",0,"Up",NA,NA
"GOBP_GAMMA_DELTA_T_CELL_DIFFERENTIATION",0,"Up",NA,NA
"GOBP_GANGLIOSIDE_BIOSYNTHETIC_PROCESS",0,"Up",NA,NA
"GOBP_GANGLIOSIDE_BIOSYNTHETIC_PROCESS_VIA_LACTOSYLCERAMIDE",0,"Up",NA,NA
"GOBP_GANGLIOSIDE_CATABOLIC_PROCESS",0,"Up",NA,NA
"GOBP_GANGLIOSIDE_METABOLIC_PROCESS",0,"Up",NA,NA
"GOBP_GAP_JUNCTION_ASSEMBLY",0,"Up",NA,NA
"GOBP_GAP_JUNCTION_MEDIATED_INTERCELLULAR_TRANSPORT",0,"Up",NA,NA
"GOBP_GAS_HOMEOSTASIS",0,"Up",NA,NA
"GOBP_GASTRIC_MOTILITY",0,"Up",NA,NA
"GOBP_GASTRO_INTESTINAL_SYSTEM_SMOOTH_MUSCLE_CONTRACTION",0,"Up",NA,NA
"GOBP_GASTRULATION_WITH_MOUTH_FORMING_SECOND",0,"Up",NA,NA
"GOBP_GENITALIA_DEVELOPMENT",0,"Up",NA,NA
"GOBP_GENITALIA_MORPHOGENESIS",0,"Up",NA,NA
"GOBP_GENOMIC_IMPRINTING",0,"Up",NA,NA
"GOBP_GEPHYRIN_CLUSTERING_INVOLVED_IN_POSTSYNAPTIC_DENSITY_ASSEMBLY",0,"Up",NA,NA
"GOBP_GERM_CELL_PROLIFERATION",0,"Up",NA,NA
"GOBP_GERMINAL_CENTER_B_CELL_DIFFERENTIATION",0,"Up",NA,NA
"GOBP_GERMINAL_CENTER_FORMATION",0,"Up",NA,NA
"GOBP_GLIAL_CELL_DERIVED_NEUROTROPHIC_FACTOR_RECEPTOR_SIGNALING_PATHWAY",0,"Up",NA,NA
"GOBP_GLIAL_CELL_FATE_COMMITMENT",0,"Up",NA,NA
"GOBP_GLOMERULAR_MESANGIAL_CELL_DEVELOPMENT",0,"Up",NA,NA
"GOBP_GLOMERULAR_MESANGIAL_CELL_PROLIFERATION",0,"Up",NA,NA
"GOBP_GLOMERULAR_MESANGIUM_DEVELOPMENT",0,"Up",NA,NA
"GOBP_GLOMERULAR_VISCERAL_EPITHELIAL_CELL_MIGRATION",0,"Up",NA,NA
"GOBP_GLOMERULUS_VASCULATURE_MORPHOGENESIS",0,"Up",NA,NA
"GOBP_GLUCOCORTICOID_SECRETION",0,"Up",NA,NA
"GOBP_GLUCOSAMINE_CONTAINING_COMPOUND_CATABOLIC_PROCESS",0,"Up",NA,NA
"GOBP_GLUCOSAMINE_CONTAINING_COMPOUND_METABOLIC_PROCESS",0,"Up",NA,NA
"GOBP_GLUCOSE_IMPORT_ACROSS_PLASMA_MEMBRANE",0,"Up",NA,NA
"GOBP_GLUTAMATE_RECEPTOR_SIGNALING_PATHWAY",0,"Up",NA,NA
"GOBP_GLUTAMINE_TRANSPORT",0,"Up",NA,NA
"GOBP_GLUTATHIONE_CATABOLIC_PROCESS",0,"Up",NA,NA
"GOBP_GLYCEROL_3_PHOSPHATE_METABOLIC_PROCESS",0,"Up",NA,NA
"GOBP_GLYCINE_BIOSYNTHETIC_PROCESS",0,"Up",NA,NA
"GOBP_GLYCINE_METABOLIC_PROCESS",0,"Up",NA,NA
"GOBP_GLYCINE_TRANSPORT",0,"Up",NA,NA
"GOBP_GLYCOLIPID_BIOSYNTHETIC_PROCESS",0,"Up",NA,NA
"GOBP_GLYCOLIPID_TRANSPORT",0,"Up",NA,NA
"GOBP_GLYCOPROTEIN_CATABOLIC_PROCESS",0,"Up",NA,NA
"GOBP_GLYCOSIDE_TRANSPORT",0,"Up",NA,NA
"GOBP_GLYCOSPHINGOLIPID_BIOSYNTHETIC_PROCESS",0,"Up",NA,NA
"GOBP_GLYCOSYL_COMPOUND_BIOSYNTHETIC_PROCESS",0,"Up",NA,NA
"GOBP_GLYCOSYLCERAMIDE_BIOSYNTHETIC_PROCESS",0,"Up",NA,NA
"GOBP_GMP_SALVAGE",0,"Up",NA,NA
"GOBP_GOLGI_DISASSEMBLY",0,"Up",NA,NA
"GOBP_GONADAL_MESODERM_DEVELOPMENT",0,"Up",NA,NA
"GOBP_GONADOTROPIN_SECRETION",0,"Up",NA,NA
"GOBP_GPI_ANCHOR_METABOLIC_PROCESS",0,"Up",NA,NA
"GOBP_GRANULOCYTE_COLONY_STIMULATING_FACTOR_PRODUCTION",0,"Up",NA,NA
"GOBP_GRANULOCYTE_DIFFERENTIATION",0,"Up",NA,NA
"GOBP_GRANULOCYTE_MACROPHAGE_COLONY_STIMULATING_FACTOR_PRODUCTION",0,"Up",NA,NA
"GOBP_GRANZYME_MEDIATED_PROGRAMMED_CELL_DEATH_SIGNALING_PATHWAY",0,"Up",NA,NA
"GOBP_GROOMING_BEHAVIOR",0,"Up",NA,NA
"GOBP_GROWTH_INVOLVED_IN_HEART_MORPHOGENESIS",0,"Up",NA,NA
"GOBP_GROWTH_PLATE_CARTILAGE_CHONDROCYTE_DEVELOPMENT",0,"Up",NA,NA
"GOBP_GTP_BIOSYNTHETIC_PROCESS",0,"Up",NA,NA
"GOBP_GUANINE_METABOLIC_PROCESS",0,"Up",NA,NA
"GOBP_GUANINE_NUCLEOTIDE_TRANSMEMBRANE_TRANSPORT",0,"Up",NA,NA
"GOBP_GUANINE_NUCLEOTIDE_TRANSPORT",0,"Up",NA,NA
"GOBP_HAIR_CYCLE_PHASE",0,"Up",NA,NA
"GOBP_HAIR_FOLLICLE_MATURATION",0,"Up",NA,NA
"GOBP_HAIR_FOLLICLE_PLACODE_FORMATION",0,"Up",NA,NA
"GOBP_HARD_PALATE_DEVELOPMENT",0,"Up",NA,NA
"GOBP_HEAD_MORPHOGENESIS",0,"Up",NA,NA
"GOBP_HEART_FIELD_SPECIFICATION",0,"Up",NA,NA
"GOBP_HEART_TRABECULA_FORMATION",0,"Up",NA,NA
"GOBP_HEART_TRABECULA_MORPHOGENESIS",0,"Up",NA,NA
"GOBP_HEART_VALVE_FORMATION",0,"Up",NA,NA
"GOBP_HEAT_ACCLIMATION",0,"Up",NA,NA
"GOBP_HEMATOPOIETIC_STEM_CELL_DIFFERENTIATION",0,"Up",NA,NA
"GOBP_HEMATOPOIETIC_STEM_CELL_MIGRATION",0,"Up",NA,NA
"GOBP_HEMATOPOIETIC_STEM_CELL_MIGRATION_TO_BONE_MARROW",0,"Up",NA,NA
"GOBP_HEMATOPOIETIC_STEM_CELL_PROLIFERATION",0,"Up",NA,NA
"GOBP_HEMOGLOBIN_BIOSYNTHETIC_PROCESS",0,"Up",NA,NA
"GOBP_HEMOGLOBIN_METABOLIC_PROCESS",0,"Up",NA,NA
"GOBP_HEPARAN_SULFATE_PROTEOGLYCAN_BIOSYNTHETIC_PROCESS",0,"Up",NA,NA
"GOBP_HEPARAN_SULFATE_PROTEOGLYCAN_BIOSYNTHETIC_PROCESS_ENZYMATIC_MODIFICATION",0,"Up",NA,NA
"GOBP_HEPARAN_SULFATE_PROTEOGLYCAN_BIOSYNTHETIC_PROCESS_POLYSACCHARIDE_CHAIN_BIOSYNTHETIC_PROCESS",0,"Up",NA,NA
"GOBP_HEPARAN_SULFATE_PROTEOGLYCAN_METABOLIC_PROCESS",0,"Up",NA,NA
"GOBP_HEPARIN_BIOSYNTHETIC_PROCESS",0,"Up",NA,NA
"GOBP_HEPARIN_METABOLIC_PROCESS",0,"Up",NA,NA
"GOBP_HEPATOCYTE_APOPTOTIC_PROCESS",0,"Up",NA,NA
"GOBP_HEPATOCYTE_DIFFERENTIATION",0,"Up",NA,NA
"GOBP_HEPOXILIN_METABOLIC_PROCESS",0,"Up",NA,NA
"GOBP_HEXOSE_PHOSPHATE_TRANSPORT",0,"Up",NA,NA
"GOBP_HIGH_DENSITY_LIPOPROTEIN_PARTICLE_CLEARANCE",0,"Up",NA,NA
"GOBP_HINDBRAIN_TANGENTIAL_CELL_MIGRATION",0,"Up",NA,NA
"GOBP_HINDGUT_DEVELOPMENT",0,"Up",NA,NA
"GOBP_HINDLIMB_MORPHOGENESIS",0,"Up",NA,NA
"GOBP_HIPPOCAMPAL_NEURON_APOPTOTIC_PROCESS",0,"Up",NA,NA
"GOBP_HIS_PURKINJE_SYSTEM_DEVELOPMENT",0,"Up",NA,NA
"GOBP_HISTAMINE_METABOLIC_PROCESS",0,"Up",NA,NA
"GOBP_HISTAMINE_PRODUCTION_INVOLVED_IN_INFLAMMATORY_RESPONSE",0,"Up",NA,NA
"GOBP_HISTAMINE_SECRETION",0,"Up",NA,NA
"GOBP_HISTAMINE_TRANSPORT",0,"Up",NA,NA
"GOBP_HISTIDINE_CATABOLIC_PROCESS",0,"Up",NA,NA
"GOBP_HISTIDINE_METABOLIC_PROCESS",0,"Up",NA,NA
"GOBP_HISTONE_CITRULLINATION",0,"Up",NA,NA
"GOBP_HISTONE_DEPHOSPHORYLATION",0,"Up",NA,NA
"GOBP_HISTONE_EXCHANGE",0,"Up",NA,NA
"GOBP_HISTONE_H2A_K119_MONOUBIQUITINATION",0,"Up",NA,NA
"GOBP_HISTONE_H2A_K63_LINKED_UBIQUITINATION",0,"Up",NA,NA
"GOBP_HISTONE_H2A_PHOSPHORYLATION",0,"Up",NA,NA
"GOBP_HISTONE_H2B_UBIQUITINATION",0,"Up",NA,NA
"GOBP_HISTONE_H3_DEACETYLATION",0,"Up",NA,NA
"GOBP_HISTONE_H3_K27_DEMETHYLATION",0,"Up",NA,NA
"GOBP_HISTONE_H3_K27_METHYLATION",0,"Up",NA,NA
"GOBP_HISTONE_H3_K27_TRIMETHYLATION",0,"Up",NA,NA
"GOBP_HISTONE_H3_K36_DEMETHYLATION",0,"Up",NA,NA
"GOBP_HISTONE_H3_K4_DEMETHYLATION",0,"Up",NA,NA
"GOBP_HISTONE_H3_K4_DEMETHYLATION_TRIMETHYL_H3_K4_SPECIFIC",0,"Up",NA,NA
"GOBP_HISTONE_H3_K4_DIMETHYLATION",0,"Up",NA,NA
"GOBP_HISTONE_H3_K4_METHYLATION",0,"Up",NA,NA
"GOBP_HISTONE_H3_K4_MONOMETHYLATION",0,"Up",NA,NA
"GOBP_HISTONE_H3_K4_TRIMETHYLATION",0,"Up",NA,NA
"GOBP_HISTONE_H3_K9_ACETYLATION",0,"Up",NA,NA
"GOBP_HISTONE_H3_K9_DEMETHYLATION",0,"Up",NA,NA
"GOBP_HISTONE_H3_K9_DIMETHYLATION",0,"Up",NA,NA
"GOBP_HISTONE_H3_K9_METHYLATION",0,"Up",NA,NA
"GOBP_HISTONE_H3_K9_MODIFICATION",0,"Up",NA,NA
"GOBP_HISTONE_H3_K9_TRIMETHYLATION",0,"Up",NA,NA
"GOBP_HISTONE_H4_DEACETYLATION",0,"Up",NA,NA
"GOBP_HISTONE_H4_K12_ACETYLATION",0,"Up",NA,NA
"GOBP_HISTONE_H4_K16_ACETYLATION",0,"Up",NA,NA
"GOBP_HISTONE_H4_K20_METHYLATION",0,"Up",NA,NA
"GOBP_HISTONE_H4_K20_TRIMETHYLATION",0,"Up",NA,NA
"GOBP_HISTONE_H4_K5_ACETYLATION",0,"Up",NA,NA
"GOBP_HISTONE_H4_R3_METHYLATION",0,"Up",NA,NA
"GOBP_HISTONE_LYSINE_DEMETHYLATION",0,"Up",NA,NA
"GOBP_HISTONE_MRNA_CATABOLIC_PROCESS",0,"Up",NA,NA
"GOBP_HISTONE_MRNA_METABOLIC_PROCESS",0,"Up",NA,NA
"GOBP_HISTONE_SERINE_PHOSPHORYLATION",0,"Up",NA,NA
"GOBP_HISTONE_THREONINE_PHOSPHORYLATION",0,"Up",NA,NA
"GOBP_HOMOLOGOUS_CHROMOSOME_PAIRING_AT_MEIOSIS",0,"Up",NA,NA
"GOBP_HORMONE_CATABOLIC_PROCESS",0,"Up",NA,NA
"GOBP_HYALOID_VASCULAR_PLEXUS_REGRESSION",0,"Up",NA,NA
"GOBP_HYDROCARBON_METABOLIC_PROCESS",0,"Up",NA,NA
"GOBP_HYDROGEN_PEROXIDE_BIOSYNTHETIC_PROCESS",0,"Up",NA,NA
"GOBP_HYDROGEN_SULFIDE_BIOSYNTHETIC_PROCESS",0,"Up",NA,NA
"GOBP_HYDROGEN_SULFIDE_METABOLIC_PROCESS",0,"Up",NA,NA
"GOBP_HYPOTHALAMUS_CELL_DIFFERENTIATION",0,"Up",NA,NA
"GOBP_HYPOTHALAMUS_CELL_MIGRATION",0,"Up",NA,NA
"GOBP_HYPOTHALAMUS_DEVELOPMENT",0,"Up",NA,NA
"GOBP_HYPOTHALAMUS_GONADOTROPHIN_RELEASING_HORMONE_NEURON_DIFFERENTIATION",0,"Up",NA,NA
"GOBP_HYPOXIA_INDUCIBLE_FACTOR_1ALPHA_SIGNALING_PATHWAY",0,"Up",NA,NA
"GOBP_I_KAPPAB_PHOSPHORYLATION",0,"Up",NA,NA
"GOBP_ICOSANOID_TRANSPORT",0,"Up",NA,NA
"GOBP_IMMATURE_B_CELL_DIFFERENTIATION",0,"Up",NA,NA
"GOBP_IMMATURE_T_CELL_PROLIFERATION",0,"Up",NA,NA
"GOBP_IMMUNE_RESPONSE_INHIBITING_CELL_SURFACE_RECEPTOR_SIGNALING_PATHWAY",0,"Up",NA,NA
"GOBP_IMMUNE_RESPONSE_INHIBITING_SIGNAL_TRANSDUCTION",0,"Up",NA,NA
"GOBP_IMMUNE_RESPONSE_TO_TUMOR_CELL",0,"Up",NA,NA
"GOBP_IMMUNOGLOBULIN_V_D_J_RECOMBINATION",0,"Up",NA,NA
"GOBP_IMMUNOLOGICAL_MEMORY_FORMATION_PROCESS",0,"Up",NA,NA
"GOBP_IMMUNOLOGICAL_MEMORY_PROCESS",0,"Up",NA,NA
"GOBP_IMP_CATABOLIC_PROCESS",0,"Up",NA,NA
"GOBP_INDOLALKYLAMINE_METABOLIC_PROCESS",0,"Up",NA,NA
"GOBP_INDOLE_CONTAINING_COMPOUND_BIOSYNTHETIC_PROCESS",0,"Up",NA,NA
"GOBP_INDOLE_CONTAINING_COMPOUND_METABOLIC_PROCESS",0,"Up",NA,NA
"GOBP_INDUCTION_OF_POSITIVE_CHEMOTAXIS",0,"Up",NA,NA
"GOBP_INHIBITORY_POSTSYNAPTIC_POTENTIAL",0,"Up",NA,NA
"GOBP_INHIBITORY_SYNAPSE_ASSEMBLY",0,"Up",NA,NA
"GOBP_INNATE_IMMUNE_RESPONSE_ACTIVATING_SIGNAL_TRANSDUCTION",0,"Up",NA,NA
"GOBP_INNER_CELL_MASS_CELL_DIFFERENTIATION",0,"Up",NA,NA
"GOBP_INNER_CELL_MASS_CELL_PROLIFERATION",0,"Up",NA,NA
"GOBP_INNER_DYNEIN_ARM_ASSEMBLY",0,"Up",NA,NA
"GOBP_INNER_EAR_MORPHOGENESIS",0,"Up",NA,NA
"GOBP_INNER_EAR_RECEPTOR_CELL_FATE_COMMITMENT",0,"Up",NA,NA
"GOBP_INNERVATION",0,"Up",NA,NA
"GOBP_INOSINE_METABOLIC_PROCESS",0,"Up",NA,NA
"GOBP_INOSITOL_TRISPHOSPHATE_BIOSYNTHETIC_PROCESS",0,"Up",NA,NA
"GOBP_INOSITOL_TRISPHOSPHATE_METABOLIC_PROCESS",0,"Up",NA,NA
"GOBP_INSEMINATION",0,"Up",NA,NA
"GOBP_INSULIN_LIKE_GROWTH_FACTOR_RECEPTOR_SIGNALING_PATHWAY",0,"Up",NA,NA
"GOBP_INSULIN_METABOLIC_PROCESS",0,"Up",NA,NA
"GOBP_INSULIN_PROCESSING",0,"Up",NA,NA
"GOBP_INTEGRIN_BIOSYNTHETIC_PROCESS",0,"Up",NA,NA
"GOBP_INTERCELLULAR_TRANSPORT",0,"Up",NA,NA
"GOBP_INTERFERON_ALPHA_PRODUCTION",0,"Up",NA,NA
"GOBP_INTERLEUKIN_1_ALPHA_PRODUCTION",0,"Up",NA,NA
"GOBP_INTERLEUKIN_12_PRODUCTION",0,"Up",NA,NA
"GOBP_INTERLEUKIN_13_PRODUCTION",0,"Up",NA,NA
"GOBP_INTERLEUKIN_15_MEDIATED_SIGNALING_PATHWAY",0,"Up",NA,NA
"GOBP_INTERLEUKIN_18_MEDIATED_SIGNALING_PATHWAY",0,"Up",NA,NA
"GOBP_INTERLEUKIN_18_PRODUCTION",0,"Up",NA,NA
"GOBP_INTERLEUKIN_2_MEDIATED_SIGNALING_PATHWAY",0,"Up",NA,NA
"GOBP_INTERLEUKIN_21_PRODUCTION",0,"Up",NA,NA
"GOBP_INTERLEUKIN_23_PRODUCTION",0,"Up",NA,NA
"GOBP_INTERLEUKIN_27_MEDIATED_SIGNALING_PATHWAY",0,"Up",NA,NA
"GOBP_INTERLEUKIN_5_PRODUCTION",0,"Up",NA,NA
"GOBP_INTERNEURON_MIGRATION",0,"Up",NA,NA
"GOBP_INTERNEURON_MIGRATION_FROM_THE_SUBPALLIUM_TO_THE_CORTEX",0,"Up",NA,NA
"GOBP_INTERSTRAND_CROSS_LINK_REPAIR",0,"Up",NA,NA
"GOBP_INTESTINAL_EPITHELIAL_STRUCTURE_MAINTENANCE",0,"Up",NA,NA
"GOBP_INTESTINAL_HEXOSE_ABSORPTION",0,"Up",NA,NA
"GOBP_INTESTINE_SMOOTH_MUSCLE_CONTRACTION",0,"Up",NA,NA
"GOBP_INTRACELLULAR_MRNA_LOCALIZATION",0,"Up",NA,NA
"GOBP_INTRACILIARY_RETROGRADE_TRANSPORT",0,"Up",NA,NA
"GOBP_INTRACILIARY_TRANSPORT",0,"Up",NA,NA
"GOBP_INTRACILIARY_TRANSPORT_INVOLVED_IN_CILIUM_ASSEMBLY",0,"Up",NA,NA
"GOBP_INTRINSIC_APOPTOTIC_SIGNALING_PATHWAY_IN_RESPONSE_TO_HYPOXIA",0,"Up",NA,NA
"GOBP_INTRINSIC_APOPTOTIC_SIGNALING_PATHWAY_IN_RESPONSE_TO_OSMOTIC_STRESS",0,"Up",NA,NA
"GOBP_IODIDE_TRANSPORT",0,"Up",NA,NA
"GOBP_IRIS_MORPHOGENESIS",0,"Up",NA,NA
"GOBP_IRON_IMPORT_INTO_CELL",0,"Up",NA,NA
"GOBP_IRON_ION_IMPORT_ACROSS_PLASMA_MEMBRANE",0,"Up",NA,NA
"GOBP_IRON_ION_TRANSMEMBRANE_TRANSPORT",0,"Up",NA,NA
"GOBP_ISG15_PROTEIN_CONJUGATION",0,"Up",NA,NA
"GOBP_ISOLEUCINE_METABOLIC_PROCESS",0,"Up",NA,NA
"GOBP_ISOPENTENYL_DIPHOSPHATE_BIOSYNTHETIC_PROCESS",0,"Up",NA,NA
"GOBP_ISOPRENOID_BIOSYNTHETIC_PROCESS",0,"Up",NA,NA
"GOBP_ISOPRENOID_CATABOLIC_PROCESS",0,"Up",NA,NA
"GOBP_ISOPRENOID_METABOLIC_PROCESS",0,"Up",NA,NA
"GOBP_ISOTYPE_SWITCHING_TO_IGA_ISOTYPES",0,"Up",NA,NA
"GOBP_ISOTYPE_SWITCHING_TO_IGG_ISOTYPES",0,"Up",NA,NA
"GOBP_KERATAN_SULFATE_METABOLIC_PROCESS",0,"Up",NA,NA
"GOBP_KERATINOCYTE_APOPTOTIC_PROCESS",0,"Up",NA,NA
"GOBP_KERATINOCYTE_MIGRATION",0,"Up",NA,NA
"GOBP_KERATINOCYTE_PROLIFERATION",0,"Up",NA,NA
"GOBP_KETONE_BIOSYNTHETIC_PROCESS",0,"Up",NA,NA
"GOBP_KETONE_BODY_BIOSYNTHETIC_PROCESS",0,"Up",NA,NA
"GOBP_KETONE_BODY_METABOLIC_PROCESS",0,"Up",NA,NA
"GOBP_KILLING_BY_HOST_OF_SYMBIONT_CELLS",0,"Up",NA,NA
"GOBP_KILLING_OF_CELLS_OF_ANOTHER_ORGANISM",0,"Up",NA,NA
"GOBP_KYNURENINE_METABOLIC_PROCESS",0,"Up",NA,NA
"GOBP_L_ALANINE_TRANSPORT",0,"Up",NA,NA
"GOBP_L_ARGININE_IMPORT_ACROSS_PLASMA_MEMBRANE",0,"Up",NA,NA
"GOBP_L_ARGININE_TRANSMEMBRANE_TRANSPORT",0,"Up",NA,NA
"GOBP_L_ASCORBIC_ACID_METABOLIC_PROCESS",0,"Up",NA,NA
"GOBP_L_ASPARTATE_TRANSMEMBRANE_TRANSPORT",0,"Up",NA,NA
"GOBP_L_CYSTINE_TRANSPORT",0,"Up",NA,NA
"GOBP_L_HISTIDINE_TRANSMEMBRANE_TRANSPORT",0,"Up",NA,NA
"GOBP_L_KYNURENINE_METABOLIC_PROCESS",0,"Up",NA,NA
"GOBP_L_LYSINE_TRANSMEMBRANE_TRANSPORT",0,"Up",NA,NA
"GOBP_L_METHIONINE_SALVAGE_FROM_METHYLTHIOADENOSINE",0,"Up",NA,NA
"GOBP_L_PHENYLALANINE_METABOLIC_PROCESS",0,"Up",NA,NA
"GOBP_L_PROLINE_BIOSYNTHETIC_PROCESS",0,"Up",NA,NA
"GOBP_L_SERINE_BIOSYNTHETIC_PROCESS",0,"Up",NA,NA
"GOBP_L_SERINE_CATABOLIC_PROCESS",0,"Up",NA,NA
"GOBP_L_SERINE_METABOLIC_PROCESS",0,"Up",NA,NA
"GOBP_L_SERINE_TRANSPORT",0,"Up",NA,NA
"GOBP_LABYRINTHINE_LAYER_BLOOD_VESSEL_DEVELOPMENT",0,"Up",NA,NA
"GOBP_LABYRINTHINE_LAYER_MORPHOGENESIS",0,"Up",NA,NA
"GOBP_LACRIMAL_GLAND_DEVELOPMENT",0,"Up",NA,NA
"GOBP_LACTATE_TRANSMEMBRANE_TRANSPORT",0,"Up",NA,NA
"GOBP_LATE_ENDOSOME_TO_GOLGI_TRANSPORT",0,"Up",NA,NA
"GOBP_LATERAL_MESODERM_DEVELOPMENT",0,"Up",NA,NA
"GOBP_LATERAL_SPROUTING_FROM_AN_EPITHELIUM",0,"Up",NA,NA
"GOBP_LEARNED_VOCALIZATION_BEHAVIOR_OR_VOCAL_LEARNING",0,"Up",NA,NA
"GOBP_LEFT_RIGHT_AXIS_SPECIFICATION",0,"Up",NA,NA
"GOBP_LEFT_RIGHT_PATTERN_FORMATION",0,"Up",NA,NA
"GOBP_LENS_FIBER_CELL_MORPHOGENESIS",0,"Up",NA,NA
"GOBP_LENS_MORPHOGENESIS_IN_CAMERA_TYPE_EYE",0,"Up",NA,NA
"GOBP_LEUCINE_CATABOLIC_PROCESS",0,"Up",NA,NA
"GOBP_LEUCINE_IMPORT_ACROSS_PLASMA_MEMBRANE",0,"Up",NA,NA
"GOBP_LEUCINE_METABOLIC_PROCESS",0,"Up",NA,NA
"GOBP_LEUCINE_TRANSPORT",0,"Up",NA,NA
"GOBP_LEUKOCYTE_ADHESION_TO_ARTERIAL_ENDOTHELIAL_CELL",0,"Up",NA,NA
"GOBP_LEUKOCYTE_CHEMOTAXIS_INVOLVED_IN_INFLAMMATORY_RESPONSE",0,"Up",NA,NA
"GOBP_LEUKOCYTE_MIGRATION_INVOLVED_IN_INFLAMMATORY_RESPONSE",0,"Up",NA,NA
"GOBP_LEUKOTRIENE_B4_CATABOLIC_PROCESS",0,"Up",NA,NA
"GOBP_LEUKOTRIENE_B4_METABOLIC_PROCESS",0,"Up",NA,NA
"GOBP_LEUKOTRIENE_BIOSYNTHETIC_PROCESS",0,"Up",NA,NA
"GOBP_LEUKOTRIENE_D4_METABOLIC_PROCESS",0,"Up",NA,NA
"GOBP_LEUKOTRIENE_METABOLIC_PROCESS",0,"Up",NA,NA
"GOBP_LEUKOTRIENE_SIGNALING_PATHWAY",0,"Up",NA,NA
"GOBP_LEUKOTRIENE_TRANSPORT",0,"Up",NA,NA
"GOBP_LEYDIG_CELL_DIFFERENTIATION",0,"Up",NA,NA
"GOBP_LIGAND_GATED_ION_CHANNEL_SIGNALING_PATHWAY",0,"Up",NA,NA
"GOBP_LIMB_BUD_FORMATION",0,"Up",NA,NA
"GOBP_LIMB_JOINT_MORPHOGENESIS",0,"Up",NA,NA
"GOBP_LINOLEIC_ACID_METABOLIC_PROCESS",0,"Up",NA,NA
"GOBP_LIPID_DROPLET_FORMATION",0,"Up",NA,NA
"GOBP_LIPID_EXPORT_FROM_CELL",0,"Up",NA,NA
"GOBP_LIPID_GLYCOSYLATION",0,"Up",NA,NA
"GOBP_LIPID_HYDROXYLATION",0,"Up",NA,NA
"GOBP_LIPOPHAGY",0,"Up",NA,NA
"GOBP_LIPOPROTEIN_LOCALIZATION",0,"Up",NA,NA
"GOBP_LIPOXIN_METABOLIC_PROCESS",0,"Up",NA,NA
"GOBP_LIPOXYGENASE_PATHWAY",0,"Up",NA,NA
"GOBP_LIVER_MORPHOGENESIS",0,"Up",NA,NA
"GOBP_LIVER_REGENERATION",0,"Up",NA,NA
"GOBP_LOBAR_BRONCHUS_DEVELOPMENT",0,"Up",NA,NA
"GOBP_LOBAR_BRONCHUS_EPITHELIUM_DEVELOPMENT",0,"Up",NA,NA
"GOBP_LOCOMOTOR_RHYTHM",0,"Up",NA,NA
"GOBP_LOCOMOTORY_EXPLORATION_BEHAVIOR",0,"Up",NA,NA
"GOBP_LONG_CHAIN_FATTY_ACID_BIOSYNTHETIC_PROCESS",0,"Up",NA,NA
"GOBP_LONG_CHAIN_FATTY_ACID_CATABOLIC_PROCESS",0,"Up",NA,NA
"GOBP_LONG_CHAIN_FATTY_ACID_IMPORT_ACROSS_PLASMA_MEMBRANE",0,"Up",NA,NA
"GOBP_LONG_CHAIN_FATTY_ACYL_COA_BIOSYNTHETIC_PROCESS",0,"Up",NA,NA
"GOBP_LONG_CHAIN_FATTY_ACYL_COA_METABOLIC_PROCESS",0,"Up",NA,NA
"GOBP_LONG_TERM_MEMORY",0,"Up",NA,NA
"GOBP_LOOP_OF_HENLE_DEVELOPMENT",0,"Up",NA,NA
"GOBP_LOW_DENSITY_LIPOPROTEIN_PARTICLE_REMODELING",0,"Up",NA,NA
"GOBP_LOW_DENSITY_LIPOPROTEIN_RECEPTOR_PARTICLE_METABOLIC_PROCESS",0,"Up",NA,NA
"GOBP_LUNG_ALVEOLUS_DEVELOPMENT",0,"Up",NA,NA
"GOBP_LUNG_ASSOCIATED_MESENCHYME_DEVELOPMENT",0,"Up",NA,NA
"GOBP_LUNG_CELL_DIFFERENTIATION",0,"Up",NA,NA
"GOBP_LUNG_EPITHELIUM_DEVELOPMENT",0,"Up",NA,NA
"GOBP_LUNG_GROWTH",0,"Up",NA,NA
"GOBP_LUNG_LOBE_DEVELOPMENT",0,"Up",NA,NA
"GOBP_LUNG_SACCULE_DEVELOPMENT",0,"Up",NA,NA
"GOBP_LUNG_SECRETORY_CELL_DIFFERENTIATION",0,"Up",NA,NA
"GOBP_LUNG_VASCULATURE_DEVELOPMENT",0,"Up",NA,NA
"GOBP_LUTEINIZATION",0,"Up",NA,NA
"GOBP_LUTEINIZING_HORMONE_SECRETION",0,"Up",NA,NA
"GOBP_LUTEOLYSIS",0,"Up",NA,NA
"GOBP_LYMPH_NODE_DEVELOPMENT",0,"Up",NA,NA
"GOBP_LYMPHANGIOGENESIS",0,"Up",NA,NA
"GOBP_LYMPHATIC_ENDOTHELIAL_CELL_DIFFERENTIATION",0,"Up",NA,NA
"GOBP_LYMPHOCYTE_AGGREGATION",0,"Up",NA,NA
"GOBP_LYMPHOCYTE_ANERGY",0,"Up",NA,NA
"GOBP_LYMPHOCYTE_COSTIMULATION",0,"Up",NA,NA
"GOBP_LYMPHOID_PROGENITOR_CELL_DIFFERENTIATION",0,"Up",NA,NA
"GOBP_LYSINE_CATABOLIC_PROCESS",0,"Up",NA,NA
"GOBP_LYSINE_METABOLIC_PROCESS",0,"Up",NA,NA
"GOBP_LYSOSOMAL_LUMEN_ACIDIFICATION",0,"Up",NA,NA
"GOBP_MACROPHAGE_ACTIVATION_INVOLVED_IN_IMMUNE_RESPONSE",0,"Up",NA,NA
"GOBP_MACROPHAGE_COLONY_STIMULATING_FACTOR_PRODUCTION",0,"Up",NA,NA
"GOBP_MACROPHAGE_COLONY_STIMULATING_FACTOR_SIGNALING_PATHWAY",0,"Up",NA,NA
"GOBP_MACROPHAGE_CYTOKINE_PRODUCTION",0,"Up",NA,NA
"GOBP_MACROPHAGE_DIFFERENTIATION",0,"Up",NA,NA
"GOBP_MACROPHAGE_FUSION",0,"Up",NA,NA
"GOBP_MACROPHAGE_INFLAMMATORY_PROTEIN_1_ALPHA_PRODUCTION",0,"Up",NA,NA
"GOBP_MACROPINOCYTOSIS",0,"Up",NA,NA
"GOBP_MAGNESIUM_ION_TRANSPORT",0,"Up",NA,NA
"GOBP_MAINTENANCE_OF_DNA_REPEAT_ELEMENTS",0,"Up",NA,NA
"GOBP_MAINTENANCE_OF_GASTROINTESTINAL_EPITHELIUM",0,"Up",NA,NA
"GOBP_MAINTENANCE_OF_POSTSYNAPTIC_SPECIALIZATION_STRUCTURE",0,"Up",NA,NA
"GOBP_MAINTENANCE_OF_SISTER_CHROMATID_COHESION",0,"Up",NA,NA
"GOBP_MALE_GENITALIA_DEVELOPMENT",0,"Up",NA,NA
"GOBP_MALE_MATING_BEHAVIOR",0,"Up",NA,NA
"GOBP_MALE_MEIOSIS_I",0,"Up",NA,NA
"GOBP_MALE_MEIOTIC_NUCLEAR_DIVISION",0,"Up",NA,NA
"GOBP_MALE_SEX_DETERMINATION",0,"Up",NA,NA
"GOBP_MALONYL_COA_METABOLIC_PROCESS",0,"Up",NA,NA
"GOBP_MAMMALIAN_OOGENESIS_STAGE",0,"Up",NA,NA
"GOBP_MAMMARY_GLAND_BRANCHING_INVOLVED_IN_PREGNANCY",0,"Up",NA,NA
"GOBP_MAMMARY_GLAND_EPITHELIAL_CELL_DIFFERENTIATION",0,"Up",NA,NA
"GOBP_MAMMARY_GLAND_FORMATION",0,"Up",NA,NA
"GOBP_MAMMARY_GLAND_INVOLUTION",0,"Up",NA,NA
"GOBP_MANGANESE_ION_TRANSMEMBRANE_TRANSPORT",0,"Up",NA,NA
"GOBP_MANGANESE_ION_TRANSPORT",0,"Up",NA,NA
"GOBP_MANNOSYLATION",0,"Up",NA,NA
"GOBP_MAST_CELL_CYTOKINE_PRODUCTION",0,"Up",NA,NA
"GOBP_MAST_CELL_DIFFERENTIATION",0,"Up",NA,NA
"GOBP_MAST_CELL_MIGRATION",0,"Up",NA,NA
"GOBP_MAST_CELL_PROLIFERATION",0,"Up",NA,NA
"GOBP_MATERNAL_PROCESS_INVOLVED_IN_PARTURITION",0,"Up",NA,NA
"GOBP_MATING",0,"Up",NA,NA
"GOBP_MATING_BEHAVIOR",0,"Up",NA,NA
"GOBP_MATURATION_OF_5_8S_RRNA",0,"Up",NA,NA
"GOBP_MATURATION_OF_5_8S_RRNA_FROM_TRICISTRONIC_RRNA_TRANSCRIPT_SSU_RRNA_5_8S_RRNA_LSU_RRNA",0,"Up",NA,NA
"GOBP_MATURATION_OF_LSU_RRNA",0,"Up",NA,NA
"GOBP_MATURATION_OF_LSU_RRNA_FROM_TRICISTRONIC_RRNA_TRANSCRIPT_SSU_RRNA_5_8S_RRNA_LSU_RRNA",0,"Up",NA,NA
"GOBP_MATURATION_OF_SSU_RRNA",0,"Up",NA,NA
"GOBP_MATURATION_OF_SSU_RRNA_FROM_TRICISTRONIC_RRNA_TRANSCRIPT_SSU_RRNA_5_8S_RRNA_LSU_RRNA",0,"Up",NA,NA
"GOBP_MATURE_CONVENTIONAL_DENDRITIC_CELL_DIFFERENTIATION",0,"Up",NA,NA
"GOBP_MDA_5_SIGNALING_PATHWAY",0,"Up",NA,NA
"GOBP_MECHANOSENSORY_BEHAVIOR",0,"Up",NA,NA
"GOBP_MEDIUM_CHAIN_FATTY_ACID_BIOSYNTHETIC_PROCESS",0,"Up",NA,NA
"GOBP_MEDIUM_CHAIN_FATTY_ACID_CATABOLIC_PROCESS",0,"Up",NA,NA
"GOBP_MEDIUM_CHAIN_FATTY_ACID_METABOLIC_PROCESS",0,"Up",NA,NA
"GOBP_MEDIUM_CHAIN_FATTY_ACYL_COA_METABOLIC_PROCESS",0,"Up",NA,NA
"GOBP_MEIOSIS_II_CELL_CYCLE_PROCESS",0,"Up",NA,NA
"GOBP_MEIOTIC_CELL_CYCLE_CHECKPOINT_SIGNALING",0,"Up",NA,NA
"GOBP_MEIOTIC_CELL_CYCLE_PHASE_TRANSITION",0,"Up",NA,NA
"GOBP_MEIOTIC_CHROMOSOME_CONDENSATION",0,"Up",NA,NA
"GOBP_MEIOTIC_CHROMOSOME_SEPARATION",0,"Up",NA,NA
"GOBP_MEIOTIC_DNA_DOUBLE_STRAND_BREAK_FORMATION",0,"Up",NA,NA
"GOBP_MEIOTIC_SISTER_CHROMATID_COHESION_CENTROMERIC",0,"Up",NA,NA
"GOBP_MEIOTIC_SPINDLE_ASSEMBLY",0,"Up",NA,NA
"GOBP_MELANOCYTE_DIFFERENTIATION",0,"Up",NA,NA
"GOBP_MELANOCYTE_PROLIFERATION",0,"Up",NA,NA
"GOBP_MELANOSOME_ASSEMBLY",0,"Up",NA,NA
"GOBP_MEMBRANE_DEPOLARIZATION_DURING_AV_NODE_CELL_ACTION_POTENTIAL",0,"Up",NA,NA
"GOBP_MEMBRANE_DISRUPTION_IN_ANOTHER_ORGANISM",0,"Up",NA,NA
"GOBP_MEMBRANE_FUSION_INVOLVED_IN_VIRAL_ENTRY_INTO_HOST_CELL",0,"Up",NA,NA
"GOBP_MEMBRANE_PROTEIN_INTRACELLULAR_DOMAIN_PROTEOLYSIS",0,"Up",NA,NA
"GOBP_MEMBRANE_REPOLARIZATION_DURING_ATRIAL_CARDIAC_MUSCLE_CELL_ACTION_POTENTIAL",0,"Up",NA,NA
"GOBP_MEMBRANE_REPOLARIZATION_DURING_VENTRICULAR_CARDIAC_MUSCLE_CELL_ACTION_POTENTIAL",0,"Up",NA,NA
"GOBP_MEMBRANE_TO_MEMBRANE_DOCKING",0,"Up",NA,NA
"GOBP_MEMBRANOUS_SEPTUM_MORPHOGENESIS",0,"Up",NA,NA
"GOBP_MENAQUINONE_METABOLIC_PROCESS",0,"Up",NA,NA
"GOBP_MESANGIAL_CELL_DEVELOPMENT",0,"Up",NA,NA
"GOBP_MESANGIAL_CELL_DIFFERENTIATION",0,"Up",NA,NA
"GOBP_MESENCHYMAL_CELL_APOPTOTIC_PROCESS",0,"Up",NA,NA
"GOBP_MESENCHYMAL_CELL_DIFFERENTIATION_INVOLVED_IN_KIDNEY_DEVELOPMENT",0,"Up",NA,NA
"GOBP_MESENCHYMAL_CELL_PROLIFERATION",0,"Up",NA,NA
"GOBP_MESENCHYMAL_CELL_PROLIFERATION_INVOLVED_IN_LUNG_DEVELOPMENT",0,"Up",NA,NA
"GOBP_MESENCHYMAL_EPITHELIAL_CELL_SIGNALING",0,"Up",NA,NA
"GOBP_MESENCHYMAL_STEM_CELL_MAINTENANCE_INVOLVED_IN_NEPHRON_MORPHOGENESIS",0,"Up",NA,NA
"GOBP_MESENCHYMAL_TO_EPITHELIAL_TRANSITION_INVOLVED_IN_METANEPHROS_MORPHOGENESIS",0,"Up",NA,NA
"GOBP_MESENCHYME_MIGRATION",0,"Up",NA,NA
"GOBP_MESENDODERM_DEVELOPMENT",0,"Up",NA,NA
"GOBP_MESODERMAL_CELL_FATE_COMMITMENT",0,"Up",NA,NA
"GOBP_MESODERMAL_CELL_FATE_SPECIFICATION",0,"Up",NA,NA
"GOBP_MESONEPHRIC_DUCT_DEVELOPMENT",0,"Up",NA,NA
"GOBP_MESONEPHRIC_TUBULE_FORMATION",0,"Up",NA,NA
"GOBP_MESONEPHRIC_TUBULE_MORPHOGENESIS",0,"Up",NA,NA
"GOBP_METANEPHRIC_COLLECTING_DUCT_DEVELOPMENT",0,"Up",NA,NA
"GOBP_METANEPHRIC_DISTAL_TUBULE_DEVELOPMENT",0,"Up",NA,NA
"GOBP_METANEPHRIC_EPITHELIUM_DEVELOPMENT",0,"Up",NA,NA
"GOBP_METANEPHRIC_GLOMERULAR_MESANGIUM_DEVELOPMENT",0,"Up",NA,NA
"GOBP_METANEPHRIC_GLOMERULUS_DEVELOPMENT",0,"Up",NA,NA
"GOBP_METANEPHRIC_GLOMERULUS_VASCULATURE_DEVELOPMENT",0,"Up",NA,NA
"GOBP_METANEPHRIC_MESENCHYMAL_CELL_DIFFERENTIATION",0,"Up",NA,NA
"GOBP_METANEPHRIC_NEPHRON_DEVELOPMENT",0,"Up",NA,NA
"GOBP_METANEPHRIC_NEPHRON_MORPHOGENESIS",0,"Up",NA,NA
"GOBP_METANEPHRIC_NEPHRON_TUBULE_EPITHELIAL_CELL_DIFFERENTIATION",0,"Up",NA,NA
"GOBP_METANEPHRIC_NEPHRON_TUBULE_MORPHOGENESIS",0,"Up",NA,NA
"GOBP_METANEPHRIC_RENAL_VESICLE_MORPHOGENESIS",0,"Up",NA,NA
"GOBP_METANEPHRIC_S_SHAPED_BODY_MORPHOGENESIS",0,"Up",NA,NA
"GOBP_METANEPHRIC_TUBULE_DEVELOPMENT",0,"Up",NA,NA
"GOBP_METANEPHRIC_TUBULE_FORMATION",0,"Up",NA,NA
"GOBP_METANEPHRIC_TUBULE_MORPHOGENESIS",0,"Up",NA,NA
"GOBP_METHIONINE_BIOSYNTHETIC_PROCESS",0,"Up",NA,NA
"GOBP_METHIONINE_METABOLIC_PROCESS",0,"Up",NA,NA
"GOBP_METHYLGUANOSINE_CAP_DECAPPING",0,"Up",NA,NA
"GOBP_MHC_CLASS_II_BIOSYNTHETIC_PROCESS",0,"Up",NA,NA
"GOBP_MICROGLIA_DIFFERENTIATION",0,"Up",NA,NA
"GOBP_MICROGLIAL_CELL_MEDIATED_CYTOTOXICITY",0,"Up",NA,NA
"GOBP_MICROGLIAL_CELL_MIGRATION",0,"Up",NA,NA
"GOBP_MICROGLIAL_CELL_PROLIFERATION",0,"Up",NA,NA
"GOBP_MICROTUBULE_NUCLEATION_BY_MICROTUBULE_ORGANIZING_CENTER",0,"Up",NA,NA
"GOBP_MIDBRAIN_DOPAMINERGIC_NEURON_DIFFERENTIATION",0,"Up",NA,NA
"GOBP_MIDBRAIN_HINDBRAIN_BOUNDARY_DEVELOPMENT",0,"Up",NA,NA
"GOBP_MIDDLE_EAR_MORPHOGENESIS",0,"Up",NA,NA
"GOBP_MIDGUT_DEVELOPMENT",0,"Up",NA,NA
"GOBP_MINERALOCORTICOID_BIOSYNTHETIC_PROCESS",0,"Up",NA,NA
"GOBP_MINERALOCORTICOID_METABOLIC_PROCESS",0,"Up",NA,NA
"GOBP_MINERALOCORTICOID_SECRETION",0,"Up",NA,NA
"GOBP_MIRNA_CATABOLIC_PROCESS",0,"Up",NA,NA
"GOBP_MIRNA_LOADING_ONTO_RISC_INVOLVED_IN_GENE_SILENCING_BY_MIRNA",0,"Up",NA,NA
"GOBP_MITOCHONDRIAL_ATP_SYNTHESIS_COUPLED_PROTON_TRANSPORT",0,"Up",NA,NA
"GOBP_MITOCHONDRIAL_CYTOCHROME_C_OXIDASE_ASSEMBLY",0,"Up",NA,NA
"GOBP_MITOCHONDRIAL_DEPOLARIZATION",0,"Up",NA,NA
"GOBP_MITOCHONDRIAL_DNA_METABOLIC_PROCESS",0,"Up",NA,NA
"GOBP_MITOCHONDRIAL_DNA_REPAIR",0,"Up",NA,NA
"GOBP_MITOCHONDRIAL_DNA_REPLICATION",0,"Up",NA,NA
"GOBP_MITOCHONDRIAL_ELECTRON_TRANSPORT_UBIQUINOL_TO_CYTOCHROME_C",0,"Up",NA,NA
"GOBP_MITOCHONDRIAL_GENE_EXPRESSION",0,"Up",NA,NA
"GOBP_MITOCHONDRIAL_PROTEIN_CATABOLIC_PROCESS",0,"Up",NA,NA
"GOBP_MITOCHONDRIAL_PROTEIN_PROCESSING",0,"Up",NA,NA
"GOBP_MITOCHONDRIAL_PROTON_TRANSPORTING_ATP_SYNTHASE_COMPLEX_ASSEMBLY",0,"Up",NA,NA
"GOBP_MITOCHONDRIAL_RESPIRASOME_ASSEMBLY",0,"Up",NA,NA
"GOBP_MITOCHONDRIAL_RIBOSOME_ASSEMBLY",0,"Up",NA,NA
"GOBP_MITOCHONDRIAL_RNA_3_END_PROCESSING",0,"Up",NA,NA
"GOBP_MITOCHONDRIAL_RNA_CATABOLIC_PROCESS",0,"Up",NA,NA
"GOBP_MITOCHONDRIAL_RNA_METABOLIC_PROCESS",0,"Up",NA,NA
"GOBP_MITOCHONDRIAL_RNA_MODIFICATION",0,"Up",NA,NA
"GOBP_MITOCHONDRIAL_RNA_PROCESSING",0,"Up",NA,NA
"GOBP_MITOCHONDRIAL_TRANSCRIPTION",0,"Up",NA,NA
"GOBP_MITOCHONDRIAL_TRANSLATION",0,"Up",NA,NA
"GOBP_MITOCHONDRIAL_TRANSLATIONAL_ELONGATION",0,"Up",NA,NA
"GOBP_MITOCHONDRIAL_TRNA_PROCESSING",0,"Up",NA,NA
"GOBP_MITOTIC_CHROMOSOME_CONDENSATION",0,"Up",NA,NA
"GOBP_MITOTIC_DNA_REPLICATION",0,"Up",NA,NA
"GOBP_MITOTIC_DNA_REPLICATION_CHECKPOINT_SIGNALING",0,"Up",NA,NA
"GOBP_MITOTIC_G1_S_TRANSITION_CHECKPOINT_SIGNALING",0,"Up",NA,NA
"GOBP_MITOTIC_INTRA_S_DNA_DAMAGE_CHECKPOINT_SIGNALING",0,"Up",NA,NA
"GOBP_MITOTIC_NUCLEAR_MEMBRANE_DISASSEMBLY",0,"Up",NA,NA
"GOBP_MITOTIC_NUCLEAR_MEMBRANE_ORGANIZATION",0,"Up",NA,NA
"GOBP_MITOTIC_SISTER_CHROMATID_COHESION",0,"Up",NA,NA
"GOBP_MITOTIC_SPINDLE_MIDZONE_ASSEMBLY",0,"Up",NA,NA
"GOBP_MITRAL_VALVE_DEVELOPMENT",0,"Up",NA,NA
"GOBP_MODIFICATION_OF_POSTSYNAPTIC_ACTIN_CYTOSKELETON",0,"Up",NA,NA
"GOBP_MODIFIED_AMINO_ACID_TRANSPORT",0,"Up",NA,NA
"GOBP_MODULATION_BY_HOST_OF_SYMBIONT_CATALYTIC_ACTIVITY",0,"Up",NA,NA
"GOBP_MODULATION_OF_AGE_RELATED_BEHAVIORAL_DECLINE",0,"Up",NA,NA
"GOBP_MODULATION_OF_EXCITATORY_POSTSYNAPTIC_POTENTIAL",0,"Up",NA,NA
"GOBP_MODULATION_OF_PROCESS_OF_ANOTHER_ORGANISM",0,"Up",NA,NA
"GOBP_MONOACYLGLYCEROL_BIOSYNTHETIC_PROCESS",0,"Up",NA,NA
"GOBP_MONOCYTE_CHEMOTACTIC_PROTEIN_1_PRODUCTION",0,"Up",NA,NA
"GOBP_MONOCYTE_CHEMOTAXIS",0,"Up",NA,NA
"GOBP_MONOCYTE_EXTRAVASATION",0,"Up",NA,NA
"GOBP_MONOTERPENOID_METABOLIC_PROCESS",0,"Up",NA,NA
"GOBP_MORPHOGENESIS_OF_AN_ENDOTHELIUM",0,"Up",NA,NA
"GOBP_MORPHOGENESIS_OF_AN_EPITHELIAL_BUD",0,"Up",NA,NA
"GOBP_MOTOR_NEURON_APOPTOTIC_PROCESS",0,"Up",NA,NA
"GOBP_MOTOR_NEURON_MIGRATION",0,"Up",NA,NA
"GOBP_MRNA_3_END_PROCESSING_BY_STEM_LOOP_BINDING_AND_CLEAVAGE",0,"Up",NA,NA
"GOBP_MRNA_3_SPLICE_SITE_RECOGNITION",0,"Up",NA,NA
"GOBP_MRNA_5_SPLICE_SITE_RECOGNITION",0,"Up",NA,NA
"GOBP_MRNA_ALTERNATIVE_POLYADENYLATION",0,"Up",NA,NA
"GOBP_MRNA_CIS_SPLICING_VIA_SPLICEOSOME",0,"Up",NA,NA
"GOBP_MRNA_DESTABILIZATION_MEDIATED_GENE_SILENCING",0,"Up",NA,NA
"GOBP_MRNA_METHYLATION",0,"Up",NA,NA
"GOBP_MRNA_MODIFICATION",0,"Up",NA,NA
"GOBP_MRNA_PSEUDOURIDINE_SYNTHESIS",0,"Up",NA,NA
"GOBP_MUCOCILIARY_CLEARANCE",0,"Up",NA,NA
"GOBP_MUCOSA_ASSOCIATED_LYMPHOID_TISSUE_DEVELOPMENT",0,"Up",NA,NA
"GOBP_MUCUS_SECRETION",0,"Up",NA,NA
"GOBP_MULTI_CILIATED_EPITHELIAL_CELL_DIFFERENTIATION",0,"Up",NA,NA
"GOBP_MULTICELLULAR_ORGANISM_AGING",0,"Up",NA,NA
"GOBP_MULTICELLULAR_ORGANISMAL_IRON_ION_HOMEOSTASIS",0,"Up",NA,NA
"GOBP_MULTINUCLEAR_OSTEOCLAST_DIFFERENTIATION",0,"Up",NA,NA
"GOBP_MUSCLE_ATROPHY",0,"Up",NA,NA
"GOBP_MUSCLE_CELL_FATE_COMMITMENT",0,"Up",NA,NA
"GOBP_MUSCLE_ORGAN_MORPHOGENESIS",0,"Up",NA,NA
"GOBP_MUSCULAR_SEPTUM_MORPHOGENESIS",0,"Up",NA,NA
"GOBP_MYCOTOXIN_METABOLIC_PROCESS",0,"Up",NA,NA
"GOBP_MYD88_DEPENDENT_TOLL_LIKE_RECEPTOR_SIGNALING_PATHWAY",0,"Up",NA,NA
"GOBP_MYELOID_DENDRITIC_CELL_ACTIVATION",0,"Up",NA,NA
"GOBP_MYELOID_DENDRITIC_CELL_CHEMOTAXIS",0,"Up",NA,NA
"GOBP_MYELOID_DENDRITIC_CELL_CYTOKINE_PRODUCTION",0,"Up",NA,NA
"GOBP_MYELOID_DENDRITIC_CELL_DIFFERENTIATION",0,"Up",NA,NA
"GOBP_MYELOID_LEUKOCYTE_CYTOKINE_PRODUCTION",0,"Up",NA,NA
"GOBP_MYELOID_PROGENITOR_CELL_DIFFERENTIATION",0,"Up",NA,NA
"GOBP_MYOBLAST_FATE_COMMITMENT",0,"Up",NA,NA
"GOBP_MYOBLAST_FUSION_INVOLVED_IN_SKELETAL_MUSCLE_REGENERATION",0,"Up",NA,NA
"GOBP_MYOBLAST_MIGRATION",0,"Up",NA,NA
"GOBP_MYOBLAST_PROLIFERATION",0,"Up",NA,NA
"GOBP_MYOFIBROBLAST_DIFFERENTIATION",0,"Up",NA,NA
"GOBP_MYOSIN_FILAMENT_ORGANIZATION",0,"Up",NA,NA
"GOBP_MYOTUBE_DIFFERENTIATION_INVOLVED_IN_SKELETAL_MUSCLE_REGENERATION",0,"Up",NA,NA
"GOBP_N_ACETYLGLUCOSAMINE_METABOLIC_PROCESS",0,"Up",NA,NA
"GOBP_N_ACETYLNEURAMINATE_CATABOLIC_PROCESS",0,"Up",NA,NA
"GOBP_N_ACETYLNEURAMINATE_METABOLIC_PROCESS",0,"Up",NA,NA
"GOBP_N_ACYLETHANOLAMINE_METABOLIC_PROCESS",0,"Up",NA,NA
"GOBP_N_ACYLPHOSPHATIDYLETHANOLAMINE_METABOLIC_PROCESS",0,"Up",NA,NA
"GOBP_N_GLYCAN_PROCESSING",0,"Up",NA,NA
"GOBP_N_TERMINAL_PEPTIDYL_METHIONINE_ACETYLATION",0,"Up",NA,NA
"GOBP_N_TERMINAL_PROTEIN_AMINO_ACID_ACETYLATION",0,"Up",NA,NA
"GOBP_NAD_BIOSYNTHESIS_VIA_NICOTINAMIDE_RIBOSIDE_SALVAGE_PATHWAY",0,"Up",NA,NA
"GOBP_NADH_OXIDATION",0,"Up",NA,NA
"GOBP_NADPH_OXIDATION",0,"Up",NA,NA
"GOBP_NAIL_DEVELOPMENT",0,"Up",NA,NA
"GOBP_NATURAL_KILLER_CELL_CHEMOTAXIS",0,"Up",NA,NA
"GOBP_NATURAL_KILLER_CELL_CYTOKINE_PRODUCTION",0,"Up",NA,NA
"GOBP_NATURAL_KILLER_CELL_DIFFERENTIATION",0,"Up",NA,NA
"GOBP_NATURAL_KILLER_CELL_MEDIATED_IMMUNE_RESPONSE_TO_TUMOR_CELL",0,"Up",NA,NA
"GOBP_NATURAL_KILLER_CELL_PROLIFERATION",0,"Up",NA,NA
"GOBP_NCRNA_EXPORT_FROM_NUCLEUS",0,"Up",NA,NA
"GOBP_NECROPTOTIC_SIGNALING_PATHWAY",0,"Up",NA,NA
"GOBP_NEGATIVE_CHEMOTAXIS",0,"Up",NA,NA
"GOBP_NEGATIVE_REGULATION_BY_HOST_OF_VIRAL_GENOME_REPLICATION",0,"Up",NA,NA
"GOBP_NEGATIVE_REGULATION_OF_ACTIVATED_T_CELL_PROLIFERATION",0,"Up",NA,NA
"GOBP_NEGATIVE_REGULATION_OF_ACTIVIN_RECEPTOR_SIGNALING_PATHWAY",0,"Up",NA,NA
"GOBP_NEGATIVE_REGULATION_OF_ACUTE_INFLAMMATORY_RESPONSE",0,"Up",NA,NA
"GOBP_NEGATIVE_REGULATION_OF_ACUTE_INFLAMMATORY_RESPONSE_TO_ANTIGENIC_STIMULUS",0,"Up",NA,NA
"GOBP_NEGATIVE_REGULATION_OF_ALCOHOL_BIOSYNTHETIC_PROCESS",0,"Up",NA,NA
"GOBP_NEGATIVE_REGULATION_OF_ALPHA_BETA_T_CELL_ACTIVATION",0,"Up",NA,NA
"GOBP_NEGATIVE_REGULATION_OF_ALPHA_BETA_T_CELL_DIFFERENTIATION",0,"Up",NA,NA
"GOBP_NEGATIVE_REGULATION_OF_ALPHA_BETA_T_CELL_PROLIFERATION",0,"Up",NA,NA
"GOBP_NEGATIVE_REGULATION_OF_AMYLOID_BETA_CLEARANCE",0,"Up",NA,NA
"GOBP_NEGATIVE_REGULATION_OF_AMYLOID_FIBRIL_FORMATION",0,"Up",NA,NA
"GOBP_NEGATIVE_REGULATION_OF_AMYLOID_PRECURSOR_PROTEIN_BIOSYNTHETIC_PROCESS",0,"Up",NA,NA
"GOBP_NEGATIVE_REGULATION_OF_ANION_TRANSMEMBRANE_TRANSPORT",0,"Up",NA,NA
"GOBP_NEGATIVE_REGULATION_OF_ANTIGEN_PROCESSING_AND_PRESENTATION",0,"Up",NA,NA
"GOBP_NEGATIVE_REGULATION_OF_APOPTOTIC_PROCESS_INVOLVED_IN_DEVELOPMENT",0,"Up",NA,NA
"GOBP_NEGATIVE_REGULATION_OF_ASTROCYTE_ACTIVATION",0,"Up",NA,NA
"GOBP_NEGATIVE_REGULATION_OF_ASTROCYTE_DIFFERENTIATION",0,"Up",NA,NA
"GOBP_NEGATIVE_REGULATION_OF_ATP_BIOSYNTHETIC_PROCESS",0,"Up",NA,NA
"GOBP_NEGATIVE_REGULATION_OF_ATP_DEPENDENT_ACTIVITY",0,"Up",NA,NA
"GOBP_NEGATIVE_REGULATION_OF_ATPASE_COUPLED_CALCIUM_TRANSMEMBRANE_TRANSPORTER_ACTIVITY",0,"Up",NA,NA
"GOBP_NEGATIVE_REGULATION_OF_AUTOPHAGOSOME_MATURATION",0,"Up",NA,NA
"GOBP_NEGATIVE_REGULATION_OF_AXON_EXTENSION_INVOLVED_IN_AXON_GUIDANCE",0,"Up",NA,NA
"GOBP_NEGATIVE_REGULATION_OF_B_CELL_APOPTOTIC_PROCESS",0,"Up",NA,NA
"GOBP_NEGATIVE_REGULATION_OF_B_CELL_PROLIFERATION",0,"Up",NA,NA
"GOBP_NEGATIVE_REGULATION_OF_B_CELL_RECEPTOR_SIGNALING_PATHWAY",0,"Up",NA,NA
"GOBP_NEGATIVE_REGULATION_OF_BEHAVIOR",0,"Up",NA,NA
"GOBP_NEGATIVE_REGULATION_OF_BICELLULAR_TIGHT_JUNCTION_ASSEMBLY",0,"Up",NA,NA
"GOBP_NEGATIVE_REGULATION_OF_BLOOD_VESSEL_ENDOTHELIAL_CELL_MIGRATION",0,"Up",NA,NA
"GOBP_NEGATIVE_REGULATION_OF_BLOOD_VESSEL_ENDOTHELIAL_CELL_PROLIFERATION_INVOLVED_IN_SPROUTING_ANGIOGENESIS",0,"Up",NA,NA
"GOBP_NEGATIVE_REGULATION_OF_CAMP_MEDIATED_SIGNALING",0,"Up",NA,NA
"GOBP_NEGATIVE_REGULATION_OF_CARDIAC_MUSCLE_ADAPTATION",0,"Up",NA,NA
"GOBP_NEGATIVE_REGULATION_OF_CARDIAC_MUSCLE_CELL_DIFFERENTIATION",0,"Up",NA,NA
"GOBP_NEGATIVE_REGULATION_OF_CARDIAC_MUSCLE_CELL_PROLIFERATION",0,"Up",NA,NA
"GOBP_NEGATIVE_REGULATION_OF_CARDIAC_MUSCLE_TISSUE_GROWTH",0,"Up",NA,NA
"GOBP_NEGATIVE_REGULATION_OF_CARDIOCYTE_DIFFERENTIATION",0,"Up",NA,NA
"GOBP_NEGATIVE_REGULATION_OF_CD4_POSITIVE_ALPHA_BETA_T_CELL_ACTIVATION",0,"Up",NA,NA
"GOBP_NEGATIVE_REGULATION_OF_CD4_POSITIVE_ALPHA_BETA_T_CELL_DIFFERENTIATION",0,"Up",NA,NA
"GOBP_NEGATIVE_REGULATION_OF_CD4_POSITIVE_ALPHA_BETA_T_CELL_PROLIFERATION",0,"Up",NA,NA
"GOBP_NEGATIVE_REGULATION_OF_CD8_POSITIVE_ALPHA_BETA_T_CELL_ACTIVATION",0,"Up",NA,NA
"GOBP_NEGATIVE_REGULATION_OF_CELL_ADHESION_MOLECULE_PRODUCTION",0,"Up",NA,NA
"GOBP_NEGATIVE_REGULATION_OF_CELL_CELL_ADHESION_MEDIATED_BY_CADHERIN",0,"Up",NA,NA
"GOBP_NEGATIVE_REGULATION_OF_CELL_CHEMOTAXIS_TO_FIBROBLAST_GROWTH_FACTOR",0,"Up",NA,NA
"GOBP_NEGATIVE_REGULATION_OF_CELL_CYCLE_CHECKPOINT",0,"Up",NA,NA
"GOBP_NEGATIVE_REGULATION_OF_CELL_DIVISION",0,"Up",NA,NA
"GOBP_NEGATIVE_REGULATION_OF_CELL_FATE_COMMITMENT",0,"Up",NA,NA
"GOBP_NEGATIVE_REGULATION_OF_CELL_FATE_SPECIFICATION",0,"Up",NA,NA
"GOBP_NEGATIVE_REGULATION_OF_CELL_GROWTH_INVOLVED_IN_CARDIAC_MUSCLE_CELL_DEVELOPMENT",0,"Up",NA,NA
"GOBP_NEGATIVE_REGULATION_OF_CELL_KILLING",0,"Up",NA,NA
"GOBP_NEGATIVE_REGULATION_OF_CELL_MATURATION",0,"Up",NA,NA
"GOBP_NEGATIVE_REGULATION_OF_CELL_MIGRATION_INVOLVED_IN_SPROUTING_ANGIOGENESIS",0,"Up",NA,NA
"GOBP_NEGATIVE_REGULATION_OF_CELL_PROLIFERATION_INVOLVED_IN_HEART_MORPHOGENESIS",0,"Up",NA,NA
"GOBP_NEGATIVE_REGULATION_OF_CELL_PROLIFERATION_INVOLVED_IN_KIDNEY_DEVELOPMENT",0,"Up",NA,NA
"GOBP_NEGATIVE_REGULATION_OF_CELL_SIZE",0,"Up",NA,NA
"GOBP_NEGATIVE_REGULATION_OF_CELL_VOLUME",0,"Up",NA,NA
"GOBP_NEGATIVE_REGULATION_OF_CELLULAR_AMINE_METABOLIC_PROCESS",0,"Up",NA,NA
"GOBP_NEGATIVE_REGULATION_OF_CELLULAR_EXTRAVASATION",0,"Up",NA,NA
"GOBP_NEGATIVE_REGULATION_OF_CELLULAR_RESPIRATION",0,"Up",NA,NA
"GOBP_NEGATIVE_REGULATION_OF_CELLULAR_RESPONSE_TO_HYPOXIA",0,"Up",NA,NA
"GOBP_NEGATIVE_REGULATION_OF_CELLULAR_RESPONSE_TO_TRANSFORMING_GROWTH_FACTOR_BETA_STIMULUS",0,"Up",NA,NA
"GOBP_NEGATIVE_REGULATION_OF_CELLULAR_RESPONSE_TO_VASCULAR_ENDOTHELIAL_GROWTH_FACTOR_STIMULUS",0,"Up",NA,NA
"GOBP_NEGATIVE_REGULATION_OF_CENTRIOLE_REPLICATION",0,"Up",NA,NA
"GOBP_NEGATIVE_REGULATION_OF_CENTROSOME_DUPLICATION",0,"Up",NA,NA
"GOBP_NEGATIVE_REGULATION_OF_CERAMIDE_BIOSYNTHETIC_PROCESS",0,"Up",NA,NA
"GOBP_NEGATIVE_REGULATION_OF_CGMP_MEDIATED_SIGNALING",0,"Up",NA,NA
"GOBP_NEGATIVE_REGULATION_OF_CHEMOKINE_C_C_MOTIF_LIGAND_5_PRODUCTION",0,"Up",NA,NA
"GOBP_NEGATIVE_REGULATION_OF_CHEMOKINE_C_X_C_MOTIF_LIGAND_2_PRODUCTION",0,"Up",NA,NA
"GOBP_NEGATIVE_REGULATION_OF_CHEMOKINE_MEDIATED_SIGNALING_PATHWAY",0,"Up",NA,NA
"GOBP_NEGATIVE_REGULATION_OF_CHEMOKINE_PRODUCTION",0,"Up",NA,NA
"GOBP_NEGATIVE_REGULATION_OF_CHOLESTEROL_EFFLUX",0,"Up",NA,NA
"GOBP_NEGATIVE_REGULATION_OF_CHOLESTEROL_METABOLIC_PROCESS",0,"Up",NA,NA
"GOBP_NEGATIVE_REGULATION_OF_CHOLESTEROL_STORAGE",0,"Up",NA,NA
"GOBP_NEGATIVE_REGULATION_OF_CHONDROCYTE_PROLIFERATION",0,"Up",NA,NA
"GOBP_NEGATIVE_REGULATION_OF_CHROMATIN_ORGANIZATION",0,"Up",NA,NA
"GOBP_NEGATIVE_REGULATION_OF_CHRONIC_INFLAMMATORY_RESPONSE",0,"Up",NA,NA
"GOBP_NEGATIVE_REGULATION_OF_CIRCADIAN_RHYTHM",0,"Up",NA,NA
"GOBP_NEGATIVE_REGULATION_OF_COLLAGEN_METABOLIC_PROCESS",0,"Up",NA,NA
"GOBP_NEGATIVE_REGULATION_OF_COLLATERAL_SPROUTING",0,"Up",NA,NA
"GOBP_NEGATIVE_REGULATION_OF_CREB_TRANSCRIPTION_FACTOR_ACTIVITY",0,"Up",NA,NA
"GOBP_NEGATIVE_REGULATION_OF_CYTOKINE_PRODUCTION_INVOLVED_IN_IMMUNE_RESPONSE",0,"Up",NA,NA
"GOBP_NEGATIVE_REGULATION_OF_CYTOKINE_PRODUCTION_INVOLVED_IN_INFLAMMATORY_RESPONSE",0,"Up",NA,NA
"GOBP_NEGATIVE_REGULATION_OF_CYTOKINESIS",0,"Up",NA,NA
"GOBP_NEGATIVE_REGULATION_OF_CYTOPLASMIC_TRANSLATION",0,"Up",NA,NA
"GOBP_NEGATIVE_REGULATION_OF_DEFENSE_RESPONSE_TO_BACTERIUM",0,"Up",NA,NA
"GOBP_NEGATIVE_REGULATION_OF_DENDRITE_DEVELOPMENT",0,"Up",NA,NA
"GOBP_NEGATIVE_REGULATION_OF_DENDRITIC_CELL_APOPTOTIC_PROCESS",0,"Up",NA,NA
"GOBP_NEGATIVE_REGULATION_OF_DENDRITIC_CELL_DIFFERENTIATION",0,"Up",NA,NA
"GOBP_NEGATIVE_REGULATION_OF_DNA_BINDING",0,"Up",NA,NA
"GOBP_NEGATIVE_REGULATION_OF_DNA_BIOSYNTHETIC_PROCESS",0,"Up",NA,NA
"GOBP_NEGATIVE_REGULATION_OF_DNA_DAMAGE_CHECKPOINT",0,"Up",NA,NA
"GOBP_NEGATIVE_REGULATION_OF_DNA_DEPENDENT_DNA_REPLICATION",0,"Up",NA,NA
"GOBP_NEGATIVE_REGULATION_OF_DNA_RECOMBINATION",0,"Up",NA,NA
"GOBP_NEGATIVE_REGULATION_OF_DNA_REPAIR",0,"Up",NA,NA
"GOBP_NEGATIVE_REGULATION_OF_DNA_REPLICATION",0,"Up",NA,NA
"GOBP_NEGATIVE_REGULATION_OF_DNA_TEMPLATED_TRANSCRIPTION_INITIATION",0,"Up",NA,NA
"GOBP_NEGATIVE_REGULATION_OF_DOUBLE_STRAND_BREAK_REPAIR_VIA_HOMOLOGOUS_RECOMBINATION",0,"Up",NA,NA
"GOBP_NEGATIVE_REGULATION_OF_DOUBLE_STRAND_BREAK_REPAIR_VIA_NONHOMOLOGOUS_END_JOINING",0,"Up",NA,NA
"GOBP_NEGATIVE_REGULATION_OF_ENDOPLASMIC_RETICULUM_STRESS_INDUCED_EIF2_ALPHA_PHOSPHORYLATION",0,"Up",NA,NA
"GOBP_NEGATIVE_REGULATION_OF_ENDOPLASMIC_RETICULUM_UNFOLDED_PROTEIN_RESPONSE",0,"Up",NA,NA
"GOBP_NEGATIVE_REGULATION_OF_ENDOTHELIAL_CELL_CHEMOTAXIS",0,"Up",NA,NA
"GOBP_NEGATIVE_REGULATION_OF_ENDOTHELIAL_CELL_DIFFERENTIATION",0,"Up",NA,NA
"GOBP_NEGATIVE_REGULATION_OF_EPIDERMAL_GROWTH_FACTOR_ACTIVATED_RECEPTOR_ACTIVITY",0,"Up",NA,NA
"GOBP_NEGATIVE_REGULATION_OF_EPIDERMIS_DEVELOPMENT",0,"Up",NA,NA
"GOBP_NEGATIVE_REGULATION_OF_EPITHELIAL_CELL_DIFFERENTIATION",0,"Up",NA,NA
"GOBP_NEGATIVE_REGULATION_OF_EPITHELIAL_CELL_PROLIFERATION_INVOLVED_IN_PROSTATE_GLAND_DEVELOPMENT",0,"Up",NA,NA
"GOBP_NEGATIVE_REGULATION_OF_EPITHELIAL_TO_MESENCHYMAL_TRANSITION",0,"Up",NA,NA
"GOBP_NEGATIVE_REGULATION_OF_ERYTHROCYTE_DIFFERENTIATION",0,"Up",NA,NA
"GOBP_NEGATIVE_REGULATION_OF_EXCITATORY_POSTSYNAPTIC_POTENTIAL",0,"Up",NA,NA
"GOBP_NEGATIVE_REGULATION_OF_EXECUTION_PHASE_OF_APOPTOSIS",0,"Up",NA,NA
"GOBP_NEGATIVE_REGULATION_OF_EXTRACELLULAR_MATRIX_DISASSEMBLY",0,"Up",NA,NA
"GOBP_NEGATIVE_REGULATION_OF_EXTRACELLULAR_MATRIX_ORGANIZATION",0,"Up",NA,NA
"GOBP_NEGATIVE_REGULATION_OF_FAT_CELL_PROLIFERATION",0,"Up",NA,NA
"GOBP_NEGATIVE_REGULATION_OF_FATTY_ACID_BETA_OXIDATION",0,"Up",NA,NA
"GOBP_NEGATIVE_REGULATION_OF_FATTY_ACID_TRANSPORT",0,"Up",NA,NA
"GOBP_NEGATIVE_REGULATION_OF_FEEDING_BEHAVIOR",0,"Up",NA,NA
"GOBP_NEGATIVE_REGULATION_OF_FIBRINOLYSIS",0,"Up",NA,NA
"GOBP_NEGATIVE_REGULATION_OF_FIBROBLAST_APOPTOTIC_PROCESS",0,"Up",NA,NA
"GOBP_NEGATIVE_REGULATION_OF_FIBROBLAST_GROWTH_FACTOR_PRODUCTION",0,"Up",NA,NA
"GOBP_NEGATIVE_REGULATION_OF_FIBROBLAST_GROWTH_FACTOR_RECEPTOR_SIGNALING_PATHWAY",0,"Up",NA,NA
"GOBP_NEGATIVE_REGULATION_OF_FIBROBLAST_MIGRATION",0,"Up",NA,NA
"GOBP_NEGATIVE_REGULATION_OF_FIBROBLAST_PROLIFERATION",0,"Up",NA,NA
"GOBP_NEGATIVE_REGULATION_OF_G0_TO_G1_TRANSITION",0,"Up",NA,NA
"GOBP_NEGATIVE_REGULATION_OF_GASTRIC_ACID_SECRETION",0,"Up",NA,NA
"GOBP_NEGATIVE_REGULATION_OF_GLIAL_CELL_DIFFERENTIATION",0,"Up",NA,NA
"GOBP_NEGATIVE_REGULATION_OF_GLIAL_CELL_PROLIFERATION",0,"Up",NA,NA
"GOBP_NEGATIVE_REGULATION_OF_GLIOGENESIS",0,"Up",NA,NA
"GOBP_NEGATIVE_REGULATION_OF_GLUCONEOGENESIS",0,"Up",NA,NA
"GOBP_NEGATIVE_REGULATION_OF_GLUCOSE_IMPORT",0,"Up",NA,NA
"GOBP_NEGATIVE_REGULATION_OF_GLUCOSE_TRANSMEMBRANE_TRANSPORT",0,"Up",NA,NA
"GOBP_NEGATIVE_REGULATION_OF_GLUTAMATE_SECRETION",0,"Up",NA,NA
"GOBP_NEGATIVE_REGULATION_OF_GLYCOPROTEIN_METABOLIC_PROCESS",0,"Up",NA,NA
"GOBP_NEGATIVE_REGULATION_OF_GOLGI_TO_PLASMA_MEMBRANE_PROTEIN_TRANSPORT",0,"Up",NA,NA
"GOBP_NEGATIVE_REGULATION_OF_GONADOTROPIN_SECRETION",0,"Up",NA,NA
"GOBP_NEGATIVE_REGULATION_OF_GRANULOCYTE_CHEMOTAXIS",0,"Up",NA,NA
"GOBP_NEGATIVE_REGULATION_OF_GRANULOCYTE_DIFFERENTIATION",0,"Up",NA,NA
"GOBP_NEGATIVE_REGULATION_OF_HAIR_FOLLICLE_DEVELOPMENT",0,"Up",NA,NA
"GOBP_NEGATIVE_REGULATION_OF_HELICASE_ACTIVITY",0,"Up",NA,NA
"GOBP_NEGATIVE_REGULATION_OF_HEMATOPOIETIC_PROGENITOR_CELL_DIFFERENTIATION",0,"Up",NA,NA
"GOBP_NEGATIVE_REGULATION_OF_HEPATOCYTE_APOPTOTIC_PROCESS",0,"Up",NA,NA
"GOBP_NEGATIVE_REGULATION_OF_HEXOKINASE_ACTIVITY",0,"Up",NA,NA
"GOBP_NEGATIVE_REGULATION_OF_HIPPO_SIGNALING",0,"Up",NA,NA
"GOBP_NEGATIVE_REGULATION_OF_HISTONE_DEACETYLATION",0,"Up",NA,NA
"GOBP_NEGATIVE_REGULATION_OF_HISTONE_H3_K27_METHYLATION",0,"Up",NA,NA
"GOBP_NEGATIVE_REGULATION_OF_HISTONE_H3_K4_METHYLATION",0,"Up",NA,NA
"GOBP_NEGATIVE_REGULATION_OF_HISTONE_H3_K9_METHYLATION",0,"Up",NA,NA
"GOBP_NEGATIVE_REGULATION_OF_HISTONE_H3_K9_TRIMETHYLATION",0,"Up",NA,NA
"GOBP_NEGATIVE_REGULATION_OF_HISTONE_METHYLATION",0,"Up",NA,NA
"GOBP_NEGATIVE_REGULATION_OF_HISTONE_PHOSPHORYLATION",0,"Up",NA,NA
"GOBP_NEGATIVE_REGULATION_OF_HYDROGEN_PEROXIDE_METABOLIC_PROCESS",0,"Up",NA,NA
"GOBP_NEGATIVE_REGULATION_OF_HYPOXIA_INDUCED_INTRINSIC_APOPTOTIC_SIGNALING_PATHWAY",0,"Up",NA,NA
"GOBP_NEGATIVE_REGULATION_OF_INCLUSION_BODY_ASSEMBLY",0,"Up",NA,NA
"GOBP_NEGATIVE_REGULATION_OF_INFLAMMATORY_RESPONSE_TO_ANTIGENIC_STIMULUS",0,"Up",NA,NA
"GOBP_NEGATIVE_REGULATION_OF_INSULIN_LIKE_GROWTH_FACTOR_RECEPTOR_SIGNALING_PATHWAY",0,"Up",NA,NA
"GOBP_NEGATIVE_REGULATION_OF_INTERFERON_ALPHA_PRODUCTION",0,"Up",NA,NA
"GOBP_NEGATIVE_REGULATION_OF_INTERLEUKIN_1_ALPHA_PRODUCTION",0,"Up",NA,NA
"GOBP_NEGATIVE_REGULATION_OF_INTERLEUKIN_1_MEDIATED_SIGNALING_PATHWAY",0,"Up",NA,NA
"GOBP_NEGATIVE_REGULATION_OF_INTERLEUKIN_10_PRODUCTION",0,"Up",NA,NA
"GOBP_NEGATIVE_REGULATION_OF_INTERLEUKIN_12_PRODUCTION",0,"Up",NA,NA
"GOBP_NEGATIVE_REGULATION_OF_INTERLEUKIN_13_PRODUCTION",0,"Up",NA,NA
"GOBP_NEGATIVE_REGULATION_OF_INTERLEUKIN_17_PRODUCTION",0,"Up",NA,NA
"GOBP_NEGATIVE_REGULATION_OF_INTERLEUKIN_18_PRODUCTION",0,"Up",NA,NA
"GOBP_NEGATIVE_REGULATION_OF_INTERLEUKIN_4_PRODUCTION",0,"Up",NA,NA
"GOBP_NEGATIVE_REGULATION_OF_INTERLEUKIN_5_PRODUCTION",0,"Up",NA,NA
"GOBP_NEGATIVE_REGULATION_OF_INTERLEUKIN_6_MEDIATED_SIGNALING_PATHWAY",0,"Up",NA,NA
"GOBP_NEGATIVE_REGULATION_OF_INTERLEUKIN_6_PRODUCTION",0,"Up",NA,NA
"GOBP_NEGATIVE_REGULATION_OF_INTERLEUKIN_8_PRODUCTION",0,"Up",NA,NA
"GOBP_NEGATIVE_REGULATION_OF_INTRINSIC_APOPTOTIC_SIGNALING_PATHWAY_IN_RESPONSE_TO_OSMOTIC_STRESS",0,"Up",NA,NA
"GOBP_NEGATIVE_REGULATION_OF_IRE1_MEDIATED_UNFOLDED_PROTEIN_RESPONSE",0,"Up",NA,NA
"GOBP_NEGATIVE_REGULATION_OF_ISOTYPE_SWITCHING",0,"Up",NA,NA
"GOBP_NEGATIVE_REGULATION_OF_JUN_KINASE_ACTIVITY",0,"Up",NA,NA
"GOBP_NEGATIVE_REGULATION_OF_KERATINOCYTE_DIFFERENTIATION",0,"Up",NA,NA
"GOBP_NEGATIVE_REGULATION_OF_KERATINOCYTE_PROLIFERATION",0,"Up",NA,NA
"GOBP_NEGATIVE_REGULATION_OF_KIDNEY_DEVELOPMENT",0,"Up",NA,NA
"GOBP_NEGATIVE_REGULATION_OF_LAMELLIPODIUM_ASSEMBLY",0,"Up",NA,NA
"GOBP_NEGATIVE_REGULATION_OF_LENS_FIBER_CELL_DIFFERENTIATION",0,"Up",NA,NA
"GOBP_NEGATIVE_REGULATION_OF_LEUKOCYTE_ADHESION_TO_VASCULAR_ENDOTHELIAL_CELL",0,"Up",NA,NA
"GOBP_NEGATIVE_REGULATION_OF_LEUKOCYTE_CHEMOTAXIS",0,"Up",NA,NA
"GOBP_NEGATIVE_REGULATION_OF_LEUKOCYTE_DEGRANULATION",0,"Up",NA,NA
"GOBP_NEGATIVE_REGULATION_OF_LIPASE_ACTIVITY",0,"Up",NA,NA
"GOBP_NEGATIVE_REGULATION_OF_LIPID_CATABOLIC_PROCESS",0,"Up",NA,NA
"GOBP_NEGATIVE_REGULATION_OF_LIPID_KINASE_ACTIVITY",0,"Up",NA,NA
"GOBP_NEGATIVE_REGULATION_OF_LIPID_LOCALIZATION",0,"Up",NA,NA
"GOBP_NEGATIVE_REGULATION_OF_LIPID_STORAGE",0,"Up",NA,NA
"GOBP_NEGATIVE_REGULATION_OF_LIPID_TRANSPORT",0,"Up",NA,NA
"GOBP_NEGATIVE_REGULATION_OF_LIPOPOLYSACCHARIDE_MEDIATED_SIGNALING_PATHWAY",0,"Up",NA,NA
"GOBP_NEGATIVE_REGULATION_OF_LIPOPROTEIN_LIPASE_ACTIVITY",0,"Up",NA,NA
"GOBP_NEGATIVE_REGULATION_OF_LIPOPROTEIN_METABOLIC_PROCESS",0,"Up",NA,NA
"GOBP_NEGATIVE_REGULATION_OF_LIPOPROTEIN_PARTICLE_CLEARANCE",0,"Up",NA,NA
"GOBP_NEGATIVE_REGULATION_OF_LONG_TERM_SYNAPTIC_POTENTIATION",0,"Up",NA,NA
"GOBP_NEGATIVE_REGULATION_OF_LOW_DENSITY_LIPOPROTEIN_PARTICLE_CLEARANCE",0,"Up",NA,NA
"GOBP_NEGATIVE_REGULATION_OF_LOW_DENSITY_LIPOPROTEIN_RECEPTOR_ACTIVITY",0,"Up",NA,NA
"GOBP_NEGATIVE_REGULATION_OF_MACROPHAGE_ACTIVATION",0,"Up",NA,NA
"GOBP_NEGATIVE_REGULATION_OF_MACROPHAGE_APOPTOTIC_PROCESS",0,"Up",NA,NA
"GOBP_NEGATIVE_REGULATION_OF_MACROPHAGE_CHEMOTAXIS",0,"Up",NA,NA
"GOBP_NEGATIVE_REGULATION_OF_MACROPHAGE_CYTOKINE_PRODUCTION",0,"Up",NA,NA
"GOBP_NEGATIVE_REGULATION_OF_MACROPHAGE_DERIVED_FOAM_CELL_DIFFERENTIATION",0,"Up",NA,NA
"GOBP_NEGATIVE_REGULATION_OF_MACROPHAGE_DIFFERENTIATION",0,"Up",NA,NA
"GOBP_NEGATIVE_REGULATION_OF_MACROPHAGE_MIGRATION",0,"Up",NA,NA
"GOBP_NEGATIVE_REGULATION_OF_MAST_CELL_ACTIVATION",0,"Up",NA,NA
"GOBP_NEGATIVE_REGULATION_OF_MAST_CELL_ACTIVATION_INVOLVED_IN_IMMUNE_RESPONSE",0,"Up",NA,NA
"GOBP_NEGATIVE_REGULATION_OF_MAST_CELL_DEGRANULATION",0,"Up",NA,NA
"GOBP_NEGATIVE_REGULATION_OF_MATRIX_METALLOPEPTIDASE_SECRETION",0,"Up",NA,NA
"GOBP_NEGATIVE_REGULATION_OF_MEGAKARYOCYTE_DIFFERENTIATION",0,"Up",NA,NA
"GOBP_NEGATIVE_REGULATION_OF_MEIOTIC_CELL_CYCLE",0,"Up",NA,NA
"GOBP_NEGATIVE_REGULATION_OF_MEIOTIC_NUCLEAR_DIVISION",0,"Up",NA,NA
"GOBP_NEGATIVE_REGULATION_OF_MEMBRANE_DEPOLARIZATION",0,"Up",NA,NA
"GOBP_NEGATIVE_REGULATION_OF_MEMBRANE_PROTEIN_ECTODOMAIN_PROTEOLYSIS",0,"Up",NA,NA
"GOBP_NEGATIVE_REGULATION_OF_MESENCHYMAL_CELL_APOPTOTIC_PROCESS",0,"Up",NA,NA
"GOBP_NEGATIVE_REGULATION_OF_MESENCHYMAL_CELL_PROLIFERATION",0,"Up",NA,NA
"GOBP_NEGATIVE_REGULATION_OF_METALLOENDOPEPTIDASE_ACTIVITY",0,"Up",NA,NA
"GOBP_NEGATIVE_REGULATION_OF_METALLOPEPTIDASE_ACTIVITY",0,"Up",NA,NA
"GOBP_NEGATIVE_REGULATION_OF_MHC_CLASS_II_BIOSYNTHETIC_PROCESS",0,"Up",NA,NA
"GOBP_NEGATIVE_REGULATION_OF_MICROGLIAL_CELL_ACTIVATION",0,"Up",NA,NA
"GOBP_NEGATIVE_REGULATION_OF_MIRNA_TRANSCRIPTION",0,"Up",NA,NA
"GOBP_NEGATIVE_REGULATION_OF_MONOCYTE_CHEMOTACTIC_PROTEIN_1_PRODUCTION",0,"Up",NA,NA
"GOBP_NEGATIVE_REGULATION_OF_MONOCYTE_CHEMOTAXIS",0,"Up",NA,NA
"GOBP_NEGATIVE_REGULATION_OF_MONOCYTE_DIFFERENTIATION",0,"Up",NA,NA
"GOBP_NEGATIVE_REGULATION_OF_MONOOXYGENASE_ACTIVITY",0,"Up",NA,NA
"GOBP_NEGATIVE_REGULATION_OF_MORPHOGENESIS_OF_AN_EPITHELIUM",0,"Up",NA,NA
"GOBP_NEGATIVE_REGULATION_OF_MRNA_3_END_PROCESSING",0,"Up",NA,NA
"GOBP_NEGATIVE_REGULATION_OF_MRNA_PROCESSING",0,"Up",NA,NA
"GOBP_NEGATIVE_REGULATION_OF_MRNA_SPLICING_VIA_SPLICEOSOME",0,"Up",NA,NA
"GOBP_NEGATIVE_REGULATION_OF_MULTICELLULAR_ORGANISM_GROWTH",0,"Up",NA,NA
"GOBP_NEGATIVE_REGULATION_OF_MUSCLE_ADAPTATION",0,"Up",NA,NA
"GOBP_NEGATIVE_REGULATION_OF_MUSCLE_CELL_DIFFERENTIATION",0,"Up",NA,NA
"GOBP_NEGATIVE_REGULATION_OF_MYELINATION",0,"Up",NA,NA
"GOBP_NEGATIVE_REGULATION_OF_MYELOID_CELL_APOPTOTIC_PROCESS",0,"Up",NA,NA
"GOBP_NEGATIVE_REGULATION_OF_MYELOID_LEUKOCYTE_MEDIATED_IMMUNITY",0,"Up",NA,NA
"GOBP_NEGATIVE_REGULATION_OF_MYOBLAST_DIFFERENTIATION",0,"Up",NA,NA
"GOBP_NEGATIVE_REGULATION_OF_MYOBLAST_PROLIFERATION",0,"Up",NA,NA
"GOBP_NEGATIVE_REGULATION_OF_MYOSIN_LIGHT_CHAIN_PHOSPHATASE_ACTIVITY",0,"Up",NA,NA
"GOBP_NEGATIVE_REGULATION_OF_MYOTUBE_DIFFERENTIATION",0,"Up",NA,NA
"GOBP_NEGATIVE_REGULATION_OF_NATURAL_KILLER_CELL_ACTIVATION",0,"Up",NA,NA
"GOBP_NEGATIVE_REGULATION_OF_NATURAL_KILLER_CELL_MEDIATED_IMMUNITY",0,"Up",NA,NA
"GOBP_NEGATIVE_REGULATION_OF_NERVOUS_SYSTEM_PROCESS",0,"Up",NA,NA
"GOBP_NEGATIVE_REGULATION_OF_NEUROBLAST_PROLIFERATION",0,"Up",NA,NA
"GOBP_NEGATIVE_REGULATION_OF_NEUROINFLAMMATORY_RESPONSE",0,"Up",NA,NA
"GOBP_NEGATIVE_REGULATION_OF_NEURON_PROJECTION_REGENERATION",0,"Up",NA,NA
"GOBP_NEGATIVE_REGULATION_OF_NEUROTRANSMITTER_SECRETION",0,"Up",NA,NA
"GOBP_NEGATIVE_REGULATION_OF_NEUROTRANSMITTER_TRANSPORT",0,"Up",NA,NA
"GOBP_NEGATIVE_REGULATION_OF_NEUTROPHIL_ACTIVATION",0,"Up",NA,NA
"GOBP_NEGATIVE_REGULATION_OF_NEUTROPHIL_MIGRATION",0,"Up",NA,NA
"GOBP_NEGATIVE_REGULATION_OF_NITRIC_OXIDE_METABOLIC_PROCESS",0,"Up",NA,NA
"GOBP_NEGATIVE_REGULATION_OF_NITRIC_OXIDE_SYNTHASE_ACTIVITY",0,"Up",NA,NA
"GOBP_NEGATIVE_REGULATION_OF_NLRP3_INFLAMMASOME_COMPLEX_ASSEMBLY",0,"Up",NA,NA
"GOBP_NEGATIVE_REGULATION_OF_NODAL_SIGNALING_PATHWAY",0,"Up",NA,NA
"GOBP_NEGATIVE_REGULATION_OF_NON_CANONICAL_WNT_SIGNALING_PATHWAY",0,"Up",NA,NA
"GOBP_NEGATIVE_REGULATION_OF_NOREPINEPHRINE_SECRETION",0,"Up",NA,NA
"GOBP_NEGATIVE_REGULATION_OF_NOTCH_SIGNALING_PATHWAY",0,"Up",NA,NA
"GOBP_NEGATIVE_REGULATION_OF_NUCLEAR_TRANSCRIBED_MRNA_CATABOLIC_PROCESS_NONSENSE_MEDIATED_DECAY",0,"Up",NA,NA
"GOBP_NEGATIVE_REGULATION_OF_NUCLEASE_ACTIVITY",0,"Up",NA,NA
"GOBP_NEGATIVE_REGULATION_OF_NUCLEOTIDE_BIOSYNTHETIC_PROCESS",0,"Up",NA,NA
"GOBP_NEGATIVE_REGULATION_OF_OLIGODENDROCYTE_DIFFERENTIATION",0,"Up",NA,NA
"GOBP_NEGATIVE_REGULATION_OF_ORGAN_GROWTH",0,"Up",NA,NA
"GOBP_NEGATIVE_REGULATION_OF_OSTEOBLAST_DIFFERENTIATION",0,"Up",NA,NA
"GOBP_NEGATIVE_REGULATION_OF_OSTEOBLAST_PROLIFERATION",0,"Up",NA,NA
"GOBP_NEGATIVE_REGULATION_OF_OXIDATIVE_PHOSPHORYLATION",0,"Up",NA,NA
"GOBP_NEGATIVE_REGULATION_OF_OXIDOREDUCTASE_ACTIVITY",0,"Up",NA,NA
"GOBP_NEGATIVE_REGULATION_OF_PATHWAY_RESTRICTED_SMAD_PROTEIN_PHOSPHORYLATION",0,"Up",NA,NA
"GOBP_NEGATIVE_REGULATION_OF_PERK_MEDIATED_UNFOLDED_PROTEIN_RESPONSE",0,"Up",NA,NA
"GOBP_NEGATIVE_REGULATION_OF_PHAGOCYTOSIS",0,"Up",NA,NA
"GOBP_NEGATIVE_REGULATION_OF_PHOSPHATIDYLINOSITOL_3_KINASE_ACTIVITY",0,"Up",NA,NA
"GOBP_NEGATIVE_REGULATION_OF_PHOSPHATIDYLINOSITOL_3_KINASE_SIGNALING",0,"Up",NA,NA
"GOBP_NEGATIVE_REGULATION_OF_PHOSPHOLIPASE_ACTIVITY",0,"Up",NA,NA
"GOBP_NEGATIVE_REGULATION_OF_PLASMINOGEN_ACTIVATION",0,"Up",NA,NA
"GOBP_NEGATIVE_REGULATION_OF_PROSTAGLANDIN_BIOSYNTHETIC_PROCESS",0,"Up",NA,NA
"GOBP_NEGATIVE_REGULATION_OF_PROTEIN_EXIT_FROM_ENDOPLASMIC_RETICULUM",0,"Up",NA,NA
"GOBP_NEGATIVE_REGULATION_OF_PROTEIN_KINASE_ACTIVITY_BY_REGULATION_OF_PROTEIN_PHOSPHORYLATION",0,"Up",NA,NA
"GOBP_NEGATIVE_REGULATION_OF_PROTEIN_KINASE_B_SIGNALING",0,"Up",NA,NA
"GOBP_NEGATIVE_REGULATION_OF_PROTEIN_MATURATION",0,"Up",NA,NA
"GOBP_NEGATIVE_REGULATION_OF_RECEPTOR_BINDING",0,"Up",NA,NA
"GOBP_NEGATIVE_REGULATION_OF_RECEPTOR_RECYCLING",0,"Up",NA,NA
"GOBP_NEGATIVE_REGULATION_OF_REGULATORY_T_CELL_DIFFERENTIATION",0,"Up",NA,NA
"GOBP_NEGATIVE_REGULATION_OF_RELEASE_OF_CYTOCHROME_C_FROM_MITOCHONDRIA",0,"Up",NA,NA
"GOBP_NEGATIVE_REGULATION_OF_RESPIRATORY_BURST",0,"Up",NA,NA
"GOBP_NEGATIVE_REGULATION_OF_RESPIRATORY_BURST_INVOLVED_IN_INFLAMMATORY_RESPONSE",0,"Up",NA,NA
"GOBP_NEGATIVE_REGULATION_OF_RESPONSE_TO_FOOD",0,"Up",NA,NA
"GOBP_NEGATIVE_REGULATION_OF_RESPONSE_TO_INTERFERON_GAMMA",0,"Up",NA,NA
"GOBP_NEGATIVE_REGULATION_OF_RETINOIC_ACID_RECEPTOR_SIGNALING_PATHWAY",0,"Up",NA,NA
"GOBP_NEGATIVE_REGULATION_OF_RIBOSOME_BIOGENESIS",0,"Up",NA,NA
"GOBP_NEGATIVE_REGULATION_OF_RIG_I_SIGNALING_PATHWAY",0,"Up",NA,NA
"GOBP_NEGATIVE_REGULATION_OF_RNA_POLYMERASE_II_REGULATORY_REGION_SEQUENCE_SPECIFIC_DNA_BINDING",0,"Up",NA,NA
"GOBP_NEGATIVE_REGULATION_OF_RNA_SPLICING",0,"Up",NA,NA
"GOBP_NEGATIVE_REGULATION_OF_RUFFLE_ASSEMBLY",0,"Up",NA,NA
"GOBP_NEGATIVE_REGULATION_OF_SCHWANN_CELL_PROLIFERATION",0,"Up",NA,NA
"GOBP_NEGATIVE_REGULATION_OF_SECONDARY_METABOLITE_BIOSYNTHETIC_PROCESS",0,"Up",NA,NA
"GOBP_NEGATIVE_REGULATION_OF_SEQUESTERING_OF_TRIGLYCERIDE",0,"Up",NA,NA
"GOBP_NEGATIVE_REGULATION_OF_SEROTONIN_SECRETION",0,"Up",NA,NA
"GOBP_NEGATIVE_REGULATION_OF_SIGNAL_TRANSDUCTION_IN_ABSENCE_OF_LIGAND",0,"Up",NA,NA
"GOBP_NEGATIVE_REGULATION_OF_SIGNALING_RECEPTOR_ACTIVITY",0,"Up",NA,NA
"GOBP_NEGATIVE_REGULATION_OF_SINGLE_STRANDED_VIRAL_RNA_REPLICATION_VIA_DOUBLE_STRANDED_DNA_INTERMEDIATE",0,"Up",NA,NA
"GOBP_NEGATIVE_REGULATION_OF_SISTER_CHROMATID_COHESION",0,"Up",NA,NA
"GOBP_NEGATIVE_REGULATION_OF_SKELETAL_MUSCLE_CELL_DIFFERENTIATION",0,"Up",NA,NA
"GOBP_NEGATIVE_REGULATION_OF_SMAD_PROTEIN_COMPLEX_ASSEMBLY",0,"Up",NA,NA
"GOBP_NEGATIVE_REGULATION_OF_SMAD_PROTEIN_SIGNAL_TRANSDUCTION",0,"Up",NA,NA
"GOBP_NEGATIVE_REGULATION_OF_SMOOTH_MUSCLE_CELL_APOPTOTIC_PROCESS",0,"Up",NA,NA
"GOBP_NEGATIVE_REGULATION_OF_SMOOTH_MUSCLE_CELL_DIFFERENTIATION",0,"Up",NA,NA
"GOBP_NEGATIVE_REGULATION_OF_SMOOTHENED_SIGNALING_PATHWAY",0,"Up",NA,NA
"GOBP_NEGATIVE_REGULATION_OF_SMOOTHENED_SIGNALING_PATHWAY_INVOLVED_IN_DORSAL_VENTRAL_NEURAL_TUBE_PATTERNING",0,"Up",NA,NA
"GOBP_NEGATIVE_REGULATION_OF_SOMATIC_STEM_CELL_POPULATION_MAINTENANCE",0,"Up",NA,NA
"GOBP_NEGATIVE_REGULATION_OF_SPHINGOLIPID_BIOSYNTHETIC_PROCESS",0,"Up",NA,NA
"GOBP_NEGATIVE_REGULATION_OF_STEM_CELL_POPULATION_MAINTENANCE",0,"Up",NA,NA
"GOBP_NEGATIVE_REGULATION_OF_STEM_CELL_PROLIFERATION",0,"Up",NA,NA
"GOBP_NEGATIVE_REGULATION_OF_STEROL_TRANSPORT",0,"Up",NA,NA
"GOBP_NEGATIVE_REGULATION_OF_STRIATED_MUSCLE_CELL_DIFFERENTIATION",0,"Up",NA,NA
"GOBP_NEGATIVE_REGULATION_OF_SYNAPSE_ASSEMBLY",0,"Up",NA,NA
"GOBP_NEGATIVE_REGULATION_OF_SYNAPSE_ORGANIZATION",0,"Up",NA,NA
"GOBP_NEGATIVE_REGULATION_OF_SYNAPTIC_TRANSMISSION_GLUTAMATERGIC",0,"Up",NA,NA
"GOBP_NEGATIVE_REGULATION_OF_SYNAPTIC_VESICLE_EXOCYTOSIS",0,"Up",NA,NA
"GOBP_NEGATIVE_REGULATION_OF_SYNCYTIUM_FORMATION_BY_PLASMA_MEMBRANE_FUSION",0,"Up",NA,NA
"GOBP_NEGATIVE_REGULATION_OF_T_CELL_CYTOKINE_PRODUCTION",0,"Up",NA,NA
"GOBP_NEGATIVE_REGULATION_OF_T_CELL_DIFFERENTIATION",0,"Up",NA,NA
"GOBP_NEGATIVE_REGULATION_OF_T_CELL_DIFFERENTIATION_IN_THYMUS",0,"Up",NA,NA
"GOBP_NEGATIVE_REGULATION_OF_T_CELL_MEDIATED_CYTOTOXICITY",0,"Up",NA,NA
"GOBP_NEGATIVE_REGULATION_OF_T_CELL_MEDIATED_IMMUNITY",0,"Up",NA,NA
"GOBP_NEGATIVE_REGULATION_OF_T_CELL_MIGRATION",0,"Up",NA,NA
"GOBP_NEGATIVE_REGULATION_OF_T_HELPER_1_TYPE_IMMUNE_RESPONSE",0,"Up",NA,NA
"GOBP_NEGATIVE_REGULATION_OF_T_HELPER_17_TYPE_IMMUNE_RESPONSE",0,"Up",NA,NA
"GOBP_NEGATIVE_REGULATION_OF_T_HELPER_CELL_DIFFERENTIATION",0,"Up",NA,NA
"GOBP_NEGATIVE_REGULATION_OF_TELOMERASE_ACTIVITY",0,"Up",NA,NA
"GOBP_NEGATIVE_REGULATION_OF_TELOMERE_MAINTENANCE_VIA_TELOMERASE",0,"Up",NA,NA
"GOBP_NEGATIVE_REGULATION_OF_TELOMERE_MAINTENANCE_VIA_TELOMERE_LENGTHENING",0,"Up",NA,NA
"GOBP_NEGATIVE_REGULATION_OF_THYMOCYTE_APOPTOTIC_PROCESS",0,"Up",NA,NA
"GOBP_NEGATIVE_REGULATION_OF_TOLL_LIKE_RECEPTOR_2_SIGNALING_PATHWAY",0,"Up",NA,NA
"GOBP_NEGATIVE_REGULATION_OF_TOLL_LIKE_RECEPTOR_4_SIGNALING_PATHWAY",0,"Up",NA,NA
"GOBP_NEGATIVE_REGULATION_OF_TOLL_LIKE_RECEPTOR_SIGNALING_PATHWAY",0,"Up",NA,NA
"GOBP_NEGATIVE_REGULATION_OF_TORC1_SIGNALING",0,"Up",NA,NA
"GOBP_NEGATIVE_REGULATION_OF_TRANSCRIPTION_BY_RNA_POLYMERASE_I",0,"Up",NA,NA
"GOBP_NEGATIVE_REGULATION_OF_TRANSCRIPTION_INITIATION_FROM_RNA_POLYMERASE_II_PROMOTER",0,"Up",NA,NA
"GOBP_NEGATIVE_REGULATION_OF_TRANSCRIPTION_REGULATORY_REGION_DNA_BINDING",0,"Up",NA,NA
"GOBP_NEGATIVE_REGULATION_OF_TRANSLATIONAL_ELONGATION",0,"Up",NA,NA
"GOBP_NEGATIVE_REGULATION_OF_TRANSMISSION_OF_NERVE_IMPULSE",0,"Up",NA,NA
"GOBP_NEGATIVE_REGULATION_OF_TRIGLYCERIDE_BIOSYNTHETIC_PROCESS",0,"Up",NA,NA
"GOBP_NEGATIVE_REGULATION_OF_TRIGLYCERIDE_CATABOLIC_PROCESS",0,"Up",NA,NA
"GOBP_NEGATIVE_REGULATION_OF_TRIGLYCERIDE_METABOLIC_PROCESS",0,"Up",NA,NA
"GOBP_NEGATIVE_REGULATION_OF_TROPHOBLAST_CELL_MIGRATION",0,"Up",NA,NA
"GOBP_NEGATIVE_REGULATION_OF_TUMOR_NECROSIS_FACTOR_MEDIATED_SIGNALING_PATHWAY",0,"Up",NA,NA
"GOBP_NEGATIVE_REGULATION_OF_TUMOR_NECROSIS_FACTOR_SUPERFAMILY_CYTOKINE_PRODUCTION",0,"Up",NA,NA
"GOBP_NEGATIVE_REGULATION_OF_TYPE_B_PANCREATIC_CELL_APOPTOTIC_PROCESS",0,"Up",NA,NA
"GOBP_NEGATIVE_REGULATION_OF_TYPE_I_INTERFERON_MEDIATED_SIGNALING_PATHWAY",0,"Up",NA,NA
"GOBP_NEGATIVE_REGULATION_OF_TYROSINE_PHOSPHORYLATION_OF_STAT_PROTEIN",0,"Up",NA,NA
"GOBP_NEGATIVE_REGULATION_OF_URINE_VOLUME",0,"Up",NA,NA
"GOBP_NEGATIVE_REGULATION_OF_VASCULAR_ASSOCIATED_SMOOTH_MUSCLE_CELL_APOPTOTIC_PROCESS",0,"Up",NA,NA
"GOBP_NEGATIVE_REGULATION_OF_VASCULAR_ASSOCIATED_SMOOTH_MUSCLE_CELL_DIFFERENTIATION",0,"Up",NA,NA
"GOBP_NEGATIVE_REGULATION_OF_VASCULAR_ENDOTHELIAL_CELL_PROLIFERATION",0,"Up",NA,NA
"GOBP_NEGATIVE_REGULATION_OF_VASCULAR_ENDOTHELIAL_GROWTH_FACTOR_PRODUCTION",0,"Up",NA,NA
"GOBP_NEGATIVE_REGULATION_OF_VASOCONSTRICTION",0,"Up",NA,NA
"GOBP_NEGATIVE_REGULATION_OF_VIRAL_ENTRY_INTO_HOST_CELL",0,"Up",NA,NA
"GOBP_NEGATIVE_REGULATION_OF_VIRAL_GENOME_REPLICATION",0,"Up",NA,NA
"GOBP_NEGATIVE_REGULATION_OF_VIRAL_INDUCED_CYTOPLASMIC_PATTERN_RECOGNITION_RECEPTOR_SIGNALING_PATHWAY",0,"Up",NA,NA
"GOBP_NEGATIVE_REGULATION_OF_VIRAL_LIFE_CYCLE",0,"Up",NA,NA
"GOBP_NEGATIVE_REGULATION_OF_VIRAL_PROCESS",0,"Up",NA,NA
"GOBP_NEGATIVE_REGULATION_OF_VIRAL_TRANSCRIPTION",0,"Up",NA,NA
"GOBP_NEGATIVE_REGULATION_OF_VITAMIN_D_BIOSYNTHETIC_PROCESS",0,"Up",NA,NA
"GOBP_NEGATIVE_REGULATION_OF_VITAMIN_METABOLIC_PROCESS",0,"Up",NA,NA
"GOBP_NEGATIVE_REGULATION_OF_WNT_SIGNALING_PATHWAY_INVOLVED_IN_HEART_DEVELOPMENT",0,"Up",NA,NA
"GOBP_NEGATIVE_T_CELL_SELECTION",0,"Up",NA,NA
"GOBP_NEPHRIC_DUCT_DEVELOPMENT",0,"Up",NA,NA
"GOBP_NEPHRIC_DUCT_FORMATION",0,"Up",NA,NA
"GOBP_NEPHRIC_DUCT_MORPHOGENESIS",0,"Up",NA,NA
"GOBP_NEPHRON_MORPHOGENESIS",0,"Up",NA,NA
"GOBP_NEPHRON_TUBULE_FORMATION",0,"Up",NA,NA
"GOBP_NERVOUS_SYSTEM_PROCESS_INVOLVED_IN_REGULATION_OF_SYSTEMIC_ARTERIAL_BLOOD_PRESSURE",0,"Up",NA,NA
"GOBP_NEURAL_CREST_CELL_FATE_COMMITMENT",0,"Up",NA,NA
"GOBP_NEURAL_PLATE_DEVELOPMENT",0,"Up",NA,NA
"GOBP_NEURAL_PLATE_MORPHOGENESIS",0,"Up",NA,NA
"GOBP_NEURAL_PLATE_PATTERN_SPECIFICATION",0,"Up",NA,NA
"GOBP_NEURAL_PLATE_REGIONALIZATION",0,"Up",NA,NA
"GOBP_NEUROBLAST_DIFFERENTIATION",0,"Up",NA,NA
"GOBP_NEUROENDOCRINE_CELL_DIFFERENTIATION",0,"Up",NA,NA
"GOBP_NEUROMUSCULAR_PROCESS_CONTROLLING_POSTURE",0,"Up",NA,NA
"GOBP_NEURON_CELL_CELL_ADHESION",0,"Up",NA,NA
"GOBP_NEURON_FATE_COMMITMENT",0,"Up",NA,NA
"GOBP_NEURON_FATE_DETERMINATION",0,"Up",NA,NA
"GOBP_NEURON_FATE_SPECIFICATION",0,"Up",NA,NA
"GOBP_NEURON_PROJECTION_ARBORIZATION",0,"Up",NA,NA
"GOBP_NEURON_PROJECTION_EXTENSION_INVOLVED_IN_NEURON_PROJECTION_GUIDANCE",0,"Up",NA,NA
"GOBP_NEURONAL_ACTION_POTENTIAL_PROPAGATION",0,"Up",NA,NA
"GOBP_NEURONAL_ION_CHANNEL_CLUSTERING",0,"Up",NA,NA
"GOBP_NEURONAL_SIGNAL_TRANSDUCTION",0,"Up",NA,NA
"GOBP_NEURONAL_STEM_CELL_POPULATION_MAINTENANCE",0,"Up",NA,NA
"GOBP_NEUROPEPTIDE_SIGNALING_PATHWAY",0,"Up",NA,NA
"GOBP_NEUROTRANSMITTER_BIOSYNTHETIC_PROCESS",0,"Up",NA,NA
"GOBP_NEUROTRANSMITTER_CATABOLIC_PROCESS",0,"Up",NA,NA
"GOBP_NEUROTRANSMITTER_LOADING_INTO_SYNAPTIC_VESICLE",0,"Up",NA,NA
"GOBP_NEUROTRANSMITTER_METABOLIC_PROCESS",0,"Up",NA,NA
"GOBP_NEUROTRANSMITTER_RECEPTOR_LOCALIZATION_TO_POSTSYNAPTIC_SPECIALIZATION_MEMBRANE",0,"Up",NA,NA
"GOBP_NEUROTROPHIN_PRODUCTION",0,"Up",NA,NA
"GOBP_NEUTRAL_AMINO_ACID_TRANSPORT",0,"Up",NA,NA
"GOBP_NEUTROPHIL_ACTIVATION_INVOLVED_IN_IMMUNE_RESPONSE",0,"Up",NA,NA
"GOBP_NEUTROPHIL_APOPTOTIC_PROCESS",0,"Up",NA,NA
"GOBP_NEUTROPHIL_CLEARANCE",0,"Up",NA,NA
"GOBP_NEUTROPHIL_DEGRANULATION",0,"Up",NA,NA
"GOBP_NEUTROPHIL_DIFFERENTIATION",0,"Up",NA,NA
"GOBP_NEUTROPHIL_EXTRAVASATION",0,"Up",NA,NA
"GOBP_NEUTROPHIL_HOMEOSTASIS",0,"Up",NA,NA
"GOBP_NEUTROPHIL_MEDIATED_CYTOTOXICITY",0,"Up",NA,NA
"GOBP_NEUTROPHIL_MEDIATED_IMMUNITY",0,"Up",NA,NA
"GOBP_NEUTROPHIL_MEDIATED_KILLING_OF_GRAM_NEGATIVE_BACTERIUM",0,"Up",NA,NA
"GOBP_NEUTROPHIL_MEDIATED_KILLING_OF_SYMBIONT_CELL",0,"Up",NA,NA
"GOBP_NITRIC_OXIDE_MEDIATED_SIGNAL_TRANSDUCTION",0,"Up",NA,NA
"GOBP_NITROGEN_UTILIZATION",0,"Up",NA,NA
"GOBP_NK_T_CELL_PROLIFERATION",0,"Up",NA,NA
"GOBP_NODAL_SIGNALING_PATHWAY",0,"Up",NA,NA
"GOBP_NON_CANONICAL_WNT_SIGNALING_PATHWAY_VIA_MAPK_CASCADE",0,"Up",NA,NA
"GOBP_NONRIBOSOMAL_PEPTIDE_BIOSYNTHETIC_PROCESS",0,"Up",NA,NA
"GOBP_NORADRENERGIC_NEURON_DEVELOPMENT",0,"Up",NA,NA
"GOBP_NORADRENERGIC_NEURON_DIFFERENTIATION",0,"Up",NA,NA
"GOBP_NOREPINEPHRINE_BIOSYNTHETIC_PROCESS",0,"Up",NA,NA
"GOBP_NOREPINEPHRINE_METABOLIC_PROCESS",0,"Up",NA,NA
"GOBP_NOREPINEPHRINE_SECRETION",0,"Up",NA,NA
"GOBP_NOSE_DEVELOPMENT",0,"Up",NA,NA
"GOBP_NOTCH_RECEPTOR_PROCESSING",0,"Up",NA,NA
"GOBP_NOTCH_SIGNALING_INVOLVED_IN_HEART_DEVELOPMENT",0,"Up",NA,NA
"GOBP_NOTOCHORD_DEVELOPMENT",0,"Up",NA,NA
"GOBP_NOTOCHORD_MORPHOGENESIS",0,"Up",NA,NA
"GOBP_NUCLEAR_BODY_ORGANIZATION",0,"Up",NA,NA
"GOBP_NUCLEAR_NCRNA_SURVEILLANCE",0,"Up",NA,NA
"GOBP_NUCLEAR_TRANSCRIBED_MRNA_CATABOLIC_PROCESS_DEADENYLATION_INDEPENDENT_DECAY",0,"Up",NA,NA
"GOBP_NUCLEAR_TRANSCRIBED_MRNA_CATABOLIC_PROCESS_NONSENSE_MEDIATED_DECAY",0,"Up",NA,NA
"GOBP_NUCLEAR_TRANSCRIBED_MRNA_POLY_A_TAIL_SHORTENING",0,"Up",NA,NA
"GOBP_NUCLEOBASE_CONTAINING_SMALL_MOLECULE_BIOSYNTHETIC_PROCESS",0,"Up",NA,NA
"GOBP_NUCLEOBASE_CONTAINING_SMALL_MOLECULE_CATABOLIC_PROCESS",0,"Up",NA,NA
"GOBP_NUCLEOLAR_CHROMATIN_ORGANIZATION",0,"Up",NA,NA
"GOBP_NUCLEOSIDE_BISPHOSPHATE_CATABOLIC_PROCESS",0,"Up",NA,NA
"GOBP_NUCLEOSIDE_CATABOLIC_PROCESS",0,"Up",NA,NA
"GOBP_NUCLEOSIDE_METABOLIC_PROCESS",0,"Up",NA,NA
"GOBP_NUCLEOSIDE_MONOPHOSPHATE_CATABOLIC_PROCESS",0,"Up",NA,NA
"GOBP_NUCLEOSIDE_SALVAGE",0,"Up",NA,NA
"GOBP_NUCLEOSIDE_TRANSMEMBRANE_TRANSPORT",0,"Up",NA,NA
"GOBP_NUCLEOSIDE_TRANSPORT",0,"Up",NA,NA
"GOBP_NUCLEOSIDE_TRIPHOSPHATE_CATABOLIC_PROCESS",0,"Up",NA,NA
"GOBP_NUCLEOSOME_POSITIONING",0,"Up",NA,NA
"GOBP_NUCLEOTIDE_BINDING_OLIGOMERIZATION_DOMAIN_CONTAINING_1_SIGNALING_PATHWAY",0,"Up",NA,NA
"GOBP_NUCLEOTIDE_BINDING_OLIGOMERIZATION_DOMAIN_CONTAINING_2_SIGNALING_PATHWAY",0,"Up",NA,NA
"GOBP_NUCLEOTIDE_EXCISION_REPAIR_DNA_GAP_FILLING",0,"Up",NA,NA
"GOBP_NUCLEOTIDE_EXCISION_REPAIR_DNA_INCISION",0,"Up",NA,NA
"GOBP_NUCLEOTIDE_SUGAR_TRANSMEMBRANE_TRANSPORT",0,"Up",NA,NA
"GOBP_O_GLYCAN_PROCESSING",0,"Up",NA,NA
"GOBP_OBSERVATIONAL_LEARNING",0,"Up",NA,NA
"GOBP_OLEFINIC_COMPOUND_BIOSYNTHETIC_PROCESS",0,"Up",NA,NA
"GOBP_OLFACTORY_BEHAVIOR",0,"Up",NA,NA
"GOBP_OLFACTORY_BULB_INTERNEURON_DEVELOPMENT",0,"Up",NA,NA
"GOBP_OLFACTORY_BULB_INTERNEURON_DIFFERENTIATION",0,"Up",NA,NA
"GOBP_OLFACTORY_LOBE_DEVELOPMENT",0,"Up",NA,NA
"GOBP_OLFACTORY_NERVE_DEVELOPMENT",0,"Up",NA,NA
"GOBP_OLIGODENDROCYTE_PROGENITOR_PROLIFERATION",0,"Up",NA,NA
"GOBP_OLIGOPEPTIDE_IMPORT_ACROSS_PLASMA_MEMBRANE",0,"Up",NA,NA
"GOBP_OLIGOPEPTIDE_TRANSPORT",0,"Up",NA,NA
"GOBP_OLIGOSACCHARIDE_BIOSYNTHETIC_PROCESS",0,"Up",NA,NA
"GOBP_OLIGOSACCHARIDE_CATABOLIC_PROCESS",0,"Up",NA,NA
"GOBP_OLIGOSACCHARIDE_LIPID_INTERMEDIATE_BIOSYNTHETIC_PROCESS",0,"Up",NA,NA
"GOBP_OLIGOSACCHARIDE_METABOLIC_PROCESS",0,"Up",NA,NA
"GOBP_OMEGA_HYDROXYLASE_P450_PATHWAY",0,"Up",NA,NA
"GOBP_ONE_CARBON_METABOLIC_PROCESS",0,"Up",NA,NA
"GOBP_OOCYTE_CONSTRUCTION",0,"Up",NA,NA
"GOBP_OOCYTE_DIFFERENTIATION",0,"Up",NA,NA
"GOBP_OOCYTE_MATURATION",0,"Up",NA,NA
"GOBP_OPTIC_CUP_MORPHOGENESIS_INVOLVED_IN_CAMERA_TYPE_EYE_DEVELOPMENT",0,"Up",NA,NA
"GOBP_ORGAN_INDUCTION",0,"Up",NA,NA
"GOBP_ORGANIC_CATION_TRANSPORT",0,"Up",NA,NA
"GOBP_ORNITHINE_METABOLIC_PROCESS",0,"Up",NA,NA
"GOBP_ORNITHINE_TRANSPORT",0,"Up",NA,NA
"GOBP_OSSIFICATION_INVOLVED_IN_BONE_REMODELING",0,"Up",NA,NA
"GOBP_OSTEOBLAST_PROLIFERATION",0,"Up",NA,NA
"GOBP_OSTEOCLAST_FUSION",0,"Up",NA,NA
"GOBP_OSTEOCLAST_PROLIFERATION",0,"Up",NA,NA
"GOBP_OTIC_VESICLE_DEVELOPMENT",0,"Up",NA,NA
"GOBP_OTIC_VESICLE_FORMATION",0,"Up",NA,NA
"GOBP_OTIC_VESICLE_MORPHOGENESIS",0,"Up",NA,NA
"GOBP_OTOLITH_DEVELOPMENT",0,"Up",NA,NA
"GOBP_OUTER_DYNEIN_ARM_ASSEMBLY",0,"Up",NA,NA
"GOBP_OUTER_MITOCHONDRIAL_MEMBRANE_ORGANIZATION",0,"Up",NA,NA
"GOBP_OUTFLOW_TRACT_SEPTUM_MORPHOGENESIS",0,"Up",NA,NA
"GOBP_OVARIAN_FOLLICLE_DEVELOPMENT",0,"Up",NA,NA
"GOBP_OVULATION",0,"Up",NA,NA
"GOBP_OVULATION_CYCLE_PROCESS",0,"Up",NA,NA
"GOBP_OVULATION_FROM_OVARIAN_FOLLICLE",0,"Up",NA,NA
"GOBP_OXALATE_TRANSPORT",0,"Up",NA,NA
"GOBP_OXALOACETATE_TRANSPORT",0,"Up",NA,NA
"GOBP_OXYGEN_HOMEOSTASIS",0,"Up",NA,NA
"GOBP_OXYGEN_METABOLIC_PROCESS",0,"Up",NA,NA
"GOBP_OXYGEN_TRANSPORT",0,"Up",NA,NA
"GOBP_PANCREATIC_A_CELL_DIFFERENTIATION",0,"Up",NA,NA
"GOBP_PANTOTHENATE_METABOLIC_PROCESS",0,"Up",NA,NA
"GOBP_PARACRINE_SIGNALING",0,"Up",NA,NA
"GOBP_PARASYMPATHETIC_NERVOUS_SYSTEM_DEVELOPMENT",0,"Up",NA,NA
"GOBP_PARATHYROID_GLAND_DEVELOPMENT",0,"Up",NA,NA
"GOBP_PARENTAL_BEHAVIOR",0,"Up",NA,NA
"GOBP_PARTURITION",0,"Up",NA,NA
"GOBP_PATTERN_SPECIFICATION_INVOLVED_IN_KIDNEY_DEVELOPMENT",0,"Up",NA,NA
"GOBP_PENETRATION_OF_ZONA_PELLUCIDA",0,"Up",NA,NA
"GOBP_PENILE_ERECTION",0,"Up",NA,NA
"GOBP_PENTOSE_PHOSPHATE_SHUNT_NON_OXIDATIVE_BRANCH",0,"Up",NA,NA
"GOBP_PEPTIDE_ANTIGEN_ASSEMBLY_WITH_MHC_CLASS_II_PROTEIN_COMPLEX",0,"Up",NA,NA
"GOBP_PEPTIDE_ANTIGEN_ASSEMBLY_WITH_MHC_PROTEIN_COMPLEX",0,"Up",NA,NA
"GOBP_PEPTIDE_CATABOLIC_PROCESS",0,"Up",NA,NA
"GOBP_PEPTIDE_CROSS_LINKING_VIA_CHONDROITIN_4_SULFATE_GLYCOSAMINOGLYCAN",0,"Up",NA,NA
"GOBP_PEPTIDE_MODIFICATION",0,"Up",NA,NA
"GOBP_PEPTIDOGLYCAN_METABOLIC_PROCESS",0,"Up",NA,NA
"GOBP_PEPTIDYL_ASPARAGINE_MODIFICATION",0,"Up",NA,NA
"GOBP_PEPTIDYL_DIPHTHAMIDE_BIOSYNTHETIC_PROCESS_FROM_PEPTIDYL_HISTIDINE",0,"Up",NA,NA
"GOBP_PEPTIDYL_GLUTAMIC_ACID_MODIFICATION",0,"Up",NA,NA
"GOBP_PEPTIDYL_GLUTAMINE_METHYLATION",0,"Up",NA,NA
"GOBP_PEPTIDYL_HISTIDINE_MODIFICATION",0,"Up",NA,NA
"GOBP_PEPTIDYL_L_CYSTEINE_S_PALMITOYLATION",0,"Up",NA,NA
"GOBP_PEPTIDYL_LYSINE_DEACETYLATION",0,"Up",NA,NA
"GOBP_PEPTIDYL_LYSINE_DIMETHYLATION",0,"Up",NA,NA
"GOBP_PEPTIDYL_LYSINE_MONOMETHYLATION",0,"Up",NA,NA
"GOBP_PEPTIDYL_METHIONINE_MODIFICATION",0,"Up",NA,NA
"GOBP_PEPTIDYL_PROLINE_HYDROXYLATION",0,"Up",NA,NA
"GOBP_PEPTIDYL_PROLINE_HYDROXYLATION_TO_4_HYDROXY_L_PROLINE",0,"Up",NA,NA
"GOBP_PEPTIDYL_SERINE_AUTOPHOSPHORYLATION",0,"Up",NA,NA
"GOBP_PERICARDIUM_DEVELOPMENT",0,"Up",NA,NA
"GOBP_PERICARDIUM_MORPHOGENESIS",0,"Up",NA,NA
"GOBP_PERICYTE_CELL_DIFFERENTIATION",0,"Up",NA,NA
"GOBP_PERISTALSIS",0,"Up",NA,NA
"GOBP_PERK_MEDIATED_UNFOLDED_PROTEIN_RESPONSE",0,"Up",NA,NA
"GOBP_PEROXISOME_PROLIFERATOR_ACTIVATED_RECEPTOR_SIGNALING_PATHWAY",0,"Up",NA,NA
"GOBP_PH_ELEVATION",0,"Up",NA,NA
"GOBP_PHAGOSOME_ACIDIFICATION",0,"Up",NA,NA
"GOBP_PHARYNGEAL_ARCH_ARTERY_MORPHOGENESIS",0,"Up",NA,NA
"GOBP_PHARYNGEAL_SYSTEM_DEVELOPMENT",0,"Up",NA,NA
"GOBP_PHASIC_SMOOTH_MUSCLE_CONTRACTION",0,"Up",NA,NA
"GOBP_PHENOL_CONTAINING_COMPOUND_CATABOLIC_PROCESS",0,"Up",NA,NA
"GOBP_PHENOTYPIC_SWITCHING",0,"Up",NA,NA
"GOBP_PHENYLPROPANOID_METABOLIC_PROCESS",0,"Up",NA,NA
"GOBP_PHOSPHATE_ION_TRANSMEMBRANE_TRANSPORT",0,"Up",NA,NA
"GOBP_PHOSPHATE_ION_TRANSPORT",0,"Up",NA,NA
"GOBP_PHOSPHATIDYLCHOLINE_CATABOLIC_PROCESS",0,"Up",NA,NA
"GOBP_PHOSPHATIDYLETHANOLAMINE_ACYL_CHAIN_REMODELING",0,"Up",NA,NA
"GOBP_PHOSPHATIDYLINOSITOL_ACYL_CHAIN_REMODELING",0,"Up",NA,NA
"GOBP_PHOSPHATIDYLSERINE_ACYL_CHAIN_REMODELING",0,"Up",NA,NA
"GOBP_PHOSPHATIDYLSERINE_EXPOSURE_ON_APOPTOTIC_CELL_SURFACE",0,"Up",NA,NA
"GOBP_PHOSPHOLIPASE_C_ACTIVATING_DOPAMINE_RECEPTOR_SIGNALING_PATHWAY",0,"Up",NA,NA
"GOBP_PHOSPHOLIPID_HOMEOSTASIS",0,"Up",NA,NA
"GOBP_PHOTORECEPTOR_CELL_DEVELOPMENT",0,"Up",NA,NA
"GOBP_PHOTORECEPTOR_CELL_OUTER_SEGMENT_ORGANIZATION",0,"Up",NA,NA
"GOBP_PHOTOTRANSDUCTION_VISIBLE_LIGHT",0,"Up",NA,NA
"GOBP_PIGMENT_METABOLIC_PROCESS_INVOLVED_IN_PIGMENTATION",0,"Up",NA,NA
"GOBP_PIRNA_BIOSYNTHETIC_PROCESS",0,"Up",NA,NA
"GOBP_PIRNA_METABOLIC_PROCESS",0,"Up",NA,NA
"GOBP_PITUITARY_GLAND_DEVELOPMENT",0,"Up",NA,NA
"GOBP_PLACENTA_BLOOD_VESSEL_DEVELOPMENT",0,"Up",NA,NA
"GOBP_PLANAR_CELL_POLARITY_PATHWAY_INVOLVED_IN_AXIS_ELONGATION",0,"Up",NA,NA
"GOBP_PLANAR_CELL_POLARITY_PATHWAY_INVOLVED_IN_NEURAL_TUBE_CLOSURE",0,"Up",NA,NA
"GOBP_PLATELET_DENSE_GRANULE_ORGANIZATION",0,"Up",NA,NA
"GOBP_PLATELET_DERIVED_GROWTH_FACTOR_RECEPTOR_ALPHA_SIGNALING_PATHWAY",0,"Up",NA,NA
"GOBP_PML_BODY_ORGANIZATION",0,"Up",NA,NA
"GOBP_POLY_A_PLUS_MRNA_EXPORT_FROM_NUCLEUS",0,"Up",NA,NA
"GOBP_POLY_N_ACETYLLACTOSAMINE_METABOLIC_PROCESS",0,"Up",NA,NA
"GOBP_POLYADENYLATION_DEPENDENT_RNA_CATABOLIC_PROCESS",0,"Up",NA,NA
"GOBP_POLYAMINE_BIOSYNTHETIC_PROCESS",0,"Up",NA,NA
"GOBP_POLYAMINE_METABOLIC_PROCESS",0,"Up",NA,NA
"GOBP_POLYAMINE_TRANSMEMBRANE_TRANSPORT",0,"Up",NA,NA
"GOBP_POLYAMINE_TRANSPORT",0,"Up",NA,NA
"GOBP_POLYKETIDE_METABOLIC_PROCESS",0,"Up",NA,NA
"GOBP_POLYPRENOL_METABOLIC_PROCESS",0,"Up",NA,NA
"GOBP_PONS_DEVELOPMENT",0,"Up",NA,NA
"GOBP_POSITIVE_REGULATION_BY_HOST_OF_VIRAL_GENOME_REPLICATION",0,"Up",NA,NA
"GOBP_POSITIVE_REGULATION_BY_HOST_OF_VIRAL_TRANSCRIPTION",0,"Up",NA,NA
"GOBP_POSITIVE_REGULATION_BY_SYMBIONT_OF_ENTRY_INTO_HOST",0,"Up",NA,NA
"GOBP_POSITIVE_REGULATION_OF_3_UTR_MEDIATED_MRNA_STABILIZATION",0,"Up",NA,NA
"GOBP_POSITIVE_REGULATION_OF_ACROSOME_REACTION",0,"Up",NA,NA
"GOBP_POSITIVE_REGULATION_OF_ACTION_POTENTIAL",0,"Up",NA,NA
"GOBP_POSITIVE_REGULATION_OF_ACTIVATED_T_CELL_PROLIFERATION",0,"Up",NA,NA
"GOBP_POSITIVE_REGULATION_OF_ACTIVATION_OF_JANUS_KINASE_ACTIVITY",0,"Up",NA,NA
"GOBP_POSITIVE_REGULATION_OF_ACTIVIN_RECEPTOR_SIGNALING_PATHWAY",0,"Up",NA,NA
"GOBP_POSITIVE_REGULATION_OF_ADENYLATE_CYCLASE_ACTIVITY",0,"Up",NA,NA
"GOBP_POSITIVE_REGULATION_OF_ADIPOSE_TISSUE_DEVELOPMENT",0,"Up",NA,NA
"GOBP_POSITIVE_REGULATION_OF_ALCOHOL_BIOSYNTHETIC_PROCESS",0,"Up",NA,NA
"GOBP_POSITIVE_REGULATION_OF_ALKALINE_PHOSPHATASE_ACTIVITY",0,"Up",NA,NA
"GOBP_POSITIVE_REGULATION_OF_ALPHA_BETA_T_CELL_PROLIFERATION",0,"Up",NA,NA
"GOBP_POSITIVE_REGULATION_OF_AMPA_RECEPTOR_ACTIVITY",0,"Up",NA,NA
"GOBP_POSITIVE_REGULATION_OF_AMYLOID_BETA_CLEARANCE",0,"Up",NA,NA
"GOBP_POSITIVE_REGULATION_OF_AMYLOID_BETA_FORMATION",0,"Up",NA,NA
"GOBP_POSITIVE_REGULATION_OF_AMYLOID_PRECURSOR_PROTEIN_BIOSYNTHETIC_PROCESS",0,"Up",NA,NA
"GOBP_POSITIVE_REGULATION_OF_ANIMAL_ORGAN_MORPHOGENESIS",0,"Up",NA,NA
"GOBP_POSITIVE_REGULATION_OF_ANOIKIS",0,"Up",NA,NA
"GOBP_POSITIVE_REGULATION_OF_ANTIBACTERIAL_PEPTIDE_PRODUCTION",0,"Up",NA,NA
"GOBP_POSITIVE_REGULATION_OF_ANTIGEN_PROCESSING_AND_PRESENTATION",0,"Up",NA,NA
"GOBP_POSITIVE_REGULATION_OF_ANTIGEN_RECEPTOR_MEDIATED_SIGNALING_PATHWAY",0,"Up",NA,NA
"GOBP_POSITIVE_REGULATION_OF_ANTIMICROBIAL_HUMORAL_RESPONSE",0,"Up",NA,NA
"GOBP_POSITIVE_REGULATION_OF_APOPTOTIC_DNA_FRAGMENTATION",0,"Up",NA,NA
"GOBP_POSITIVE_REGULATION_OF_APOPTOTIC_PROCESS_INVOLVED_IN_DEVELOPMENT",0,"Up",NA,NA
"GOBP_POSITIVE_REGULATION_OF_APOPTOTIC_PROCESS_INVOLVED_IN_MORPHOGENESIS",0,"Up",NA,NA
"GOBP_POSITIVE_REGULATION_OF_ASPARTIC_TYPE_PEPTIDASE_ACTIVITY",0,"Up",NA,NA
"GOBP_POSITIVE_REGULATION_OF_ATP_BIOSYNTHETIC_PROCESS",0,"Up",NA,NA
"GOBP_POSITIVE_REGULATION_OF_ATP_METABOLIC_PROCESS",0,"Up",NA,NA
"GOBP_POSITIVE_REGULATION_OF_AXON_EXTENSION_INVOLVED_IN_AXON_GUIDANCE",0,"Up",NA,NA
"GOBP_POSITIVE_REGULATION_OF_B_CELL_DIFFERENTIATION",0,"Up",NA,NA
"GOBP_POSITIVE_REGULATION_OF_B_CELL_PROLIFERATION",0,"Up",NA,NA
"GOBP_POSITIVE_REGULATION_OF_B_CELL_RECEPTOR_SIGNALING_PATHWAY",0,"Up",NA,NA
"GOBP_POSITIVE_REGULATION_OF_BICELLULAR_TIGHT_JUNCTION_ASSEMBLY",0,"Up",NA,NA
"GOBP_POSITIVE_REGULATION_OF_BLOOD_BRAIN_BARRIER_PERMEABILITY",0,"Up",NA,NA
"GOBP_POSITIVE_REGULATION_OF_BLOOD_PRESSURE_BY_EPINEPHRINE_NOREPINEPHRINE",0,"Up",NA,NA
"GOBP_POSITIVE_REGULATION_OF_BLOOD_VESSEL_REMODELING",0,"Up",NA,NA
"GOBP_POSITIVE_REGULATION_OF_BONE_RESORPTION",0,"Up",NA,NA
"GOBP_POSITIVE_REGULATION_OF_BROWN_FAT_CELL_DIFFERENTIATION",0,"Up",NA,NA
"GOBP_POSITIVE_REGULATION_OF_CALCINEURIN_MEDIATED_SIGNALING",0,"Up",NA,NA
"GOBP_POSITIVE_REGULATION_OF_CALCIUM_MEDIATED_SIGNALING",0,"Up",NA,NA
"GOBP_POSITIVE_REGULATION_OF_CAMP_DEPENDENT_PROTEIN_KINASE_ACTIVITY",0,"Up",NA,NA
"GOBP_POSITIVE_REGULATION_OF_CAMP_MEDIATED_SIGNALING",0,"Up",NA,NA
"GOBP_POSITIVE_REGULATION_OF_CARDIAC_EPITHELIAL_TO_MESENCHYMAL_TRANSITION",0,"Up",NA,NA
"GOBP_POSITIVE_REGULATION_OF_CARDIAC_MUSCLE_CELL_DIFFERENTIATION",0,"Up",NA,NA
"GOBP_POSITIVE_REGULATION_OF_CARDIAC_MUSCLE_CELL_PROLIFERATION",0,"Up",NA,NA
"GOBP_POSITIVE_REGULATION_OF_CARDIAC_MUSCLE_CONTRACTION",0,"Up",NA,NA
"GOBP_POSITIVE_REGULATION_OF_CARDIOBLAST_DIFFERENTIATION",0,"Up",NA,NA
"GOBP_POSITIVE_REGULATION_OF_CARDIOCYTE_DIFFERENTIATION",0,"Up",NA,NA
"GOBP_POSITIVE_REGULATION_OF_CARTILAGE_DEVELOPMENT",0,"Up",NA,NA
"GOBP_POSITIVE_REGULATION_OF_CD4_POSITIVE_ALPHA_BETA_T_CELL_DIFFERENTIATION",0,"Up",NA,NA
"GOBP_POSITIVE_REGULATION_OF_CD4_POSITIVE_ALPHA_BETA_T_CELL_PROLIFERATION",0,"Up",NA,NA
"GOBP_POSITIVE_REGULATION_OF_CD8_POSITIVE_ALPHA_BETA_T_CELL_ACTIVATION",0,"Up",NA,NA
"GOBP_POSITIVE_REGULATION_OF_CD8_POSITIVE_ALPHA_BETA_T_CELL_DIFFERENTIATION",0,"Up",NA,NA
"GOBP_POSITIVE_REGULATION_OF_CELL_ADHESION_MEDIATED_BY_INTEGRIN",0,"Up",NA,NA
"GOBP_POSITIVE_REGULATION_OF_CELL_AGING",0,"Up",NA,NA
"GOBP_POSITIVE_REGULATION_OF_CELL_CELL_ADHESION_MEDIATED_BY_INTEGRIN",0,"Up",NA,NA
"GOBP_POSITIVE_REGULATION_OF_CELL_DIVISION",0,"Up",NA,NA
"GOBP_POSITIVE_REGULATION_OF_CELL_FATE_COMMITMENT",0,"Up",NA,NA
"GOBP_POSITIVE_REGULATION_OF_CELL_GROWTH_INVOLVED_IN_CARDIAC_MUSCLE_CELL_DEVELOPMENT",0,"Up",NA,NA
"GOBP_POSITIVE_REGULATION_OF_CELL_MATURATION",0,"Up",NA,NA
"GOBP_POSITIVE_REGULATION_OF_CELL_PROLIFERATION_INVOLVED_IN_HEART_MORPHOGENESIS",0,"Up",NA,NA
"GOBP_POSITIVE_REGULATION_OF_CELL_PROLIFERATION_INVOLVED_IN_KIDNEY_DEVELOPMENT",0,"Up",NA,NA
"GOBP_POSITIVE_REGULATION_OF_CELL_SIZE",0,"Up",NA,NA
"GOBP_POSITIVE_REGULATION_OF_CELLULAR_EXTRAVASATION",0,"Up",NA,NA
"GOBP_POSITIVE_REGULATION_OF_CELLULAR_PH_REDUCTION",0,"Up",NA,NA
"GOBP_POSITIVE_REGULATION_OF_CELLULAR_RESPONSE_TO_TRANSFORMING_GROWTH_FACTOR_BETA_STIMULUS",0,"Up",NA,NA
"GOBP_POSITIVE_REGULATION_OF_CEREBELLAR_GRANULE_CELL_PRECURSOR_PROLIFERATION",0,"Up",NA,NA
"GOBP_POSITIVE_REGULATION_OF_CHEMOKINE_C_C_MOTIF_LIGAND_5_PRODUCTION",0,"Up",NA,NA
"GOBP_POSITIVE_REGULATION_OF_CHEMOKINE_C_X_C_MOTIF_LIGAND_1_PRODUCTION",0,"Up",NA,NA
"GOBP_POSITIVE_REGULATION_OF_CHEMOKINE_C_X_C_MOTIF_LIGAND_2_PRODUCTION",0,"Up",NA,NA
"GOBP_POSITIVE_REGULATION_OF_CHEMOKINE_PRODUCTION",0,"Up",NA,NA
"GOBP_POSITIVE_REGULATION_OF_CHOLESTEROL_BIOSYNTHETIC_PROCESS",0,"Up",NA,NA
"GOBP_POSITIVE_REGULATION_OF_CHOLESTEROL_EFFLUX",0,"Up",NA,NA
"GOBP_POSITIVE_REGULATION_OF_CHOLESTEROL_METABOLIC_PROCESS",0,"Up",NA,NA
"GOBP_POSITIVE_REGULATION_OF_CHONDROCYTE_DIFFERENTIATION",0,"Up",NA,NA
"GOBP_POSITIVE_REGULATION_OF_CHONDROCYTE_PROLIFERATION",0,"Up",NA,NA
"GOBP_POSITIVE_REGULATION_OF_CHROMATIN_BINDING",0,"Up",NA,NA
"GOBP_POSITIVE_REGULATION_OF_CHROMOSOME_CONDENSATION",0,"Up",NA,NA
"GOBP_POSITIVE_REGULATION_OF_CHROMOSOME_SEPARATION",0,"Up",NA,NA
"GOBP_POSITIVE_REGULATION_OF_CILIUM_MOVEMENT",0,"Up",NA,NA
"GOBP_POSITIVE_REGULATION_OF_CIRCADIAN_RHYTHM",0,"Up",NA,NA
"GOBP_POSITIVE_REGULATION_OF_CIRCADIAN_SLEEP_WAKE_CYCLE_SLEEP",0,"Up",NA,NA
"GOBP_POSITIVE_REGULATION_OF_COLLAGEN_METABOLIC_PROCESS",0,"Up",NA,NA
"GOBP_POSITIVE_REGULATION_OF_COLLATERAL_SPROUTING",0,"Up",NA,NA
"GOBP_POSITIVE_REGULATION_OF_CORTICOSTEROID_HORMONE_SECRETION",0,"Up",NA,NA
"GOBP_POSITIVE_REGULATION_OF_CREB_TRANSCRIPTION_FACTOR_ACTIVITY",0,"Up",NA,NA
"GOBP_POSITIVE_REGULATION_OF_CYCLIN_DEPENDENT_PROTEIN_KINASE_ACTIVITY",0,"Up",NA,NA
"GOBP_POSITIVE_REGULATION_OF_CYSTEINE_TYPE_ENDOPEPTIDASE_ACTIVITY_INVOLVED_IN_APOPTOTIC_SIGNALING_PATHWAY",0,"Up",NA,NA
"GOBP_POSITIVE_REGULATION_OF_CYTOKINESIS",0,"Up",NA,NA
"GOBP_POSITIVE_REGULATION_OF_CYTOSOLIC_CALCIUM_ION_CONCENTRATION_INVOLVED_IN_PHOSPHOLIPASE_C_ACTIVATING_G_PROTEIN_COUPLED_SIGNALING_PATHWAY",0,"Up",NA,NA
"GOBP_POSITIVE_REGULATION_OF_DEACETYLASE_ACTIVITY",0,"Up",NA,NA
"GOBP_POSITIVE_REGULATION_OF_DEFENSE_RESPONSE_TO_BACTERIUM",0,"Up",NA,NA
"GOBP_POSITIVE_REGULATION_OF_DEFENSE_RESPONSE_TO_VIRUS_BY_HOST",0,"Up",NA,NA
"GOBP_POSITIVE_REGULATION_OF_DENDRITIC_CELL_ANTIGEN_PROCESSING_AND_PRESENTATION",0,"Up",NA,NA
"GOBP_POSITIVE_REGULATION_OF_DENDRITIC_CELL_CYTOKINE_PRODUCTION",0,"Up",NA,NA
"GOBP_POSITIVE_REGULATION_OF_DENDRITIC_CELL_DIFFERENTIATION",0,"Up",NA,NA
"GOBP_POSITIVE_REGULATION_OF_DEVELOPMENTAL_PIGMENTATION",0,"Up",NA,NA
"GOBP_POSITIVE_REGULATION_OF_DNA_CATABOLIC_PROCESS",0,"Up",NA,NA
"GOBP_POSITIVE_REGULATION_OF_DNA_DAMAGE_RESPONSE_SIGNAL_TRANSDUCTION_BY_P53_CLASS_MEDIATOR",0,"Up",NA,NA
"GOBP_POSITIVE_REGULATION_OF_DNA_DEPENDENT_DNA_REPLICATION",0,"Up",NA,NA
"GOBP_POSITIVE_REGULATION_OF_DNA_LIGATION",0,"Up",NA,NA
"GOBP_POSITIVE_REGULATION_OF_DNA_METHYLATION_DEPENDENT_HETEROCHROMATIN_ASSEMBLY",0,"Up",NA,NA
"GOBP_POSITIVE_REGULATION_OF_DNA_REPLICATION",0,"Up",NA,NA
"GOBP_POSITIVE_REGULATION_OF_DNA_TEMPLATED_TRANSCRIPTION_INITIATION",0,"Up",NA,NA
"GOBP_POSITIVE_REGULATION_OF_DOPAMINE_SECRETION",0,"Up",NA,NA
"GOBP_POSITIVE_REGULATION_OF_DOUBLE_STRAND_BREAK_REPAIR_VIA_NONHOMOLOGOUS_END_JOINING",0,"Up",NA,NA
"GOBP_POSITIVE_REGULATION_OF_ENAMEL_MINERALIZATION",0,"Up",NA,NA
"GOBP_POSITIVE_REGULATION_OF_ENDOPLASMIC_RETICULUM_STRESS_INDUCED_INTRINSIC_APOPTOTIC_SIGNALING_PATHWAY",0,"Up",NA,NA
"GOBP_POSITIVE_REGULATION_OF_ENDOPLASMIC_RETICULUM_UNFOLDED_PROTEIN_RESPONSE",0,"Up",NA,NA
"GOBP_POSITIVE_REGULATION_OF_ENDOTHELIAL_CELL_APOPTOTIC_PROCESS",0,"Up",NA,NA
"GOBP_POSITIVE_REGULATION_OF_ENDOTHELIAL_CELL_CHEMOTAXIS",0,"Up",NA,NA
"GOBP_POSITIVE_REGULATION_OF_ENDOTHELIAL_CELL_CHEMOTAXIS_BY_VEGF_ACTIVATED_VASCULAR_ENDOTHELIAL_GROWTH_FACTOR_RECEPTOR_SIGNALING_PATHWAY",0,"Up",NA,NA
"GOBP_POSITIVE_REGULATION_OF_ENDOTHELIAL_CELL_DIFFERENTIATION",0,"Up",NA,NA
"GOBP_POSITIVE_REGULATION_OF_ENDOTHELIAL_CELL_MATRIX_ADHESION_VIA_FIBRONECTIN",0,"Up",NA,NA
"GOBP_POSITIVE_REGULATION_OF_EPIDERMAL_CELL_DIFFERENTIATION",0,"Up",NA,NA
"GOBP_POSITIVE_REGULATION_OF_EPIDERMAL_GROWTH_FACTOR_ACTIVATED_RECEPTOR_ACTIVITY",0,"Up",NA,NA
"GOBP_POSITIVE_REGULATION_OF_EPITHELIAL_CELL_APOPTOTIC_PROCESS",0,"Up",NA,NA
"GOBP_POSITIVE_REGULATION_OF_EPITHELIAL_CELL_DIFFERENTIATION",0,"Up",NA,NA
"GOBP_POSITIVE_REGULATION_OF_EPITHELIAL_CELL_DIFFERENTIATION_INVOLVED_IN_KIDNEY_DEVELOPMENT",0,"Up",NA,NA
"GOBP_POSITIVE_REGULATION_OF_EPITHELIAL_CELL_PROLIFERATION_INVOLVED_IN_LUNG_MORPHOGENESIS",0,"Up",NA,NA
"GOBP_POSITIVE_REGULATION_OF_EPITHELIAL_CELL_PROLIFERATION_INVOLVED_IN_WOUND_HEALING",0,"Up",NA,NA
"GOBP_POSITIVE_REGULATION_OF_EPITHELIAL_TO_MESENCHYMAL_TRANSITION_INVOLVED_IN_ENDOCARDIAL_CUSHION_FORMATION",0,"Up",NA,NA
"GOBP_POSITIVE_REGULATION_OF_EPITHELIAL_TUBE_FORMATION",0,"Up",NA,NA
"GOBP_POSITIVE_REGULATION_OF_ER_ASSOCIATED_UBIQUITIN_DEPENDENT_PROTEIN_CATABOLIC_PROCESS",0,"Up",NA,NA
"GOBP_POSITIVE_REGULATION_OF_ERAD_PATHWAY",0,"Up",NA,NA
"GOBP_POSITIVE_REGULATION_OF_EXCITATORY_POSTSYNAPTIC_POTENTIAL",0,"Up",NA,NA
"GOBP_POSITIVE_REGULATION_OF_EXECUTION_PHASE_OF_APOPTOSIS",0,"Up",NA,NA
"GOBP_POSITIVE_REGULATION_OF_EXTRACELLULAR_MATRIX_CONSTITUENT_SECRETION",0,"Up",NA,NA
"GOBP_POSITIVE_REGULATION_OF_EXTRINSIC_APOPTOTIC_SIGNALING_PATHWAY_VIA_DEATH_DOMAIN_RECEPTORS",0,"Up",NA,NA
"GOBP_POSITIVE_REGULATION_OF_FAT_CELL_DIFFERENTIATION",0,"Up",NA,NA
"GOBP_POSITIVE_REGULATION_OF_FATTY_ACID_BETA_OXIDATION",0,"Up",NA,NA
"GOBP_POSITIVE_REGULATION_OF_FATTY_ACID_OXIDATION",0,"Up",NA,NA
"GOBP_POSITIVE_REGULATION_OF_FATTY_ACID_TRANSPORT",0,"Up",NA,NA
"GOBP_POSITIVE_REGULATION_OF_FC_RECEPTOR_MEDIATED_STIMULATORY_SIGNALING_PATHWAY",0,"Up",NA,NA
"GOBP_POSITIVE_REGULATION_OF_FERTILIZATION",0,"Up",NA,NA
"GOBP_POSITIVE_REGULATION_OF_FEVER_GENERATION",0,"Up",NA,NA
"GOBP_POSITIVE_REGULATION_OF_FIBROBLAST_APOPTOTIC_PROCESS",0,"Up",NA,NA
"GOBP_POSITIVE_REGULATION_OF_FIBROBLAST_GROWTH_FACTOR_RECEPTOR_SIGNALING_PATHWAY",0,"Up",NA,NA
"GOBP_POSITIVE_REGULATION_OF_G0_TO_G1_TRANSITION",0,"Up",NA,NA
"GOBP_POSITIVE_REGULATION_OF_GAMMA_DELTA_T_CELL_ACTIVATION",0,"Up",NA,NA
"GOBP_POSITIVE_REGULATION_OF_GAMMA_DELTA_T_CELL_DIFFERENTIATION",0,"Up",NA,NA
"GOBP_POSITIVE_REGULATION_OF_GAP_JUNCTION_ASSEMBLY",0,"Up",NA,NA
"GOBP_POSITIVE_REGULATION_OF_GASTRO_INTESTINAL_SYSTEM_SMOOTH_MUSCLE_CONTRACTION",0,"Up",NA,NA
"GOBP_POSITIVE_REGULATION_OF_GASTRULATION",0,"Up",NA,NA
"GOBP_POSITIVE_REGULATION_OF_GLIAL_CELL_MIGRATION",0,"Up",NA,NA
"GOBP_POSITIVE_REGULATION_OF_GLOMERULAR_MESANGIAL_CELL_PROLIFERATION",0,"Up",NA,NA
"GOBP_POSITIVE_REGULATION_OF_GLUCONEOGENESIS",0,"Up",NA,NA
"GOBP_POSITIVE_REGULATION_OF_GLYCOGEN_STARCH_SYNTHASE_ACTIVITY",0,"Up",NA,NA
"GOBP_POSITIVE_REGULATION_OF_GLYCOLYTIC_PROCESS",0,"Up",NA,NA
"GOBP_POSITIVE_REGULATION_OF_GOLGI_TO_PLASMA_MEMBRANE_PROTEIN_TRANSPORT",0,"Up",NA,NA
"GOBP_POSITIVE_REGULATION_OF_GONAD_DEVELOPMENT",0,"Up",NA,NA
"GOBP_POSITIVE_REGULATION_OF_GONADOTROPIN_SECRETION",0,"Up",NA,NA
"GOBP_POSITIVE_REGULATION_OF_GRANULOCYTE_DIFFERENTIATION",0,"Up",NA,NA
"GOBP_POSITIVE_REGULATION_OF_GUANYLATE_CYCLASE_ACTIVITY",0,"Up",NA,NA
"GOBP_POSITIVE_REGULATION_OF_HAIR_FOLLICLE_DEVELOPMENT",0,"Up",NA,NA
"GOBP_POSITIVE_REGULATION_OF_HAIR_FOLLICLE_MATURATION",0,"Up",NA,NA
"GOBP_POSITIVE_REGULATION_OF_HEART_RATE",0,"Up",NA,NA
"GOBP_POSITIVE_REGULATION_OF_HEAT_GENERATION",0,"Up",NA,NA
"GOBP_POSITIVE_REGULATION_OF_HELICASE_ACTIVITY",0,"Up",NA,NA
"GOBP_POSITIVE_REGULATION_OF_HEMATOPOIETIC_PROGENITOR_CELL_DIFFERENTIATION",0,"Up",NA,NA
"GOBP_POSITIVE_REGULATION_OF_HEMATOPOIETIC_STEM_CELL_PROLIFERATION",0,"Up",NA,NA
"GOBP_POSITIVE_REGULATION_OF_HEPATOCYTE_PROLIFERATION",0,"Up",NA,NA
"GOBP_POSITIVE_REGULATION_OF_HIPPO_SIGNALING",0,"Up",NA,NA
"GOBP_POSITIVE_REGULATION_OF_HISTONE_DEACETYLASE_ACTIVITY",0,"Up",NA,NA
"GOBP_POSITIVE_REGULATION_OF_HISTONE_H3_K27_METHYLATION",0,"Up",NA,NA
"GOBP_POSITIVE_REGULATION_OF_HISTONE_H3_K4_METHYLATION",0,"Up",NA,NA
"GOBP_POSITIVE_REGULATION_OF_HISTONE_H3_K9_ACETYLATION",0,"Up",NA,NA
"GOBP_POSITIVE_REGULATION_OF_HISTONE_H3_K9_METHYLATION",0,"Up",NA,NA
"GOBP_POSITIVE_REGULATION_OF_HISTONE_H4_ACETYLATION",0,"Up",NA,NA
"GOBP_POSITIVE_REGULATION_OF_HISTONE_UBIQUITINATION",0,"Up",NA,NA
"GOBP_POSITIVE_REGULATION_OF_HORMONE_BIOSYNTHETIC_PROCESS",0,"Up",NA,NA
"GOBP_POSITIVE_REGULATION_OF_HORMONE_METABOLIC_PROCESS",0,"Up",NA,NA
"GOBP_POSITIVE_REGULATION_OF_HUMORAL_IMMUNE_RESPONSE_MEDIATED_BY_CIRCULATING_IMMUNOGLOBULIN",0,"Up",NA,NA
"GOBP_POSITIVE_REGULATION_OF_HYDROGEN_PEROXIDE_MEDIATED_PROGRAMMED_CELL_DEATH",0,"Up",NA,NA
"GOBP_POSITIVE_REGULATION_OF_HYDROGEN_PEROXIDE_METABOLIC_PROCESS",0,"Up",NA,NA
"GOBP_POSITIVE_REGULATION_OF_I_KAPPAB_PHOSPHORYLATION",0,"Up",NA,NA
"GOBP_POSITIVE_REGULATION_OF_IMMATURE_T_CELL_PROLIFERATION",0,"Up",NA,NA
"GOBP_POSITIVE_REGULATION_OF_INCLUSION_BODY_ASSEMBLY",0,"Up",NA,NA
"GOBP_POSITIVE_REGULATION_OF_INHIBITORY_POSTSYNAPTIC_POTENTIAL",0,"Up",NA,NA
"GOBP_POSITIVE_REGULATION_OF_INOSITOL_TRISPHOSPHATE_BIOSYNTHETIC_PROCESS",0,"Up",NA,NA
"GOBP_POSITIVE_REGULATION_OF_INSULIN_LIKE_GROWTH_FACTOR_RECEPTOR_SIGNALING_PATHWAY",0,"Up",NA,NA
"GOBP_POSITIVE_REGULATION_OF_INTERFERON_ALPHA_PRODUCTION",0,"Up",NA,NA
"GOBP_POSITIVE_REGULATION_OF_INTERFERON_GAMMA_PRODUCTION",0,"Up",NA,NA
"GOBP_POSITIVE_REGULATION_OF_INTERLEUKIN_1_ALPHA_PRODUCTION",0,"Up",NA,NA
"GOBP_POSITIVE_REGULATION_OF_INTERLEUKIN_12_PRODUCTION",0,"Up",NA,NA
"GOBP_POSITIVE_REGULATION_OF_INTERLEUKIN_13_PRODUCTION",0,"Up",NA,NA
"GOBP_POSITIVE_REGULATION_OF_INTERLEUKIN_18_PRODUCTION",0,"Up",NA,NA
"GOBP_POSITIVE_REGULATION_OF_INTERLEUKIN_23_PRODUCTION",0,"Up",NA,NA
"GOBP_POSITIVE_REGULATION_OF_INTERLEUKIN_5_PRODUCTION",0,"Up",NA,NA
"GOBP_POSITIVE_REGULATION_OF_INTRACELLULAR_LIPID_TRANSPORT",0,"Up",NA,NA
"GOBP_POSITIVE_REGULATION_OF_INTRINSIC_APOPTOTIC_SIGNALING_PATHWAY_BY_P53_CLASS_MEDIATOR",0,"Up",NA,NA
"GOBP_POSITIVE_REGULATION_OF_INTRINSIC_APOPTOTIC_SIGNALING_PATHWAY_IN_RESPONSE_TO_DNA_DAMAGE",0,"Up",NA,NA
"GOBP_POSITIVE_REGULATION_OF_IRE1_MEDIATED_UNFOLDED_PROTEIN_RESPONSE",0,"Up",NA,NA
"GOBP_POSITIVE_REGULATION_OF_ISOTYPE_SWITCHING_TO_IGA_ISOTYPES",0,"Up",NA,NA
"GOBP_POSITIVE_REGULATION_OF_ISOTYPE_SWITCHING_TO_IGG_ISOTYPES",0,"Up",NA,NA
"GOBP_POSITIVE_REGULATION_OF_JUN_KINASE_ACTIVITY",0,"Up",NA,NA
"GOBP_POSITIVE_REGULATION_OF_KERATINOCYTE_DIFFERENTIATION",0,"Up",NA,NA
"GOBP_POSITIVE_REGULATION_OF_KERATINOCYTE_PROLIFERATION",0,"Up",NA,NA
"GOBP_POSITIVE_REGULATION_OF_KIDNEY_DEVELOPMENT",0,"Up",NA,NA
"GOBP_POSITIVE_REGULATION_OF_KILLING_OF_CELLS_OF_ANOTHER_ORGANISM",0,"Up",NA,NA
"GOBP_POSITIVE_REGULATION_OF_LEUKOCYTE_ADHESION_TO_VASCULAR_ENDOTHELIAL_CELL",0,"Up",NA,NA
"GOBP_POSITIVE_REGULATION_OF_LEUKOCYTE_APOPTOTIC_PROCESS",0,"Up",NA,NA
"GOBP_POSITIVE_REGULATION_OF_LEUKOCYTE_TETHERING_OR_ROLLING",0,"Up",NA,NA
"GOBP_POSITIVE_REGULATION_OF_LIGASE_ACTIVITY",0,"Up",NA,NA
"GOBP_POSITIVE_REGULATION_OF_LIPOPOLYSACCHARIDE_MEDIATED_SIGNALING_PATHWAY",0,"Up",NA,NA
"GOBP_POSITIVE_REGULATION_OF_LIPOPROTEIN_PARTICLE_CLEARANCE",0,"Up",NA,NA
"GOBP_POSITIVE_REGULATION_OF_LONG_TERM_NEURONAL_SYNAPTIC_PLASTICITY",0,"Up",NA,NA
"GOBP_POSITIVE_REGULATION_OF_LONG_TERM_SYNAPTIC_DEPRESSION",0,"Up",NA,NA
"GOBP_POSITIVE_REGULATION_OF_LONG_TERM_SYNAPTIC_POTENTIATION",0,"Up",NA,NA
"GOBP_POSITIVE_REGULATION_OF_LOW_DENSITY_LIPOPROTEIN_RECEPTOR_ACTIVITY",0,"Up",NA,NA
"GOBP_POSITIVE_REGULATION_OF_LYMPHOCYTE_ANERGY",0,"Up",NA,NA
"GOBP_POSITIVE_REGULATION_OF_LYMPHOCYTE_APOPTOTIC_PROCESS",0,"Up",NA,NA
"GOBP_POSITIVE_REGULATION_OF_MACROPHAGE_CYTOKINE_PRODUCTION",0,"Up",NA,NA
"GOBP_POSITIVE_REGULATION_OF_MACROPHAGE_DERIVED_FOAM_CELL_DIFFERENTIATION",0,"Up",NA,NA
"GOBP_POSITIVE_REGULATION_OF_MACROPHAGE_DIFFERENTIATION",0,"Up",NA,NA
"GOBP_POSITIVE_REGULATION_OF_MAINTENANCE_OF_SISTER_CHROMATID_COHESION",0,"Up",NA,NA
"GOBP_POSITIVE_REGULATION_OF_MAST_CELL_CHEMOTAXIS",0,"Up",NA,NA
"GOBP_POSITIVE_REGULATION_OF_MEGAKARYOCYTE_DIFFERENTIATION",0,"Up",NA,NA
"GOBP_POSITIVE_REGULATION_OF_MEIOTIC_CELL_CYCLE",0,"Up",NA,NA
"GOBP_POSITIVE_REGULATION_OF_MEIOTIC_CELL_CYCLE_PHASE_TRANSITION",0,"Up",NA,NA
"GOBP_POSITIVE_REGULATION_OF_MEIOTIC_NUCLEAR_DIVISION",0,"Up",NA,NA
"GOBP_POSITIVE_REGULATION_OF_MELANOCYTE_DIFFERENTIATION",0,"Up",NA,NA
"GOBP_POSITIVE_REGULATION_OF_MEMORY_T_CELL_DIFFERENTIATION",0,"Up",NA,NA
"GOBP_POSITIVE_REGULATION_OF_MESENCHYMAL_CELL_PROLIFERATION",0,"Up",NA,NA
"GOBP_POSITIVE_REGULATION_OF_METAPHASE_ANAPHASE_TRANSITION_OF_CELL_CYCLE",0,"Up",NA,NA
"GOBP_POSITIVE_REGULATION_OF_MHC_CLASS_II_BIOSYNTHETIC_PROCESS",0,"Up",NA,NA
"GOBP_POSITIVE_REGULATION_OF_MICROGLIAL_CELL_ACTIVATION",0,"Up",NA,NA
"GOBP_POSITIVE_REGULATION_OF_MIRNA_CATABOLIC_PROCESS",0,"Up",NA,NA
"GOBP_POSITIVE_REGULATION_OF_MIRNA_METABOLIC_PROCESS",0,"Up",NA,NA
"GOBP_POSITIVE_REGULATION_OF_MITOCHONDRIAL_DEPOLARIZATION",0,"Up",NA,NA
"GOBP_POSITIVE_REGULATION_OF_MITOCHONDRIAL_MEMBRANE_POTENTIAL",0,"Up",NA,NA
"GOBP_POSITIVE_REGULATION_OF_MITOCHONDRIAL_TRANSLATION",0,"Up",NA,NA
"GOBP_POSITIVE_REGULATION_OF_MITOTIC_NUCLEAR_DIVISION",0,"Up",NA,NA
"GOBP_POSITIVE_REGULATION_OF_MONOCYTE_CHEMOTACTIC_PROTEIN_1_PRODUCTION",0,"Up",NA,NA
"GOBP_POSITIVE_REGULATION_OF_MONOCYTE_CHEMOTAXIS",0,"Up",NA,NA
"GOBP_POSITIVE_REGULATION_OF_MONOCYTE_DIFFERENTIATION",0,"Up",NA,NA
"GOBP_POSITIVE_REGULATION_OF_MORPHOGENESIS_OF_AN_EPITHELIUM",0,"Up",NA,NA
"GOBP_POSITIVE_REGULATION_OF_MRNA_3_END_PROCESSING",0,"Up",NA,NA
"GOBP_POSITIVE_REGULATION_OF_MRNA_PROCESSING",0,"Up",NA,NA
"GOBP_POSITIVE_REGULATION_OF_MRNA_SPLICING_VIA_SPLICEOSOME",0,"Up",NA,NA
"GOBP_POSITIVE_REGULATION_OF_MUCUS_SECRETION",0,"Up",NA,NA
"GOBP_POSITIVE_REGULATION_OF_MULTICELLULAR_ORGANISM_GROWTH",0,"Up",NA,NA
"GOBP_POSITIVE_REGULATION_OF_MUSCLE_CELL_DIFFERENTIATION",0,"Up",NA,NA
"GOBP_POSITIVE_REGULATION_OF_MYELINATION",0,"Up",NA,NA
"GOBP_POSITIVE_REGULATION_OF_MYELOID_CELL_APOPTOTIC_PROCESS",0,"Up",NA,NA
"GOBP_POSITIVE_REGULATION_OF_MYELOID_LEUKOCYTE_CYTOKINE_PRODUCTION_INVOLVED_IN_IMMUNE_RESPONSE",0,"Up",NA,NA
"GOBP_POSITIVE_REGULATION_OF_MYELOID_LEUKOCYTE_DIFFERENTIATION",0,"Up",NA,NA
"GOBP_POSITIVE_REGULATION_OF_MYOBLAST_DIFFERENTIATION",0,"Up",NA,NA
"GOBP_POSITIVE_REGULATION_OF_MYOBLAST_PROLIFERATION",0,"Up",NA,NA
"GOBP_POSITIVE_REGULATION_OF_MYOTUBE_DIFFERENTIATION",0,"Up",NA,NA
"GOBP_POSITIVE_REGULATION_OF_NATURAL_KILLER_CELL_ACTIVATION",0,"Up",NA,NA
"GOBP_POSITIVE_REGULATION_OF_NATURAL_KILLER_CELL_CHEMOTAXIS",0,"Up",NA,NA
"GOBP_POSITIVE_REGULATION_OF_NATURAL_KILLER_CELL_DIFFERENTIATION",0,"Up",NA,NA
"GOBP_POSITIVE_REGULATION_OF_NATURAL_KILLER_CELL_MEDIATED_IMMUNE_RESPONSE_TO_TUMOR_CELL",0,"Up",NA,NA
"GOBP_POSITIVE_REGULATION_OF_NATURAL_KILLER_CELL_PROLIFERATION",0,"Up",NA,NA
"GOBP_POSITIVE_REGULATION_OF_NECROTIC_CELL_DEATH",0,"Up",NA,NA
"GOBP_POSITIVE_REGULATION_OF_NERVOUS_SYSTEM_PROCESS",0,"Up",NA,NA
"GOBP_POSITIVE_REGULATION_OF_NEUROBLAST_PROLIFERATION",0,"Up",NA,NA
"GOBP_POSITIVE_REGULATION_OF_NEUROINFLAMMATORY_RESPONSE",0,"Up",NA,NA
"GOBP_POSITIVE_REGULATION_OF_NEURON_APOPTOTIC_PROCESS",0,"Up",NA,NA
"GOBP_POSITIVE_REGULATION_OF_NEURON_PROJECTION_ARBORIZATION",0,"Up",NA,NA
"GOBP_POSITIVE_REGULATION_OF_NEUROTROPHIN_TRK_RECEPTOR_SIGNALING_PATHWAY",0,"Up",NA,NA
"GOBP_POSITIVE_REGULATION_OF_NEUTROPHIL_ACTIVATION",0,"Up",NA,NA
"GOBP_POSITIVE_REGULATION_OF_NEUTROPHIL_EXTRAVASATION",0,"Up",NA,NA
"GOBP_POSITIVE_REGULATION_OF_NITRIC_OXIDE_MEDIATED_SIGNAL_TRANSDUCTION",0,"Up",NA,NA
"GOBP_POSITIVE_REGULATION_OF_NITRIC_OXIDE_SYNTHASE_ACTIVITY",0,"Up",NA,NA
"GOBP_POSITIVE_REGULATION_OF_NMDA_GLUTAMATE_RECEPTOR_ACTIVITY",0,"Up",NA,NA
"GOBP_POSITIVE_REGULATION_OF_NON_CANONICAL_WNT_SIGNALING_PATHWAY",0,"Up",NA,NA
"GOBP_POSITIVE_REGULATION_OF_NUCLEAR_CELL_CYCLE_DNA_REPLICATION",0,"Up",NA,NA
"GOBP_POSITIVE_REGULATION_OF_NUCLEAR_DIVISION",0,"Up",NA,NA
"GOBP_POSITIVE_REGULATION_OF_NUCLEAR_TRANSCRIBED_MRNA_CATABOLIC_PROCESS_DEADENYLATION_DEPENDENT_DECAY",0,"Up",NA,NA
"GOBP_POSITIVE_REGULATION_OF_NUCLEOBASE_CONTAINING_COMPOUND_TRANSPORT",0,"Up",NA,NA
"GOBP_POSITIVE_REGULATION_OF_NUCLEOTIDE_BINDING_OLIGOMERIZATION_DOMAIN_CONTAINING_2_SIGNALING_PATHWAY",0,"Up",NA,NA
"GOBP_POSITIVE_REGULATION_OF_NUCLEOTIDE_BINDING_OLIGOMERIZATION_DOMAIN_CONTAINING_SIGNALING_PATHWAY",0,"Up",NA,NA
"GOBP_POSITIVE_REGULATION_OF_NUCLEOTIDE_BIOSYNTHETIC_PROCESS",0,"Up",NA,NA
"GOBP_POSITIVE_REGULATION_OF_NUCLEOTIDE_METABOLIC_PROCESS",0,"Up",NA,NA
"GOBP_POSITIVE_REGULATION_OF_ODONTOGENESIS",0,"Up",NA,NA
"GOBP_POSITIVE_REGULATION_OF_OSTEOBLAST_PROLIFERATION",0,"Up",NA,NA
"GOBP_POSITIVE_REGULATION_OF_OSTEOCLAST_DIFFERENTIATION",0,"Up",NA,NA
"GOBP_POSITIVE_REGULATION_OF_OXIDATIVE_STRESS_INDUCED_NEURON_DEATH",0,"Up",NA,NA
"GOBP_POSITIVE_REGULATION_OF_PATHWAY_RESTRICTED_SMAD_PROTEIN_PHOSPHORYLATION",0,"Up",NA,NA
"GOBP_POSITIVE_REGULATION_OF_PENILE_ERECTION",0,"Up",NA,NA
"GOBP_POSITIVE_REGULATION_OF_PEROXISOME_PROLIFERATOR_ACTIVATED_RECEPTOR_SIGNALING_PATHWAY",0,"Up",NA,NA
"GOBP_POSITIVE_REGULATION_OF_PINOCYTOSIS",0,"Up",NA,NA
"GOBP_POSITIVE_REGULATION_OF_PLASMINOGEN_ACTIVATION",0,"Up",NA,NA
"GOBP_POSITIVE_REGULATION_OF_PLATELET_ACTIVATION",0,"Up",NA,NA
"GOBP_POSITIVE_REGULATION_OF_PLATELET_DERIVED_GROWTH_FACTOR_RECEPTOR_SIGNALING_PATHWAY",0,"Up",NA,NA
"GOBP_POSITIVE_REGULATION_OF_PRODUCTION_OF_MIRNAS_INVOLVED_IN_GENE_SILENCING_BY_MIRNA",0,"Up",NA,NA
"GOBP_POSITIVE_REGULATION_OF_PROGRAMMED_NECROTIC_CELL_DEATH",0,"Up",NA,NA
"GOBP_POSITIVE_REGULATION_OF_PROSTAGLANDIN_BIOSYNTHETIC_PROCESS",0,"Up",NA,NA
"GOBP_POSITIVE_REGULATION_OF_PROTEIN_CATABOLIC_PROCESS_IN_THE_VACUOLE",0,"Up",NA,NA
"GOBP_POSITIVE_REGULATION_OF_PROTEIN_DEUBIQUITINATION",0,"Up",NA,NA
"GOBP_POSITIVE_REGULATION_OF_PROTEIN_EXIT_FROM_ENDOPLASMIC_RETICULUM",0,"Up",NA,NA
"GOBP_POSITIVE_REGULATION_OF_PROTEIN_K63_LINKED_UBIQUITINATION",0,"Up",NA,NA
"GOBP_POSITIVE_REGULATION_OF_PROTEIN_KINASE_C_SIGNALING",0,"Up",NA,NA
"GOBP_POSITIVE_REGULATION_OF_PROTEIN_LOCALIZATION_TO_CELL_CORTEX",0,"Up",NA,NA
"GOBP_POSITIVE_REGULATION_OF_PROTEIN_LOCALIZATION_TO_EARLY_ENDOSOME",0,"Up",NA,NA
"GOBP_POSITIVE_REGULATION_OF_PROTEIN_MONOUBIQUITINATION",0,"Up",NA,NA
"GOBP_POSITIVE_REGULATION_OF_PROTEIN_NEDDYLATION",0,"Up",NA,NA
"GOBP_POSITIVE_REGULATION_OF_PROTEIN_POLYUBIQUITINATION",0,"Up",NA,NA
"GOBP_POSITIVE_REGULATION_OF_PROTEIN_SUMOYLATION",0,"Up",NA,NA
"GOBP_POSITIVE_REGULATION_OF_PSEUDOPODIUM_ASSEMBLY",0,"Up",NA,NA
"GOBP_POSITIVE_REGULATION_OF_RAC_PROTEIN_SIGNAL_TRANSDUCTION",0,"Up",NA,NA
"GOBP_POSITIVE_REGULATION_OF_RECEPTOR_BINDING",0,"Up",NA,NA
"GOBP_POSITIVE_REGULATION_OF_RECEPTOR_CATABOLIC_PROCESS",0,"Up",NA,NA
"GOBP_POSITIVE_REGULATION_OF_RECEPTOR_CLUSTERING",0,"Up",NA,NA
"GOBP_POSITIVE_REGULATION_OF_RECEPTOR_SIGNALING_PATHWAY_VIA_STAT",0,"Up",NA,NA
"GOBP_POSITIVE_REGULATION_OF_REPRODUCTIVE_PROCESS",0,"Up",NA,NA
"GOBP_POSITIVE_REGULATION_OF_RESPIRATORY_BURST",0,"Up",NA,NA
"GOBP_POSITIVE_REGULATION_OF_RESPONSE_TO_ENDOPLASMIC_RETICULUM_STRESS",0,"Up",NA,NA
"GOBP_POSITIVE_REGULATION_OF_RESPONSE_TO_INTERFERON_GAMMA",0,"Up",NA,NA
"GOBP_POSITIVE_REGULATION_OF_RESPONSE_TO_OXIDATIVE_STRESS",0,"Up",NA,NA
"GOBP_POSITIVE_REGULATION_OF_RESPONSE_TO_REACTIVE_OXYGEN_SPECIES",0,"Up",NA,NA
"GOBP_POSITIVE_REGULATION_OF_RESPONSE_TO_TUMOR_CELL",0,"Up",NA,NA
"GOBP_POSITIVE_REGULATION_OF_RETINOIC_ACID_RECEPTOR_SIGNALING_PATHWAY",0,"Up",NA,NA
"GOBP_POSITIVE_REGULATION_OF_RHO_PROTEIN_SIGNAL_TRANSDUCTION",0,"Up",NA,NA
"GOBP_POSITIVE_REGULATION_OF_RNA_BINDING",0,"Up",NA,NA
"GOBP_POSITIVE_REGULATION_OF_RNA_EXPORT_FROM_NUCLEUS",0,"Up",NA,NA
"GOBP_POSITIVE_REGULATION_OF_RNA_POLYMERASE_II_TRANSCRIPTION_PREINITIATION_COMPLEX_ASSEMBLY",0,"Up",NA,NA
"GOBP_POSITIVE_REGULATION_OF_RNA_SPLICING",0,"Up",NA,NA
"GOBP_POSITIVE_REGULATION_OF_RRNA_PROCESSING",0,"Up",NA,NA
"GOBP_POSITIVE_REGULATION_OF_RUFFLE_ASSEMBLY",0,"Up",NA,NA
"GOBP_POSITIVE_REGULATION_OF_SARCOMERE_ORGANIZATION",0,"Up",NA,NA
"GOBP_POSITIVE_REGULATION_OF_SECONDARY_METABOLITE_BIOSYNTHETIC_PROCESS",0,"Up",NA,NA
"GOBP_POSITIVE_REGULATION_OF_SEQUESTERING_OF_TRIGLYCERIDE",0,"Up",NA,NA
"GOBP_POSITIVE_REGULATION_OF_SIGNAL_TRANSDUCTION_BY_P53_CLASS_MEDIATOR",0,"Up",NA,NA
"GOBP_POSITIVE_REGULATION_OF_SISTER_CHROMATID_COHESION",0,"Up",NA,NA
"GOBP_POSITIVE_REGULATION_OF_SKELETAL_MUSCLE_CELL_DIFFERENTIATION",0,"Up",NA,NA
"GOBP_POSITIVE_REGULATION_OF_SKELETAL_MUSCLE_FIBER_DEVELOPMENT",0,"Up",NA,NA
"GOBP_POSITIVE_REGULATION_OF_SKELETAL_MUSCLE_TISSUE_GROWTH",0,"Up",NA,NA
"GOBP_POSITIVE_REGULATION_OF_SKELETAL_MUSCLE_TISSUE_REGENERATION",0,"Up",NA,NA
"GOBP_POSITIVE_REGULATION_OF_SMAD_PROTEIN_SIGNAL_TRANSDUCTION",0,"Up",NA,NA
"GOBP_POSITIVE_REGULATION_OF_SMOOTH_MUSCLE_CELL_APOPTOTIC_PROCESS",0,"Up",NA,NA
"GOBP_POSITIVE_REGULATION_OF_SMOOTH_MUSCLE_CELL_DIFFERENTIATION",0,"Up",NA,NA
"GOBP_POSITIVE_REGULATION_OF_SMOOTH_MUSCLE_CONTRACTION",0,"Up",NA,NA
"GOBP_POSITIVE_REGULATION_OF_SMOOTHENED_SIGNALING_PATHWAY",0,"Up",NA,NA
"GOBP_POSITIVE_REGULATION_OF_STEM_CELL_DIFFERENTIATION",0,"Up",NA,NA
"GOBP_POSITIVE_REGULATION_OF_STEM_CELL_POPULATION_MAINTENANCE",0,"Up",NA,NA
"GOBP_POSITIVE_REGULATION_OF_STEROID_BIOSYNTHETIC_PROCESS",0,"Up",NA,NA
"GOBP_POSITIVE_REGULATION_OF_STEROID_HORMONE_BIOSYNTHETIC_PROCESS",0,"Up",NA,NA
"GOBP_POSITIVE_REGULATION_OF_STEROID_HORMONE_SECRETION",0,"Up",NA,NA
"GOBP_POSITIVE_REGULATION_OF_STEROL_TRANSPORT",0,"Up",NA,NA
"GOBP_POSITIVE_REGULATION_OF_STORE_OPERATED_CALCIUM_CHANNEL_ACTIVITY",0,"Up",NA,NA
"GOBP_POSITIVE_REGULATION_OF_STRIATED_MUSCLE_CELL_DIFFERENTIATION",0,"Up",NA,NA
"GOBP_POSITIVE_REGULATION_OF_SYNAPSE_ASSEMBLY",0,"Up",NA,NA
"GOBP_POSITIVE_REGULATION_OF_SYNAPSE_MATURATION",0,"Up",NA,NA
"GOBP_POSITIVE_REGULATION_OF_SYNAPTIC_VESICLE_EXOCYTOSIS",0,"Up",NA,NA
"GOBP_POSITIVE_REGULATION_OF_T_CELL_APOPTOTIC_PROCESS",0,"Up",NA,NA
"GOBP_POSITIVE_REGULATION_OF_T_CELL_CYTOKINE_PRODUCTION",0,"Up",NA,NA
"GOBP_POSITIVE_REGULATION_OF_T_CELL_DIFFERENTIATION_IN_THYMUS",0,"Up",NA,NA
"GOBP_POSITIVE_REGULATION_OF_T_CELL_MEDIATED_IMMUNE_RESPONSE_TO_TUMOR_CELL",0,"Up",NA,NA
"GOBP_POSITIVE_REGULATION_OF_T_CELL_RECEPTOR_SIGNALING_PATHWAY",0,"Up",NA,NA
"GOBP_POSITIVE_REGULATION_OF_T_CELL_TOLERANCE_INDUCTION",0,"Up",NA,NA
"GOBP_POSITIVE_REGULATION_OF_T_HELPER_1_CELL_DIFFERENTIATION",0,"Up",NA,NA
"GOBP_POSITIVE_REGULATION_OF_T_HELPER_1_TYPE_IMMUNE_RESPONSE",0,"Up",NA,NA
"GOBP_POSITIVE_REGULATION_OF_T_HELPER_17_CELL_DIFFERENTIATION",0,"Up",NA,NA
"GOBP_POSITIVE_REGULATION_OF_T_HELPER_2_CELL_CYTOKINE_PRODUCTION",0,"Up",NA,NA
"GOBP_POSITIVE_REGULATION_OF_T_HELPER_2_CELL_DIFFERENTIATION",0,"Up",NA,NA
"GOBP_POSITIVE_REGULATION_OF_T_HELPER_CELL_DIFFERENTIATION",0,"Up",NA,NA
"GOBP_POSITIVE_REGULATION_OF_TAU_PROTEIN_KINASE_ACTIVITY",0,"Up",NA,NA
"GOBP_POSITIVE_REGULATION_OF_THE_FORCE_OF_HEART_CONTRACTION",0,"Up",NA,NA
"GOBP_POSITIVE_REGULATION_OF_TOLERANCE_INDUCTION",0,"Up",NA,NA
"GOBP_POSITIVE_REGULATION_OF_TOLL_LIKE_RECEPTOR_2_SIGNALING_PATHWAY",0,"Up",NA,NA
"GOBP_POSITIVE_REGULATION_OF_TOLL_LIKE_RECEPTOR_4_SIGNALING_PATHWAY",0,"Up",NA,NA
"GOBP_POSITIVE_REGULATION_OF_TOOTH_MINERALIZATION",0,"Up",NA,NA
"GOBP_POSITIVE_REGULATION_OF_TORC1_SIGNALING",0,"Up",NA,NA
"GOBP_POSITIVE_REGULATION_OF_TRANSCRIPTION_BY_RNA_POLYMERASE_I",0,"Up",NA,NA
"GOBP_POSITIVE_REGULATION_OF_TRANSCRIPTION_BY_RNA_POLYMERASE_III",0,"Up",NA,NA
"GOBP_POSITIVE_REGULATION_OF_TRANSCRIPTION_FROM_RNA_POLYMERASE_II_PROMOTER_IN_RESPONSE_TO_ENDOPLASMIC_RETICULUM_STRESS",0,"Up",NA,NA
"GOBP_POSITIVE_REGULATION_OF_TRANSCRIPTION_FROM_RNA_POLYMERASE_II_PROMOTER_IN_RESPONSE_TO_HYPOXIA",0,"Up",NA,NA
"GOBP_POSITIVE_REGULATION_OF_TRANSCRIPTION_FROM_RNA_POLYMERASE_II_PROMOTER_IN_RESPONSE_TO_OXIDATIVE_STRESS",0,"Up",NA,NA
"GOBP_POSITIVE_REGULATION_OF_TRANSCRIPTION_FROM_RNA_POLYMERASE_II_PROMOTER_IN_RESPONSE_TO_STRESS",0,"Up",NA,NA
"GOBP_POSITIVE_REGULATION_OF_TRANSCRIPTION_FROM_RNA_POLYMERASE_II_PROMOTER_INVOLVED_IN_CELLULAR_RESPONSE_TO_CHEMICAL_STIMULUS",0,"Up",NA,NA
"GOBP_POSITIVE_REGULATION_OF_TRANSCRIPTION_FROM_RNA_POLYMERASE_II_PROMOTER_INVOLVED_IN_HEART_DEVELOPMENT",0,"Up",NA,NA
"GOBP_POSITIVE_REGULATION_OF_TRANSCRIPTION_OF_NOTCH_RECEPTOR_TARGET",0,"Up",NA,NA
"GOBP_POSITIVE_REGULATION_OF_TRANSCRIPTION_OF_NUCLEOLAR_LARGE_RRNA_BY_RNA_POLYMERASE_I",0,"Up",NA,NA
"GOBP_POSITIVE_REGULATION_OF_TRANSLATION_IN_RESPONSE_TO_ENDOPLASMIC_RETICULUM_STRESS",0,"Up",NA,NA
"GOBP_POSITIVE_REGULATION_OF_TRANSMISSION_OF_NERVE_IMPULSE",0,"Up",NA,NA
"GOBP_POSITIVE_REGULATION_OF_TRIGLYCERIDE_BIOSYNTHETIC_PROCESS",0,"Up",NA,NA
"GOBP_POSITIVE_REGULATION_OF_TROPHOBLAST_CELL_MIGRATION",0,"Up",NA,NA
"GOBP_POSITIVE_REGULATION_OF_TUMOR_NECROSIS_FACTOR_MEDIATED_SIGNALING_PATHWAY",0,"Up",NA,NA
"GOBP_POSITIVE_REGULATION_OF_TYPE_2_IMMUNE_RESPONSE",0,"Up",NA,NA
"GOBP_POSITIVE_REGULATION_OF_TYROSINE_PHOSPHORYLATION_OF_STAT_PROTEIN",0,"Up",NA,NA
"GOBP_POSITIVE_REGULATION_OF_UBIQUITIN_PROTEIN_LIGASE_ACTIVITY",0,"Up",NA,NA
"GOBP_POSITIVE_REGULATION_OF_UBIQUITIN_PROTEIN_TRANSFERASE_ACTIVITY",0,"Up",NA,NA
"GOBP_POSITIVE_REGULATION_OF_UNSATURATED_FATTY_ACID_BIOSYNTHETIC_PROCESS",0,"Up",NA,NA
"GOBP_POSITIVE_REGULATION_OF_UTERINE_SMOOTH_MUSCLE_CONTRACTION",0,"Up",NA,NA
"GOBP_POSITIVE_REGULATION_OF_VASCULAR_ASSOCIATED_SMOOTH_MUSCLE_CELL_APOPTOTIC_PROCESS",0,"Up",NA,NA
"GOBP_POSITIVE_REGULATION_OF_VASCULAR_ASSOCIATED_SMOOTH_MUSCLE_CELL_DIFFERENTIATION",0,"Up",NA,NA
"GOBP_POSITIVE_REGULATION_OF_VASCULAR_ENDOTHELIAL_GROWTH_FACTOR_RECEPTOR_SIGNALING_PATHWAY",0,"Up",NA,NA
"GOBP_POSITIVE_REGULATION_OF_VASCULAR_PERMEABILITY",0,"Up",NA,NA
"GOBP_POSITIVE_REGULATION_OF_VASCULAR_WOUND_HEALING",0,"Up",NA,NA
"GOBP_POSITIVE_REGULATION_OF_VASCULOGENESIS",0,"Up",NA,NA
"GOBP_POSITIVE_REGULATION_OF_VESICLE_FUSION",0,"Up",NA,NA
"GOBP_POSITIVE_REGULATION_OF_VIRAL_LIFE_CYCLE",0,"Up",NA,NA
"GOBP_POSITIVE_REGULATION_OF_VITAMIN_D_RECEPTOR_SIGNALING_PATHWAY",0,"Up",NA,NA
"GOBP_POSITIVE_REGULATION_OF_VOLTAGE_GATED_POTASSIUM_CHANNEL_ACTIVITY",0,"Up",NA,NA
"GOBP_POSITIVE_REGULATION_OF_WNT_SIGNALING_PATHWAY_PLANAR_CELL_POLARITY_PATHWAY",0,"Up",NA,NA
"GOBP_POSITIVE_THYMIC_T_CELL_SELECTION",0,"Up",NA,NA
"GOBP_POST_ANAL_TAIL_MORPHOGENESIS",0,"Up",NA,NA
"GOBP_POST_CHAPERONIN_TUBULIN_FOLDING_PATHWAY",0,"Up",NA,NA
"GOBP_POST_EMBRYONIC_CAMERA_TYPE_EYE_DEVELOPMENT",0,"Up",NA,NA
"GOBP_POSTREPLICATION_REPAIR",0,"Up",NA,NA
"GOBP_POSTSYNAPSE_ASSEMBLY",0,"Up",NA,NA
"GOBP_POSTSYNAPSE_TO_NUCLEUS_SIGNALING_PATHWAY",0,"Up",NA,NA
"GOBP_POSTSYNAPTIC_DENSITY_PROTEIN_95_CLUSTERING",0,"Up",NA,NA
"GOBP_POSTSYNAPTIC_MEMBRANE_ASSEMBLY",0,"Up",NA,NA
"GOBP_POSTSYNAPTIC_SPECIALIZATION_ASSEMBLY",0,"Up",NA,NA
"GOBP_POSTSYNAPTIC_SPECIALIZATION_ORGANIZATION",0,"Up",NA,NA
"GOBP_POSTTRANSLATIONAL_PROTEIN_TARGETING_TO_MEMBRANE_TRANSLOCATION",0,"Up",NA,NA
"GOBP_PRE_MIRNA_PROCESSING",0,"Up",NA,NA
"GOBP_PREASSEMBLY_OF_GPI_ANCHOR_IN_ER_MEMBRANE",0,"Up",NA,NA
"GOBP_PRENYLATION",0,"Up",NA,NA
"GOBP_PREPULSE_INHIBITION",0,"Up",NA,NA
"GOBP_PRESYNAPTIC_MEMBRANE_ORGANIZATION",0,"Up",NA,NA
"GOBP_PRIMARY_ALCOHOL_CATABOLIC_PROCESS",0,"Up",NA,NA
"GOBP_PRIMARY_AMINO_COMPOUND_BIOSYNTHETIC_PROCESS",0,"Up",NA,NA
"GOBP_PRIMARY_AMINO_COMPOUND_METABOLIC_PROCESS",0,"Up",NA,NA
"GOBP_PRIMITIVE_HEMOPOIESIS",0,"Up",NA,NA
"GOBP_PRIMITIVE_STREAK_FORMATION",0,"Up",NA,NA
"GOBP_PRO_B_CELL_DIFFERENTIATION",0,"Up",NA,NA
"GOBP_PRODUCTION_OF_SIRNA_INVOLVED_IN_RNA_INTERFERENCE",0,"Up",NA,NA
"GOBP_PROGESTERONE_BIOSYNTHETIC_PROCESS",0,"Up",NA,NA
"GOBP_PROGESTERONE_METABOLIC_PROCESS",0,"Up",NA,NA
"GOBP_PROGRAMMED_CELL_DEATH_INVOLVED_IN_CELL_DEVELOPMENT",0,"Up",NA,NA
"GOBP_PROLACTIN_SECRETION",0,"Up",NA,NA
"GOBP_PROLINE_METABOLIC_PROCESS",0,"Up",NA,NA
"GOBP_PROLINE_TRANSMEMBRANE_TRANSPORT",0,"Up",NA,NA
"GOBP_PROLINE_TRANSPORT",0,"Up",NA,NA
"GOBP_PRONEPHROS_DEVELOPMENT",0,"Up",NA,NA
"GOBP_PROPRIOCEPTION",0,"Up",NA,NA
"GOBP_PROSTAGLANDIN_TRANSPORT",0,"Up",NA,NA
"GOBP_PROSTATE_GLAND_DEVELOPMENT",0,"Up",NA,NA
"GOBP_PROSTATE_GLAND_GROWTH",0,"Up",NA,NA
"GOBP_PROSTATE_GLAND_MORPHOGENESIS",0,"Up",NA,NA
"GOBP_PROSTATE_GLANDULAR_ACINUS_DEVELOPMENT",0,"Up",NA,NA
"GOBP_PROSTATE_GLANDULAR_ACINUS_MORPHOGENESIS",0,"Up",NA,NA
"GOBP_PROSTATIC_BUD_FORMATION",0,"Up",NA,NA
"GOBP_PROTEASOME_ASSEMBLY",0,"Up",NA,NA
"GOBP_PROTECTION_FROM_NATURAL_KILLER_CELL_MEDIATED_CYTOTOXICITY",0,"Up",NA,NA
"GOBP_PROTECTION_FROM_NON_HOMOLOGOUS_END_JOINING_AT_TELOMERE",0,"Up",NA,NA
"GOBP_PROTEIN_ADP_RIBOSYLATION",0,"Up",NA,NA
"GOBP_PROTEIN_AUTO_ADP_RIBOSYLATION",0,"Up",NA,NA
"GOBP_PROTEIN_AUTOPROCESSING",0,"Up",NA,NA
"GOBP_PROTEIN_C_LINKED_GLYCOSYLATION",0,"Up",NA,NA
"GOBP_PROTEIN_CHROMOPHORE_LINKAGE",0,"Up",NA,NA
"GOBP_PROTEIN_DE_ADP_RIBOSYLATION",0,"Up",NA,NA
"GOBP_PROTEIN_DEGLUTAMYLATION",0,"Up",NA,NA
"GOBP_PROTEIN_DEMANNOSYLATION",0,"Up",NA,NA
"GOBP_PROTEIN_DEMETHYLATION",0,"Up",NA,NA
"GOBP_PROTEIN_DENEDDYLATION",0,"Up",NA,NA
"GOBP_PROTEIN_DESUMOYLATION",0,"Up",NA,NA
"GOBP_PROTEIN_DEUBIQUITINATION_INVOLVED_IN_UBIQUITIN_DEPENDENT_PROTEIN_CATABOLIC_PROCESS",0,"Up",NA,NA
"GOBP_PROTEIN_DNA_COMPLEX_DISASSEMBLY",0,"Up",NA,NA
"GOBP_PROTEIN_EXIT_FROM_ENDOPLASMIC_RETICULUM",0,"Up",NA,NA
"GOBP_PROTEIN_FOLDING_IN_ENDOPLASMIC_RETICULUM",0,"Up",NA,NA
"GOBP_PROTEIN_GERANYLGERANYLATION",0,"Up",NA,NA
"GOBP_PROTEIN_HETEROOLIGOMERIZATION",0,"Up",NA,NA
"GOBP_PROTEIN_HETEROTETRAMERIZATION",0,"Up",NA,NA
"GOBP_PROTEIN_IMPORT_INTO_PEROXISOME_MEMBRANE",0,"Up",NA,NA
"GOBP_PROTEIN_INSERTION_INTO_ER_MEMBRANE_BY_STOP_TRANSFER_MEMBRANE_ANCHOR_SEQUENCE",0,"Up",NA,NA
"GOBP_PROTEIN_INSERTION_INTO_MITOCHONDRIAL_INNER_MEMBRANE",0,"Up",NA,NA
"GOBP_PROTEIN_INSERTION_INTO_MITOCHONDRIAL_MEMBRANE_INVOLVED_IN_APOPTOTIC_SIGNALING_PATHWAY",0,"Up",NA,NA
"GOBP_PROTEIN_K11_LINKED_UBIQUITINATION",0,"Up",NA,NA
"GOBP_PROTEIN_K27_LINKED_UBIQUITINATION",0,"Up",NA,NA
"GOBP_PROTEIN_K29_LINKED_DEUBIQUITINATION",0,"Up",NA,NA
"GOBP_PROTEIN_K29_LINKED_UBIQUITINATION",0,"Up",NA,NA
"GOBP_PROTEIN_K6_LINKED_UBIQUITINATION",0,"Up",NA,NA
"GOBP_PROTEIN_LINEAR_POLYUBIQUITINATION",0,"Up",NA,NA
"GOBP_PROTEIN_LIPOYLATION",0,"Up",NA,NA
"GOBP_PROTEIN_LOCALIZATION_TO_BASOLATERAL_PLASMA_MEMBRANE",0,"Up",NA,NA
"GOBP_PROTEIN_LOCALIZATION_TO_CELL_CORTEX",0,"Up",NA,NA
"GOBP_PROTEIN_LOCALIZATION_TO_CILIARY_TRANSITION_ZONE",0,"Up",NA,NA
"GOBP_PROTEIN_LOCALIZATION_TO_CYTOPLASMIC_STRESS_GRANULE",0,"Up",NA,NA
"GOBP_PROTEIN_LOCALIZATION_TO_EARLY_ENDOSOME",0,"Up",NA,NA
"GOBP_PROTEIN_LOCALIZATION_TO_ENDOPLASMIC_RETICULUM_EXIT_SITE",0,"Up",NA,NA
"GOBP_PROTEIN_LOCALIZATION_TO_NON_MOTILE_CILIUM",0,"Up",NA,NA
"GOBP_PROTEIN_LOCALIZATION_TO_NUCLEAR_ENVELOPE",0,"Up",NA,NA
"GOBP_PROTEIN_LOCALIZATION_TO_NUCLEOLUS",0,"Up",NA,NA
"GOBP_PROTEIN_LOCALIZATION_TO_PERINUCLEAR_REGION_OF_CYTOPLASM",0,"Up",NA,NA
"GOBP_PROTEIN_LOCALIZATION_TO_PHOTORECEPTOR_OUTER_SEGMENT",0,"Up",NA,NA
"GOBP_PROTEIN_LOCALIZATION_TO_SITE_OF_DOUBLE_STRAND_BREAK",0,"Up",NA,NA
"GOBP_PROTEIN_MANNOSYLATION",0,"Up",NA,NA
"GOBP_PROTEIN_MATURATION_BY_4FE_4S_CLUSTER_TRANSFER",0,"Up",NA,NA
"GOBP_PROTEIN_MONO_ADP_RIBOSYLATION",0,"Up",NA,NA
"GOBP_PROTEIN_N_LINKED_GLYCOSYLATION",0,"Up",NA,NA
"GOBP_PROTEIN_O_LINKED_FUCOSYLATION",0,"Up",NA,NA
"GOBP_PROTEIN_O_LINKED_GLYCOSYLATION",0,"Up",NA,NA
"GOBP_PROTEIN_O_LINKED_GLYCOSYLATION_VIA_SERINE",0,"Up",NA,NA
"GOBP_PROTEIN_O_LINKED_GLYCOSYLATION_VIA_THREONINE",0,"Up",NA,NA
"GOBP_PROTEIN_O_LINKED_MANNOSYLATION",0,"Up",NA,NA
"GOBP_PROTEIN_PALMITOYLATION",0,"Up",NA,NA
"GOBP_PROTEIN_POLY_ADP_RIBOSYLATION",0,"Up",NA,NA
"GOBP_PROTEIN_POLYGLUTAMYLATION",0,"Up",NA,NA
"GOBP_PROTEIN_POLYUFMYLATION",0,"Up",NA,NA
"GOBP_PROTEIN_PROCESSING_INVOLVED_IN_PROTEIN_TARGETING_TO_MITOCHONDRION",0,"Up",NA,NA
"GOBP_PROTEIN_QUALITY_CONTROL_FOR_MISFOLDED_OR_INCOMPLETELY_SYNTHESIZED_PROTEINS",0,"Up",NA,NA
"GOBP_PROTEIN_REFOLDING",0,"Up",NA,NA
"GOBP_PROTEIN_SIALYLATION",0,"Up",NA,NA
"GOBP_PROTEIN_SIDE_CHAIN_DEGLUTAMYLATION",0,"Up",NA,NA
"GOBP_PROTEIN_SULFATION",0,"Up",NA,NA
"GOBP_PROTEIN_UFMYLATION",0,"Up",NA,NA
"GOBP_PROTEOGLYCAN_BIOSYNTHETIC_PROCESS",0,"Up",NA,NA
"GOBP_PROTEOGLYCAN_METABOLIC_PROCESS",0,"Up",NA,NA
"GOBP_PROTON_TRANSPORTING_TWO_SECTOR_ATPASE_COMPLEX_ASSEMBLY",0,"Up",NA,NA
"GOBP_PROTON_TRANSPORTING_V_TYPE_ATPASE_COMPLEX_ASSEMBLY",0,"Up",NA,NA
"GOBP_PROTOPORPHYRINOGEN_IX_BIOSYNTHETIC_PROCESS",0,"Up",NA,NA
"GOBP_PROTOPORPHYRINOGEN_IX_METABOLIC_PROCESS",0,"Up",NA,NA
"GOBP_PROXIMAL_DISTAL_PATTERN_FORMATION",0,"Up",NA,NA
"GOBP_PROXIMAL_DISTAL_PATTERN_FORMATION_INVOLVED_IN_NEPHRON_DEVELOPMENT",0,"Up",NA,NA
"GOBP_PROXIMAL_TUBULE_DEVELOPMENT",0,"Up",NA,NA
"GOBP_PSEUDOPODIUM_ORGANIZATION",0,"Up",NA,NA
"GOBP_PSEUDOURIDINE_SYNTHESIS",0,"Up",NA,NA
"GOBP_PTERIDINE_CONTAINING_COMPOUND_BIOSYNTHETIC_PROCESS",0,"Up",NA,NA
"GOBP_PTERIDINE_CONTAINING_COMPOUND_METABOLIC_PROCESS",0,"Up",NA,NA
"GOBP_PULMONARY_ARTERY_MORPHOGENESIS",0,"Up",NA,NA
"GOBP_PULMONARY_VALVE_DEVELOPMENT",0,"Up",NA,NA
"GOBP_PULMONARY_VALVE_MORPHOGENESIS",0,"Up",NA,NA
"GOBP_PURINE_CONTAINING_COMPOUND_CATABOLIC_PROCESS",0,"Up",NA,NA
"GOBP_PURINE_DEOXYRIBONUCLEOSIDE_METABOLIC_PROCESS",0,"Up",NA,NA
"GOBP_PURINE_DEOXYRIBONUCLEOSIDE_MONOPHOSPHATE_CATABOLIC_PROCESS",0,"Up",NA,NA
"GOBP_PURINE_DEOXYRIBONUCLEOSIDE_MONOPHOSPHATE_METABOLIC_PROCESS",0,"Up",NA,NA
"GOBP_PURINE_DEOXYRIBONUCLEOSIDE_TRIPHOSPHATE_METABOLIC_PROCESS",0,"Up",NA,NA
"GOBP_PURINE_DEOXYRIBONUCLEOTIDE_BIOSYNTHETIC_PROCESS",0,"Up",NA,NA
"GOBP_PURINE_DEOXYRIBONUCLEOTIDE_CATABOLIC_PROCESS",0,"Up",NA,NA
"GOBP_PURINE_DEOXYRIBONUCLEOTIDE_METABOLIC_PROCESS",0,"Up",NA,NA
"GOBP_PURINE_NUCLEOSIDE_BIOSYNTHETIC_PROCESS",0,"Up",NA,NA
"GOBP_PURINE_NUCLEOSIDE_CATABOLIC_PROCESS",0,"Up",NA,NA
"GOBP_PURINE_NUCLEOSIDE_DIPHOSPHATE_CATABOLIC_PROCESS",0,"Up",NA,NA
"GOBP_PURINE_NUCLEOSIDE_METABOLIC_PROCESS",0,"Up",NA,NA
"GOBP_PURINE_NUCLEOSIDE_MONOPHOSPHATE_CATABOLIC_PROCESS",0,"Up",NA,NA
"GOBP_PURINE_NUCLEOSIDE_TRIPHOSPHATE_CATABOLIC_PROCESS",0,"Up",NA,NA
"GOBP_PURINE_NUCLEOTIDE_CATABOLIC_PROCESS",0,"Up",NA,NA
"GOBP_PURINE_RIBONUCLEOSIDE_CATABOLIC_PROCESS",0,"Up",NA,NA
"GOBP_PURINE_RIBONUCLEOSIDE_METABOLIC_PROCESS",0,"Up",NA,NA
"GOBP_PURINE_RIBONUCLEOSIDE_SALVAGE",0,"Up",NA,NA
"GOBP_PURKINJE_MYOCYTE_TO_VENTRICULAR_CARDIAC_MUSCLE_CELL_SIGNALING",0,"Up",NA,NA
"GOBP_PUTRESCINE_BIOSYNTHETIC_PROCESS",0,"Up",NA,NA
"GOBP_PUTRESCINE_METABOLIC_PROCESS",0,"Up",NA,NA
"GOBP_PYRIDINE_CONTAINING_COMPOUND_BIOSYNTHETIC_PROCESS",0,"Up",NA,NA
"GOBP_PYRIDINE_CONTAINING_COMPOUND_CATABOLIC_PROCESS",0,"Up",NA,NA
"GOBP_PYRIDINE_CONTAINING_COMPOUND_METABOLIC_PROCESS",0,"Up",NA,NA
"GOBP_PYRIDINE_NUCLEOTIDE_BIOSYNTHETIC_PROCESS",0,"Up",NA,NA
"GOBP_PYRIDINE_NUCLEOTIDE_METABOLIC_PROCESS",0,"Up",NA,NA
"GOBP_PYRIMIDINE_CONTAINING_COMPOUND_BIOSYNTHETIC_PROCESS",0,"Up",NA,NA
"GOBP_PYRIMIDINE_CONTAINING_COMPOUND_SALVAGE",0,"Up",NA,NA
"GOBP_PYRIMIDINE_CONTAINING_COMPOUND_TRANSMEMBRANE_TRANSPORT",0,"Up",NA,NA
"GOBP_PYRIMIDINE_DEOXYRIBONUCLEOSIDE_METABOLIC_PROCESS",0,"Up",NA,NA
"GOBP_PYRIMIDINE_DEOXYRIBONUCLEOSIDE_MONOPHOSPHATE_BIOSYNTHETIC_PROCESS",0,"Up",NA,NA
"GOBP_PYRIMIDINE_DEOXYRIBONUCLEOSIDE_MONOPHOSPHATE_METABOLIC_PROCESS",0,"Up",NA,NA
"GOBP_PYRIMIDINE_DEOXYRIBONUCLEOSIDE_TRIPHOSPHATE_METABOLIC_PROCESS",0,"Up",NA,NA
"GOBP_PYRIMIDINE_DEOXYRIBONUCLEOTIDE_BIOSYNTHETIC_PROCESS",0,"Up",NA,NA
"GOBP_PYRIMIDINE_DEOXYRIBONUCLEOTIDE_METABOLIC_PROCESS",0,"Up",NA,NA
"GOBP_PYRIMIDINE_DIMER_REPAIR",0,"Up",NA,NA
"GOBP_PYRIMIDINE_NUCLEOBASE_BIOSYNTHETIC_PROCESS",0,"Up",NA,NA
"GOBP_PYRIMIDINE_NUCLEOBASE_TRANSPORT",0,"Up",NA,NA
"GOBP_PYRIMIDINE_NUCLEOSIDE_CATABOLIC_PROCESS",0,"Up",NA,NA
"GOBP_PYRIMIDINE_NUCLEOSIDE_DIPHOSPHATE_BIOSYNTHETIC_PROCESS",0,"Up",NA,NA
"GOBP_PYRIMIDINE_NUCLEOSIDE_DIPHOSPHATE_METABOLIC_PROCESS",0,"Up",NA,NA
"GOBP_PYRIMIDINE_NUCLEOSIDE_METABOLIC_PROCESS",0,"Up",NA,NA
"GOBP_PYRIMIDINE_NUCLEOSIDE_MONOPHOSPHATE_BIOSYNTHETIC_PROCESS",0,"Up",NA,NA
"GOBP_PYRIMIDINE_NUCLEOSIDE_MONOPHOSPHATE_CATABOLIC_PROCESS",0,"Up",NA,NA
"GOBP_PYRIMIDINE_NUCLEOSIDE_MONOPHOSPHATE_METABOLIC_PROCESS",0,"Up",NA,NA
"GOBP_PYRIMIDINE_NUCLEOSIDE_TRANSPORT",0,"Up",NA,NA
"GOBP_PYRIMIDINE_NUCLEOSIDE_TRIPHOSPHATE_BIOSYNTHETIC_PROCESS",0,"Up",NA,NA
"GOBP_PYRIMIDINE_NUCLEOSIDE_TRIPHOSPHATE_METABOLIC_PROCESS",0,"Up",NA,NA
"GOBP_PYRIMIDINE_NUCLEOTIDE_CATABOLIC_PROCESS",0,"Up",NA,NA
"GOBP_PYRIMIDINE_NUCLEOTIDE_METABOLIC_PROCESS",0,"Up",NA,NA
"GOBP_PYRIMIDINE_RIBONUCLEOSIDE_DIPHOSPHATE_METABOLIC_PROCESS",0,"Up",NA,NA
"GOBP_PYRIMIDINE_RIBONUCLEOSIDE_MONOPHOSPHATE_METABOLIC_PROCESS",0,"Up",NA,NA
"GOBP_PYRIMIDINE_RIBONUCLEOSIDE_TRIPHOSPHATE_BIOSYNTHETIC_PROCESS",0,"Up",NA,NA
"GOBP_PYRIMIDINE_RIBONUCLEOSIDE_TRIPHOSPHATE_METABOLIC_PROCESS",0,"Up",NA,NA
"GOBP_PYRIMIDINE_RIBONUCLEOTIDE_BIOSYNTHETIC_PROCESS",0,"Up",NA,NA
"GOBP_PYRIMIDINE_RIBONUCLEOTIDE_CATABOLIC_PROCESS",0,"Up",NA,NA
"GOBP_PYRIMIDINE_RIBONUCLEOTIDE_METABOLIC_PROCESS",0,"Up",NA,NA
"GOBP_PYROPTOSIS",0,"Up",NA,NA
"GOBP_PYRUVATE_TRANSMEMBRANE_TRANSPORT",0,"Up",NA,NA
"GOBP_PYRUVATE_TRANSPORT",0,"Up",NA,NA
"GOBP_QUATERNARY_AMMONIUM_GROUP_TRANSPORT",0,"Up",NA,NA
"GOBP_QUINOLINATE_METABOLIC_PROCESS",0,"Up",NA,NA
"GOBP_QUINONE_CATABOLIC_PROCESS",0,"Up",NA,NA
"GOBP_QUINONE_METABOLIC_PROCESS",0,"Up",NA,NA
"GOBP_R_LOOP_DISASSEMBLY",0,"Up",NA,NA
"GOBP_RAL_PROTEIN_SIGNAL_TRANSDUCTION",0,"Up",NA,NA
"GOBP_RAP_PROTEIN_SIGNAL_TRANSDUCTION",0,"Up",NA,NA
"GOBP_RECEPTOR_GUANYLYL_CYCLASE_SIGNALING_PATHWAY",0,"Up",NA,NA
"GOBP_RECEPTOR_LOCALIZATION_TO_NON_MOTILE_CILIUM",0,"Up",NA,NA
"GOBP_RECEPTOR_MEDIATED_ENDOCYTOSIS_INVOLVED_IN_CHOLESTEROL_TRANSPORT",0,"Up",NA,NA
"GOBP_RECEPTOR_MEDIATED_VIRION_ATTACHMENT_TO_HOST_CELL",0,"Up",NA,NA
"GOBP_RECEPTOR_TRANSACTIVATION",0,"Up",NA,NA
"GOBP_RECOGNITION_OF_APOPTOTIC_CELL",0,"Up",NA,NA
"GOBP_REDUCTION_OF_FOOD_INTAKE_IN_RESPONSE_TO_DIETARY_EXCESS",0,"Up",NA,NA
"GOBP_REFLEX",0,"Up",NA,NA
"GOBP_REGULATION_BY_VIRUS_OF_VIRAL_PROTEIN_LEVELS_IN_HOST_CELL",0,"Up",NA,NA
"GOBP_REGULATION_OF_3_UTR_MEDIATED_MRNA_STABILIZATION",0,"Up",NA,NA
"GOBP_REGULATION_OF_ACROSOME_REACTION",0,"Up",NA,NA
"GOBP_REGULATION_OF_ACTIVATION_OF_JANUS_KINASE_ACTIVITY",0,"Up",NA,NA
"GOBP_REGULATION_OF_ACTIVIN_RECEPTOR_SIGNALING_PATHWAY",0,"Up",NA,NA
"GOBP_REGULATION_OF_ACYL_COA_BIOSYNTHETIC_PROCESS",0,"Up",NA,NA
"GOBP_REGULATION_OF_ADIPOSE_TISSUE_DEVELOPMENT",0,"Up",NA,NA
"GOBP_REGULATION_OF_ALCOHOL_BIOSYNTHETIC_PROCESS",0,"Up",NA,NA
"GOBP_REGULATION_OF_ALDOSTERONE_METABOLIC_PROCESS",0,"Up",NA,NA
"GOBP_REGULATION_OF_ALKALINE_PHOSPHATASE_ACTIVITY",0,"Up",NA,NA
"GOBP_REGULATION_OF_AMYLOID_BETA_CLEARANCE",0,"Up",NA,NA
"GOBP_REGULATION_OF_AMYLOID_FIBRIL_FORMATION",0,"Up",NA,NA
"GOBP_REGULATION_OF_ANAPHASE_PROMOTING_COMPLEX_DEPENDENT_CATABOLIC_PROCESS",0,"Up",NA,NA
"GOBP_REGULATION_OF_ANGIOTENSIN_LEVELS_IN_BLOOD",0,"Up",NA,NA
"GOBP_REGULATION_OF_ANIMAL_ORGAN_FORMATION",0,"Up",NA,NA
"GOBP_REGULATION_OF_ANION_CHANNEL_ACTIVITY",0,"Up",NA,NA
"GOBP_REGULATION_OF_ANTIGEN_PROCESSING_AND_PRESENTATION",0,"Up",NA,NA
"GOBP_REGULATION_OF_ANTIGEN_PROCESSING_AND_PRESENTATION_OF_PEPTIDE_ANTIGEN",0,"Up",NA,NA
"GOBP_REGULATION_OF_ANTIGEN_PROCESSING_AND_PRESENTATION_OF_PEPTIDE_OR_POLYSACCHARIDE_ANTIGEN_VIA_MHC_CLASS_II",0,"Up",NA,NA
"GOBP_REGULATION_OF_ANTIMICROBIAL_HUMORAL_RESPONSE",0,"Up",NA,NA
"GOBP_REGULATION_OF_APOPTOTIC_DNA_FRAGMENTATION",0,"Up",NA,NA
"GOBP_REGULATION_OF_APOPTOTIC_PROCESS_IN_BONE_MARROW_CELL",0,"Up",NA,NA
"GOBP_REGULATION_OF_APOPTOTIC_PROCESS_INVOLVED_IN_DEVELOPMENT",0,"Up",NA,NA
"GOBP_REGULATION_OF_APPETITE",0,"Up",NA,NA
"GOBP_REGULATION_OF_ARACHIDONIC_ACID_SECRETION",0,"Up",NA,NA
"GOBP_REGULATION_OF_ARTERY_MORPHOGENESIS",0,"Up",NA,NA
"GOBP_REGULATION_OF_ASTROCYTE_ACTIVATION",0,"Up",NA,NA
"GOBP_REGULATION_OF_ASYMMETRIC_CELL_DIVISION",0,"Up",NA,NA
"GOBP_REGULATION_OF_ATP_BIOSYNTHETIC_PROCESS",0,"Up",NA,NA
"GOBP_REGULATION_OF_ATRIAL_CARDIAC_MUSCLE_CELL_MEMBRANE_REPOLARIZATION",0,"Up",NA,NA
"GOBP_REGULATION_OF_AUTOPHAGIC_CELL_DEATH",0,"Up",NA,NA
"GOBP_REGULATION_OF_AXON_GUIDANCE",0,"Up",NA,NA
"GOBP_REGULATION_OF_B_CELL_APOPTOTIC_PROCESS",0,"Up",NA,NA
"GOBP_REGULATION_OF_B_CELL_PROLIFERATION",0,"Up",NA,NA
"GOBP_REGULATION_OF_B_CELL_RECEPTOR_SIGNALING_PATHWAY",0,"Up",NA,NA
"GOBP_REGULATION_OF_BICELLULAR_TIGHT_JUNCTION_ASSEMBLY",0,"Up",NA,NA
"GOBP_REGULATION_OF_BILE_ACID_BIOSYNTHETIC_PROCESS",0,"Up",NA,NA
"GOBP_REGULATION_OF_BILE_ACID_METABOLIC_PROCESS",0,"Up",NA,NA
"GOBP_REGULATION_OF_BILE_ACID_SECRETION",0,"Up",NA,NA
"GOBP_REGULATION_OF_BINDING_OF_SPERM_TO_ZONA_PELLUCIDA",0,"Up",NA,NA
"GOBP_REGULATION_OF_BIOLOGICAL_PROCESS_INVOLVED_IN_SYMBIOTIC_INTERACTION",0,"Up",NA,NA
"GOBP_REGULATION_OF_BLOOD_BRAIN_BARRIER_PERMEABILITY",0,"Up",NA,NA
"GOBP_REGULATION_OF_BLOOD_VESSEL_REMODELING",0,"Up",NA,NA
"GOBP_REGULATION_OF_BLOOD_VOLUME_BY_RENIN_ANGIOTENSIN",0,"Up",NA,NA
"GOBP_REGULATION_OF_BONE_DEVELOPMENT",0,"Up",NA,NA
"GOBP_REGULATION_OF_BONE_MINERALIZATION_INVOLVED_IN_BONE_MATURATION",0,"Up",NA,NA
"GOBP_REGULATION_OF_BRANCHING_INVOLVED_IN_LUNG_MORPHOGENESIS",0,"Up",NA,NA
"GOBP_REGULATION_OF_BRANCHING_INVOLVED_IN_PROSTATE_GLAND_MORPHOGENESIS",0,"Up",NA,NA
"GOBP_REGULATION_OF_BRANCHING_INVOLVED_IN_SALIVARY_GLAND_MORPHOGENESIS",0,"Up",NA,NA
"GOBP_REGULATION_OF_BRANCHING_INVOLVED_IN_URETERIC_BUD_MORPHOGENESIS",0,"Up",NA,NA
"GOBP_REGULATION_OF_BROWN_FAT_CELL_DIFFERENTIATION",0,"Up",NA,NA
"GOBP_REGULATION_OF_CALCIDIOL_1_MONOOXYGENASE_ACTIVITY",0,"Up",NA,NA
"GOBP_REGULATION_OF_CALCIUM_ION_IMPORT_ACROSS_PLASMA_MEMBRANE",0,"Up",NA,NA
"GOBP_REGULATION_OF_CARDIAC_EPITHELIAL_TO_MESENCHYMAL_TRANSITION",0,"Up",NA,NA
"GOBP_REGULATION_OF_CARDIAC_MUSCLE_CELL_DIFFERENTIATION",0,"Up",NA,NA
"GOBP_REGULATION_OF_CARDIAC_MUSCLE_CELL_PROLIFERATION",0,"Up",NA,NA
"GOBP_REGULATION_OF_CARDIAC_MUSCLE_TISSUE_DEVELOPMENT",0,"Up",NA,NA
"GOBP_REGULATION_OF_CARDIAC_VASCULAR_SMOOTH_MUSCLE_CELL_DIFFERENTIATION",0,"Up",NA,NA
"GOBP_REGULATION_OF_CARDIOBLAST_DIFFERENTIATION",0,"Up",NA,NA
"GOBP_REGULATION_OF_CARDIOCYTE_DIFFERENTIATION",0,"Up",NA,NA
"GOBP_REGULATION_OF_CD4_POSITIVE_ALPHA_BETA_T_CELL_DIFFERENTIATION",0,"Up",NA,NA
"GOBP_REGULATION_OF_CD4_POSITIVE_CD25_POSITIVE_ALPHA_BETA_REGULATORY_T_CELL_DIFFERENTIATION",0,"Up",NA,NA
"GOBP_REGULATION_OF_CD40_SIGNALING_PATHWAY",0,"Up",NA,NA
"GOBP_REGULATION_OF_CD8_POSITIVE_ALPHA_BETA_T_CELL_ACTIVATION",0,"Up",NA,NA
"GOBP_REGULATION_OF_CD8_POSITIVE_ALPHA_BETA_T_CELL_DIFFERENTIATION",0,"Up",NA,NA
"GOBP_REGULATION_OF_CDC42_PROTEIN_SIGNAL_TRANSDUCTION",0,"Up",NA,NA
"GOBP_REGULATION_OF_CELL_CHEMOTAXIS_TO_FIBROBLAST_GROWTH_FACTOR",0,"Up",NA,NA
"GOBP_REGULATION_OF_CELL_FATE_COMMITMENT",0,"Up",NA,NA
"GOBP_REGULATION_OF_CELL_FATE_SPECIFICATION",0,"Up",NA,NA
"GOBP_REGULATION_OF_CELL_GROWTH_INVOLVED_IN_CARDIAC_MUSCLE_CELL_DEVELOPMENT",0,"Up",NA,NA
"GOBP_REGULATION_OF_CELL_MATURATION",0,"Up",NA,NA
"GOBP_REGULATION_OF_CELL_PROLIFERATION_INVOLVED_IN_KIDNEY_DEVELOPMENT",0,"Up",NA,NA
"GOBP_REGULATION_OF_CELLULAR_EXTRAVASATION",0,"Up",NA,NA
"GOBP_REGULATION_OF_CELLULAR_PH_REDUCTION",0,"Up",NA,NA
"GOBP_REGULATION_OF_CELLULAR_RESPONSE_TO_HYPOXIA",0,"Up",NA,NA
"GOBP_REGULATION_OF_CELLULAR_RESPONSE_TO_MACROPHAGE_COLONY_STIMULATING_FACTOR_STIMULUS",0,"Up",NA,NA
"GOBP_REGULATION_OF_CHAPERONE_MEDIATED_AUTOPHAGY",0,"Up",NA,NA
"GOBP_REGULATION_OF_CHEMOKINE_MEDIATED_SIGNALING_PATHWAY",0,"Up",NA,NA
"GOBP_REGULATION_OF_CHLORIDE_TRANSPORT",0,"Up",NA,NA
"GOBP_REGULATION_OF_CHOLESTEROL_BIOSYNTHETIC_PROCESS",0,"Up",NA,NA
"GOBP_REGULATION_OF_CHOLESTEROL_EFFLUX",0,"Up",NA,NA
"GOBP_REGULATION_OF_CHONDROCYTE_DEVELOPMENT",0,"Up",NA,NA
"GOBP_REGULATION_OF_CHROMOSOME_CONDENSATION",0,"Up",NA,NA
"GOBP_REGULATION_OF_CHRONIC_INFLAMMATORY_RESPONSE",0,"Up",NA,NA
"GOBP_REGULATION_OF_CILIUM_BEAT_FREQUENCY",0,"Up",NA,NA
"GOBP_REGULATION_OF_CILIUM_BEAT_FREQUENCY_INVOLVED_IN_CILIARY_MOTILITY",0,"Up",NA,NA
"GOBP_REGULATION_OF_CILIUM_DEPENDENT_CELL_MOTILITY",0,"Up",NA,NA
"GOBP_REGULATION_OF_CILIUM_MOVEMENT",0,"Up",NA,NA
"GOBP_REGULATION_OF_COLLAGEN_FIBRIL_ORGANIZATION",0,"Up",NA,NA
"GOBP_REGULATION_OF_COLLATERAL_SPROUTING",0,"Up",NA,NA
"GOBP_REGULATION_OF_CORE_PROMOTER_BINDING",0,"Up",NA,NA
"GOBP_REGULATION_OF_CORTICOTROPIN_SECRETION",0,"Up",NA,NA
"GOBP_REGULATION_OF_CYSTEINE_TYPE_ENDOPEPTIDASE_ACTIVITY_INVOLVED_IN_EXECUTION_PHASE_OF_APOPTOSIS",0,"Up",NA,NA
"GOBP_REGULATION_OF_CYTOPLASMIC_MRNA_PROCESSING_BODY_ASSEMBLY",0,"Up",NA,NA
"GOBP_REGULATION_OF_CYTOPLASMIC_TRANSLATIONAL_ELONGATION",0,"Up",NA,NA
"GOBP_REGULATION_OF_CYTOPLASMIC_TRANSLATIONAL_INITIATION",0,"Up",NA,NA
"GOBP_REGULATION_OF_DEFENSE_RESPONSE_TO_BACTERIUM",0,"Up",NA,NA
"GOBP_REGULATION_OF_DEFENSE_RESPONSE_TO_VIRUS_BY_HOST",0,"Up",NA,NA
"GOBP_REGULATION_OF_DENDRITIC_CELL_ANTIGEN_PROCESSING_AND_PRESENTATION",0,"Up",NA,NA
"GOBP_REGULATION_OF_DENDRITIC_CELL_CHEMOTAXIS",0,"Up",NA,NA
"GOBP_REGULATION_OF_DENDRITIC_CELL_DIFFERENTIATION",0,"Up",NA,NA
"GOBP_REGULATION_OF_DENDRITIC_SPINE_MAINTENANCE",0,"Up",NA,NA
"GOBP_REGULATION_OF_DEVELOPMENT_HETEROCHRONIC",0,"Up",NA,NA
"GOBP_REGULATION_OF_DNA_CATABOLIC_PROCESS",0,"Up",NA,NA
"GOBP_REGULATION_OF_DNA_DAMAGE_CHECKPOINT",0,"Up",NA,NA
"GOBP_REGULATION_OF_DNA_DAMAGE_RESPONSE_SIGNAL_TRANSDUCTION_BY_P53_CLASS_MEDIATOR_RESULTING_IN_TRANSCRIPTION_OF_P21_CLASS_MEDIATOR",0,"Up",NA,NA
"GOBP_REGULATION_OF_DNA_DIRECTED_DNA_POLYMERASE_ACTIVITY",0,"Up",NA,NA
"GOBP_REGULATION_OF_DNA_DUPLEX_UNWINDING",0,"Up",NA,NA
"GOBP_REGULATION_OF_DNA_HELICASE_ACTIVITY",0,"Up",NA,NA
"GOBP_REGULATION_OF_DNA_LIGATION",0,"Up",NA,NA
"GOBP_REGULATION_OF_DNA_METHYLATION",0,"Up",NA,NA
"GOBP_REGULATION_OF_DNA_METHYLATION_DEPENDENT_HETEROCHROMATIN_ASSEMBLY",0,"Up",NA,NA
"GOBP_REGULATION_OF_DNA_PRIMASE_ACTIVITY",0,"Up",NA,NA
"GOBP_REGULATION_OF_DNA_TEMPLATED_TRANSCRIPTION_INITIATION",0,"Up",NA,NA
"GOBP_REGULATION_OF_DNA_TOPOISOMERASE_ATP_HYDROLYZING_ACTIVITY",0,"Up",NA,NA
"GOBP_REGULATION_OF_DOPAMINE_UPTAKE_INVOLVED_IN_SYNAPTIC_TRANSMISSION",0,"Up",NA,NA
"GOBP_REGULATION_OF_EATING_BEHAVIOR",0,"Up",NA,NA
"GOBP_REGULATION_OF_ENAMEL_MINERALIZATION",0,"Up",NA,NA
"GOBP_REGULATION_OF_ENDOCRINE_PROCESS",0,"Up",NA,NA
"GOBP_REGULATION_OF_ENDODERMAL_CELL_DIFFERENTIATION",0,"Up",NA,NA
"GOBP_REGULATION_OF_ENDOPLASMIC_RETICULUM_UNFOLDED_PROTEIN_RESPONSE",0,"Up",NA,NA
"GOBP_REGULATION_OF_ENDOTHELIAL_CELL_CHEMOTAXIS",0,"Up",NA,NA
"GOBP_REGULATION_OF_ENDOTHELIAL_TUBE_MORPHOGENESIS",0,"Up",NA,NA
"GOBP_REGULATION_OF_ENTRY_OF_BACTERIUM_INTO_HOST_CELL",0,"Up",NA,NA
"GOBP_REGULATION_OF_EOSINOPHIL_MIGRATION",0,"Up",NA,NA
"GOBP_REGULATION_OF_EPITHELIAL_CELL_DIFFERENTIATION_INVOLVED_IN_KIDNEY_DEVELOPMENT",0,"Up",NA,NA
"GOBP_REGULATION_OF_EPITHELIAL_CELL_PROLIFERATION_INVOLVED_IN_LUNG_MORPHOGENESIS",0,"Up",NA,NA
"GOBP_REGULATION_OF_EPITHELIAL_TO_MESENCHYMAL_TRANSITION_INVOLVED_IN_ENDOCARDIAL_CUSHION_FORMATION",0,"Up",NA,NA
"GOBP_REGULATION_OF_EXCITATORY_SYNAPSE_ASSEMBLY",0,"Up",NA,NA
"GOBP_REGULATION_OF_EXECUTION_PHASE_OF_APOPTOSIS",0,"Up",NA,NA
"GOBP_REGULATION_OF_EXTRACELLULAR_MATRIX_CONSTITUENT_SECRETION",0,"Up",NA,NA
"GOBP_REGULATION_OF_FAT_CELL_PROLIFERATION",0,"Up",NA,NA
"GOBP_REGULATION_OF_FATTY_ACID_BETA_OXIDATION",0,"Up",NA,NA
"GOBP_REGULATION_OF_FATTY_ACID_TRANSPORT",0,"Up",NA,NA
"GOBP_REGULATION_OF_FC_GAMMA_RECEPTOR_SIGNALING_PATHWAY_INVOLVED_IN_PHAGOCYTOSIS",0,"Up",NA,NA
"GOBP_REGULATION_OF_FC_RECEPTOR_MEDIATED_STIMULATORY_SIGNALING_PATHWAY",0,"Up",NA,NA
"GOBP_REGULATION_OF_FEAR_RESPONSE",0,"Up",NA,NA
"GOBP_REGULATION_OF_FEMALE_GONAD_DEVELOPMENT",0,"Up",NA,NA
"GOBP_REGULATION_OF_FEMALE_RECEPTIVITY",0,"Up",NA,NA
"GOBP_REGULATION_OF_FEVER_GENERATION",0,"Up",NA,NA
"GOBP_REGULATION_OF_FIBRINOLYSIS",0,"Up",NA,NA
"GOBP_REGULATION_OF_FIBROBLAST_GROWTH_FACTOR_RECEPTOR_SIGNALING_PATHWAY",0,"Up",NA,NA
"GOBP_REGULATION_OF_FLAGELLATED_SPERM_MOTILITY",0,"Up",NA,NA
"GOBP_REGULATION_OF_FOREBRAIN_NEURON_DIFFERENTIATION",0,"Up",NA,NA
"GOBP_REGULATION_OF_G0_TO_G1_TRANSITION",0,"Up",NA,NA
"GOBP_REGULATION_OF_GAMMA_DELTA_T_CELL_ACTIVATION",0,"Up",NA,NA
"GOBP_REGULATION_OF_GAMMA_DELTA_T_CELL_DIFFERENTIATION",0,"Up",NA,NA
"GOBP_REGULATION_OF_GAP_JUNCTION_ASSEMBLY",0,"Up",NA,NA
"GOBP_REGULATION_OF_GENE_EXPRESSION_BY_GENOMIC_IMPRINTING",0,"Up",NA,NA
"GOBP_REGULATION_OF_GENETIC_IMPRINTING",0,"Up",NA,NA
"GOBP_REGULATION_OF_GERM_CELL_PROLIFERATION",0,"Up",NA,NA
"GOBP_REGULATION_OF_GERMINAL_CENTER_FORMATION",0,"Up",NA,NA
"GOBP_REGULATION_OF_GLIAL_CELL_MIGRATION",0,"Up",NA,NA
"GOBP_REGULATION_OF_GLOMERULAR_FILTRATION",0,"Up",NA,NA
"GOBP_REGULATION_OF_GLOMERULUS_DEVELOPMENT",0,"Up",NA,NA
"GOBP_REGULATION_OF_GLUCOCORTICOID_SECRETION",0,"Up",NA,NA
"GOBP_REGULATION_OF_GLUCOSYLCERAMIDASE_ACTIVITY",0,"Up",NA,NA
"GOBP_REGULATION_OF_GLUTAMATE_RECEPTOR_CLUSTERING",0,"Up",NA,NA
"GOBP_REGULATION_OF_GLUTAMATE_RECEPTOR_SIGNALING_PATHWAY",0,"Up",NA,NA
"GOBP_REGULATION_OF_GLUTAMINE_FAMILY_AMINO_ACID_METABOLIC_PROCESS",0,"Up",NA,NA
"GOBP_REGULATION_OF_GOLGI_TO_PLASMA_MEMBRANE_PROTEIN_TRANSPORT",0,"Up",NA,NA
"GOBP_REGULATION_OF_GONAD_DEVELOPMENT",0,"Up",NA,NA
"GOBP_REGULATION_OF_GONADOTROPIN_SECRETION",0,"Up",NA,NA
"GOBP_REGULATION_OF_GRANULOCYTE_DIFFERENTIATION",0,"Up",NA,NA
"GOBP_REGULATION_OF_GROWTH_HORMONE_RECEPTOR_SIGNALING_PATHWAY",0,"Up",NA,NA
"GOBP_REGULATION_OF_GROWTH_RATE",0,"Up",NA,NA
"GOBP_REGULATION_OF_GUANYLATE_CYCLASE_ACTIVITY",0,"Up",NA,NA
"GOBP_REGULATION_OF_HAIR_CYCLE",0,"Up",NA,NA
"GOBP_REGULATION_OF_HAIR_FOLLICLE_DEVELOPMENT",0,"Up",NA,NA
"GOBP_REGULATION_OF_HEART_INDUCTION",0,"Up",NA,NA
"GOBP_REGULATION_OF_HEART_MORPHOGENESIS",0,"Up",NA,NA
"GOBP_REGULATION_OF_HEART_RATE_BY_CHEMICAL_SIGNAL",0,"Up",NA,NA
"GOBP_REGULATION_OF_HEAT_GENERATION",0,"Up",NA,NA
"GOBP_REGULATION_OF_HELICASE_ACTIVITY",0,"Up",NA,NA
"GOBP_REGULATION_OF_HEMATOPOIETIC_PROGENITOR_CELL_DIFFERENTIATION",0,"Up",NA,NA
"GOBP_REGULATION_OF_HEMATOPOIETIC_STEM_CELL_DIFFERENTIATION",0,"Up",NA,NA
"GOBP_REGULATION_OF_HEMATOPOIETIC_STEM_CELL_PROLIFERATION",0,"Up",NA,NA
"GOBP_REGULATION_OF_HEMOGLOBIN_BIOSYNTHETIC_PROCESS",0,"Up",NA,NA
"GOBP_REGULATION_OF_HEPATIC_STELLATE_CELL_ACTIVATION",0,"Up",NA,NA
"GOBP_REGULATION_OF_HEPATOCYTE_APOPTOTIC_PROCESS",0,"Up",NA,NA
"GOBP_REGULATION_OF_HEPATOCYTE_PROLIFERATION",0,"Up",NA,NA
"GOBP_REGULATION_OF_HIGH_DENSITY_LIPOPROTEIN_PARTICLE_CLEARANCE",0,"Up",NA,NA
"GOBP_REGULATION_OF_HIPPO_SIGNALING",0,"Up",NA,NA
"GOBP_REGULATION_OF_HISTAMINE_SECRETION_BY_MAST_CELL",0,"Up",NA,NA
"GOBP_REGULATION_OF_HISTONE_H2B_UBIQUITINATION",0,"Up",NA,NA
"GOBP_REGULATION_OF_HISTONE_H3_K27_METHYLATION",0,"Up",NA,NA
"GOBP_REGULATION_OF_HISTONE_H3_K4_METHYLATION",0,"Up",NA,NA
"GOBP_REGULATION_OF_HISTONE_H3_K9_METHYLATION",0,"Up",NA,NA
"GOBP_REGULATION_OF_HISTONE_H3_K9_TRIMETHYLATION",0,"Up",NA,NA
"GOBP_REGULATION_OF_HISTONE_H4_K16_ACETYLATION",0,"Up",NA,NA
"GOBP_REGULATION_OF_HYDROGEN_PEROXIDE_BIOSYNTHETIC_PROCESS",0,"Up",NA,NA
"GOBP_REGULATION_OF_HYDROGEN_PEROXIDE_METABOLIC_PROCESS",0,"Up",NA,NA
"GOBP_REGULATION_OF_I_KAPPAB_PHOSPHORYLATION",0,"Up",NA,NA
"GOBP_REGULATION_OF_ICOSANOID_SECRETION",0,"Up",NA,NA
"GOBP_REGULATION_OF_IMMATURE_T_CELL_PROLIFERATION",0,"Up",NA,NA
"GOBP_REGULATION_OF_INCLUSION_BODY_ASSEMBLY",0,"Up",NA,NA
"GOBP_REGULATION_OF_INNER_EAR_AUDITORY_RECEPTOR_CELL_DIFFERENTIATION",0,"Up",NA,NA
"GOBP_REGULATION_OF_INORGANIC_ANION_TRANSMEMBRANE_TRANSPORT",0,"Up",NA,NA
"GOBP_REGULATION_OF_INOSITOL_1_4_5_TRISPHOSPHATE_SENSITIVE_CALCIUM_RELEASE_CHANNEL_ACTIVITY",0,"Up",NA,NA
"GOBP_REGULATION_OF_INOSITOL_PHOSPHATE_BIOSYNTHETIC_PROCESS",0,"Up",NA,NA
"GOBP_REGULATION_OF_INOSITOL_TRISPHOSPHATE_BIOSYNTHETIC_PROCESS",0,"Up",NA,NA
"GOBP_REGULATION_OF_INSULIN_LIKE_GROWTH_FACTOR_RECEPTOR_SIGNALING_PATHWAY",0,"Up",NA,NA
"GOBP_REGULATION_OF_INTEGRIN_BIOSYNTHETIC_PROCESS",0,"Up",NA,NA
"GOBP_REGULATION_OF_INTERLEUKIN_1_MEDIATED_SIGNALING_PATHWAY",0,"Up",NA,NA
"GOBP_REGULATION_OF_INTERLEUKIN_6_MEDIATED_SIGNALING_PATHWAY",0,"Up",NA,NA
"GOBP_REGULATION_OF_INTRACELLULAR_LIPID_TRANSPORT",0,"Up",NA,NA
"GOBP_REGULATION_OF_INTRINSIC_APOPTOTIC_SIGNALING_PATHWAY_IN_RESPONSE_TO_OSMOTIC_STRESS",0,"Up",NA,NA
"GOBP_REGULATION_OF_IRE1_MEDIATED_UNFOLDED_PROTEIN_RESPONSE",0,"Up",NA,NA
"GOBP_REGULATION_OF_IRON_ION_TRANSMEMBRANE_TRANSPORT",0,"Up",NA,NA
"GOBP_REGULATION_OF_IRON_ION_TRANSPORT",0,"Up",NA,NA
"GOBP_REGULATION_OF_ISOMERASE_ACTIVITY",0,"Up",NA,NA
"GOBP_REGULATION_OF_JUN_KINASE_ACTIVITY",0,"Up",NA,NA
"GOBP_REGULATION_OF_KERATINOCYTE_DIFFERENTIATION",0,"Up",NA,NA
"GOBP_REGULATION_OF_KERATINOCYTE_MIGRATION",0,"Up",NA,NA
"GOBP_REGULATION_OF_KERATINOCYTE_PROLIFERATION",0,"Up",NA,NA
"GOBP_REGULATION_OF_KETONE_BIOSYNTHETIC_PROCESS",0,"Up",NA,NA
"GOBP_REGULATION_OF_KIDNEY_SIZE",0,"Up",NA,NA
"GOBP_REGULATION_OF_KILLING_OF_CELLS_OF_ANOTHER_ORGANISM",0,"Up",NA,NA
"GOBP_REGULATION_OF_LENS_FIBER_CELL_DIFFERENTIATION",0,"Up",NA,NA
"GOBP_REGULATION_OF_LEUKOCYTE_ADHESION_TO_ARTERIAL_ENDOTHELIAL_CELL",0,"Up",NA,NA
"GOBP_REGULATION_OF_LEUKOCYTE_ADHESION_TO_VASCULAR_ENDOTHELIAL_CELL",0,"Up",NA,NA
"GOBP_REGULATION_OF_LEUKOCYTE_TETHERING_OR_ROLLING",0,"Up",NA,NA
"GOBP_REGULATION_OF_LIGASE_ACTIVITY",0,"Up",NA,NA
"GOBP_REGULATION_OF_LIPOPHAGY",0,"Up",NA,NA
"GOBP_REGULATION_OF_LIPOPOLYSACCHARIDE_MEDIATED_SIGNALING_PATHWAY",0,"Up",NA,NA
"GOBP_REGULATION_OF_LIPOPROTEIN_PARTICLE_CLEARANCE",0,"Up",NA,NA
"GOBP_REGULATION_OF_LOCOMOTION_INVOLVED_IN_LOCOMOTORY_BEHAVIOR",0,"Up",NA,NA
"GOBP_REGULATION_OF_LONG_CHAIN_FATTY_ACID_IMPORT_ACROSS_PLASMA_MEMBRANE",0,"Up",NA,NA
"GOBP_REGULATION_OF_LONG_CHAIN_FATTY_ACID_IMPORT_INTO_CELL",0,"Up",NA,NA
"GOBP_REGULATION_OF_LOW_DENSITY_LIPOPROTEIN_PARTICLE_CLEARANCE",0,"Up",NA,NA
"GOBP_REGULATION_OF_LUNG_BLOOD_PRESSURE",0,"Up",NA,NA
"GOBP_REGULATION_OF_LUTEINIZING_HORMONE_SECRETION",0,"Up",NA,NA
"GOBP_REGULATION_OF_LYMPHANGIOGENESIS",0,"Up",NA,NA
"GOBP_REGULATION_OF_LYMPHOID_PROGENITOR_CELL_DIFFERENTIATION",0,"Up",NA,NA
"GOBP_REGULATION_OF_LYSOSOMAL_LUMEN_PH",0,"Up",NA,NA
"GOBP_REGULATION_OF_LYSOSOMAL_PROTEIN_CATABOLIC_PROCESS",0,"Up",NA,NA
"GOBP_REGULATION_OF_LYSOSOME_ORGANIZATION",0,"Up",NA,NA
"GOBP_REGULATION_OF_MACROPHAGE_DERIVED_FOAM_CELL_DIFFERENTIATION",0,"Up",NA,NA
"GOBP_REGULATION_OF_MACROPHAGE_DIFFERENTIATION",0,"Up",NA,NA
"GOBP_REGULATION_OF_MACROPHAGE_FUSION",0,"Up",NA,NA
"GOBP_REGULATION_OF_MAINTENANCE_OF_SISTER_CHROMATID_COHESION",0,"Up",NA,NA
"GOBP_REGULATION_OF_MALE_GONAD_DEVELOPMENT",0,"Up",NA,NA
"GOBP_REGULATION_OF_MAST_CELL_CHEMOTAXIS",0,"Up",NA,NA
"GOBP_REGULATION_OF_MDA_5_SIGNALING_PATHWAY",0,"Up",NA,NA
"GOBP_REGULATION_OF_MEGAKARYOCYTE_DIFFERENTIATION",0,"Up",NA,NA
"GOBP_REGULATION_OF_MEIOTIC_CELL_CYCLE",0,"Up",NA,NA
"GOBP_REGULATION_OF_MEIOTIC_CELL_CYCLE_PHASE_TRANSITION",0,"Up",NA,NA
"GOBP_REGULATION_OF_MEIOTIC_NUCLEAR_DIVISION",0,"Up",NA,NA
"GOBP_REGULATION_OF_MELANOCYTE_DIFFERENTIATION",0,"Up",NA,NA
"GOBP_REGULATION_OF_MEMBRANE_REPOLARIZATION_DURING_ACTION_POTENTIAL",0,"Up",NA,NA
"GOBP_REGULATION_OF_MEMBRANE_REPOLARIZATION_DURING_CARDIAC_MUSCLE_CELL_ACTION_POTENTIAL",0,"Up",NA,NA
"GOBP_REGULATION_OF_MEMBRANE_REPOLARIZATION_DURING_VENTRICULAR_CARDIAC_MUSCLE_CELL_ACTION_POTENTIAL",0,"Up",NA,NA
"GOBP_REGULATION_OF_MESENCHYMAL_CELL_PROLIFERATION",0,"Up",NA,NA
"GOBP_REGULATION_OF_MESENCHYMAL_TO_EPITHELIAL_TRANSITION_INVOLVED_IN_METANEPHROS_MORPHOGENESIS",0,"Up",NA,NA
"GOBP_REGULATION_OF_MESODERM_DEVELOPMENT",0,"Up",NA,NA
"GOBP_REGULATION_OF_MESODERMAL_CELL_DIFFERENTIATION",0,"Up",NA,NA
"GOBP_REGULATION_OF_MESODERMAL_CELL_FATE_SPECIFICATION",0,"Up",NA,NA
"GOBP_REGULATION_OF_MESONEPHROS_DEVELOPMENT",0,"Up",NA,NA
"GOBP_REGULATION_OF_MICROGLIAL_CELL_ACTIVATION",0,"Up",NA,NA
"GOBP_REGULATION_OF_MICROVILLUS_ASSEMBLY",0,"Up",NA,NA
"GOBP_REGULATION_OF_MICROVILLUS_LENGTH",0,"Up",NA,NA
"GOBP_REGULATION_OF_MICROVILLUS_ORGANIZATION",0,"Up",NA,NA
"GOBP_REGULATION_OF_MIDBRAIN_DOPAMINERGIC_NEURON_DIFFERENTIATION",0,"Up",NA,NA
"GOBP_REGULATION_OF_MIRNA_CATABOLIC_PROCESS",0,"Up",NA,NA
"GOBP_REGULATION_OF_MIRNA_METABOLIC_PROCESS",0,"Up",NA,NA
"GOBP_REGULATION_OF_MITOCHONDRIAL_ATP_SYNTHESIS_COUPLED_ELECTRON_TRANSPORT",0,"Up",NA,NA
"GOBP_REGULATION_OF_MITOCHONDRIAL_DNA_REPLICATION",0,"Up",NA,NA
"GOBP_REGULATION_OF_MITOCHONDRIAL_GENE_EXPRESSION",0,"Up",NA,NA
"GOBP_REGULATION_OF_MITOCHONDRIAL_MRNA_STABILITY",0,"Up",NA,NA
"GOBP_REGULATION_OF_MITOCHONDRIAL_RNA_CATABOLIC_PROCESS",0,"Up",NA,NA
"GOBP_REGULATION_OF_MITOTIC_CENTROSOME_SEPARATION",0,"Up",NA,NA
"GOBP_REGULATION_OF_MITOTIC_CYTOKINESIS",0,"Up",NA,NA
"GOBP_REGULATION_OF_MODIFICATION_OF_POSTSYNAPTIC_STRUCTURE",0,"Up",NA,NA
"GOBP_REGULATION_OF_MODIFICATION_OF_SYNAPTIC_STRUCTURE",0,"Up",NA,NA
"GOBP_REGULATION_OF_MONOCYTE_CHEMOTAXIS",0,"Up",NA,NA
"GOBP_REGULATION_OF_MONOCYTE_DIFFERENTIATION",0,"Up",NA,NA
"GOBP_REGULATION_OF_MONOCYTE_EXTRAVASATION",0,"Up",NA,NA
"GOBP_REGULATION_OF_MOTOR_NEURON_APOPTOTIC_PROCESS",0,"Up",NA,NA
"GOBP_REGULATION_OF_MRNA_3_END_PROCESSING",0,"Up",NA,NA
"GOBP_REGULATION_OF_MRNA_BINDING",0,"Up",NA,NA
"GOBP_REGULATION_OF_MRNA_POLYADENYLATION",0,"Up",NA,NA
"GOBP_REGULATION_OF_MUCUS_SECRETION",0,"Up",NA,NA
"GOBP_REGULATION_OF_MUSCLE_CELL_DIFFERENTIATION",0,"Up",NA,NA
"GOBP_REGULATION_OF_MYELOID_DENDRITIC_CELL_ACTIVATION",0,"Up",NA,NA
"GOBP_REGULATION_OF_MYOBLAST_PROLIFERATION",0,"Up",NA,NA
"GOBP_REGULATION_OF_MYOSIN_LIGHT_CHAIN_PHOSPHATASE_ACTIVITY",0,"Up",NA,NA
"GOBP_REGULATION_OF_MYOTUBE_DIFFERENTIATION",0,"Up",NA,NA
"GOBP_REGULATION_OF_NATURAL_KILLER_CELL_ACTIVATION",0,"Up",NA,NA
"GOBP_REGULATION_OF_NATURAL_KILLER_CELL_CHEMOTAXIS",0,"Up",NA,NA
"GOBP_REGULATION_OF_NATURAL_KILLER_CELL_DIFFERENTIATION",0,"Up",NA,NA
"GOBP_REGULATION_OF_NATURAL_KILLER_CELL_MEDIATED_IMMUNE_RESPONSE_TO_TUMOR_CELL",0,"Up",NA,NA
"GOBP_REGULATION_OF_NEUROBLAST_PROLIFERATION",0,"Up",NA,NA
"GOBP_REGULATION_OF_NEURON_MATURATION",0,"Up",NA,NA
"GOBP_REGULATION_OF_NEURON_PROJECTION_ARBORIZATION",0,"Up",NA,NA
"GOBP_REGULATION_OF_NEURONAL_ACTION_POTENTIAL",0,"Up",NA,NA
"GOBP_REGULATION_OF_NEUROTRANSMITTER_RECEPTOR_LOCALIZATION_TO_POSTSYNAPTIC_SPECIALIZATION_MEMBRANE",0,"Up",NA,NA
"GOBP_REGULATION_OF_NEUROTROPHIN_TRK_RECEPTOR_SIGNALING_PATHWAY",0,"Up",NA,NA
"GOBP_REGULATION_OF_NEUTROPHIL_ACTIVATION",0,"Up",NA,NA
"GOBP_REGULATION_OF_NEUTROPHIL_DEGRANULATION",0,"Up",NA,NA
"GOBP_REGULATION_OF_NEUTROPHIL_EXTRAVASATION",0,"Up",NA,NA
"GOBP_REGULATION_OF_NEUTROPHIL_MEDIATED_CYTOTOXICITY",0,"Up",NA,NA
"GOBP_REGULATION_OF_NITRIC_OXIDE_MEDIATED_SIGNAL_TRANSDUCTION",0,"Up",NA,NA
"GOBP_REGULATION_OF_NITRIC_OXIDE_SYNTHASE_ACTIVITY",0,"Up",NA,NA
"GOBP_REGULATION_OF_NK_T_CELL_PROLIFERATION",0,"Up",NA,NA
"GOBP_REGULATION_OF_NMDA_RECEPTOR_ACTIVITY",0,"Up",NA,NA
"GOBP_REGULATION_OF_NODAL_SIGNALING_PATHWAY",0,"Up",NA,NA
"GOBP_REGULATION_OF_NODAL_SIGNALING_PATHWAY_INVOLVED_IN_DETERMINATION_OF_LEFT_RIGHT_ASYMMETRY",0,"Up",NA,NA
"GOBP_REGULATION_OF_NON_MEMBRANE_SPANNING_PROTEIN_TYROSINE_KINASE_ACTIVITY",0,"Up",NA,NA
"GOBP_REGULATION_OF_NUCLEAR_CELL_CYCLE_DNA_REPLICATION",0,"Up",NA,NA
"GOBP_REGULATION_OF_NUCLEAR_TRANSCRIBED_MRNA_CATABOLIC_PROCESS_NONSENSE_MEDIATED_DECAY",0,"Up",NA,NA
"GOBP_REGULATION_OF_NUCLEAR_TRANSCRIBED_MRNA_POLY_A_TAIL_SHORTENING",0,"Up",NA,NA
"GOBP_REGULATION_OF_NUCLEOTIDE_BINDING_OLIGOMERIZATION_DOMAIN_CONTAINING_2_SIGNALING_PATHWAY",0,"Up",NA,NA
"GOBP_REGULATION_OF_NUCLEOTIDE_BINDING_OLIGOMERIZATION_DOMAIN_CONTAINING_SIGNALING_PATHWAY",0,"Up",NA,NA
"GOBP_REGULATION_OF_NUCLEOTIDE_BIOSYNTHETIC_PROCESS",0,"Up",NA,NA
"GOBP_REGULATION_OF_ODONTOGENESIS",0,"Up",NA,NA
"GOBP_REGULATION_OF_ODONTOGENESIS_OF_DENTIN_CONTAINING_TOOTH",0,"Up",NA,NA
"GOBP_REGULATION_OF_OOCYTE_MATURATION",0,"Up",NA,NA
"GOBP_REGULATION_OF_OSTEOBLAST_PROLIFERATION",0,"Up",NA,NA
"GOBP_REGULATION_OF_OVARIAN_FOLLICLE_DEVELOPMENT",0,"Up",NA,NA
"GOBP_REGULATION_OF_OXIDATIVE_PHOSPHORYLATION",0,"Up",NA,NA
"GOBP_REGULATION_OF_PENILE_ERECTION",0,"Up",NA,NA
"GOBP_REGULATION_OF_PEPTIDYL_SERINE_PHOSPHORYLATION_OF_STAT_PROTEIN",0,"Up",NA,NA
"GOBP_REGULATION_OF_PERK_MEDIATED_UNFOLDED_PROTEIN_RESPONSE",0,"Up",NA,NA
"GOBP_REGULATION_OF_PEROXISOME_PROLIFERATOR_ACTIVATED_RECEPTOR_SIGNALING_PATHWAY",0,"Up",NA,NA
"GOBP_REGULATION_OF_PHENOTYPIC_SWITCHING",0,"Up",NA,NA
"GOBP_REGULATION_OF_PHOSPHATE_TRANSPORT",0,"Up",NA,NA
"GOBP_REGULATION_OF_PHOSPHATIDYLINOSITOL_3_KINASE_ACTIVITY",0,"Up",NA,NA
"GOBP_REGULATION_OF_PHOSPHATIDYLINOSITOL_BIOSYNTHETIC_PROCESS",0,"Up",NA,NA
"GOBP_REGULATION_OF_PHOSPHATIDYLINOSITOL_DEPHOSPHORYLATION",0,"Up",NA,NA
"GOBP_REGULATION_OF_PHOSPHOLIPASE_C_ACTIVATING_G_PROTEIN_COUPLED_RECEPTOR_SIGNALING_PATHWAY",0,"Up",NA,NA
"GOBP_REGULATION_OF_PHOTORECEPTOR_CELL_DIFFERENTIATION",0,"Up",NA,NA
"GOBP_REGULATION_OF_PIGMENT_CELL_DIFFERENTIATION",0,"Up",NA,NA
"GOBP_REGULATION_OF_PIGMENTATION",0,"Up",NA,NA
"GOBP_REGULATION_OF_PLASMINOGEN_ACTIVATION",0,"Up",NA,NA
"GOBP_REGULATION_OF_POLYAMINE_TRANSMEMBRANE_TRANSPORT",0,"Up",NA,NA
"GOBP_REGULATION_OF_POSITIVE_CHEMOTAXIS",0,"Up",NA,NA
"GOBP_REGULATION_OF_POST_TRANSLATIONAL_PROTEIN_MODIFICATION",0,"Up",NA,NA
"GOBP_REGULATION_OF_POSTSYNAPTIC_CYTOSOLIC_CALCIUM_ION_CONCENTRATION",0,"Up",NA,NA
"GOBP_REGULATION_OF_POSTSYNAPTIC_DENSITY_ORGANIZATION",0,"Up",NA,NA
"GOBP_REGULATION_OF_POSTSYNAPTIC_NEUROTRANSMITTER_RECEPTOR_ACTIVITY",0,"Up",NA,NA
"GOBP_REGULATION_OF_POSTSYNAPTIC_SPECIALIZATION_ASSEMBLY",0,"Up",NA,NA
"GOBP_REGULATION_OF_POTASSIUM_ION_EXPORT_ACROSS_PLASMA_MEMBRANE",0,"Up",NA,NA
"GOBP_REGULATION_OF_PRESYNAPSE_ORGANIZATION",0,"Up",NA,NA
"GOBP_REGULATION_OF_PRESYNAPTIC_MEMBRANE_POTENTIAL",0,"Up",NA,NA
"GOBP_REGULATION_OF_PRO_B_CELL_DIFFERENTIATION",0,"Up",NA,NA
"GOBP_REGULATION_OF_PROSTAGLANDIN_SECRETION",0,"Up",NA,NA
"GOBP_REGULATION_OF_PROSTATIC_BUD_FORMATION",0,"Up",NA,NA
"GOBP_REGULATION_OF_PROTEIN_ADP_RIBOSYLATION",0,"Up",NA,NA
"GOBP_REGULATION_OF_PROTEIN_AUTOUBIQUITINATION",0,"Up",NA,NA
"GOBP_REGULATION_OF_PROTEIN_CATABOLIC_PROCESS_IN_THE_VACUOLE",0,"Up",NA,NA
"GOBP_REGULATION_OF_PROTEIN_COMPLEX_STABILITY",0,"Up",NA,NA
"GOBP_REGULATION_OF_PROTEIN_EXIT_FROM_ENDOPLASMIC_RETICULUM",0,"Up",NA,NA
"GOBP_REGULATION_OF_PROTEIN_FOLDING",0,"Up",NA,NA
"GOBP_REGULATION_OF_PROTEIN_K48_LINKED_UBIQUITINATION",0,"Up",NA,NA
"GOBP_REGULATION_OF_PROTEIN_KINASE_C_ACTIVITY",0,"Up",NA,NA
"GOBP_REGULATION_OF_PROTEIN_LOCALIZATION_TO_CELL_CORTEX",0,"Up",NA,NA
"GOBP_REGULATION_OF_PROTEIN_LOCALIZATION_TO_ENDOSOME",0,"Up",NA,NA
"GOBP_REGULATION_OF_PROTEIN_LOCALIZATION_TO_NUCLEOLUS",0,"Up",NA,NA
"GOBP_REGULATION_OF_PROTEIN_MONOUBIQUITINATION",0,"Up",NA,NA
"GOBP_REGULATION_OF_RECEPTOR_BINDING",0,"Up",NA,NA
"GOBP_REGULATION_OF_RECEPTOR_CATABOLIC_PROCESS",0,"Up",NA,NA
"GOBP_REGULATION_OF_RECEPTOR_CLUSTERING",0,"Up",NA,NA
"GOBP_REGULATION_OF_RECEPTOR_MEDIATED_ENDOCYTOSIS_INVOLVED_IN_CHOLESTEROL_TRANSPORT",0,"Up",NA,NA
"GOBP_REGULATION_OF_RESPIRATORY_BURST",0,"Up",NA,NA
"GOBP_REGULATION_OF_RESPONSE_TO_DRUG",0,"Up",NA,NA
"GOBP_REGULATION_OF_RESPONSE_TO_EXTRACELLULAR_STIMULUS",0,"Up",NA,NA
"GOBP_REGULATION_OF_RESPONSE_TO_FOOD",0,"Up",NA,NA
"GOBP_REGULATION_OF_RESPONSE_TO_TUMOR_CELL",0,"Up",NA,NA
"GOBP_REGULATION_OF_RESTING_MEMBRANE_POTENTIAL",0,"Up",NA,NA
"GOBP_REGULATION_OF_RETINAL_GANGLION_CELL_AXON_GUIDANCE",0,"Up",NA,NA
"GOBP_REGULATION_OF_RETINOIC_ACID_RECEPTOR_SIGNALING_PATHWAY",0,"Up",NA,NA
"GOBP_REGULATION_OF_RETROGRADE_PROTEIN_TRANSPORT_ER_TO_CYTOSOL",0,"Up",NA,NA
"GOBP_REGULATION_OF_RHO_DEPENDENT_PROTEIN_SERINE_THREONINE_KINASE_ACTIVITY",0,"Up",NA,NA
"GOBP_REGULATION_OF_RHODOPSIN_MEDIATED_SIGNALING_PATHWAY",0,"Up",NA,NA
"GOBP_REGULATION_OF_RIBONUCLEASE_ACTIVITY",0,"Up",NA,NA
"GOBP_REGULATION_OF_RIBOSOME_BIOGENESIS",0,"Up",NA,NA
"GOBP_REGULATION_OF_RNA_BINDING",0,"Up",NA,NA
"GOBP_REGULATION_OF_RNA_POLYMERASE_II_REGULATORY_REGION_SEQUENCE_SPECIFIC_DNA_BINDING",0,"Up",NA,NA
"GOBP_REGULATION_OF_RNA_POLYMERASE_II_TRANSCRIPTION_PREINITIATION_COMPLEX_ASSEMBLY",0,"Up",NA,NA
"GOBP_REGULATION_OF_RRNA_PROCESSING",0,"Up",NA,NA
"GOBP_REGULATION_OF_SARCOMERE_ORGANIZATION",0,"Up",NA,NA
"GOBP_REGULATION_OF_SECONDARY_METABOLIC_PROCESS",0,"Up",NA,NA
"GOBP_REGULATION_OF_SEQUESTERING_OF_TRIGLYCERIDE",0,"Up",NA,NA
"GOBP_REGULATION_OF_SEROTONIN_SECRETION",0,"Up",NA,NA
"GOBP_REGULATION_OF_SISTER_CHROMATID_COHESION",0,"Up",NA,NA
"GOBP_REGULATION_OF_SKELETAL_MUSCLE_CELL_PROLIFERATION",0,"Up",NA,NA
"GOBP_REGULATION_OF_SKELETAL_MUSCLE_CONTRACTION_BY_CALCIUM_ION_SIGNALING",0,"Up",NA,NA
"GOBP_REGULATION_OF_SKELETAL_MUSCLE_FIBER_DEVELOPMENT",0,"Up",NA,NA
"GOBP_REGULATION_OF_SKELETAL_MUSCLE_TISSUE_GROWTH",0,"Up",NA,NA
"GOBP_REGULATION_OF_SKELETAL_MUSCLE_TISSUE_REGENERATION",0,"Up",NA,NA
"GOBP_REGULATION_OF_SMAD_PROTEIN_COMPLEX_ASSEMBLY",0,"Up",NA,NA
"GOBP_REGULATION_OF_SMOOTH_MUSCLE_CELL_DIFFERENTIATION",0,"Up",NA,NA
"GOBP_REGULATION_OF_SNRNA_TRANSCRIPTION_BY_RNA_POLYMERASE_II",0,"Up",NA,NA
"GOBP_REGULATION_OF_SODIUM_DEPENDENT_PHOSPHATE_TRANSPORT",0,"Up",NA,NA
"GOBP_REGULATION_OF_SOMATIC_STEM_CELL_POPULATION_MAINTENANCE",0,"Up",NA,NA
"GOBP_REGULATION_OF_SOMITOGENESIS",0,"Up",NA,NA
"GOBP_REGULATION_OF_SREBP_SIGNALING_PATHWAY",0,"Up",NA,NA
"GOBP_REGULATION_OF_STEM_CELL_DIVISION",0,"Up",NA,NA
"GOBP_REGULATION_OF_STEM_CELL_POPULATION_MAINTENANCE",0,"Up",NA,NA
"GOBP_REGULATION_OF_STEROID_HORMONE_SECRETION",0,"Up",NA,NA
"GOBP_REGULATION_OF_STORE_OPERATED_CALCIUM_CHANNEL_ACTIVITY",0,"Up",NA,NA
"GOBP_REGULATION_OF_STORE_OPERATED_CALCIUM_ENTRY",0,"Up",NA,NA
"GOBP_REGULATION_OF_STRESS_GRANULE_ASSEMBLY",0,"Up",NA,NA
"GOBP_REGULATION_OF_STRIATED_MUSCLE_CELL_DIFFERENTIATION",0,"Up",NA,NA
"GOBP_REGULATION_OF_SULFUR_METABOLIC_PROCESS",0,"Up",NA,NA
"GOBP_REGULATION_OF_SYNAPSE_MATURATION",0,"Up",NA,NA
"GOBP_REGULATION_OF_SYNAPSE_STRUCTURAL_PLASTICITY",0,"Up",NA,NA
"GOBP_REGULATION_OF_SYNAPTIC_ASSEMBLY_AT_NEUROMUSCULAR_JUNCTION",0,"Up",NA,NA
"GOBP_REGULATION_OF_SYNAPTIC_TRANSMISSION_CHOLINERGIC",0,"Up",NA,NA
"GOBP_REGULATION_OF_SYNAPTIC_VESICLE_CLUSTERING",0,"Up",NA,NA
"GOBP_REGULATION_OF_SYNAPTIC_VESICLE_TRANSPORT",0,"Up",NA,NA
"GOBP_REGULATION_OF_SYSTEMIC_ARTERIAL_BLOOD_PRESSURE_BY_CIRCULATORY_RENIN_ANGIOTENSIN",0,"Up",NA,NA
"GOBP_REGULATION_OF_SYSTEMIC_ARTERIAL_BLOOD_PRESSURE_BY_ENDOTHELIN",0,"Up",NA,NA
"GOBP_REGULATION_OF_SYSTEMIC_ARTERIAL_BLOOD_PRESSURE_BY_HORMONE",0,"Up",NA,NA
"GOBP_REGULATION_OF_SYSTEMIC_ARTERIAL_BLOOD_PRESSURE_BY_NOREPINEPHRINE_EPINEPHRINE",0,"Up",NA,NA
"GOBP_REGULATION_OF_SYSTEMIC_ARTERIAL_BLOOD_PRESSURE_BY_RENIN_ANGIOTENSIN",0,"Up",NA,NA
"GOBP_REGULATION_OF_SYSTEMIC_ARTERIAL_BLOOD_PRESSURE_BY_VASOPRESSIN",0,"Up",NA,NA
"GOBP_REGULATION_OF_SYSTEMIC_ARTERIAL_BLOOD_PRESSURE_MEDIATED_BY_A_CHEMICAL_SIGNAL",0,"Up",NA,NA
"GOBP_REGULATION_OF_T_CELL_ACTIVATION_VIA_T_CELL_RECEPTOR_CONTACT_WITH_ANTIGEN_BOUND_TO_MHC_MOLECULE_ON_ANTIGEN_PRESENTING_CELL",0,"Up",NA,NA
"GOBP_REGULATION_OF_T_CELL_COSTIMULATION",0,"Up",NA,NA
"GOBP_REGULATION_OF_T_CELL_DIFFERENTIATION_IN_THYMUS",0,"Up",NA,NA
"GOBP_REGULATION_OF_T_CELL_EXTRAVASATION",0,"Up",NA,NA
"GOBP_REGULATION_OF_T_CELL_MEDIATED_IMMUNE_RESPONSE_TO_TUMOR_CELL",0,"Up",NA,NA
"GOBP_REGULATION_OF_T_CIRCLE_FORMATION",0,"Up",NA,NA
"GOBP_REGULATION_OF_T_HELPER_1_CELL_DIFFERENTIATION",0,"Up",NA,NA
"GOBP_REGULATION_OF_T_HELPER_1_TYPE_IMMUNE_RESPONSE",0,"Up",NA,NA
"GOBP_REGULATION_OF_T_HELPER_17_CELL_DIFFERENTIATION",0,"Up",NA,NA
"GOBP_REGULATION_OF_T_HELPER_17_CELL_LINEAGE_COMMITMENT",0,"Up",NA,NA
"GOBP_REGULATION_OF_T_HELPER_2_CELL_DIFFERENTIATION",0,"Up",NA,NA
"GOBP_REGULATION_OF_T_HELPER_CELL_DIFFERENTIATION",0,"Up",NA,NA
"GOBP_REGULATION_OF_TAU_PROTEIN_KINASE_ACTIVITY",0,"Up",NA,NA
"GOBP_REGULATION_OF_THYMOCYTE_APOPTOTIC_PROCESS",0,"Up",NA,NA
"GOBP_REGULATION_OF_THYROID_HORMONE_GENERATION",0,"Up",NA,NA
"GOBP_REGULATION_OF_TOLERANCE_INDUCTION",0,"Up",NA,NA
"GOBP_REGULATION_OF_TOLL_LIKE_RECEPTOR_2_SIGNALING_PATHWAY",0,"Up",NA,NA
"GOBP_REGULATION_OF_TOLL_LIKE_RECEPTOR_7_SIGNALING_PATHWAY",0,"Up",NA,NA
"GOBP_REGULATION_OF_TOOTH_MINERALIZATION",0,"Up",NA,NA
"GOBP_REGULATION_OF_TORC2_SIGNALING",0,"Up",NA,NA
"GOBP_REGULATION_OF_TRANSCRIPTION_BY_GLUCOSE",0,"Up",NA,NA
"GOBP_REGULATION_OF_TRANSCRIPTION_BY_RNA_POLYMERASE_I",0,"Up",NA,NA
"GOBP_REGULATION_OF_TRANSCRIPTION_BY_RNA_POLYMERASE_III",0,"Up",NA,NA
"GOBP_REGULATION_OF_TRANSCRIPTION_FROM_RNA_POLYMERASE_II_PROMOTER_IN_RESPONSE_TO_HYPOXIA",0,"Up",NA,NA
"GOBP_REGULATION_OF_TRANSCRIPTION_FROM_RNA_POLYMERASE_II_PROMOTER_IN_RESPONSE_TO_OXIDATIVE_STRESS",0,"Up",NA,NA
"GOBP_REGULATION_OF_TRANSCRIPTION_FROM_RNA_POLYMERASE_II_PROMOTER_INVOLVED_IN_HEART_DEVELOPMENT",0,"Up",NA,NA
"GOBP_REGULATION_OF_TRANSCRIPTION_OF_NUCLEOLAR_LARGE_RRNA_BY_RNA_POLYMERASE_I",0,"Up",NA,NA
"GOBP_REGULATION_OF_TRANSFORMING_GROWTH_FACTOR_BETA_ACTIVATION",0,"Up",NA,NA
"GOBP_REGULATION_OF_TRANSLATION_AT_SYNAPSE_MODULATING_SYNAPTIC_TRANSMISSION",0,"Up",NA,NA
"GOBP_REGULATION_OF_TRANSLATION_IN_RESPONSE_TO_ENDOPLASMIC_RETICULUM_STRESS",0,"Up",NA,NA
"GOBP_REGULATION_OF_TRANSLATION_INITIATION_IN_RESPONSE_TO_ENDOPLASMIC_RETICULUM_STRESS",0,"Up",NA,NA
"GOBP_REGULATION_OF_TRANSLATIONAL_ELONGATION",0,"Up",NA,NA
"GOBP_REGULATION_OF_TRANSLATIONAL_FIDELITY",0,"Up",NA,NA
"GOBP_REGULATION_OF_TRANSLATIONAL_INITIATION_BY_EIF2_ALPHA_PHOSPHORYLATION",0,"Up",NA,NA
"GOBP_REGULATION_OF_TRANSLATIONAL_TERMINATION",0,"Up",NA,NA
"GOBP_REGULATION_OF_TRANSMISSION_OF_NERVE_IMPULSE",0,"Up",NA,NA
"GOBP_REGULATION_OF_TRANSPOSITION",0,"Up",NA,NA
"GOBP_REGULATION_OF_TYPE_B_PANCREATIC_CELL_PROLIFERATION",0,"Up",NA,NA
"GOBP_REGULATION_OF_UNSATURATED_FATTY_ACID_BIOSYNTHETIC_PROCESS",0,"Up",NA,NA
"GOBP_REGULATION_OF_VASCULAR_ASSOCIATED_SMOOTH_MUSCLE_CELL_DEDIFFERENTIATION",0,"Up",NA,NA
"GOBP_REGULATION_OF_VASCULAR_ASSOCIATED_SMOOTH_MUSCLE_CELL_DIFFERENTIATION",0,"Up",NA,NA
"GOBP_REGULATION_OF_VASCULOGENESIS",0,"Up",NA,NA
"GOBP_REGULATION_OF_VENTRICULAR_CARDIAC_MUSCLE_CELL_MEMBRANE_DEPOLARIZATION",0,"Up",NA,NA
"GOBP_REGULATION_OF_VERY_LOW_DENSITY_LIPOPROTEIN_PARTICLE_CLEARANCE",0,"Up",NA,NA
"GOBP_REGULATION_OF_VERY_LOW_DENSITY_LIPOPROTEIN_PARTICLE_REMODELING",0,"Up",NA,NA
"GOBP_REGULATION_OF_VESICLE_TRANSPORT_ALONG_MICROTUBULE",0,"Up",NA,NA
"GOBP_REGULATION_OF_VIRAL_ENTRY_INTO_HOST_CELL",0,"Up",NA,NA
"GOBP_REGULATION_OF_VIRAL_TRANSCRIPTION",0,"Up",NA,NA
"GOBP_REGULATION_OF_VITAMIN_D_BIOSYNTHETIC_PROCESS",0,"Up",NA,NA
"GOBP_REGULATION_OF_VITAMIN_D_RECEPTOR_SIGNALING_PATHWAY",0,"Up",NA,NA
"GOBP_REGULATION_OF_VOLTAGE_GATED_SODIUM_CHANNEL_ACTIVITY",0,"Up",NA,NA
"GOBP_REGULATION_OF_WNT_SIGNALING_PATHWAY_INVOLVED_IN_HEART_DEVELOPMENT",0,"Up",NA,NA
"GOBP_RENAL_ABSORPTION",0,"Up",NA,NA
"GOBP_RENAL_CONTROL_OF_PERIPHERAL_VASCULAR_RESISTANCE_INVOLVED_IN_REGULATION_OF_SYSTEMIC_ARTERIAL_BLOOD_PRESSURE",0,"Up",NA,NA
"GOBP_RENAL_PROTEIN_ABSORPTION",0,"Up",NA,NA
"GOBP_RENAL_SODIUM_ION_ABSORPTION",0,"Up",NA,NA
"GOBP_RENAL_SODIUM_ION_TRANSPORT",0,"Up",NA,NA
"GOBP_RENAL_SYSTEM_PROCESS_INVOLVED_IN_REGULATION_OF_BLOOD_VOLUME",0,"Up",NA,NA
"GOBP_RENAL_SYSTEM_PROCESS_INVOLVED_IN_REGULATION_OF_SYSTEMIC_ARTERIAL_BLOOD_PRESSURE",0,"Up",NA,NA
"GOBP_RENAL_SYSTEM_VASCULATURE_DEVELOPMENT",0,"Up",NA,NA
"GOBP_RENAL_SYSTEM_VASCULATURE_MORPHOGENESIS",0,"Up",NA,NA
"GOBP_RENAL_VESICLE_DEVELOPMENT",0,"Up",NA,NA
"GOBP_RENAL_VESICLE_FORMATION",0,"Up",NA,NA
"GOBP_RENIN_SECRETION_INTO_BLOOD_STREAM",0,"Up",NA,NA
"GOBP_REPLACEMENT_OSSIFICATION",0,"Up",NA,NA
"GOBP_REPLICATION_BORN_DOUBLE_STRAND_BREAK_REPAIR_VIA_SISTER_CHROMATID_EXCHANGE",0,"Up",NA,NA
"GOBP_REPLICATION_FORK_PROCESSING",0,"Up",NA,NA
"GOBP_REPLICATION_FORK_PROTECTION",0,"Up",NA,NA
"GOBP_REPLICATIVE_SENESCENCE",0,"Up",NA,NA
"GOBP_REPRODUCTIVE_BEHAVIOR",0,"Up",NA,NA
"GOBP_RESCUE_OF_STALLED_RIBOSOME",0,"Up",NA,NA
"GOBP_RESOLUTION_OF_MEIOTIC_RECOMBINATION_INTERMEDIATES",0,"Up",NA,NA
"GOBP_RESOLUTION_OF_RECOMBINATION_INTERMEDIATES",0,"Up",NA,NA
"GOBP_RESPIRATORY_BURST",0,"Up",NA,NA
"GOBP_RESPIRATORY_BURST_INVOLVED_IN_DEFENSE_RESPONSE",0,"Up",NA,NA
"GOBP_RESPIRATORY_BURST_INVOLVED_IN_INFLAMMATORY_RESPONSE",0,"Up",NA,NA
"GOBP_RESPIRATORY_CHAIN_COMPLEX_III_ASSEMBLY",0,"Up",NA,NA
"GOBP_RESPIRATORY_CHAIN_COMPLEX_IV_ASSEMBLY",0,"Up",NA,NA
"GOBP_RESPONSE_TO_ACTINOMYCIN_D",0,"Up",NA,NA
"GOBP_RESPONSE_TO_ALDOSTERONE",0,"Up",NA,NA
"GOBP_RESPONSE_TO_AMMONIUM_ION",0,"Up",NA,NA
"GOBP_RESPONSE_TO_ARSENITE_ION",0,"Up",NA,NA
"GOBP_RESPONSE_TO_BACTERIAL_LIPOPROTEIN",0,"Up",NA,NA
"GOBP_RESPONSE_TO_BILE_ACID",0,"Up",NA,NA
"GOBP_RESPONSE_TO_BLUE_LIGHT",0,"Up",NA,NA
"GOBP_RESPONSE_TO_CAFFEINE",0,"Up",NA,NA
"GOBP_RESPONSE_TO_CAMPTOTHECIN",0,"Up",NA,NA
"GOBP_RESPONSE_TO_CGMP",0,"Up",NA,NA
"GOBP_RESPONSE_TO_CHOLESTEROL",0,"Up",NA,NA
"GOBP_RESPONSE_TO_CISPLATIN",0,"Up",NA,NA
"GOBP_RESPONSE_TO_CORTICOTROPIN_RELEASING_HORMONE",0,"Up",NA,NA
"GOBP_RESPONSE_TO_CORTISOL",0,"Up",NA,NA
"GOBP_RESPONSE_TO_CYCLOHEXIMIDE",0,"Up",NA,NA
"GOBP_RESPONSE_TO_DIACYL_BACTERIAL_LIPOPEPTIDE",0,"Up",NA,NA
"GOBP_RESPONSE_TO_DISACCHARIDE",0,"Up",NA,NA
"GOBP_RESPONSE_TO_EPINEPHRINE",0,"Up",NA,NA
"GOBP_RESPONSE_TO_ERYTHROPOIETIN",0,"Up",NA,NA
"GOBP_RESPONSE_TO_FATTY_ACID",0,"Up",NA,NA
"GOBP_RESPONSE_TO_FLUORIDE",0,"Up",NA,NA
"GOBP_RESPONSE_TO_FOLIC_ACID",0,"Up",NA,NA
"GOBP_RESPONSE_TO_FOLLICLE_STIMULATING_HORMONE",0,"Up",NA,NA
"GOBP_RESPONSE_TO_FORSKOLIN",0,"Up",NA,NA
"GOBP_RESPONSE_TO_FRUCTOSE",0,"Up",NA,NA
"GOBP_RESPONSE_TO_GLUCAGON",0,"Up",NA,NA
"GOBP_RESPONSE_TO_GLYCOPROTEIN",0,"Up",NA,NA
"GOBP_RESPONSE_TO_GONADOTROPIN",0,"Up",NA,NA
"GOBP_RESPONSE_TO_GONADOTROPIN_RELEASING_HORMONE",0,"Up",NA,NA
"GOBP_RESPONSE_TO_GRANULOCYTE_MACROPHAGE_COLONY_STIMULATING_FACTOR",0,"Up",NA,NA
"GOBP_RESPONSE_TO_GRAVITY",0,"Up",NA,NA
"GOBP_RESPONSE_TO_HEPARIN",0,"Up",NA,NA
"GOBP_RESPONSE_TO_HERBICIDE",0,"Up",NA,NA
"GOBP_RESPONSE_TO_HISTAMINE",0,"Up",NA,NA
"GOBP_RESPONSE_TO_HUMAN_CHORIONIC_GONADOTROPIN",0,"Up",NA,NA
"GOBP_RESPONSE_TO_HYDROXYUREA",0,"Up",NA,NA
"GOBP_RESPONSE_TO_HYPEROXIA",0,"Up",NA,NA
"GOBP_RESPONSE_TO_INACTIVITY",0,"Up",NA,NA
"GOBP_RESPONSE_TO_INDOLE_3_METHANOL",0,"Up",NA,NA
"GOBP_RESPONSE_TO_INTERFERON_BETA",0,"Up",NA,NA
"GOBP_RESPONSE_TO_INTERLEUKIN_12",0,"Up",NA,NA
"GOBP_RESPONSE_TO_INTERLEUKIN_15",0,"Up",NA,NA
"GOBP_RESPONSE_TO_INTERLEUKIN_17",0,"Up",NA,NA
"GOBP_RESPONSE_TO_INTERLEUKIN_18",0,"Up",NA,NA
"GOBP_RESPONSE_TO_INTERLEUKIN_2",0,"Up",NA,NA
"GOBP_RESPONSE_TO_IRON_II_ION",0,"Up",NA,NA
"GOBP_RESPONSE_TO_IRON_ION",0,"Up",NA,NA
"GOBP_RESPONSE_TO_ISOQUINOLINE_ALKALOID",0,"Up",NA,NA
"GOBP_RESPONSE_TO_L_ASCORBIC_ACID",0,"Up",NA,NA
"GOBP_RESPONSE_TO_L_GLUTAMATE",0,"Up",NA,NA
"GOBP_RESPONSE_TO_L_PHENYLALANINE_DERIVATIVE",0,"Up",NA,NA
"GOBP_RESPONSE_TO_LAMINAR_FLUID_SHEAR_STRESS",0,"Up",NA,NA
"GOBP_RESPONSE_TO_LECTIN",0,"Up",NA,NA
"GOBP_RESPONSE_TO_LIGHT_INTENSITY",0,"Up",NA,NA
"GOBP_RESPONSE_TO_LIPOTEICHOIC_ACID",0,"Up",NA,NA
"GOBP_RESPONSE_TO_LITHIUM_ION",0,"Up",NA,NA
"GOBP_RESPONSE_TO_LUTEINIZING_HORMONE",0,"Up",NA,NA
"GOBP_RESPONSE_TO_MACROPHAGE_COLONY_STIMULATING_FACTOR",0,"Up",NA,NA
"GOBP_RESPONSE_TO_MANGANESE_ION",0,"Up",NA,NA
"GOBP_RESPONSE_TO_MISFOLDED_PROTEIN",0,"Up",NA,NA
"GOBP_RESPONSE_TO_MOLECULE_OF_FUNGAL_ORIGIN",0,"Up",NA,NA
"GOBP_RESPONSE_TO_MURAMYL_DIPEPTIDE",0,"Up",NA,NA
"GOBP_RESPONSE_TO_MUSCLE_INACTIVITY",0,"Up",NA,NA
"GOBP_RESPONSE_TO_MUSCLE_STRETCH",0,"Up",NA,NA
"GOBP_RESPONSE_TO_ODORANT",0,"Up",NA,NA
"GOBP_RESPONSE_TO_OLEIC_ACID",0,"Up",NA,NA
"GOBP_RESPONSE_TO_OXYGEN_GLUCOSE_DEPRIVATION",0,"Up",NA,NA
"GOBP_RESPONSE_TO_OZONE",0,"Up",NA,NA
"GOBP_RESPONSE_TO_PARATHYROID_HORMONE",0,"Up",NA,NA
"GOBP_RESPONSE_TO_PEPTIDOGLYCAN",0,"Up",NA,NA
"GOBP_RESPONSE_TO_PHEROMONE",0,"Up",NA,NA
"GOBP_RESPONSE_TO_PHORBOL_13_ACETATE_12_MYRISTATE",0,"Up",NA,NA
"GOBP_RESPONSE_TO_PROSTAGLANDIN",0,"Up",NA,NA
"GOBP_RESPONSE_TO_PROSTAGLANDIN_E",0,"Up",NA,NA
"GOBP_RESPONSE_TO_PROTOZOAN",0,"Up",NA,NA
"GOBP_RESPONSE_TO_REDOX_STATE",0,"Up",NA,NA
"GOBP_RESPONSE_TO_SELENIUM_ION",0,"Up",NA,NA
"GOBP_RESPONSE_TO_SORBITOL",0,"Up",NA,NA
"GOBP_RESPONSE_TO_STAUROSPORINE",0,"Up",NA,NA
"GOBP_RESPONSE_TO_STEROL",0,"Up",NA,NA
"GOBP_RESPONSE_TO_STEROL_DEPLETION",0,"Up",NA,NA
"GOBP_RESPONSE_TO_STIMULUS_INVOLVED_IN_REGULATION_OF_MUSCLE_ADAPTATION",0,"Up",NA,NA
"GOBP_RESPONSE_TO_SYMBIONT",0,"Up",NA,NA
"GOBP_RESPONSE_TO_TESTOSTERONE",0,"Up",NA,NA
"GOBP_RESPONSE_TO_THYROGLOBULIN_TRIIODOTHYRONINE",0,"Up",NA,NA
"GOBP_RESPONSE_TO_THYROID_HORMONE",0,"Up",NA,NA
"GOBP_RESPONSE_TO_THYROXINE",0,"Up",NA,NA
"GOBP_RESPONSE_TO_TUMOR_CELL",0,"Up",NA,NA
"GOBP_RESPONSE_TO_UV_B",0,"Up",NA,NA
"GOBP_RESPONSE_TO_VITAMIN_E",0,"Up",NA,NA
"GOBP_RESPONSE_TO_WATER_DEPRIVATION",0,"Up",NA,NA
"GOBP_RESPONSE_TO_YEAST",0,"Up",NA,NA
"GOBP_RESPONSE_TO_ZINC_ION",0,"Up",NA,NA
"GOBP_RETINA_LAYER_FORMATION",0,"Up",NA,NA
"GOBP_RETINA_MORPHOGENESIS_IN_CAMERA_TYPE_EYE",0,"Up",NA,NA
"GOBP_RETINAL_CELL_APOPTOTIC_PROCESS",0,"Up",NA,NA
"GOBP_RETINAL_CELL_PROGRAMMED_CELL_DEATH",0,"Up",NA,NA
"GOBP_RETINAL_CONE_CELL_DIFFERENTIATION",0,"Up",NA,NA
"GOBP_RETINAL_GANGLION_CELL_AXON_GUIDANCE",0,"Up",NA,NA
"GOBP_RETINAL_METABOLIC_PROCESS",0,"Up",NA,NA
"GOBP_RETINAL_PIGMENT_EPITHELIUM_DEVELOPMENT",0,"Up",NA,NA
"GOBP_RETINAL_ROD_CELL_DEVELOPMENT",0,"Up",NA,NA
"GOBP_RETINAL_ROD_CELL_DIFFERENTIATION",0,"Up",NA,NA
"GOBP_RETINOIC_ACID_CATABOLIC_PROCESS",0,"Up",NA,NA
"GOBP_RETINOIC_ACID_METABOLIC_PROCESS",0,"Up",NA,NA
"GOBP_RETINOIC_ACID_RECEPTOR_SIGNALING_PATHWAY",0,"Up",NA,NA
"GOBP_RETINOL_METABOLIC_PROCESS",0,"Up",NA,NA
"GOBP_RETROGRADE_TRANS_SYNAPTIC_SIGNALING",0,"Up",NA,NA
"GOBP_RETROGRADE_TRANS_SYNAPTIC_SIGNALING_BY_LIPID",0,"Up",NA,NA
"GOBP_RETROGRADE_TRANSPORT_VESICLE_RECYCLING_WITHIN_GOLGI",0,"Up",NA,NA
"GOBP_REVERSIBLE_DIFFERENTIATION",0,"Up",NA,NA
"GOBP_RHODOPSIN_MEDIATED_SIGNALING_PATHWAY",0,"Up",NA,NA
"GOBP_RHOMBOMERE_DEVELOPMENT",0,"Up",NA,NA
"GOBP_RIBOFLAVIN_METABOLIC_PROCESS",0,"Up",NA,NA
"GOBP_RIBOFLAVIN_TRANSPORT",0,"Up",NA,NA
"GOBP_RIBONUCLEOSIDE_CATABOLIC_PROCESS",0,"Up",NA,NA
"GOBP_RIBONUCLEOSIDE_METABOLIC_PROCESS",0,"Up",NA,NA
"GOBP_RIBONUCLEOSIDE_MONOPHOSPHATE_CATABOLIC_PROCESS",0,"Up",NA,NA
"GOBP_RIBONUCLEOTIDE_CATABOLIC_PROCESS",0,"Up",NA,NA
"GOBP_RIBOSOMAL_LARGE_SUBUNIT_EXPORT_FROM_NUCLEUS",0,"Up",NA,NA
"GOBP_RIBOSOMAL_SMALL_SUBUNIT_ASSEMBLY",0,"Up",NA,NA
"GOBP_RIBOSOMAL_SMALL_SUBUNIT_BIOGENESIS",0,"Up",NA,NA
"GOBP_RIBOSOMAL_SMALL_SUBUNIT_EXPORT_FROM_NUCLEUS",0,"Up",NA,NA
"GOBP_RIBOSOMAL_SUBUNIT_EXPORT_FROM_NUCLEUS",0,"Up",NA,NA
"GOBP_RIBOSOME_ASSOCIATED_UBIQUITIN_DEPENDENT_PROTEIN_CATABOLIC_PROCESS",0,"Up",NA,NA
"GOBP_RIBOSOME_DISASSEMBLY",0,"Up",NA,NA
"GOBP_RIGHTING_REFLEX",0,"Up",NA,NA
"GOBP_RNA_3_URIDYLATION",0,"Up",NA,NA
"GOBP_RNA_5_END_PROCESSING",0,"Up",NA,NA
"GOBP_RNA_CAPPING",0,"Up",NA,NA
"GOBP_RNA_DECAPPING",0,"Up",NA,NA
"GOBP_RNA_GUANINE_N7_METHYLATION",0,"Up",NA,NA
"GOBP_RNA_INTERFERENCE",0,"Up",NA,NA
"GOBP_RNA_PHOSPHODIESTER_BOND_HYDROLYSIS_ENDONUCLEOLYTIC",0,"Up",NA,NA
"GOBP_RNA_POLYMERASE_I_PREINITIATION_COMPLEX_ASSEMBLY",0,"Up",NA,NA
"GOBP_RNA_POLYMERASE_II_PREINITIATION_COMPLEX_ASSEMBLY",0,"Up",NA,NA
"GOBP_RNA_SECONDARY_STRUCTURE_UNWINDING",0,"Up",NA,NA
"GOBP_RNA_SPLICING_VIA_ENDONUCLEOLYTIC_CLEAVAGE_AND_LIGATION",0,"Up",NA,NA
"GOBP_ROOF_OF_MOUTH_DEVELOPMENT",0,"Up",NA,NA
"GOBP_ROSTROCAUDAL_NEURAL_TUBE_PATTERNING",0,"Up",NA,NA
"GOBP_ROUNDABOUT_SIGNALING_PATHWAY",0,"Up",NA,NA
"GOBP_RRNA_3_END_PROCESSING",0,"Up",NA,NA
"GOBP_RRNA_5_END_PROCESSING",0,"Up",NA,NA
"GOBP_RRNA_PSEUDOURIDINE_SYNTHESIS",0,"Up",NA,NA
"GOBP_RRNA_TRANSPORT",0,"Up",NA,NA
"GOBP_S_ADENOSYLMETHIONINE_CYCLE",0,"Up",NA,NA
"GOBP_S_ADENOSYLMETHIONINE_METABOLIC_PROCESS",0,"Up",NA,NA
"GOBP_S_SHAPED_BODY_MORPHOGENESIS",0,"Up",NA,NA
"GOBP_SATELLITE_CELL_ACTIVATION_INVOLVED_IN_SKELETAL_MUSCLE_REGENERATION",0,"Up",NA,NA
"GOBP_SCHWANN_CELL_PROLIFERATION",0,"Up",NA,NA
"GOBP_SEBACEOUS_GLAND_DEVELOPMENT",0,"Up",NA,NA
"GOBP_SECONDARY_HEART_FIELD_SPECIFICATION",0,"Up",NA,NA
"GOBP_SECONDARY_METABOLIC_PROCESS",0,"Up",NA,NA
"GOBP_SECONDARY_METABOLITE_BIOSYNTHETIC_PROCESS",0,"Up",NA,NA
"GOBP_SECONDARY_PALATE_DEVELOPMENT",0,"Up",NA,NA
"GOBP_SECRETION_OF_LYSOSOMAL_ENZYMES",0,"Up",NA,NA
"GOBP_SEGMENT_SPECIFICATION",0,"Up",NA,NA
"GOBP_SELF_PROTEOLYSIS",0,"Up",NA,NA
"GOBP_SEMAPHORIN_PLEXIN_SIGNALING_PATHWAY_INVOLVED_IN_NEURON_PROJECTION_GUIDANCE",0,"Up",NA,NA
"GOBP_SEMICIRCULAR_CANAL_DEVELOPMENT",0,"Up",NA,NA
"GOBP_SEMICIRCULAR_CANAL_MORPHOGENESIS",0,"Up",NA,NA
"GOBP_SEMINIFEROUS_TUBULE_DEVELOPMENT",0,"Up",NA,NA
"GOBP_SENSORY_PERCEPTION_OF_BITTER_TASTE",0,"Up",NA,NA
"GOBP_SENSORY_PERCEPTION_OF_SMELL",0,"Up",NA,NA
"GOBP_SENSORY_PERCEPTION_OF_SOUR_TASTE",0,"Up",NA,NA
"GOBP_SENSORY_PERCEPTION_OF_SWEET_TASTE",0,"Up",NA,NA
"GOBP_SENSORY_PERCEPTION_OF_TASTE",0,"Up",NA,NA
"GOBP_SENSORY_PERCEPTION_OF_UMAMI_TASTE",0,"Up",NA,NA
"GOBP_SEPTUM_PRIMUM_DEVELOPMENT",0,"Up",NA,NA
"GOBP_SEQUESTERING_OF_ACTIN_MONOMERS",0,"Up",NA,NA
"GOBP_SEQUESTERING_OF_IRON_ION",0,"Up",NA,NA
"GOBP_SEQUESTERING_OF_TRIGLYCERIDE",0,"Up",NA,NA
"GOBP_SERINE_FAMILY_AMINO_ACID_BIOSYNTHETIC_PROCESS",0,"Up",NA,NA
"GOBP_SERINE_FAMILY_AMINO_ACID_CATABOLIC_PROCESS",0,"Up",NA,NA
"GOBP_SERINE_FAMILY_AMINO_ACID_METABOLIC_PROCESS",0,"Up",NA,NA
"GOBP_SERINE_PHOSPHORYLATION_OF_STAT_PROTEIN",0,"Up",NA,NA
"GOBP_SERINE_TRANSPORT",0,"Up",NA,NA
"GOBP_SEROTONIN_METABOLIC_PROCESS",0,"Up",NA,NA
"GOBP_SEROTONIN_RECEPTOR_SIGNALING_PATHWAY",0,"Up",NA,NA
"GOBP_SEROTONIN_SECRETION",0,"Up",NA,NA
"GOBP_SEROTONIN_TRANSPORT",0,"Up",NA,NA
"GOBP_SEROTONIN_UPTAKE",0,"Up",NA,NA
"GOBP_SERTOLI_CELL_DEVELOPMENT",0,"Up",NA,NA
"GOBP_SERTOLI_CELL_DIFFERENTIATION",0,"Up",NA,NA
"GOBP_SEX_DETERMINATION",0,"Up",NA,NA
"GOBP_SHORT_TERM_MEMORY",0,"Up",NA,NA
"GOBP_SIALIC_ACID_TRANSPORT",0,"Up",NA,NA
"GOBP_SIALYLATION",0,"Up",NA,NA
"GOBP_SIGNAL_COMPLEX_ASSEMBLY",0,"Up",NA,NA
"GOBP_SIGNAL_PEPTIDE_PROCESSING",0,"Up",NA,NA
"GOBP_SIGNAL_TRANSDUCTION_INVOLVED_IN_REGULATION_OF_GENE_EXPRESSION",0,"Up",NA,NA
"GOBP_SIGNALING_RECEPTOR_LIGAND_PRECURSOR_PROCESSING",0,"Up",NA,NA
"GOBP_SINGLE_STRAND_BREAK_REPAIR",0,"Up",NA,NA
"GOBP_SINGLE_STRANDED_VIRAL_RNA_REPLICATION_VIA_DOUBLE_STRANDED_DNA_INTERMEDIATE",0,"Up",NA,NA
"GOBP_SINOATRIAL_NODE_CELL_DEVELOPMENT",0,"Up",NA,NA
"GOBP_SINOATRIAL_NODE_CELL_DIFFERENTIATION",0,"Up",NA,NA
"GOBP_SINOATRIAL_NODE_DEVELOPMENT",0,"Up",NA,NA
"GOBP_SKELETAL_MUSCLE_ATROPHY",0,"Up",NA,NA
"GOBP_SKELETAL_MUSCLE_CELL_PROLIFERATION",0,"Up",NA,NA
"GOBP_SKELETAL_MUSCLE_FIBER_DIFFERENTIATION",0,"Up",NA,NA
"GOBP_SKELETAL_MUSCLE_SATELLITE_CELL_ACTIVATION",0,"Up",NA,NA
"GOBP_SKELETAL_MUSCLE_SATELLITE_CELL_DIFFERENTIATION",0,"Up",NA,NA
"GOBP_SKELETAL_MUSCLE_THIN_FILAMENT_ASSEMBLY",0,"Up",NA,NA
"GOBP_SKELETAL_MUSCLE_TISSUE_GROWTH",0,"Up",NA,NA
"GOBP_SKIN_MORPHOGENESIS",0,"Up",NA,NA
"GOBP_SMAD_PROTEIN_COMPLEX_ASSEMBLY",0,"Up",NA,NA
"GOBP_SMALL_RNA_LOADING_ONTO_RISC",0,"Up",NA,NA
"GOBP_SMOOTH_MUSCLE_ADAPTATION",0,"Up",NA,NA
"GOBP_SMOOTH_MUSCLE_CELL_APOPTOTIC_PROCESS",0,"Up",NA,NA
"GOBP_SMOOTH_MUSCLE_CELL_DIFFERENTIATION",0,"Up",NA,NA
"GOBP_SMOOTH_MUSCLE_CELL_MATRIX_ADHESION",0,"Up",NA,NA
"GOBP_SMOOTH_MUSCLE_TISSUE_DEVELOPMENT",0,"Up",NA,NA
"GOBP_SMOOTHENED_SIGNALING_PATHWAY_INVOLVED_IN_VENTRAL_SPINAL_CORD_PATTERNING",0,"Up",NA,NA
"GOBP_SNORNA_LOCALIZATION",0,"Up",NA,NA
"GOBP_SNRNA_MODIFICATION",0,"Up",NA,NA
"GOBP_SNRNA_TRANSCRIPTION",0,"Up",NA,NA
"GOBP_SNRNA_TRANSCRIPTION_BY_RNA_POLYMERASE_II",0,"Up",NA,NA
"GOBP_SNRNA_TRANSCRIPTION_BY_RNA_POLYMERASE_III",0,"Up",NA,NA
"GOBP_SODIUM_DEPENDENT_PHOSPHATE_TRANSPORT",0,"Up",NA,NA
"GOBP_SODIUM_INDEPENDENT_ORGANIC_ANION_TRANSPORT",0,"Up",NA,NA
"GOBP_SOFT_PALATE_DEVELOPMENT",0,"Up",NA,NA
"GOBP_SOMATIC_DIVERSIFICATION_OF_IMMUNE_RECEPTORS_VIA_SOMATIC_MUTATION",0,"Up",NA,NA
"GOBP_SOMATIC_DIVERSIFICATION_OF_T_CELL_RECEPTOR_GENES",0,"Up",NA,NA
"GOBP_SOMATIC_MOTOR_NEURON_DIFFERENTIATION",0,"Up",NA,NA
"GOBP_SOMATIC_STEM_CELL_DIVISION",0,"Up",NA,NA
"GOBP_SOMATIC_STEM_CELL_POPULATION_MAINTENANCE",0,"Up",NA,NA
"GOBP_SOMATOSTATIN_RECEPTOR_SIGNALING_PATHWAY",0,"Up",NA,NA
"GOBP_SOMITE_ROSTRAL_CAUDAL_AXIS_SPECIFICATION",0,"Up",NA,NA
"GOBP_SOMITE_SPECIFICATION",0,"Up",NA,NA
"GOBP_SPECIFICATION_OF_ANIMAL_ORGAN_IDENTITY",0,"Up",NA,NA
"GOBP_SPERM_DNA_CONDENSATION",0,"Up",NA,NA
"GOBP_SPERM_EJACULATION",0,"Up",NA,NA
"GOBP_SPERM_FLAGELLUM_ASSEMBLY",0,"Up",NA,NA
"GOBP_SPERM_MITOCHONDRIAL_SHEATH_ASSEMBLY",0,"Up",NA,NA
"GOBP_SPERMATID_NUCLEUS_DIFFERENTIATION",0,"Up",NA,NA
"GOBP_SPERMATOGENESIS_EXCHANGE_OF_CHROMOSOMAL_PROTEINS",0,"Up",NA,NA
"GOBP_SPERMIDINE_METABOLIC_PROCESS",0,"Up",NA,NA
"GOBP_SPERMINE_METABOLIC_PROCESS",0,"Up",NA,NA
"GOBP_SPHINGOLIPID_MEDIATED_SIGNALING_PATHWAY",0,"Up",NA,NA
"GOBP_SPHINGOLIPID_TRANSLOCATION",0,"Up",NA,NA
"GOBP_SPHINGOMYELIN_BIOSYNTHETIC_PROCESS",0,"Up",NA,NA
"GOBP_SPHINGOSINE_BIOSYNTHETIC_PROCESS",0,"Up",NA,NA
"GOBP_SPINAL_CORD_ASSOCIATION_NEURON_DIFFERENTIATION",0,"Up",NA,NA
"GOBP_SPINAL_CORD_MOTOR_NEURON_CELL_FATE_SPECIFICATION",0,"Up",NA,NA
"GOBP_SPINAL_CORD_OLIGODENDROCYTE_CELL_DIFFERENTIATION",0,"Up",NA,NA
"GOBP_SPINAL_CORD_PATTERNING",0,"Up",NA,NA
"GOBP_SPINDLE_ASSEMBLY_INVOLVED_IN_FEMALE_MEIOSIS",0,"Up",NA,NA
"GOBP_SPINDLE_ELONGATION",0,"Up",NA,NA
"GOBP_SPINDLE_MIDZONE_ASSEMBLY",0,"Up",NA,NA
"GOBP_SPLEEN_DEVELOPMENT",0,"Up",NA,NA
"GOBP_SPLICEOSOMAL_CONFORMATIONAL_CHANGES_TO_GENERATE_CATALYTIC_CONFORMATION",0,"Up",NA,NA
"GOBP_SPLICEOSOMAL_SNRNP_ASSEMBLY",0,"Up",NA,NA
"GOBP_SPLICEOSOMAL_TRI_SNRNP_COMPLEX_ASSEMBLY",0,"Up",NA,NA
"GOBP_SRP_DEPENDENT_COTRANSLATIONAL_PROTEIN_TARGETING_TO_MEMBRANE",0,"Up",NA,NA
"GOBP_SRP_DEPENDENT_COTRANSLATIONAL_PROTEIN_TARGETING_TO_MEMBRANE_SIGNAL_SEQUENCE_RECOGNITION",0,"Up",NA,NA
"GOBP_SRP_DEPENDENT_COTRANSLATIONAL_PROTEIN_TARGETING_TO_MEMBRANE_TRANSLOCATION",0,"Up",NA,NA
"GOBP_STABILIZATION_OF_MEMBRANE_POTENTIAL",0,"Up",NA,NA
"GOBP_STARTLE_RESPONSE",0,"Up",NA,NA
"GOBP_STEM_CELL_FATE_COMMITMENT",0,"Up",NA,NA
"GOBP_STEROID_CATABOLIC_PROCESS",0,"Up",NA,NA
"GOBP_STEROID_HORMONE_BIOSYNTHETIC_PROCESS",0,"Up",NA,NA
"GOBP_STEROID_HORMONE_SECRETION",0,"Up",NA,NA
"GOBP_STEROL_IMPORT",0,"Up",NA,NA
"GOBP_STOMACH_DEVELOPMENT",0,"Up",NA,NA
"GOBP_STORE_OPERATED_CALCIUM_ENTRY",0,"Up",NA,NA
"GOBP_STRAND_INVASION",0,"Up",NA,NA
"GOBP_STRESS_INDUCED_PREMATURE_SENESCENCE",0,"Up",NA,NA
"GOBP_STRIATED_MUSCLE_ATROPHY",0,"Up",NA,NA
"GOBP_STRIATED_MUSCLE_CELL_PROLIFERATION",0,"Up",NA,NA
"GOBP_STRIATUM_DEVELOPMENT",0,"Up",NA,NA
"GOBP_SUBPALLIUM_DEVELOPMENT",0,"Up",NA,NA
"GOBP_SUBSTRATE_INDEPENDENT_TELENCEPHALIC_TANGENTIAL_MIGRATION",0,"Up",NA,NA
"GOBP_SUBTELOMERIC_HETEROCHROMATIN_ASSEMBLY",0,"Up",NA,NA
"GOBP_SUCCINATE_TRANSMEMBRANE_TRANSPORT",0,"Up",NA,NA
"GOBP_SUCCINYL_COA_METABOLIC_PROCESS",0,"Up",NA,NA
"GOBP_SUGAR_MEDIATED_SIGNALING_PATHWAY",0,"Up",NA,NA
"GOBP_SULFATE_TRANSPORT",0,"Up",NA,NA
"GOBP_SULFATION",0,"Up",NA,NA
"GOBP_SULFUR_AMINO_ACID_BIOSYNTHETIC_PROCESS",0,"Up",NA,NA
"GOBP_SULFUR_AMINO_ACID_TRANSPORT",0,"Up",NA,NA
"GOBP_SULFUR_COMPOUND_TRANSPORT",0,"Up",NA,NA
"GOBP_SYMPATHETIC_GANGLION_DEVELOPMENT",0,"Up",NA,NA
"GOBP_SYMPATHETIC_NERVOUS_SYSTEM_DEVELOPMENT",0,"Up",NA,NA
"GOBP_SYNAPTIC_ASSEMBLY_AT_NEUROMUSCULAR_JUNCTION",0,"Up",NA,NA
"GOBP_SYNAPTIC_MEMBRANE_ADHESION",0,"Up",NA,NA
"GOBP_SYNAPTIC_TRANSMISSION_CHOLINERGIC",0,"Up",NA,NA
"GOBP_SYNAPTIC_TRANSMISSION_GLYCINERGIC",0,"Up",NA,NA
"GOBP_SYNAPTONEMAL_COMPLEX_ORGANIZATION",0,"Up",NA,NA
"GOBP_T_CELL_ACTIVATION_VIA_T_CELL_RECEPTOR_CONTACT_WITH_ANTIGEN_BOUND_TO_MHC_MOLECULE_ON_ANTIGEN_PRESENTING_CELL",0,"Up",NA,NA
"GOBP_T_CELL_ANTIGEN_PROCESSING_AND_PRESENTATION",0,"Up",NA,NA
"GOBP_T_CELL_CYTOKINE_PRODUCTION",0,"Up",NA,NA
"GOBP_T_CELL_DIFFERENTIATION_IN_THYMUS",0,"Up",NA,NA
"GOBP_T_CELL_EXTRAVASATION",0,"Up",NA,NA
"GOBP_T_CELL_MEDIATED_IMMUNE_RESPONSE_TO_TUMOR_CELL",0,"Up",NA,NA
"GOBP_T_CELL_PROLIFERATION_INVOLVED_IN_IMMUNE_RESPONSE",0,"Up",NA,NA
"GOBP_T_CELL_TOLERANCE_INDUCTION",0,"Up",NA,NA
"GOBP_T_FOLLICULAR_HELPER_CELL_DIFFERENTIATION",0,"Up",NA,NA
"GOBP_T_HELPER_1_CELL_CYTOKINE_PRODUCTION",0,"Up",NA,NA
"GOBP_T_HELPER_2_CELL_CYTOKINE_PRODUCTION",0,"Up",NA,NA
"GOBP_T_HELPER_2_CELL_DIFFERENTIATION",0,"Up",NA,NA
"GOBP_TANGENTIAL_MIGRATION_FROM_THE_SUBVENTRICULAR_ZONE_TO_THE_OLFACTORY_BULB",0,"Up",NA,NA
"GOBP_TAURINE_TRANSPORT",0,"Up",NA,NA
"GOBP_TELENCEPHALON_REGIONALIZATION",0,"Up",NA,NA
"GOBP_TELOMERASE_HOLOENZYME_COMPLEX_ASSEMBLY",0,"Up",NA,NA
"GOBP_TELOMERE_MAINTENANCE_IN_RESPONSE_TO_DNA_DAMAGE",0,"Up",NA,NA
"GOBP_TELOMERE_MAINTENANCE_VIA_SEMI_CONSERVATIVE_REPLICATION",0,"Up",NA,NA
"GOBP_TELOMERIC_D_LOOP_DISASSEMBLY",0,"Up",NA,NA
"GOBP_TELOMERIC_LOOP_DISASSEMBLY",0,"Up",NA,NA
"GOBP_TENDON_DEVELOPMENT",0,"Up",NA,NA
"GOBP_TERMINAL_BUTTON_ORGANIZATION",0,"Up",NA,NA
"GOBP_TERMINATION_OF_RNA_POLYMERASE_II_TRANSCRIPTION",0,"Up",NA,NA
"GOBP_TERPENOID_BIOSYNTHETIC_PROCESS",0,"Up",NA,NA
"GOBP_TERPENOID_CATABOLIC_PROCESS",0,"Up",NA,NA
"GOBP_TERPENOID_METABOLIC_PROCESS",0,"Up",NA,NA
"GOBP_TERTIARY_ALCOHOL_METABOLIC_PROCESS",0,"Up",NA,NA
"GOBP_TESTOSTERONE_BIOSYNTHETIC_PROCESS",0,"Up",NA,NA
"GOBP_TETRAHYDROBIOPTERIN_METABOLIC_PROCESS",0,"Up",NA,NA
"GOBP_TETRAHYDROFOLATE_BIOSYNTHETIC_PROCESS",0,"Up",NA,NA
"GOBP_TETRAHYDROFOLATE_INTERCONVERSION",0,"Up",NA,NA
"GOBP_TETRAHYDROFOLATE_METABOLIC_PROCESS",0,"Up",NA,NA
"GOBP_TETRAPYRROLE_BIOSYNTHETIC_PROCESS",0,"Up",NA,NA
"GOBP_THALAMUS_DEVELOPMENT",0,"Up",NA,NA
"GOBP_THIAMINE_CONTAINING_COMPOUND_METABOLIC_PROCESS",0,"Up",NA,NA
"GOBP_THIAMINE_TRANSPORT",0,"Up",NA,NA
"GOBP_THREONINE_CATABOLIC_PROCESS",0,"Up",NA,NA
"GOBP_THREONINE_METABOLIC_PROCESS",0,"Up",NA,NA
"GOBP_THROMBOPOIETIN_MEDIATED_SIGNALING_PATHWAY",0,"Up",NA,NA
"GOBP_THYMIC_T_CELL_SELECTION",0,"Up",NA,NA
"GOBP_THYMOCYTE_APOPTOTIC_PROCESS",0,"Up",NA,NA
"GOBP_THYMOCYTE_MIGRATION",0,"Up",NA,NA
"GOBP_THYROID_HORMONE_GENERATION",0,"Up",NA,NA
"GOBP_THYROID_HORMONE_MEDIATED_SIGNALING_PATHWAY",0,"Up",NA,NA
"GOBP_THYROID_HORMONE_METABOLIC_PROCESS",0,"Up",NA,NA
"GOBP_THYROID_HORMONE_TRANSPORT",0,"Up",NA,NA
"GOBP_TNFSF11_MEDIATED_SIGNALING_PATHWAY",0,"Up",NA,NA
"GOBP_TOLERANCE_INDUCTION",0,"Up",NA,NA
"GOBP_TOLERANCE_INDUCTION_DEPENDENT_UPON_IMMUNE_RESPONSE",0,"Up",NA,NA
"GOBP_TOLERANCE_INDUCTION_TO_SELF_ANTIGEN",0,"Up",NA,NA
"GOBP_TOLL_LIKE_RECEPTOR_2_SIGNALING_PATHWAY",0,"Up",NA,NA
"GOBP_TOLL_LIKE_RECEPTOR_7_SIGNALING_PATHWAY",0,"Up",NA,NA
"GOBP_TOLL_LIKE_RECEPTOR_8_SIGNALING_PATHWAY",0,"Up",NA,NA
"GOBP_TOLL_SIGNALING_PATHWAY",0,"Up",NA,NA
"GOBP_TONGUE_DEVELOPMENT",0,"Up",NA,NA
"GOBP_TONGUE_MORPHOGENESIS",0,"Up",NA,NA
"GOBP_TONIC_SMOOTH_MUSCLE_CONTRACTION",0,"Up",NA,NA
"GOBP_TOOTH_ERUPTION",0,"Up",NA,NA
"GOBP_TOOTH_MINERALIZATION",0,"Up",NA,NA
"GOBP_TORC2_SIGNALING",0,"Up",NA,NA
"GOBP_TOXIN_METABOLIC_PROCESS",0,"Up",NA,NA
"GOBP_TRABECULA_FORMATION",0,"Up",NA,NA
"GOBP_TRABECULA_MORPHOGENESIS",0,"Up",NA,NA
"GOBP_TRACHEA_CARTILAGE_DEVELOPMENT",0,"Up",NA,NA
"GOBP_TRANS_SYNAPTIC_SIGNALING_BY_LIPID",0,"Up",NA,NA
"GOBP_TRANS_SYNAPTIC_SIGNALING_BY_TRANS_SYNAPTIC_COMPLEX",0,"Up",NA,NA
"GOBP_TRANS_SYNAPTIC_SIGNALING_MODULATING_SYNAPTIC_TRANSMISSION",0,"Up",NA,NA
"GOBP_TRANSCRIPTION_BY_RNA_POLYMERASE_III",0,"Up",NA,NA
"GOBP_TRANSCRIPTION_DEPENDENT_TETHERING_OF_RNA_POLYMERASE_II_GENE_DNA_AT_NUCLEAR_PERIPHERY",0,"Up",NA,NA
"GOBP_TRANSCRIPTION_ELONGATION_FROM_RNA_POLYMERASE_I_PROMOTER",0,"Up",NA,NA
"GOBP_TRANSCRIPTION_FACTOR_CATABOLIC_PROCESS",0,"Up",NA,NA
"GOBP_TRANSCRIPTION_INITIATION_FROM_RNA_POLYMERASE_I_PROMOTER",0,"Up",NA,NA
"GOBP_TRANSCRIPTION_INITIATION_FROM_RNA_POLYMERASE_II_PROMOTER",0,"Up",NA,NA
"GOBP_TRANSCRIPTION_INITIATION_FROM_RNA_POLYMERASE_III_PROMOTER",0,"Up",NA,NA
"GOBP_TRANSCRIPTION_PREINITIATION_COMPLEX_ASSEMBLY",0,"Up",NA,NA
"GOBP_TRANSDIFFERENTIATION",0,"Up",NA,NA
"GOBP_TRANSFORMING_GROWTH_FACTOR_BETA_ACTIVATION",0,"Up",NA,NA
"GOBP_TRANSFORMING_GROWTH_FACTOR_BETA2_PRODUCTION",0,"Up",NA,NA
"GOBP_TRANSLATIONAL_READTHROUGH",0,"Up",NA,NA
"GOBP_TRANSLATIONAL_TERMINATION",0,"Up",NA,NA
"GOBP_TRANSLESION_SYNTHESIS",0,"Up",NA,NA
"GOBP_TRANSMEMBRANE_RECEPTOR_PROTEIN_TYROSINE_PHOSPHATASE_SIGNALING_PATHWAY",0,"Up",NA,NA
"GOBP_TRANSPOSITION",0,"Up",NA,NA
"GOBP_TRANSPOSITION_RNA_MEDIATED",0,"Up",NA,NA
"GOBP_TRICUSPID_VALVE_DEVELOPMENT",0,"Up",NA,NA
"GOBP_TRICUSPID_VALVE_MORPHOGENESIS",0,"Up",NA,NA
"GOBP_TRIF_DEPENDENT_TOLL_LIKE_RECEPTOR_SIGNALING_PATHWAY",0,"Up",NA,NA
"GOBP_TRIGEMINAL_GANGLION_DEVELOPMENT",0,"Up",NA,NA
"GOBP_TRIGEMINAL_NERVE_DEVELOPMENT",0,"Up",NA,NA
"GOBP_TRIGEMINAL_NERVE_MORPHOGENESIS",0,"Up",NA,NA
"GOBP_TRIGLYCERIDE_RICH_LIPOPROTEIN_PARTICLE_CLEARANCE",0,"Up",NA,NA
"GOBP_TRIPEPTIDE_TRANSMEMBRANE_TRANSPORT",0,"Up",NA,NA
"GOBP_TRIPEPTIDE_TRANSPORT",0,"Up",NA,NA
"GOBP_TRIVALENT_INORGANIC_ANION_HOMEOSTASIS",0,"Up",NA,NA
"GOBP_TRNA_3_END_PROCESSING",0,"Up",NA,NA
"GOBP_TRNA_5_END_PROCESSING",0,"Up",NA,NA
"GOBP_TRNA_5_LEADER_REMOVAL",0,"Up",NA,NA
"GOBP_TRNA_AMINOACYLATION_FOR_MITOCHONDRIAL_PROTEIN_TRANSLATION",0,"Up",NA,NA
"GOBP_TRNA_CATABOLIC_PROCESS",0,"Up",NA,NA
"GOBP_TRNA_METHYLATION",0,"Up",NA,NA
"GOBP_TRNA_PSEUDOURIDINE_SYNTHESIS",0,"Up",NA,NA
"GOBP_TRNA_THIO_MODIFICATION",0,"Up",NA,NA
"GOBP_TRNA_THREONYLCARBAMOYLADENOSINE_METABOLIC_PROCESS",0,"Up",NA,NA
"GOBP_TRNA_TRANSCRIPTION",0,"Up",NA,NA
"GOBP_TROPHECTODERMAL_CELL_DIFFERENTIATION",0,"Up",NA,NA
"GOBP_TROPHOBLAST_CELL_MIGRATION",0,"Up",NA,NA
"GOBP_TROPHOBLAST_GIANT_CELL_DIFFERENTIATION",0,"Up",NA,NA
"GOBP_TRYPTOPHAN_CATABOLIC_PROCESS",0,"Up",NA,NA
"GOBP_TRYPTOPHAN_CATABOLIC_PROCESS_TO_KYNURENINE",0,"Up",NA,NA
"GOBP_TRYPTOPHAN_TRANSPORT",0,"Up",NA,NA
"GOBP_TYPE_B_PANCREATIC_CELL_APOPTOTIC_PROCESS",0,"Up",NA,NA
"GOBP_TYPE_B_PANCREATIC_CELL_PROLIFERATION",0,"Up",NA,NA
"GOBP_TYPE_I_PNEUMOCYTE_DIFFERENTIATION",0,"Up",NA,NA
"GOBP_TYPE_III_INTERFERON_PRODUCTION",0,"Up",NA,NA
"GOBP_TYROSINE_CATABOLIC_PROCESS",0,"Up",NA,NA
"GOBP_TYROSINE_METABOLIC_PROCESS",0,"Up",NA,NA
"GOBP_TYROSINE_PHOSPHORYLATION_OF_STAT_PROTEIN",0,"Up",NA,NA
"GOBP_UBIQUINONE_METABOLIC_PROCESS",0,"Up",NA,NA
"GOBP_UBIQUITIN_DEPENDENT_GLYCOPROTEIN_ERAD_PATHWAY",0,"Up",NA,NA
"GOBP_UBIQUITIN_DEPENDENT_PROTEIN_CATABOLIC_PROCESS_VIA_THE_C_END_DEGRON_RULE_PATHWAY",0,"Up",NA,NA
"GOBP_UDP_GLUCOSE_METABOLIC_PROCESS",0,"Up",NA,NA
"GOBP_UDP_N_ACETYLGLUCOSAMINE_BIOSYNTHETIC_PROCESS",0,"Up",NA,NA
"GOBP_UDP_N_ACETYLGLUCOSAMINE_METABOLIC_PROCESS",0,"Up",NA,NA
"GOBP_UDP_N_ACETYLGLUCOSAMINE_TRANSMEMBRANE_TRANSPORT",0,"Up",NA,NA
"GOBP_UMP_BIOSYNTHETIC_PROCESS",0,"Up",NA,NA
"GOBP_UMP_CATABOLIC_PROCESS",0,"Up",NA,NA
"GOBP_URATE_METABOLIC_PROCESS",0,"Up",NA,NA
"GOBP_URATE_TRANSPORT",0,"Up",NA,NA
"GOBP_UREA_CYCLE",0,"Up",NA,NA
"GOBP_UREA_METABOLIC_PROCESS",0,"Up",NA,NA
"GOBP_UREA_TRANSMEMBRANE_TRANSPORT",0,"Up",NA,NA
"GOBP_UREA_TRANSPORT",0,"Up",NA,NA
"GOBP_URETER_DEVELOPMENT",0,"Up",NA,NA
"GOBP_URETER_MORPHOGENESIS",0,"Up",NA,NA
"GOBP_URETERIC_BUD_ELONGATION",0,"Up",NA,NA
"GOBP_URETERIC_BUD_FORMATION",0,"Up",NA,NA
"GOBP_UTERINE_SMOOTH_MUSCLE_CONTRACTION",0,"Up",NA,NA
"GOBP_UTERUS_DEVELOPMENT",0,"Up",NA,NA
"GOBP_UTERUS_MORPHOGENESIS",0,"Up",NA,NA
"GOBP_UTP_BIOSYNTHETIC_PROCESS",0,"Up",NA,NA
"GOBP_UTP_METABOLIC_PROCESS",0,"Up",NA,NA
"GOBP_UV_PROTECTION",0,"Up",NA,NA
"GOBP_V_D_J_RECOMBINATION",0,"Up",NA,NA
"GOBP_VACUOLAR_PROTON_TRANSPORTING_V_TYPE_ATPASE_COMPLEX_ASSEMBLY",0,"Up",NA,NA
"GOBP_VAGINA_DEVELOPMENT",0,"Up",NA,NA
"GOBP_VALINE_METABOLIC_PROCESS",0,"Up",NA,NA
"GOBP_VASCULAR_ASSOCIATED_SMOOTH_MUSCLE_CELL_APOPTOTIC_PROCESS",0,"Up",NA,NA
"GOBP_VASCULAR_ASSOCIATED_SMOOTH_MUSCLE_CELL_DEVELOPMENT",0,"Up",NA,NA
"GOBP_VASCULAR_ASSOCIATED_SMOOTH_MUSCLE_CELL_DIFFERENTIATION",0,"Up",NA,NA
"GOBP_VASCULAR_ENDOTHELIAL_GROWTH_FACTOR_RECEPTOR_2_SIGNALING_PATHWAY",0,"Up",NA,NA
"GOBP_VASCULOGENESIS_INVOLVED_IN_CORONARY_VASCULAR_MORPHOGENESIS",0,"Up",NA,NA
"GOBP_VENOUS_BLOOD_VESSEL_DEVELOPMENT",0,"Up",NA,NA
"GOBP_VENOUS_BLOOD_VESSEL_MORPHOGENESIS",0,"Up",NA,NA
"GOBP_VENTRAL_MIDLINE_DEVELOPMENT",0,"Up",NA,NA
"GOBP_VENTRAL_SPINAL_CORD_INTERNEURON_DIFFERENTIATION",0,"Up",NA,NA
"GOBP_VENTRICULAR_CARDIAC_MUSCLE_CELL_DEVELOPMENT",0,"Up",NA,NA
"GOBP_VENTRICULAR_CARDIAC_MUSCLE_CELL_DIFFERENTIATION",0,"Up",NA,NA
"GOBP_VENTRICULAR_CARDIAC_MUSCLE_TISSUE_DEVELOPMENT",0,"Up",NA,NA
"GOBP_VENTRICULAR_CARDIAC_MUSCLE_TISSUE_MORPHOGENESIS",0,"Up",NA,NA
"GOBP_VENTRICULAR_COMPACT_MYOCARDIUM_MORPHOGENESIS",0,"Up",NA,NA
"GOBP_VENTRICULAR_SEPTUM_MORPHOGENESIS",0,"Up",NA,NA
"GOBP_VENTRICULAR_TRABECULA_MYOCARDIUM_MORPHOGENESIS",0,"Up",NA,NA
"GOBP_VERY_LOW_DENSITY_LIPOPROTEIN_PARTICLE_ASSEMBLY",0,"Up",NA,NA
"GOBP_VERY_LOW_DENSITY_LIPOPROTEIN_PARTICLE_CLEARANCE",0,"Up",NA,NA
"GOBP_VESICLE_TETHERING",0,"Up",NA,NA
"GOBP_VESICLE_TETHERING_TO_GOLGI",0,"Up",NA,NA
"GOBP_VESTIBULOCOCHLEAR_NERVE_DEVELOPMENT",0,"Up",NA,NA
"GOBP_VESTIBULOCOCHLEAR_NERVE_FORMATION",0,"Up",NA,NA
"GOBP_VESTIBULOCOCHLEAR_NERVE_MORPHOGENESIS",0,"Up",NA,NA
"GOBP_VIRAL_TRANSLATIONAL_TERMINATION_REINITIATION",0,"Up",NA,NA
"GOBP_VIRION_ATTACHMENT_TO_HOST_CELL",0,"Up",NA,NA
"GOBP_VITAMIN_A_METABOLIC_PROCESS",0,"Up",NA,NA
"GOBP_VITAMIN_B6_METABOLIC_PROCESS",0,"Up",NA,NA
"GOBP_VITAMIN_BIOSYNTHETIC_PROCESS",0,"Up",NA,NA
"GOBP_VITAMIN_CATABOLIC_PROCESS",0,"Up",NA,NA
"GOBP_VITAMIN_D_BIOSYNTHETIC_PROCESS",0,"Up",NA,NA
"GOBP_VITAMIN_D_METABOLIC_PROCESS",0,"Up",NA,NA
"GOBP_VITAMIN_D_RECEPTOR_SIGNALING_PATHWAY",0,"Up",NA,NA
"GOBP_VITAMIN_D3_METABOLIC_PROCESS",0,"Up",NA,NA
"GOBP_VITAMIN_K_METABOLIC_PROCESS",0,"Up",NA,NA
"GOBP_VITAMIN_TRANSMEMBRANE_TRANSPORT",0,"Up",NA,NA
"GOBP_VITAMIN_TRANSPORT",0,"Up",NA,NA
"GOBP_VOCALIZATION_BEHAVIOR",0,"Up",NA,NA
"GOBP_WATER_SOLUBLE_VITAMIN_BIOSYNTHETIC_PROCESS",0,"Up",NA,NA
"GOBP_WNT_SIGNALING_PATHWAY_CALCIUM_MODULATING_PATHWAY",0,"Up",NA,NA
"GOBP_WNT_SIGNALING_PATHWAY_INVOLVED_IN_HEART_DEVELOPMENT",0,"Up",NA,NA
"GOBP_WNT_SIGNALING_PATHWAY_INVOLVED_IN_MIDBRAIN_DOPAMINERGIC_NEURON_DIFFERENTIATION",0,"Up",NA,NA
"GOBP_WOUND_HEALING_INVOLVED_IN_INFLAMMATORY_RESPONSE",0,"Up",NA,NA
"GOBP_XENOBIOTIC_CATABOLIC_PROCESS",0,"Up",NA,NA
"GOBP_XENOBIOTIC_EXPORT",0,"Up",NA,NA
"GOBP_XENOBIOTIC_GLUCURONIDATION",0,"Up",NA,NA
"GOBP_XENOBIOTIC_TRANSMEMBRANE_TRANSPORT",0,"Up",NA,NA
"GOBP_XENOBIOTIC_TRANSPORT",0,"Up",NA,NA
"GOBP_XENOBIOTIC_TRANSPORT_ACROSS_BLOOD_BRAIN_BARRIER",0,"Up",NA,NA
"GOBP_ZINC_ION_IMPORT_ACROSS_PLASMA_MEMBRANE",0,"Up",NA,NA
"GOBP_ZINC_ION_TRANSPORT",0,"Up",NA,NA
"GOBP_ZYMOGEN_INHIBITION",0,"Up",NA,NA
