"","NGenes","Direction","PValue","FDR"
"GOBP_POSITIVE_REGULATION_OF_HAIR_FOLLICLE_DEVELOPMENT",2,"Down",1.75512471595185e-05,0.0505981045585511
"GOBP_REGULATION_OF_HAIR_FOLLICLE_DEVELOPMENT",2,"Down",1.75512471595185e-05,0.0505981045585511
"GOBP_KERATINIZATION",5,"Down",2.26999123187757e-05,0.0505981045585511
"GOBP_POSITIVE_REGULATION_OF_AMYLOID_PRECURSOR_PROTEIN_BIOSYNTHETIC_PROCESS",2,"Down",4.0775897862214e-05,0.0681671072511563
"GOBP_POSITIVE_REGULATION_OF_DOPAMINE_RECEPTOR_SIGNALING_PATHWAY",3,"Down",9.2484880930877e-05,0.121279161027768
"GOBP_REGULATION_OF_HAIR_CYCLE",3,"Down",0.000108819345919935,0.121279161027768
"GOBP_REGULATION_OF_GLYCOPROTEIN_METABOLIC_PROCESS",13,"Down",0.000138174547016427,0.121431233278181
"GOBP_AMYLOID_PRECURSOR_PROTEIN_BIOSYNTHETIC_PROCESS",5,"Down",0.00014527439303506,0.121431233278181
"GOBP_REGULATION_OF_MICROTUBULE_POLYMERIZATION",34,"Up",0.000230968506390938,0.171609600248467
"GOBP_INTRACILIARY_RETROGRADE_TRANSPORT",4,"Down",0.000343215096686471,0.229507935154243
"GOBP_SKELETAL_SYSTEM_MORPHOGENESIS",26,"Down",0.000410070151323078,0.249285372899766
"GOBP_REGULATION_OF_MICROTUBULE_BASED_PROCESS",96,"Up",0.000610795228104055,0.339343887013134
"GOBP_RETINA_VASCULATURE_DEVELOPMENT_IN_CAMERA_TYPE_EYE",2,"Down",0.000661364600091587,0.339343887013134
"GOBP_REGULATION_OF_DOPAMINE_RECEPTOR_SIGNALING_PATHWAY",5,"Down",0.00071045527414145,0.339343887013134
"GOBP_ENDOTHELIAL_CELL_APOPTOTIC_PROCESS",9,"Down",0.000879825626919983,0.362857059877845
"GOBP_NEGATIVE_REGULATION_OF_ENDOTHELIAL_CELL_APOPTOTIC_PROCESS",3,"Down",0.000902837938848284,0.362857059877845
"GOBP_TERMINAL_BUTTON_ORGANIZATION",3,"Down",0.000965022014221924,0.362857059877845
"GOBP_REGULATION_OF_MICROTUBULE_CYTOSKELETON_ORGANIZATION",77,"Up",0.00097673501985961,0.362857059877845
"GOBP_RESPONSE_TO_DOPAMINE",21,"Down",0.0013100106618959,0.434863996874453
"GOBP_REGULATION_OF_TOLERANCE_INDUCTION",3,"Down",0.00149991367532594,0.434863996874453
"GOBP_TOLERANCE_INDUCTION",3,"Down",0.00149991367532594,0.434863996874453
"GOBP_POSITIVE_REGULATION_OF_MICROTUBULE_POLYMERIZATION_OR_DEPOLYMERIZATION",22,"Up",0.00169978183283664,0.434863996874453
"GOBP_ISOPENTENYL_DIPHOSPHATE_BIOSYNTHETIC_PROCESS",2,"Down",0.00198393313976279,0.434863996874453
"GOBP_RESPONSE_TO_PEPTIDOGLYCAN",3,"Down",0.00212048018153651,0.434863996874453
"GOBP_CHONDROCYTE_DEVELOPMENT",2,"Down",0.00232119886522723,0.434863996874453
"GOBP_NUCLEOTIDE_SUGAR_TRANSMEMBRANE_TRANSPORT",3,"Down",0.00238563992850965,0.434863996874453
"GOBP_INTERMEDIATE_FILAMENT_BUNDLE_ASSEMBLY",3,"Up",0.00241157410379019,0.434863996874453
"GOBP_PHOSPHATIDYLINOSITOL_ACYL_CHAIN_REMODELING",2,"Down",0.00248560071930982,0.434863996874453
"GOBP_POSITIVE_REGULATION_OF_PROTEIN_POLYMERIZATION",45,"Up",0.00263194944791259,0.434863996874453
"GOBP_DOPAMINE_RECEPTOR_SIGNALING_PATHWAY",14,"Down",0.00263488397107248,0.434863996874453
"GOBP_NUCLEOSIDE_MONOPHOSPHATE_PHOSPHORYLATION",5,"Down",0.0029412324259718,0.434863996874453
"GOBP_REGULATION_OF_MICROTUBULE_POLYMERIZATION_OR_DEPOLYMERIZATION",46,"Up",0.00297791490499871,0.434863996874453
"GOBP_NEGATIVE_REGULATION_OF_CYTOSKELETON_ORGANIZATION",64,"Up",0.00307889027175046,0.434863996874453
"GOBP_SEMICIRCULAR_CANAL_DEVELOPMENT",1,"Down",0.00320781777962641,0.434863996874453
"GOBP_SEMICIRCULAR_CANAL_MORPHOGENESIS",1,"Down",0.00320781777962641,0.434863996874453
"GOBP_DENDRITIC_CELL_CHEMOTAXIS",2,"Down",0.00322011331737547,0.434863996874453
"GOBP_DENDRITIC_CELL_MIGRATION",2,"Down",0.00322011331737547,0.434863996874453
"GOBP_NEGATIVE_REGULATION_OF_DNA_TEMPLATED_TRANSCRIPTION_INITIATION",2,"Down",0.00322206302835742,0.434863996874453
"GOBP_NEGATIVE_REGULATION_OF_TRANSCRIPTION_INITIATION_FROM_RNA_POLYMERASE_II_PROMOTER",2,"Down",0.00322206302835742,0.434863996874453
"GOBP_GLYCOPROTEIN_METABOLIC_PROCESS",43,"Down",0.00324184436487091,0.434863996874453
"GOBP_MYELOID_DENDRITIC_CELL_ACTIVATION",4,"Down",0.00324514066416812,0.434863996874453
"GOBP_ORGANELLE_LOCALIZATION",230,"Up",0.00332256159867721,0.434863996874453
"GOBP_RAL_PROTEIN_SIGNAL_TRANSDUCTION",2,"Down",0.00381150276083381,0.434863996874453
"GOBP_ATRIAL_SEPTUM_MORPHOGENESIS",1,"Down",0.00392619597097965,0.434863996874453
"GOBP_ATRIOVENTRICULAR_VALVE_DEVELOPMENT",1,"Down",0.00392619597097965,0.434863996874453
"GOBP_LYMPHANGIOGENESIS",1,"Down",0.00392619597097965,0.434863996874453
"GOBP_LYMPHATIC_ENDOTHELIAL_CELL_DIFFERENTIATION",1,"Down",0.00392619597097965,0.434863996874453
"GOBP_MITRAL_VALVE_DEVELOPMENT",1,"Down",0.00392619597097965,0.434863996874453
"GOBP_NEGATIVE_REGULATION_OF_CELL_PROLIFERATION_INVOLVED_IN_HEART_MORPHOGENESIS",1,"Down",0.00392619597097965,0.434863996874453
"GOBP_NEGATIVE_REGULATION_OF_CHONDROCYTE_PROLIFERATION",1,"Down",0.00392619597097965,0.434863996874453
"GOBP_PHARYNGEAL_ARCH_ARTERY_MORPHOGENESIS",1,"Down",0.00392619597097965,0.434863996874453
"GOBP_POSITIVE_REGULATION_OF_AXON_EXTENSION_INVOLVED_IN_AXON_GUIDANCE",1,"Down",0.00392619597097965,0.434863996874453
"GOBP_REGULATION_OF_LUNG_BLOOD_PRESSURE",1,"Down",0.00392619597097965,0.434863996874453
"GOBP_TRICUSPID_VALVE_DEVELOPMENT",1,"Down",0.00392619597097965,0.434863996874453
"GOBP_TRICUSPID_VALVE_MORPHOGENESIS",1,"Down",0.00392619597097965,0.434863996874453
"GOBP_ENDOPLASMIC_RETICULUM_MEMBRANE_ORGANIZATION",8,"Up",0.0039575751445235,0.434863996874453
"GOBP_FUCOSYLATION",1,"Down",0.00396678973985062,0.434863996874453
"GOBP_LIPID_GLYCOSYLATION",1,"Down",0.00396678973985062,0.434863996874453
"GOBP_PROTEIN_O_LINKED_FUCOSYLATION",1,"Down",0.00396678973985062,0.434863996874453
"GOBP_NEGATIVE_REGULATION_OF_RESPONSE_TO_OXIDATIVE_STRESS",7,"Up",0.00414317444265055,0.434863996874453
"GOBP_REGULATION_OF_PROTEIN_POLYMERIZATION",95,"Up",0.00415916085491971,0.434863996874453
"GOBP_NEGATIVE_REGULATION_OF_ORGANELLE_ORGANIZATION",117,"Up",0.00421573135095968,0.434863996874453
"GOBP_NEURON_PROJECTION_EXTENSION_INVOLVED_IN_NEURON_PROJECTION_GUIDANCE",3,"Down",0.0042417195384832,0.434863996874453
"GOBP_REGULATION_OF_LOCOMOTION_INVOLVED_IN_LOCOMOTORY_BEHAVIOR",1,"Down",0.00434609545858565,0.434863996874453
"GOBP_REGULATION_OF_CYTOSKELETON_ORGANIZATION",189,"Up",0.00441777707676107,0.434863996874453
"GOBP_CALCIUM_ACTIVATED_PHOSPHOLIPID_SCRAMBLING",3,"Down",0.0044683765438307,0.434863996874453
"GOBP_PROTEOGLYCAN_BIOSYNTHETIC_PROCESS",3,"Down",0.00453601455595389,0.434863996874453
"GOBP_PROTEOGLYCAN_METABOLIC_PROCESS",3,"Down",0.00453601455595389,0.434863996874453
"GOBP_POSTSYNAPTIC_CYTOSKELETON_ORGANIZATION",8,"Up",0.00487322050009116,0.434863996874453
"GOBP_NEGATIVE_REGULATION_OF_SUPRAMOLECULAR_FIBER_ORGANIZATION",66,"Up",0.00488886072422922,0.434863996874453
"GOBP_RESPONSE_TO_VITAMIN_K",1,"Down",0.0049322845481892,0.434863996874453
"GOBP_TUMOR_NECROSIS_FACTOR_MEDIATED_SIGNALING_PATHWAY",19,"Down",0.00500711192232346,0.434863996874453
"GOBP_BONE_TRABECULA_MORPHOGENESIS",1,"Down",0.00509143766514943,0.434863996874453
"GOBP_INHIBITORY_SYNAPSE_ASSEMBLY",1,"Down",0.00509143766514943,0.434863996874453
"GOBP_NEGATIVE_REGULATION_OF_AXON_EXTENSION_INVOLVED_IN_AXON_GUIDANCE",1,"Down",0.00509143766514943,0.434863996874453
"GOBP_NEGATIVE_REGULATION_OF_OSTEOBLAST_DIFFERENTIATION",1,"Down",0.00509143766514943,0.434863996874453
"GOBP_REGULATION_OF_ALKALINE_PHOSPHATASE_ACTIVITY",1,"Down",0.00509143766514943,0.434863996874453
"GOBP_POSTSYNAPSE_ASSEMBLY",3,"Down",0.00513746908226137,0.434863996874453
"GOBP_POSTSYNAPTIC_SPECIALIZATION_ASSEMBLY",3,"Down",0.00513746908226137,0.434863996874453
"GOBP_TYPE_I_PNEUMOCYTE_DIFFERENTIATION",2,"Down",0.00533917848059176,0.445876959665594
"GOBP_LIPID_DROPLET_FORMATION",5,"Down",0.0054009322166761,0.445876959665594
"GOBP_REGULATION_OF_FILOPODIUM_ASSEMBLY",20,"Up",0.00572578178438716,0.464170592757488
"GOBP_POSITIVE_REGULATION_OF_GLYCOPROTEIN_METABOLIC_PROCESS",8,"Down",0.00576135175697196,0.464170592757488
"GOBP_GALACTOSE_METABOLIC_PROCESS",2,"Down",0.0062675680468914,0.495883821900476
"GOBP_EMBRYONIC_EYE_MORPHOGENESIS",3,"Down",0.0063032936834964,0.495883821900476
"GOBP_NAD_BIOSYNTHESIS_VIA_NICOTINAMIDE_RIBOSIDE_SALVAGE_PATHWAY",1,"Down",0.00646410216018885,0.49637986310355
"GOBP_PYRIDINE_NUCLEOTIDE_BIOSYNTHETIC_PROCESS",1,"Down",0.00646410216018885,0.49637986310355
"GOBP_POST_GOLGI_VESICLE_MEDIATED_TRANSPORT",65,"Up",0.00656121052530704,0.49637986310355
"GOBP_NEGATIVE_REGULATION_OF_FIBROBLAST_GROWTH_FACTOR_RECEPTOR_SIGNALING_PATHWAY",2,"Down",0.00665141181084655,0.49637986310355
"GOBP_REGULATION_OF_SYNAPSE_ASSEMBLY",20,"Down",0.00668075185872881,0.49637986310355
"GOBP_GLYCOPROTEIN_BIOSYNTHETIC_PROCESS",35,"Down",0.00698497581319261,0.508573742215769
"GOBP_CHONDROCYTE_PROLIFERATION",2,"Down",0.0070768047678929,0.508573742215769
"GOBP_VENTRICULAR_SEPTUM_MORPHOGENESIS",3,"Down",0.00714844330975305,0.508573742215769
"GOBP_PATHWAY_RESTRICTED_SMAD_PROTEIN_PHOSPHORYLATION",5,"Down",0.00714908505582209,0.508573742215769
"GOBP_CGMP_METABOLIC_PROCESS",2,"Down",0.0072572022704589,0.508915448815022
"GOBP_NUCLEOSIDE_DIPHOSPHATE_BIOSYNTHETIC_PROCESS",7,"Down",0.00731925917585006,0.508915448815022
"GOBP_REGULATION_OF_PRESYNAPSE_ORGANIZATION",7,"Down",0.00738220405788203,0.508915448815022
"GOBP_CYTOLYSIS",1,"Down",0.0075446618186949,0.509923069831507
"GOBP_LEUKOCYTE_AGGREGATION",2,"Down",0.00765553382981784,0.509923069831507
"GOBP_ANIMAL_ORGAN_MATURATION",4,"Down",0.0077019352834767,0.509923069831507
"GOBP_BONE_MATURATION",4,"Down",0.0077019352834767,0.509923069831507
"GOBP_TRANSCRIPTION_INITIATION_FROM_RNA_POLYMERASE_III_PROMOTER",3,"Down",0.00781651302481466,0.509923069831507
"GOBP_RNA_POLYMERASE_II_PREINITIATION_COMPLEX_ASSEMBLY",11,"Down",0.00785435564418203,0.509923069831507
"GOBP_POSITIVE_REGULATION_OF_TOLERANCE_INDUCTION",2,"Down",0.008307977214293,0.531084033517823
"GOBP_ENDOSOME_ORGANIZATION",50,"Up",0.00848562881070398,0.531084033517823
"GOBP_NEGATIVE_REGULATION_OF_MIRNA_TRANSCRIPTION",1,"Down",0.00858484452624964,0.531084033517823
"GOBP_TYPE_B_PANCREATIC_CELL_APOPTOTIC_PROCESS",4,"Up",0.00865098819536455,0.531084033517823
"GOBP_SKIN_EPIDERMIS_DEVELOPMENT",14,"Down",0.00874137507840056,0.531084033517823
"GOBP_REGULATION_OF_POSITIVE_CHEMOTAXIS",2,"Down",0.00875536909803522,0.531084033517823
"GOBP_XENOBIOTIC_TRANSMEMBRANE_TRANSPORT",2,"Down",0.00875840460733914,0.531084033517823
"GOBP_ACTIN_FILAMENT_BASED_TRANSPORT",7,"Up",0.00881566139082972,0.531084033517823
"GOBP_PYRIDINE_CONTAINING_COMPOUND_BIOSYNTHETIC_PROCESS",2,"Down",0.00895431846400334,0.534620781864199
"GOBP_NEUROPEPTIDE_SIGNALING_PATHWAY",4,"Down",0.00911995141089817,0.536565053075192
"GOBP_POSITIVE_REGULATION_OF_PATHWAY_RESTRICTED_SMAD_PROTEIN_PHOSPHORYLATION",3,"Down",0.00914736295058649,0.536565053075192
"GOBP_PYRIDINE_CONTAINING_COMPOUND_METABOLIC_PROCESS",3,"Down",0.00954242964688076,0.55487153955384
"GOBP_ESTABLISHMENT_OF_ORGANELLE_LOCALIZATION",166,"Up",0.00980209891526918,0.565057202124181
"GOBP_POSITIVE_REGULATION_OF_TRANSCRIPTION_FROM_RNA_POLYMERASE_II_PROMOTER_INVOLVED_IN_CELLULAR_RESPONSE_TO_CHEMICAL_STIMULUS",5,"Down",0.0100078335183227,0.567607063552249
"GOBP_REGULATION_OF_SUPRAMOLECULAR_FIBER_ORGANIZATION",142,"Up",0.0100160959322813,0.567607063552249
"GOBP_OUTFLOW_TRACT_MORPHOGENESIS",9,"Down",0.0101638030237569,0.569980099432884
"GOBP_ARTERY_MORPHOGENESIS",7,"Down",0.010228445032443,0.569980099432884
"GOBP_RESPONSE_TO_UV_B",3,"Down",0.0104763684813749,0.578970876321936
"GOBP_STEROID_ESTERIFICATION",3,"Down",0.0108805842157163,0.596380874184382
"GOBP_GEPHYRIN_CLUSTERING_INVOLVED_IN_POSTSYNAPTIC_DENSITY_ASSEMBLY",1,"Down",0.0111792154430785,0.602866239256982
"GOBP_SYNAPTIC_MEMBRANE_ADHESION",1,"Down",0.0111792154430785,0.602866239256982
"GOBP_BONE_MORPHOGENESIS",7,"Down",0.0114981619583991,0.61510567212652
"GOBP_REGULATION_OF_TRIGLYCERIDE_METABOLIC_PROCESS",4,"Down",0.011777959946194,0.62506997999359
"GOBP_TRANSCRIPTION_PREINITIATION_COMPLEX_ASSEMBLY",14,"Down",0.0118713754238352,0.62506997999359
"GOBP_ENDOMEMBRANE_SYSTEM_ORGANIZATION",232,"Up",0.0122441768869964,0.639662584713631
"GOBP_ACTIVATION_OF_CYSTEINE_TYPE_ENDOPEPTIDASE_ACTIVITY",4,"Down",0.0125589892938258,0.645268849730186
"GOBP_VENOUS_BLOOD_VESSEL_DEVELOPMENT",3,"Down",0.0126917091361282,0.645268849730186
"GOBP_PYRIDINE_NUCLEOTIDE_METABOLIC_PROCESS",2,"Down",0.0126979570592466,0.645268849730186
"GOBP_EXTRACELLULAR_MATRIX_DISASSEMBLY",7,"Up",0.0127374739291737,0.645268849730186
"GOBP_CELL_PROLIFERATION_INVOLVED_IN_HEART_MORPHOGENESIS",2,"Down",0.013124520861875,0.65987722558916
"GOBP_ZINC_ION_TRANSPORT",7,"Down",0.0133306393563305,0.665238696834192
"GOBP_ADULT_LOCOMOTORY_BEHAVIOR",18,"Up",0.0136811606065858,0.674781870572751
"GOBP_LIPID_STORAGE",15,"Down",0.0137827667751166,0.674781870572751
"GOBP_CYTOSKELETON_ORGANIZATION",460,"Up",0.0138246024029411,0.674781870572751
"GOBP_ACTIVIN_RECEPTOR_SIGNALING_PATHWAY",5,"Down",0.0141409198941527,0.676489056319583
"GOBP_ERK1_AND_ERK2_CASCADE",52,"Down",0.0141571840353501,0.676489056319583
"GOBP_DENDRITIC_TRANSPORT",10,"Up",0.0141630728106388,0.676489056319583
"GOBP_MICROTUBULE_CYTOSKELETON_ORGANIZATION",204,"Up",0.014568484471948,0.690918125276004
"GOBP_ENDOCHONDRAL_BONE_MORPHOGENESIS",6,"Down",0.015091563079473,0.698117744310063
"GOBP_GALACTOSE_CATABOLIC_PROCESS",1,"Down",0.0151101634212466,0.698117744310063
"GOBP_PROTEIN_DEPOLYMERIZATION",56,"Up",0.0151237929039439,0.698117744310063
"GOBP_REGULATION_OF_NON_CANONICAL_WNT_SIGNALING_PATHWAY",4,"Down",0.0151378903731059,0.698117744310063
"GOBP_REGULATION_OF_RNA_POLYMERASE_II_TRANSCRIPTION_PREINITIATION_COMPLEX_ASSEMBLY",5,"Down",0.015528463022151,0.702124742708235
"GOBP_GOLGI_TO_PLASMA_MEMBRANE_TRANSPORT",38,"Up",0.0157542236960849,0.702124742708235
"GOBP_INNER_CELL_MASS_CELL_PROLIFERATION",2,"Down",0.0160445187675374,0.702124742708235
"GOBP_INTRACILIARY_TRANSPORT",14,"Down",0.0163443303516534,0.702124742708235
"GOBP_DENDRITIC_SPINE_DEVELOPMENT",40,"Up",0.0163981498196697,0.702124742708235
"GOBP_MATING",6,"Down",0.0165754508710725,0.702124742708235
"GOBP_INHIBITORY_POSTSYNAPTIC_POTENTIAL",2,"Down",0.0166125833054761,0.702124742708235
"GOBP_POSITIVE_REGULATION_OF_INHIBITORY_POSTSYNAPTIC_POTENTIAL",2,"Down",0.0166125833054761,0.702124742708235
"GOBP_POSITIVE_REGULATION_OF_MITOCHONDRIAL_TRANSLATION",1,"Down",0.0169248755653991,0.702124742708235
"GOBP_BLEB_ASSEMBLY",1,"Down",0.0170517491455208,0.702124742708235
"GOBP_REGULATION_OF_POTASSIUM_ION_EXPORT_ACROSS_PLASMA_MEMBRANE",1,"Down",0.0170517491455208,0.702124742708235
"GOBP_CELL_AGGREGATION",1,"Down",0.0170640805903075,0.702124742708235
"GOBP_REGULATION_OF_FEMALE_RECEPTIVITY",1,"Down",0.0170640805903075,0.702124742708235
"GOBP_NEUROMUSCULAR_PROCESS_CONTROLLING_BALANCE",8,"Up",0.0173294620141945,0.702124742708235
"GOBP_POSITIVE_REGULATION_OF_ORGANELLE_ASSEMBLY",35,"Up",0.0173600640084223,0.702124742708235
"GOBP_NEGATIVE_REGULATION_OF_MEMBRANE_PROTEIN_ECTODOMAIN_PROTEOLYSIS",1,"Down",0.0173884465207924,0.702124742708235
"GOBP_AXONEMAL_DYNEIN_COMPLEX_ASSEMBLY",3,"Down",0.0173975983926757,0.702124742708235
"GOBP_HISTONE_H4_R3_METHYLATION",4,"Down",0.0174773290717282,0.702124742708235
"GOBP_NEURON_PROJECTION_ORGANIZATION",41,"Up",0.0175501730447652,0.702124742708235
"GOBP_POSITIVE_REGULATION_OF_CARTILAGE_DEVELOPMENT",3,"Down",0.0175901075321418,0.702124742708235
"GOBP_NEGATIVE_REGULATION_OF_ION_TRANSMEMBRANE_TRANSPORT",23,"Up",0.0179205174905087,0.702124742708235
"GOBP_C21_STEROID_HORMONE_METABOLIC_PROCESS",2,"Down",0.0182378153067579,0.702124742708235
"GOBP_PROGESTERONE_METABOLIC_PROCESS",2,"Down",0.0182378153067579,0.702124742708235
"GOBP_POSITIVE_REGULATION_OF_MONOCYTE_CHEMOTAXIS",3,"Down",0.0182436095758415,0.702124742708235
"GOBP_REGULATION_OF_MONOCYTE_CHEMOTAXIS",3,"Down",0.0182436095758415,0.702124742708235
"GOBP_NUCLEOBASE_CONTAINING_SMALL_MOLECULE_INTERCONVERSION",3,"Down",0.0184934415727872,0.702124742708235
"GOBP_MITOCHONDRIAL_RESPIRATORY_CHAIN_COMPLEX_ASSEMBLY",21,"Down",0.0184967584448628,0.702124742708235
"GOBP_PROTEIN_LOCALIZATION_TO_VACUOLE",28,"Up",0.0185374173284349,0.702124742708235
"GOBP_GLYCOSYL_COMPOUND_BIOSYNTHETIC_PROCESS",4,"Down",0.0186298445949512,0.702124742708235
"GOBP_HUMORAL_IMMUNE_RESPONSE_MEDIATED_BY_CIRCULATING_IMMUNOGLOBULIN",1,"Down",0.0188014347184897,0.702124742708235
"GOBP_POSITIVE_REGULATION_OF_HUMORAL_IMMUNE_RESPONSE_MEDIATED_BY_CIRCULATING_IMMUNOGLOBULIN",1,"Down",0.0188014347184897,0.702124742708235
"GOBP_REGULATION_OF_HUMORAL_IMMUNE_RESPONSE_MEDIATED_BY_CIRCULATING_IMMUNOGLOBULIN",1,"Down",0.0188014347184897,0.702124742708235
"GOBP_SKELETAL_SYSTEM_DEVELOPMENT",61,"Down",0.0190630468622179,0.702124742708235
"GOBP_NUCLEUS_LOCALIZATION",11,"Up",0.019110140894201,0.702124742708235
"GOBP_POSITIVE_REGULATION_OF_BIOMINERALIZATION",5,"Down",0.0193302398945096,0.702124742708235
"GOBP_NEURON_CELLULAR_HOMEOSTASIS",9,"Up",0.0193408409682051,0.702124742708235
"GOBP_SKIN_DEVELOPMENT",33,"Down",0.0193920500134102,0.702124742708235
"GOBP_REGULATION_OF_ORGANELLE_ASSEMBLY",89,"Up",0.0194670482256146,0.702124742708235
"GOBP_RETROGRADE_AXONAL_TRANSPORT",13,"Up",0.01950375694739,0.702124742708235
"GOBP_REGULATION_OF_CGMP_MEDIATED_SIGNALING",5,"Down",0.0197641705634785,0.702124742708235
"GOBP_POSITIVE_THYMIC_T_CELL_SELECTION",2,"Down",0.0200580700486972,0.702124742708235
"GOBP_THYMIC_T_CELL_SELECTION",2,"Down",0.0200580700486972,0.702124742708235
"GOBP_DNA_INTEGRATION",1,"Down",0.0200952275521576,0.702124742708235
"GOBP_MOLTING_CYCLE",16,"Down",0.0201184369242101,0.702124742708235
"GOBP_CELLULAR_RESPONSE_TO_STEROID_HORMONE_STIMULUS",58,"Up",0.020376664044858,0.702124742708235
"GOBP_RECEPTOR_MEDIATED_ENDOCYTOSIS",84,"Up",0.0203944694836783,0.702124742708235
"GOBP_PROLACTIN_SECRETION",2,"Down",0.0204255165118611,0.702124742708235
"GOBP_PROTEIN_PROCESSING",35,"Down",0.0204410083218168,0.702124742708235
"GOBP_REGULATION_OF_ORGANELLE_ORGANIZATION",391,"Up",0.0205147502086485,0.702124742708235
"GOBP_POSITIVE_REGULATION_OF_CHEMOTAXIS",18,"Down",0.0205396363726608,0.702124742708235
"GOBP_MICROTUBULE_POLYMERIZATION",45,"Up",0.0206139831924097,0.702124742708235
"GOBP_NEGATIVE_REGULATION_OF_CELL_VOLUME",2,"Down",0.0206846978186814,0.702124742708235
"GOBP_POSITIVE_REGULATION_OF_PROTEIN_CONTAINING_COMPLEX_ASSEMBLY",72,"Up",0.0209216173448072,0.706580076690532
"GOBP_ENDOCYTOSIS",187,"Up",0.0211074258318634,0.709273148430504
"GOBP_POSITIVE_REGULATION_OF_DOUBLE_STRAND_BREAK_REPAIR_VIA_NONHOMOLOGOUS_END_JOINING",2,"Down",0.0212223202992627,0.709568279205848
"GOBP_POSITIVE_REGULATION_OF_CGMP_MEDIATED_SIGNALING",2,"Down",0.0214830810628351,0.714315021143354
"GOBP_NEGATIVE_REGULATION_OF_MYELOID_CELL_DIFFERENTIATION",13,"Down",0.0216135986302089,0.714315021143354
"GOBP_CONNECTIVE_TISSUE_DEVELOPMENT",27,"Down",0.0216847538944371,0.714315021143354
"GOBP_PYRIMIDINE_DEOXYRIBONUCLEOTIDE_METABOLIC_PROCESS",2,"Down",0.0218672980149649,0.716797165814069
"GOBP_INSULIN_PROCESSING",3,"Down",0.0223313968226374,0.725926979133799
"GOBP_REGULATION_OF_TRANSCRIPTION_FROM_RNA_POLYMERASE_II_PROMOTER_IN_RESPONSE_TO_OXIDATIVE_STRESS",3,"Down",0.0223629366983046,0.725926979133799
"GOBP_REGULATION_OF_MEMBRANE_INVAGINATION",2,"Down",0.0226620998175952,0.732084354977097
"GOBP_ENDOCARDIAL_CUSHION_DEVELOPMENT",2,"Down",0.0228908497552012,0.732397666569523
"GOBP_PULMONARY_VALVE_DEVELOPMENT",2,"Down",0.0228908497552012,0.732397666569523
"GOBP_CELLULAR_COMPONENT_DISASSEMBLY",187,"Up",0.0233390953336689,0.740307036053212
"GOBP_EXCITATORY_SYNAPSE_ASSEMBLY",4,"Down",0.0233594713036082,0.740307036053212
"GOBP_POSITIVE_REGULATION_OF_PROTEIN_LOCALIZATION_TO_NUCLEUS",30,"Up",0.0237558017810607,0.742082791857458
"GOBP_FOREBRAIN_REGIONALIZATION",2,"Down",0.0239965984385933,0.742082791857458
"GOBP_RESPONSE_TO_CATECHOLAMINE",26,"Down",0.0240818229242693,0.742082791857458
"GOBP_ADENYLATE_CYCLASE_ACTIVATING_DOPAMINE_RECEPTOR_SIGNALING_PATHWAY",2,"Down",0.0241906601943499,0.742082791857458
"GOBP_ADENYLATE_CYCLASE_INHIBITING_DOPAMINE_RECEPTOR_SIGNALING_PATHWAY",1,"Down",0.0242870221425969,0.742082791857458
"GOBP_ENDOTHELIAL_CELL_ACTIVATION",1,"Down",0.0242870221425969,0.742082791857458
"GOBP_TOXIN_TRANSPORT",16,"Up",0.0243045166130789,0.742082791857458
"GOBP_REGULATION_OF_GLIAL_CELL_MIGRATION",2,"Down",0.0243254472880326,0.742082791857458
"GOBP_LIVER_REGENERATION",7,"Down",0.0244142686120294,0.742082791857458
"GOBP_REGULATION_OF_CELL_PROJECTION_ASSEMBLY",75,"Up",0.0248576965716145,0.745566711492698
"GOBP_VESICLE_CYTOSKELETAL_TRAFFICKING",36,"Up",0.0249594045623351,0.745566711492698
"GOBP_DTTP_METABOLIC_PROCESS",1,"Down",0.0251978580525422,0.745566711492698
"GOBP_PYRIMIDINE_DEOXYRIBONUCLEOSIDE_METABOLIC_PROCESS",1,"Down",0.0251978580525422,0.745566711492698
"GOBP_PYRIMIDINE_DEOXYRIBONUCLEOSIDE_TRIPHOSPHATE_METABOLIC_PROCESS",1,"Down",0.0251978580525422,0.745566711492698
"GOBP_PYRIMIDINE_DEOXYRIBONUCLEOTIDE_BIOSYNTHETIC_PROCESS",1,"Down",0.0251978580525422,0.745566711492698
"GOBP_POSITIVE_REGULATION_OF_TELOMERASE_RNA_LOCALIZATION_TO_CAJAL_BODY",11,"Up",0.0253103006313742,0.745594626969161
"GOBP_ESTABLISHMENT_OR_MAINTENANCE_OF_CYTOSKELETON_POLARITY",6,"Up",0.0257127374987364,0.754043855440316
"GOBP_NEGATIVE_REGULATION_OF_ANTIGEN_RECEPTOR_MEDIATED_SIGNALING_PATHWAY",5,"Down",0.0260982291762821,0.754043855440316
"GOBP_NEGATIVE_REGULATION_OF_PEPTIDYL_CYSTEINE_S_NITROSYLATION",3,"Up",0.0261381599797276,0.754043855440316
"GOBP_REGULATION_OF_PEPTIDYL_CYSTEINE_S_NITROSYLATION",3,"Up",0.0261381599797276,0.754043855440316
"GOBP_POSITIVE_REGULATION_OF_DENDRITE_DEVELOPMENT",6,"Up",0.0265685694133006,0.754043855440316
"GOBP_NEGATIVE_CHEMOTAXIS",2,"Down",0.0266236566730924,0.754043855440316
"GOBP_SPINDLE_LOCALIZATION",22,"Up",0.0268063255440156,0.754043855440316
"GOBP_NEGATIVE_REGULATION_OF_HEMATOPOIETIC_PROGENITOR_CELL_DIFFERENTIATION",2,"Down",0.0269558150772623,0.754043855440316
"GOBP_PODOSOME_ASSEMBLY",4,"Up",0.0271128453833976,0.754043855440316
"GOBP_DENDRITIC_CELL_DIFFERENTIATION",3,"Down",0.0271375121404986,0.754043855440316
"GOBP_AXO_DENDRITIC_TRANSPORT",47,"Up",0.0272280459578091,0.754043855440316
"GOBP_MITOCHONDRION_DISTRIBUTION",6,"Up",0.0274263393573803,0.754043855440316
"GOBP_CARTILAGE_DEVELOPMENT",18,"Down",0.0275673579371091,0.754043855440316
"GOBP_VESICLE_BUDDING_FROM_MEMBRANE",33,"Up",0.0276251004552293,0.754043855440316
"GOBP_MICROTUBULE_ORGANIZING_CENTER_ORGANIZATION",51,"Up",0.0276323273230248,0.754043855440316
"GOBP_POSITIVE_REGULATION_OF_ACTIVIN_RECEPTOR_SIGNALING_PATHWAY",2,"Down",0.0277787471153571,0.754043855440316
"GOBP_PROTEIN_NITROSYLATION",4,"Up",0.0278556998176822,0.754043855440316
"GOBP_POSITIVE_CHEMOTAXIS",5,"Down",0.0279348462031934,0.754043855440316
"GOBP_CALCIUM_ION_EXPORT",5,"Up",0.0280434261773149,0.754043855440316
"GOBP_GLYCOLIPID_TRANSPORT",2,"Down",0.0283092108316679,0.754043855440316
"GOBP_POSITIVE_REGULATION_OF_CATECHOLAMINE_METABOLIC_PROCESS",3,"Down",0.028321497733726,0.754043855440316
"GOBP_POSITIVE_REGULATION_OF_CELLULAR_AMINE_METABOLIC_PROCESS",3,"Down",0.028321497733726,0.754043855440316
"GOBP_REGULATION_OF_CARDIAC_MUSCLE_ADAPTATION",3,"Up",0.0284272015662729,0.754043855440316
"GOBP_ENAMEL_MINERALIZATION",3,"Down",0.0284615219758582,0.754043855440316
"GOBP_TOOTH_MINERALIZATION",3,"Down",0.0284615219758582,0.754043855440316
"GOBP_NEGATIVE_REGULATION_OF_ACTIN_FILAMENT_BUNDLE_ASSEMBLY",8,"Up",0.0285289510133692,0.754043855440316
"GOBP_FIBROBLAST_GROWTH_FACTOR_RECEPTOR_SIGNALING_PATHWAY",11,"Down",0.0287614735524235,0.755086685405972
"GOBP_CHEMICAL_HOMEOSTASIS_WITHIN_A_TISSUE",4,"Down",0.0289107778809453,0.755086685405972
"GOBP_DENDRITIC_SPINE_MORPHOGENESIS",27,"Up",0.0290687749742867,0.755086685405972
"GOBP_CELL_SUBSTRATE_JUNCTION_ORGANIZATION",33,"Up",0.0291004577569264,0.755086685405972
"GOBP_POSITIVE_REGULATION_OF_SYNAPTIC_PLASTICITY",3,"Up",0.0291972498137014,0.755086685405972
"GOBP_ALPHA_BETA_T_CELL_PROLIFERATION",3,"Down",0.0292459176791008,0.755086685405972
"GOBP_NUCLEAR_MIGRATION",9,"Up",0.0294140762664988,0.756081643317314
"GOBP_PLATELET_DEGRANULATION",2,"Up",0.0296632662733219,0.756081643317314
"GOBP_LUNG_CELL_DIFFERENTIATION",4,"Down",0.0296673019828902,0.756081643317314
"GOBP_OXYGEN_METABOLIC_PROCESS",1,"Down",0.0298241688624143,0.756081643317314
"GOBP_NEURON_DEATH_IN_RESPONSE_TO_OXIDATIVE_STRESS",9,"Up",0.0299288345411303,0.756081643317314
"GOBP_REGULATION_OF_DENDRITIC_SPINE_MAINTENANCE",2,"Down",0.0301806047332975,0.756081643317314
"GOBP_SECRETORY_GRANULE_LOCALIZATION",10,"Up",0.0305252709696165,0.756081643317314
"GOBP_POSITIVE_REGULATION_OF_RECEPTOR_MEDIATED_ENDOCYTOSIS",19,"Up",0.0305963929276301,0.756081643317314
"GOBP_NEURON_REMODELING",1,"Down",0.0305985957898488,0.756081643317314
"GOBP_EOSINOPHIL_CHEMOTAXIS",1,"Down",0.030757054485247,0.756081643317314
"GOBP_EOSINOPHIL_MIGRATION",1,"Down",0.030757054485247,0.756081643317314
"GOBP_INDUCTION_OF_POSITIVE_CHEMOTAXIS",1,"Down",0.030757054485247,0.756081643317314
"GOBP_FILOPODIUM_ASSEMBLY",24,"Up",0.0308293158974655,0.756081643317314
"GOBP_CYTOSKELETON_DEPENDENT_INTRACELLULAR_TRANSPORT",98,"Up",0.0308673977307652,0.756081643317314
"GOBP_SUPRAMOLECULAR_FIBER_ORGANIZATION",238,"Up",0.0310166884552291,0.756152805435164
"GOBP_POSITIVE_REGULATION_OF_BONE_MINERALIZATION",4,"Down",0.0310964590241768,0.756152805435164
"GOBP_VERY_LOW_DENSITY_LIPOPROTEIN_PARTICLE_ASSEMBLY",2,"Down",0.0312681611548157,0.75757316537048
"GOBP_AMELOGENESIS",4,"Down",0.0314032911161791,0.758100388786604
"GOBP_NEGATIVE_REGULATION_OF_MICROTUBULE_POLYMERIZATION_OR_DEPOLYMERIZATION",22,"Up",0.0315589362469168,0.759117290227097
"GOBP_EPIDERMIS_MORPHOGENESIS",5,"Down",0.0317850534349542,0.761815958134548
"GOBP_PROTEIN_CONTAINING_COMPLEX_DISASSEMBLY",120,"Up",0.0321266726697146,0.764478380589361
"GOBP_POSITIVE_REGULATION_OF_TRANSCRIPTION_FROM_RNA_POLYMERASE_II_PROMOTER_IN_RESPONSE_TO_OXIDATIVE_STRESS",2,"Down",0.0321383537278534,0.764478380589361
"GOBP_CYTOSKELETON_DEPENDENT_CYTOKINESIS",39,"Up",0.0324838209555844,0.764478380589361
"GOBP_PRESYNAPSE_ORGANIZATION",13,"Down",0.0325970344645882,0.764478380589361
"GOBP_CYTOKINESIS",63,"Up",0.0326860866262705,0.764478380589361
"GOBP_POSITIVE_REGULATION_OF_CYTOSKELETON_ORGANIZATION",72,"Up",0.0326872153370533,0.764478380589361
"GOBP_MEMBRANE_DOCKING",37,"Up",0.0327694437282894,0.764478380589361
"GOBP_REGULATION_OF_PROTEIN_CONTAINING_COMPLEX_ASSEMBLY",153,"Up",0.0329246598418248,0.764478380589361
"GOBP_POSTSYNAPTIC_SPECIALIZATION_ORGANIZATION",6,"Down",0.0329250446552619,0.764478380589361
"GOBP_POSITIVE_REGULATION_OF_FILOPODIUM_ASSEMBLY",10,"Up",0.0334169552567078,0.767245147162616
"GOBP_ALPHA_LINOLENIC_ACID_METABOLIC_PROCESS",3,"Down",0.0334882855570594,0.767245147162616
"GOBP_REGULATION_OF_MICROTUBULE_NUCLEATION",5,"Up",0.0336972899474222,0.767245147162616
"GOBP_NEGATIVE_REGULATION_OF_ORGANELLE_ASSEMBLY",14,"Up",0.0337150097440813,0.767245147162616
"GOBP_REGULATION_OF_LONG_TERM_SYNAPTIC_DEPRESSION",4,"Up",0.0337530378677766,0.767245147162616
"GOBP_NEGATIVE_REGULATION_OF_TYPE_B_PANCREATIC_CELL_APOPTOTIC_PROCESS",2,"Up",0.033805188017003,0.767245147162616
"GOBP_SKELETAL_MUSCLE_CELL_DIFFERENTIATION",8,"Down",0.0339608382294236,0.767245147162616
"GOBP_VESICLE_ORGANIZATION",141,"Up",0.0340250957929472,0.767245147162616
"GOBP_PROTEIN_LOCALIZATION_TO_ENDOSOME",8,"Down",0.0340768369533867,0.767245147162616
"GOBP_REGULATION_OF_SREBP_SIGNALING_PATHWAY",1,"Down",0.0341928081754583,0.767272846541241
"GOBP_CYTOPLASMIC_MICROTUBULE_ORGANIZATION",26,"Up",0.03434788272965,0.768174889007257
"GOBP_NEGATIVE_REGULATION_OF_OXIDATIVE_STRESS_INDUCED_NEURON_DEATH",7,"Up",0.0348174244600537,0.769426835897161
"GOBP_NEGATIVE_T_CELL_SELECTION",1,"Down",0.0351710280509899,0.769426835897161
"GOBP_TEMPERATURE_HOMEOSTASIS",35,"Down",0.0352940666218785,0.769426835897161
"GOBP_BINDING_OF_SPERM_TO_ZONA_PELLUCIDA",10,"Up",0.0357557698618707,0.769426835897161
"GOBP_SPERM_EGG_RECOGNITION",10,"Up",0.0357557698618707,0.769426835897161
"GOBP_ADP_BIOSYNTHETIC_PROCESS",4,"Down",0.03597641263757,0.769426835897161
"GOBP_PURINE_NUCLEOSIDE_DIPHOSPHATE_BIOSYNTHETIC_PROCESS",4,"Down",0.03597641263757,0.769426835897161
"GOBP_POSITIVE_REGULATION_OF_SUPRAMOLECULAR_FIBER_ORGANIZATION",66,"Up",0.0360011469304175,0.769426835897161
"GOBP_CELLULAR_RESPONSE_TO_PEPTIDOGLYCAN",2,"Down",0.0361260319485911,0.769426835897161
"GOBP_NUCLEOTIDE_BINDING_OLIGOMERIZATION_DOMAIN_CONTAINING_2_SIGNALING_PATHWAY",2,"Down",0.0361260319485911,0.769426835897161
"GOBP_RESPONSE_TO_LIPOTEICHOIC_ACID",2,"Down",0.0361260319485911,0.769426835897161
"GOBP_POSITIVE_REGULATION_OF_DOUBLE_STRAND_BREAK_REPAIR_VIA_HOMOLOGOUS_RECOMBINATION",15,"Down",0.0362658739414366,0.769426835897161
"GOBP_REGULATION_OF_TYPE_I_INTERFERON_MEDIATED_SIGNALING_PATHWAY",14,"Up",0.0365958444868818,0.769426835897161
"GOBP_ESTABLISHMENT_OR_MAINTENANCE_OF_CELL_POLARITY",82,"Up",0.036611430292314,0.769426835897161
"GOBP_ENDODERM_FORMATION",7,"Down",0.0366408903387231,0.769426835897161
"GOBP_POST_EMBRYONIC_ANIMAL_ORGAN_MORPHOGENESIS",1,"Down",0.0368627471499613,0.769426835897161
"GOBP_POST_EMBRYONIC_EYE_MORPHOGENESIS",1,"Down",0.0368627471499613,0.769426835897161
"GOBP_COPULATION",1,"Down",0.0370599841973769,0.769426835897161
"GOBP_GAMMA_AMINOBUTYRIC_ACID_METABOLIC_PROCESS",1,"Down",0.0370599841973769,0.769426835897161
"GOBP_POSITIVE_REGULATION_OF_HEAT_GENERATION",1,"Down",0.0370599841973769,0.769426835897161
"GOBP_POSITIVE_REGULATION_OF_UTERINE_SMOOTH_MUSCLE_CONTRACTION",1,"Down",0.0370599841973769,0.769426835897161
"GOBP_REGULATION_OF_HEAT_GENERATION",1,"Down",0.0370599841973769,0.769426835897161
"GOBP_POSITIVE_REGULATION_OF_ORGANELLE_ORGANIZATION",177,"Up",0.0371522128051503,0.769426835897161
"GOBP_NEGATIVE_REGULATION_OF_TYPE_I_INTERFERON_MEDIATED_SIGNALING_PATHWAY",5,"Up",0.0371946099406379,0.769426835897161
"GOBP_GOLGI_ORGANIZATION",69,"Up",0.0373235348710292,0.769426835897161
"GOBP_POSITIVE_REGULATION_OF_HUMORAL_IMMUNE_RESPONSE",2,"Down",0.0375362077887558,0.769426835897161
"GOBP_ACTIVATION_OF_CYSTEINE_TYPE_ENDOPEPTIDASE_ACTIVITY_INVOLVED_IN_APOPTOTIC_PROCESS_BY_CYTOCHROME_C",2,"Down",0.0375466471615386,0.769426835897161
"GOBP_REGULATION_OF_DOUBLE_STRAND_BREAK_REPAIR_VIA_HOMOLOGOUS_RECOMBINATION",18,"Down",0.0376256281349442,0.769426835897161
"GOBP_NEGATIVE_REGULATION_OF_PROTEIN_KINASE_ACTIVITY_BY_REGULATION_OF_PROTEIN_PHOSPHORYLATION",4,"Up",0.0378205786099291,0.771055515745718
"GOBP_ESTABLISHMENT_OF_SPINDLE_ORIENTATION",13,"Up",0.0379727085777512,0.771803958235327
"GOBP_REGULATION_OF_FIBROBLAST_GROWTH_FACTOR_RECEPTOR_SIGNALING_PATHWAY",4,"Down",0.0382307290838991,0.774693592072829
"GOBP_REGULATION_OF_CIRCADIAN_RHYTHM",31,"Up",0.038546750849429,0.776154783587385
"GOBP_PURINERGIC_NUCLEOTIDE_RECEPTOR_SIGNALING_PATHWAY",2,"Down",0.0385990094395392,0.776154783587385
"GOBP_NEGATIVE_REGULATION_OF_OXIDATIVE_STRESS_INDUCED_CELL_DEATH",10,"Up",0.0386510457506504,0.776154783587385
"GOBP_EPIDERMIS_DEVELOPMENT",40,"Down",0.0388531143831838,0.777876574492066
"GOBP_POSITIVE_REGULATION_OF_NEURON_DIFFERENTIATION",13,"Down",0.0391434387879733,0.781349776642321
"GOBP_CELL_DIVISION",168,"Up",0.0395596223176696,0.787307126304334
"GOBP_STRIATED_MUSCLE_ADAPTATION",10,"Up",0.0401054947692735,0.795802503033033
"GOBP_STEROL_METABOLIC_PROCESS",31,"Down",0.0403109872349768,0.797513525562988
"GOBP_REGULATION_OF_HISTONE_H3_K9_METHYLATION",4,"Up",0.0407724047617055,0.804217410464834
"GOBP_TRIGLYCERIDE_BIOSYNTHETIC_PROCESS",7,"Down",0.040890372298197,0.804217410464834
"GOBP_REGULATION_OF_DNA_DEMETHYLATION",4,"Up",0.0412184282199024,0.808292168640726
"GOBP_MICROTUBULE_DEPOLYMERIZATION",21,"Up",0.0421773726111149,0.812722443547439
"GOBP_PHARYNGEAL_SYSTEM_DEVELOPMENT",3,"Down",0.0421789006124204,0.812722443547439
"GOBP_POSITIVE_REGULATION_OF_INTRINSIC_APOPTOTIC_SIGNALING_PATHWAY",16,"Up",0.0426494707281449,0.812722443547439
"GOBP_REGULATION_OF_NUCLEAR_TRANSCRIBED_MRNA_POLY_A_TAIL_SHORTENING",7,"Up",0.042747255815187,0.812722443547439
"GOBP_POSITIVE_REGULATION_OF_CELL_PROJECTION_ORGANIZATION",108,"Up",0.0427572357131438,0.812722443547439
"GOBP_ZYMOGEN_ACTIVATION",8,"Down",0.042763548707961,0.812722443547439
"GOBP_AMYLOID_PRECURSOR_PROTEIN_METABOLIC_PROCESS",22,"Down",0.0429264532186976,0.812722443547439
"GOBP_POSITIVE_REGULATION_OF_EXTRACELLULAR_MATRIX_DISASSEMBLY",3,"Up",0.0431310125070822,0.812722443547439
"GOBP_REGULATION_OF_EXTRACELLULAR_MATRIX_DISASSEMBLY",3,"Up",0.0431310125070822,0.812722443547439
"GOBP_NEGATIVE_REGULATION_OF_NON_CANONICAL_WNT_SIGNALING_PATHWAY",2,"Down",0.0432410997695546,0.812722443547439
"GOBP_ENDOPLASMIC_RETICULUM_TUBULAR_NETWORK_ORGANIZATION",11,"Up",0.0435746251698349,0.812722443547439
"GOBP_GENE_SILENCING_BY_RNA",48,"Up",0.0436654667275944,0.812722443547439
"GOBP_RIBONUCLEOSIDE_DIPHOSPHATE_BIOSYNTHETIC_PROCESS",6,"Down",0.0436868216642579,0.812722443547439
"GOBP_CARDIAC_SEPTUM_MORPHOGENESIS",4,"Down",0.0437603932832228,0.812722443547439
"GOBP_ANTEROGRADE_NEURONAL_DENSE_CORE_VESICLE_TRANSPORT",4,"Up",0.0438517049976081,0.812722443547439
"GOBP_GOLGI_TO_PLASMA_MEMBRANE_PROTEIN_TRANSPORT",25,"Up",0.043917446881211,0.812722443547439
"GOBP_MICROTUBULE_BASED_PROCESS",279,"Up",0.0443933949237052,0.812722443547439
"GOBP_INTERMEDIATE_FILAMENT_BASED_PROCESS",19,"Up",0.044725025945865,0.812722443547439
"GOBP_CRANIAL_SKELETAL_SYSTEM_DEVELOPMENT",11,"Down",0.0449771663070088,0.812722443547439
"GOBP_MONOCYTE_CHEMOTAXIS",4,"Down",0.0451469539243209,0.812722443547439
"GOBP_DNA_TEMPLATED_TRANSCRIPTION_INITIATION",37,"Down",0.0452733991726865,0.812722443547439
"GOBP_REGULATION_OF_CANONICAL_WNT_SIGNALING_PATHWAY",53,"Down",0.0453275312042483,0.812722443547439
"GOBP_DIAPEDESIS",3,"Down",0.0460070007824987,0.812722443547439
"GOBP_T_CELL_EXTRAVASATION",3,"Down",0.0460070007824987,0.812722443547439
"GOBP_CLATHRIN_DEPENDENT_ENDOCYTOSIS",31,"Up",0.0460317836200697,0.812722443547439
"GOBP_NEGATIVE_REGULATION_OF_PRODUCTION_OF_MIRNAS_INVOLVED_IN_GENE_SILENCING_BY_MIRNA",3,"Up",0.0460522228889581,0.812722443547439
"GOBP_HEMATOPOIETIC_STEM_CELL_PROLIFERATION",4,"Up",0.0460549035588244,0.812722443547439
"GOBP_DOUBLE_STRAND_BREAK_REPAIR_VIA_NONHOMOLOGOUS_END_JOINING",18,"Down",0.0461412109929386,0.812722443547439
"GOBP_REGULATION_OF_VIRAL_INDUCED_CYTOPLASMIC_PATTERN_RECOGNITION_RECEPTOR_SIGNALING_PATHWAY",8,"Up",0.0461934474507367,0.812722443547439
"GOBP_REGULATION_OF_MACROAUTOPHAGY",71,"Up",0.0464068764405657,0.812722443547439
"GOBP_POSITIVE_REGULATION_OF_OSSIFICATION",6,"Down",0.0465353659703259,0.812722443547439
"GOBP_CELL_JUNCTION_ORGANIZATION",173,"Up",0.0466280855712821,0.812722443547439
"GOBP_RESPONSE_TO_FIBROBLAST_GROWTH_FACTOR",15,"Down",0.0467059277802952,0.812722443547439
"GOBP_POSITIVE_REGULATION_OF_MICROTUBULE_NUCLEATION",4,"Up",0.0468555899197927,0.812722443547439
"GOBP_AORTA_MORPHOGENESIS",3,"Down",0.0470202991229862,0.812722443547439
"GOBP_MEMBRANE_LIPID_METABOLIC_PROCESS",28,"Down",0.0470304843580787,0.812722443547439
"GOBP_POSITIVE_REGULATION_OF_ERK1_AND_ERK2_CASCADE",32,"Down",0.047181839703782,0.812722443547439
"GOBP_NEGATIVE_REGULATION_OF_RESPONSE_TO_REACTIVE_OXYGEN_SPECIES",3,"Up",0.047271443797705,0.812722443547439
"GOBP_KERATINOCYTE_DIFFERENTIATION",14,"Down",0.0473211832815997,0.812722443547439
"GOBP_ZYMOGEN_INHIBITION",2,"Up",0.0477835304032201,0.812722443547439
"GOBP_STEROID_HORMONE_MEDIATED_SIGNALING_PATHWAY",42,"Up",0.0479739749097584,0.812722443547439
"GOBP_REGULATION_OF_CALCIUM_MEDIATED_SIGNALING",14,"Up",0.0480290525293221,0.812722443547439
"GOBP_NEGATIVE_REGULATION_OF_CELLULAR_RESPONSE_TO_OXIDATIVE_STRESS",2,"Up",0.0480461902936657,0.812722443547439
"GOBP_POSITIVE_REGULATION_OF_CELLULAR_COMPONENT_ORGANIZATION",326,"Up",0.0481511272813266,0.812722443547439
"GOBP_TRICARBOXYLIC_ACID_METABOLIC_PROCESS",7,"Up",0.0481735824707077,0.812722443547439
"GOBP_DESMOSOME_ORGANIZATION",2,"Down",0.0481771718827042,0.812722443547439
"GOBP_DENSE_CORE_GRANULE_TRANSPORT",8,"Up",0.0482806501611342,0.812722443547439
"GOBP_CHAPERONE_MEDIATED_PROTEIN_FOLDING",33,"Up",0.0484289055721007,0.812722443547439
"GOBP_ENDOPLASMIC_RETICULUM_PLASMA_MEMBRANE_TETHERING",3,"Up",0.0485174186167895,0.812722443547439
"GOBP_CORTICAL_ACTIN_CYTOSKELETON_ORGANIZATION",17,"Up",0.0486060155915041,0.812722443547439
"GOBP_MUSCLE_HYPERTROPHY_IN_RESPONSE_TO_STRESS",7,"Up",0.0486125617638703,0.812722443547439
"GOBP_MEMBRANE_RAFT_ORGANIZATION",8,"Down",0.048699231770058,0.812722443547439
"GOBP_COCHLEA_DEVELOPMENT",7,"Down",0.0488497739362265,0.812722443547439
"GOBP_DOLICHYL_DIPHOSPHATE_BIOSYNTHETIC_PROCESS",1,"Down",0.0492354565301577,0.812722443547439
"GOBP_SECONDARY_ALCOHOL_METABOLIC_PROCESS",32,"Down",0.0492416486528002,0.812722443547439
"GOBP_RRNA_MODIFICATION",11,"Down",0.0492971238115887,0.812722443547439
"GOBP_REGULATION_OF_TRANSLATIONAL_INITIATION",46,"Up",0.0493001030615085,0.812722443547439
"GOBP_CHOLINE_METABOLIC_PROCESS",1,"Down",0.0498320142744878,0.812722443547439
"GOBP_ACTIN_FILAMENT_BUNDLE_ORGANIZATION",49,"Up",0.0503535578704736,0.812722443547439
"GOBP_HISTONE_EXCHANGE",4,"Down",0.0504830677230996,0.812722443547439
"GOBP_DEOXYRIBONUCLEOSIDE_TRIPHOSPHATE_BIOSYNTHETIC_PROCESS",2,"Down",0.0505324153342136,0.812722443547439
"GOBP_NOTCH_RECEPTOR_PROCESSING",2,"Down",0.0505782274351414,0.812722443547439
"GOBP_ANGIOGENESIS_INVOLVED_IN_CORONARY_VASCULAR_MORPHOGENESIS",1,"Down",0.0508027488265036,0.812722443547439
"GOBP_CELL_MIGRATION_INVOLVED_IN_KIDNEY_DEVELOPMENT",1,"Down",0.0508027488265036,0.812722443547439
"GOBP_CELL_MIGRATION_INVOLVED_IN_METANEPHROS_DEVELOPMENT",1,"Down",0.0508027488265036,0.812722443547439
"GOBP_COMMA_SHAPED_BODY_MORPHOGENESIS",1,"Down",0.0508027488265036,0.812722443547439
"GOBP_GLOMERULAR_MESANGIAL_CELL_PROLIFERATION",1,"Down",0.0508027488265036,0.812722443547439
"GOBP_GLOMERULAR_MESANGIUM_DEVELOPMENT",1,"Down",0.0508027488265036,0.812722443547439
"GOBP_GLOMERULUS_VASCULATURE_MORPHOGENESIS",1,"Down",0.0508027488265036,0.812722443547439
"GOBP_LUNG_GROWTH",1,"Down",0.0508027488265036,0.812722443547439
"GOBP_METANEPHRIC_GLOMERULAR_MESANGIUM_DEVELOPMENT",1,"Down",0.0508027488265036,0.812722443547439
"GOBP_METANEPHRIC_GLOMERULUS_DEVELOPMENT",1,"Down",0.0508027488265036,0.812722443547439
"GOBP_METANEPHRIC_GLOMERULUS_VASCULATURE_DEVELOPMENT",1,"Down",0.0508027488265036,0.812722443547439
"GOBP_METANEPHRIC_S_SHAPED_BODY_MORPHOGENESIS",1,"Down",0.0508027488265036,0.812722443547439
"GOBP_RENAL_SYSTEM_VASCULATURE_DEVELOPMENT",1,"Down",0.0508027488265036,0.812722443547439
"GOBP_RENAL_SYSTEM_VASCULATURE_MORPHOGENESIS",1,"Down",0.0508027488265036,0.812722443547439
"GOBP_S_SHAPED_BODY_MORPHOGENESIS",1,"Down",0.0508027488265036,0.812722443547439
"GOBP_PHOSPHOLIPID_HOMEOSTASIS",2,"Down",0.051141934267957,0.816195977207228
"GOBP_RESPONSE_TO_STEROID_HORMONE",69,"Up",0.0513149380863912,0.817007121389757
"GOBP_NEGATIVE_REGULATION_OF_ION_TRANSMEMBRANE_TRANSPORTER_ACTIVITY",17,"Up",0.0514861970747994,0.817786697955305
"GOBP_MUSCLE_HYPERTROPHY",26,"Up",0.0516213070640824,0.817989763832984
"GOBP_POSTSYNAPTIC_ACTIN_CYTOSKELETON_ORGANIZATION",6,"Up",0.0522762963387833,0.822369848830035
"GOBP_CELLULAR_COMPONENT_MORPHOGENESIS",229,"Up",0.0523288140415313,0.822369848830035
"GOBP_WATER_HOMEOSTASIS",6,"Up",0.0523852090169197,0.822369848830035
"GOBP_POSITIVE_REGULATION_OF_PODOSOME_ASSEMBLY",3,"Up",0.0526456642980674,0.822369848830035
"GOBP_REGULATION_OF_PODOSOME_ASSEMBLY",3,"Up",0.0526456642980674,0.822369848830035
"GOBP_SYNAPTIC_VESICLE_ENDOSOMAL_PROCESSING",7,"Up",0.0526535349567769,0.822369848830035
"GOBP_ANTEROGRADE_DENDRITIC_TRANSPORT",6,"Up",0.0527585860846546,0.822369848830035
"GOBP_POSITIVE_REGULATION_OF_CELLULAR_COMPONENT_BIOGENESIS",172,"Up",0.0529385359277782,0.823255790114076
"GOBP_UBIQUITIN_DEPENDENT_PROTEIN_CATABOLIC_PROCESS_VIA_THE_MULTIVESICULAR_BODY_SORTING_PATHWAY",24,"Up",0.0532184122293634,0.825687987419381
"GOBP_NEGATIVE_REGULATION_OF_ENDOPLASMIC_RETICULUM_STRESS_INDUCED_INTRINSIC_APOPTOTIC_SIGNALING_PATHWAY",4,"Up",0.0537168116177399,0.831491479832932
"GOBP_REGULATION_OF_GENE_SILENCING_BY_RNA",21,"Up",0.0538745965327721,0.83200791458348
"GOBP_NEGATIVE_REGULATION_OF_PROTEIN_POLYMERIZATION",39,"Up",0.054272087002109,0.836215312864293
"GOBP_BIOMINERALIZATION",15,"Down",0.0543982058140113,0.836231729375387
"GOBP_V_D_J_RECOMBINATION",3,"Down",0.0545381406663629,0.836459969348553
"GOBP_PHOSPHOLIPID_EFFLUX",2,"Down",0.0548671547272825,0.836683986071811
"GOBP_SIGNALING_RECEPTOR_LIGAND_PRECURSOR_PROCESSING",4,"Down",0.0548826925634863,0.836683986071811
"GOBP_POSTSYNAPSE_TO_NUCLEUS_SIGNALING_PATHWAY",4,"Down",0.0549281097480971,0.836683986071811
"GOBP_MRNA_CATABOLIC_PROCESS",108,"Up",0.055208148901624,0.839038390239
"GOBP_VASCULAR_ASSOCIATED_SMOOTH_MUSCLE_CELL_MIGRATION",5,"Up",0.0553449488490837,0.839210142752432
"GOBP_RIBONUCLEOPROTEIN_COMPLEX_DISASSEMBLY",4,"Up",0.0559569195934053,0.846569957740047
"GOBP_PEPTIDYL_GLUTAMINE_METHYLATION",4,"Down",0.0560887197782929,0.846648463109355
"GOBP_REGULATION_OF_CELLULAR_COMPONENT_BIOGENESIS",329,"Up",0.0565967451096646,0.85239287060434
"GOBP_TRANSLATIONAL_INITIATION",70,"Up",0.0569822727247623,0.853158574364073
"GOBP_NEGATIVE_REGULATION_OF_RNA_CATABOLIC_PROCESS",27,"Up",0.0570120788196069,0.853158574364073
"GOBP_POSITIVE_REGULATION_OF_DOUBLE_STRAND_BREAK_REPAIR",18,"Down",0.0570303398744939,0.853158574364073
"GOBP_CELL_PART_MORPHOGENESIS",205,"Up",0.05739766065414,0.856736957129987
"GOBP_FOCAL_ADHESION_ASSEMBLY",28,"Up",0.0579234647310859,0.858183163299222
"GOBP_MICROTUBULE_POLYMERIZATION_OR_DEPOLYMERIZATION",58,"Up",0.0579238393481914,0.858183163299222
"GOBP_ACTIN_FILAMENT_ORGANIZATION",150,"Up",0.0581372262148889,0.858183163299222
"GOBP_INTRACELLULAR_DISTRIBUTION_OF_MITOCHONDRIA",3,"Up",0.0582442633075897,0.858183163299222
"GOBP_CANONICAL_WNT_SIGNALING_PATHWAY",56,"Down",0.0584412594190808,0.858183163299222
"GOBP_EMBRYONIC_CAMERA_TYPE_EYE_MORPHOGENESIS",2,"Down",0.0585096161187604,0.858183163299222
"GOBP_POSITIVE_REGULATION_OF_HISTONE_H3_K9_METHYLATION",2,"Up",0.0585176338446298,0.858183163299222
"GOBP_CELLULAR_RESPONSE_TO_NITROGEN_STARVATION",3,"Down",0.0585982227283092,0.858183163299222
"GOBP_REGULATION_OF_WNT_SIGNALING_PATHWAY",63,"Down",0.0586789678309567,0.858183163299222
"GOBP_ORGANISM_EMERGENCE_FROM_PROTECTIVE_STRUCTURE",5,"Down",0.0588038650269107,0.858183163299222
"GOBP_IMP_SALVAGE",2,"Up",0.0590765083187033,0.858183163299222
"GOBP_REGULATION_OF_DENDRITIC_SPINE_MORPHOGENESIS",23,"Up",0.0591961673739173,0.858183163299222
"GOBP_RESPONSE_TO_INTERLEUKIN_2",2,"Down",0.0592289816424567,0.858183163299222
"GOBP_INTERLEUKIN_12_PRODUCTION",8,"Down",0.059291254889224,0.858183163299222
"GOBP_PEPTIDYL_PROLINE_HYDROXYLATION",2,"Down",0.0595284331055795,0.859755145090734
"GOBP_ACTIN_FILAMENT_NETWORK_FORMATION",9,"Up",0.0596769232442728,0.860042210634596
"GOBP_REGULATION_OF_DENDRITIC_SPINE_DEVELOPMENT",27,"Up",0.0601564166057902,0.865088081382621
"GOBP_MORPHOGENESIS_OF_AN_ENDOTHELIUM",4,"Down",0.0604232920469415,0.866919430478364
"GOBP_REGULATION_OF_MUSCLE_CELL_DIFFERENTIATION",21,"Down",0.0605430498031099,0.866919430478364
"GOBP_CHOLESTEROL_STORAGE",3,"Down",0.06099156154268,0.871475581273293
"GOBP_REGULATION_OF_GASTRULATION",4,"Up",0.0611803099921845,0.871817249048793
"GOBP_DEOXYRIBONUCLEOSIDE_DIPHOSPHATE_METABOLIC_PROCESS",2,"Down",0.061627695147741,0.871817249048793
"GOBP_CALCIUM_MEDIATED_SIGNALING_USING_INTRACELLULAR_CALCIUM_SOURCE",3,"Up",0.061651631405055,0.871817249048793
"GOBP_RNA_CATABOLIC_PROCESS",119,"Up",0.0616692067635725,0.871817249048793
"GOBP_VESICLE_LOCALIZATION",94,"Up",0.0618639838235739,0.871817249048793
"GOBP_REGULATION_OF_ANTIGEN_RECEPTOR_MEDIATED_SIGNALING_PATHWAY",12,"Down",0.0619136908106729,0.871817249048793
"GOBP_REGULATION_OF_APOPTOTIC_CELL_CLEARANCE",2,"Down",0.0619434643336794,0.871817249048793
"GOBP_PROTEIN_LOCALIZATION_TO_LYSOSOME",15,"Up",0.0627367800934716,0.871817249048793
"GOBP_LIPID_TRANSLOCATION",13,"Down",0.0628109916083464,0.871817249048793
"GOBP_REGULATION_OF_MEMBRANE_LIPID_DISTRIBUTION",13,"Down",0.0628109916083464,0.871817249048793
"GOBP_NEGATIVE_REGULATION_OF_FIBROBLAST_PROLIFERATION",8,"Down",0.0628318184769274,0.871817249048793
"GOBP_CARBOHYDRATE_DERIVATIVE_METABOLIC_PROCESS",195,"Down",0.062890142170793,0.871817249048793
"GOBP_REGULATION_OF_CELL_MATRIX_ADHESION",30,"Up",0.0629383965316985,0.871817249048793
"GOBP_MITOTIC_SPINDLE_ASSEMBLY",28,"Up",0.0630185725019395,0.871817249048793
"GOBP_REGULATION_OF_OSTEOBLAST_DIFFERENTIATION",8,"Down",0.0632034719614007,0.871817249048793
"GOBP_REGULATION_OF_ACTIN_FILAMENT_BASED_PROCESS",116,"Up",0.0632975672285042,0.871817249048793
"GOBP_HEMATOPOIETIC_STEM_CELL_HOMEOSTASIS",4,"Up",0.0634759583733284,0.871817249048793
"GOBP_LOCOMOTION_INVOLVED_IN_LOCOMOTORY_BEHAVIOR",3,"Down",0.0635667285231661,0.871817249048793
"GOBP_DNA_TOPOLOGICAL_CHANGE",5,"Down",0.0637537595918309,0.871817249048793
"GOBP_NEGATIVE_REGULATION_OF_ERYTHROCYTE_DIFFERENTIATION",2,"Down",0.0638826561813955,0.871817249048793
"GOBP_INSULIN_METABOLIC_PROCESS",4,"Down",0.0638881935725956,0.871817249048793
"GOBP_RNA_PHOSPHODIESTER_BOND_HYDROLYSIS_ENDONUCLEOLYTIC",18,"Down",0.0639674107520788,0.871817249048793
"GOBP_NEGATIVE_REGULATION_OF_MRNA_CATABOLIC_PROCESS",24,"Up",0.0640393786182272,0.871817249048793
"GOBP_CELL_CELL_JUNCTION_ASSEMBLY",21,"Up",0.0641444723391664,0.871817249048793
"GOBP_NEGATIVE_REGULATION_OF_REACTIVE_OXYGEN_SPECIES_BIOSYNTHETIC_PROCESS",3,"Up",0.0644710861592594,0.87356367344687
"GOBP_CARBOHYDRATE_DERIVATIVE_BIOSYNTHETIC_PROCESS",117,"Down",0.0645705413952985,0.87356367344687
"GOBP_ACTIN_FILAMENT_BASED_PROCESS",255,"Up",0.0647568606355472,0.87356367344687
"GOBP_VACUOLAR_LOCALIZATION",33,"Up",0.0647955109959096,0.87356367344687
"GOBP_DEOXYRIBONUCLEOSIDE_METABOLIC_PROCESS",2,"Down",0.0649487348411129,0.873867585276704
"GOBP_REGULATION_OF_GOLGI_ORGANIZATION",12,"Up",0.0651716081095684,0.874228740926704
"GOBP_GOLGI_VESICLE_TRANSPORT",159,"Up",0.0652710977316354,0.874228740926704
"GOBP_EMBRYONIC_SKELETAL_SYSTEM_MORPHOGENESIS",10,"Down",0.0655563675773163,0.874228740926704
"GOBP_REGULATION_OF_CILIUM_ASSEMBLY",29,"Up",0.0658851362087921,0.874228740926704
"GOBP_PARATHYROID_GLAND_DEVELOPMENT",1,"Down",0.0659646415545725,0.874228740926704
"GOBP_POSITIVE_REGULATION_OF_GLIAL_CELL_MIGRATION",1,"Down",0.0659646415545725,0.874228740926704
"GOBP_POSITIVE_REGULATION_OF_INTERLEUKIN_12_PRODUCTION",5,"Down",0.0661263534161829,0.874228740926704
"GOBP_SUCKLING_BEHAVIOR",4,"Down",0.0661843957545329,0.874228740926704
"GOBP_NEGATIVE_REGULATION_OF_BLOOD_PRESSURE",6,"Down",0.0667115383376047,0.874228740926704
"GOBP_LUNG_ALVEOLUS_DEVELOPMENT",8,"Down",0.0668213185055973,0.874228740926704
"GOBP_EMBRYONIC_SKELETAL_SYSTEM_DEVELOPMENT",11,"Down",0.0672650278816082,0.874228740926704
"GOBP_REGULATION_OF_CYTOPLASMIC_TRANSPORT",18,"Up",0.0672761986471515,0.874228740926704
"GOBP_RIBOSOMAL_SMALL_SUBUNIT_ASSEMBLY",7,"Down",0.0673048332132104,0.874228740926704
"GOBP_MICROTUBULE_CYTOSKELETON_ORGANIZATION_INVOLVED_IN_MITOSIS",61,"Up",0.0673574678315504,0.874228740926704
"GOBP_POSITIVE_REGULATION_OF_DENDRITIC_SPINE_MORPHOGENESIS",11,"Up",0.0677029343717429,0.874228740926704
"GOBP_POSITIVE_REGULATION_OF_CILIUM_ASSEMBLY",8,"Up",0.067849490236161,0.874228740926704
"GOBP_LOCOMOTORY_EXPLORATION_BEHAVIOR",3,"Up",0.068613583619716,0.874228740926704
"GOBP_SECRETION",238,"Up",0.0686633852554265,0.874228740926704
"GOBP_NEGATIVE_REGULATION_OF_PROTEIN_CONTAINING_COMPLEX_DISASSEMBLY",36,"Up",0.068760217235738,0.874228740926704
"GOBP_POSITIVE_REGULATION_OF_DNA_DEMETHYLATION",3,"Up",0.0687829658254384,0.874228740926704
"GOBP_PEPTIDE_CROSS_LINKING",2,"Down",0.0691500942882359,0.874228740926704
"GOBP_EXTERNAL_ENCAPSULATING_STRUCTURE_ORGANIZATION",19,"Up",0.0692731076478786,0.874228740926704
"GOBP_PORE_COMPLEX_ASSEMBLY",11,"Up",0.0693393327364042,0.874228740926704
"GOBP_BASEMENT_MEMBRANE_ASSEMBLY",2,"Up",0.0693801779004615,0.874228740926704
"GOBP_POSITIVE_REGULATION_OF_BASEMENT_MEMBRANE_ASSEMBLY_INVOLVED_IN_EMBRYONIC_BODY_MORPHOGENESIS",2,"Up",0.0693801779004615,0.874228740926704
"GOBP_ENDODERM_DEVELOPMENT",10,"Down",0.069521922838021,0.874228740926704
"GOBP_REGULATION_OF_CENTROSOME_CYCLE",19,"Up",0.0699688656159464,0.874228740926704
"GOBP_POSITIVE_REGULATION_OF_DENDRITIC_SPINE_DEVELOPMENT",16,"Up",0.0700240068751578,0.874228740926704
"GOBP_COCHLEA_MORPHOGENESIS",2,"Down",0.0702423370782758,0.874228740926704
"GOBP_MYELOID_PROGENITOR_CELL_DIFFERENTIATION",1,"Down",0.0702941932214725,0.874228740926704
"GOBP_CYTOPLASMIC_PATTERN_RECOGNITION_RECEPTOR_SIGNALING_PATHWAY_IN_RESPONSE_TO_VIRUS",13,"Up",0.0702973918310046,0.874228740926704
"GOBP_MACROPHAGE_CYTOKINE_PRODUCTION",2,"Down",0.0704286631010573,0.874228740926704
"GOBP_NEGATIVE_REGULATION_OF_CYTOKINE_PRODUCTION_INVOLVED_IN_IMMUNE_RESPONSE",2,"Down",0.0704286631010573,0.874228740926704
"GOBP_NEGATIVE_REGULATION_OF_MACROPHAGE_CYTOKINE_PRODUCTION",2,"Down",0.0704286631010573,0.874228740926704
"GOBP_NEGATIVE_REGULATION_OF_PRODUCTION_OF_MOLECULAR_MEDIATOR_OF_IMMUNE_RESPONSE",2,"Down",0.0704286631010573,0.874228740926704
"GOBP_REGULATION_OF_WNT_SIGNALING_PATHWAY_PLANAR_CELL_POLARITY_PATHWAY",1,"Down",0.0706504347497459,0.874228740926704
"GOBP_NCRNA_PROCESSING",116,"Down",0.0706729406625402,0.874228740926704
"GOBP_NEGATIVE_REGULATION_OF_ENDOTHELIAL_CELL_PROLIFERATION",7,"Down",0.0707522649630245,0.874228740926704
"GOBP_POSITIVE_REGULATION_OF_POTASSIUM_ION_IMPORT_ACROSS_PLASMA_MEMBRANE",3,"Down",0.0708741089626917,0.874228740926704
"GOBP_REGULATION_OF_POTASSIUM_ION_IMPORT",3,"Down",0.0708741089626917,0.874228740926704
"GOBP_ESTROUS_CYCLE",2,"Up",0.0711484999070112,0.874228740926704
"GOBP_POSTSYNAPTIC_SIGNAL_TRANSDUCTION",10,"Down",0.0711820354336262,0.874228740926704
"GOBP_SODIUM_INDEPENDENT_ORGANIC_ANION_TRANSPORT",1,"Down",0.0712249191390184,0.874228740926704
"GOBP_PATTERN_SPECIFICATION_PROCESS",42,"Down",0.0714523292514557,0.874228740926704
"GOBP_HISTONE_H3_K9_TRIMETHYLATION",3,"Up",0.0715637752497732,0.874228740926704
"GOBP_REGULATION_OF_HISTONE_H3_K9_TRIMETHYLATION",3,"Up",0.0715637752497732,0.874228740926704
"GOBP_NUCLEOSIDE_BISPHOSPHATE_CATABOLIC_PROCESS",3,"Down",0.0717402421535878,0.874228740926704
"GOBP_CHEMOKINE_C_X_C_MOTIF_LIGAND_2_PRODUCTION",1,"Down",0.0719297414955638,0.874228740926704
"GOBP_NEGATIVE_REGULATION_OF_INTERFERON_GAMMA_PRODUCTION",1,"Down",0.0719297414955638,0.874228740926704
"GOBP_NEUTROPHIL_CLEARANCE",1,"Down",0.0719297414955638,0.874228740926704
"GOBP_POSITIVE_REGULATION_OF_CHEMOKINE_C_X_C_MOTIF_LIGAND_2_PRODUCTION",1,"Down",0.0719297414955638,0.874228740926704
"GOBP_POSITIVE_REGULATION_OF_DENDRITIC_CELL_DIFFERENTIATION",1,"Down",0.0719297414955638,0.874228740926704
"GOBP_REGULATION_OF_DENDRITIC_CELL_DIFFERENTIATION",1,"Down",0.0719297414955638,0.874228740926704
"GOBP_ADENYLATE_CYCLASE_INHIBITING_G_PROTEIN_COUPLED_RECEPTOR_SIGNALING_PATHWAY",10,"Down",0.072035297779365,0.874228740926704
"GOBP_ESTABLISHMENT_OF_MITOTIC_SPINDLE_LOCALIZATION",14,"Up",0.0728051729377116,0.877998853153008
"GOBP_POSITIVE_REGULATION_OF_DNA_DEPENDENT_DNA_REPLICATION",2,"Down",0.0730167603891928,0.877998853153008
"GOBP_POSITIVE_REGULATION_OF_NUCLEAR_CELL_CYCLE_DNA_REPLICATION",2,"Down",0.0730167603891928,0.877998853153008
"GOBP_REGULATION_OF_NUCLEAR_CELL_CYCLE_DNA_REPLICATION",2,"Down",0.0730167603891928,0.877998853153008
"GOBP_CENTROSOME_DUPLICATION",24,"Up",0.0730547876695488,0.877998853153008
"GOBP_RESPONSE_TO_INTERLEUKIN_6",6,"Down",0.0731642864434023,0.877998853153008
"GOBP_NEGATIVE_REGULATION_OF_AUTOPHAGOSOME_ASSEMBLY",6,"Up",0.0732650456197665,0.877998853153008
"GOBP_NEGATIVE_REGULATION_OF_PROTEIN_SUMOYLATION",4,"Down",0.0735191138353598,0.878117917649053
"GOBP_POSITIVE_REGULATION_OF_PLASMA_MEMBRANE_BOUNDED_CELL_PROJECTION_ASSEMBLY",38,"Up",0.0735867284909756,0.878117917649053
"GOBP_ORGANELLE_TRANSPORT_ALONG_MICROTUBULE",48,"Up",0.0739998278464698,0.878117917649053
"GOBP_NEGATIVE_REGULATION_OF_MACROAUTOPHAGY",15,"Up",0.0742187062651747,0.878117917649053
"GOBP_TRIGLYCERIDE_METABOLIC_PROCESS",11,"Down",0.0742188978192727,0.878117917649053
"GOBP_POSITIVE_REGULATION_OF_VASCULAR_ASSOCIATED_SMOOTH_MUSCLE_CELL_MIGRATION",3,"Up",0.0742559120445574,0.878117917649053
"GOBP_RRNA_METHYLATION",6,"Down",0.07439472368964,0.878117917649053
"GOBP_CHLORIDE_TRANSMEMBRANE_TRANSPORT",6,"Down",0.074790751405514,0.878117917649053
"GOBP_PROTEIN_LOCALIZATION_TO_CELL_PERIPHERY",128,"Up",0.0753541165701615,0.878117917649053
"GOBP_OXIDATIVE_PHOSPHORYLATION",32,"Down",0.0753936329690251,0.878117917649053
"GOBP_NEGATIVE_REGULATION_OF_SODIUM_ION_TRANSMEMBRANE_TRANSPORT",6,"Up",0.0755549913884252,0.878117917649053
"GOBP_NEGATIVE_REGULATION_OF_SIGNALING_RECEPTOR_ACTIVITY",9,"Down",0.0757124104909884,0.878117917649053
"GOBP_POSITIVE_REGULATION_OF_AXON_EXTENSION",17,"Up",0.0758850573721669,0.878117917649053
"GOBP_CARBOHYDRATE_DERIVATIVE_TRANSPORT",14,"Down",0.0759323255389528,0.878117917649053
"GOBP_REGULATION_OF_RIG_I_SIGNALING_PATHWAY",7,"Up",0.0760515704918598,0.878117917649053
"GOBP_MATURATION_OF_LSU_RRNA_FROM_TRICISTRONIC_RRNA_TRANSCRIPT_SSU_RRNA_5_8S_RRNA_LSU_RRNA",8,"Down",0.0761159573517243,0.878117917649053
"GOBP_CENTRAL_NERVOUS_SYSTEM_MATURATION",2,"Up",0.0762532720048722,0.878117917649053
"GOBP_HINDBRAIN_MATURATION",2,"Up",0.0762532720048722,0.878117917649053
"GOBP_CALCINEURIN_MEDIATED_SIGNALING",12,"Up",0.0762594865316208,0.878117917649053
"GOBP_INOSITOL_PHOSPHATE_MEDIATED_SIGNALING",12,"Up",0.0762594865316208,0.878117917649053
"GOBP_NEURAL_PLATE_PATTERN_SPECIFICATION",1,"Down",0.0770246273866709,0.878117917649053
"GOBP_NEURAL_PLATE_REGIONALIZATION",1,"Down",0.0770246273866709,0.878117917649053
"GOBP_CELLULAR_RESPONSE_TO_COPPER_ION",7,"Down",0.0775151803786473,0.878117917649053
"GOBP_PROTEIN_POLYMERIZATION",122,"Up",0.0779493708384571,0.878117917649053
"GOBP_CELL_MORPHOGENESIS_INVOLVED_IN_NEURON_DIFFERENTIATION",161,"Up",0.0783821522866538,0.878117917649053
"GOBP_NEGATIVE_REGULATION_OF_CARDIAC_MUSCLE_ADAPTATION",2,"Up",0.0784315074110793,0.878117917649053
"GOBP_NEGATIVE_REGULATION_OF_MUSCLE_ADAPTATION",2,"Up",0.0784315074110793,0.878117917649053
"GOBP_REGULATION_OF_GTP_BINDING",6,"Up",0.0784668987379456,0.878117917649053
"GOBP_ESTABLISHMENT_OR_MAINTENANCE_OF_BIPOLAR_CELL_POLARITY",15,"Up",0.0789622534284675,0.878117917649053
"GOBP_ACTIVATION_OF_NF_KAPPAB_INDUCING_KINASE_ACTIVITY",2,"Down",0.0796825048201622,0.878117917649053
"GOBP_POSITIVE_REGULATION_OF_ERBB_SIGNALING_PATHWAY",8,"Up",0.0798313388482801,0.878117917649053
"GOBP_CELL_CELL_SIGNALING_BY_WNT",89,"Down",0.0799231694802861,0.878117917649053
"GOBP_POSITIVE_REGULATION_OF_VACUOLE_ORGANIZATION",13,"Up",0.079953688904865,0.878117917649053
"GOBP_BASIC_AMINO_ACID_TRANSPORT",1,"Down",0.0799730478559433,0.878117917649053
"GOBP_DEPHOSPHORYLATION_OF_RNA_POLYMERASE_II_C_TERMINAL_DOMAIN",2,"Down",0.0799959842076137,0.878117917649053
"GOBP_ALKANESULFONATE_METABOLIC_PROCESS",1,"Down",0.0807832889081117,0.878117917649053
"GOBP_GAMMA_DELTA_T_CELL_ACTIVATION",1,"Down",0.0807832889081117,0.878117917649053
"GOBP_GAMMA_DELTA_T_CELL_DIFFERENTIATION",1,"Down",0.0807832889081117,0.878117917649053
"GOBP_MUCOSA_ASSOCIATED_LYMPHOID_TISSUE_DEVELOPMENT",1,"Down",0.0807832889081117,0.878117917649053
"GOBP_NATURAL_KILLER_CELL_PROLIFERATION",1,"Down",0.0807832889081117,0.878117917649053
"GOBP_POSITIVE_REGULATION_OF_B_CELL_DIFFERENTIATION",1,"Down",0.0807832889081117,0.878117917649053
"GOBP_POSITIVE_REGULATION_OF_GAMMA_DELTA_T_CELL_ACTIVATION",1,"Down",0.0807832889081117,0.878117917649053
"GOBP_POSITIVE_REGULATION_OF_GAMMA_DELTA_T_CELL_DIFFERENTIATION",1,"Down",0.0807832889081117,0.878117917649053
"GOBP_POSITIVE_REGULATION_OF_NATURAL_KILLER_CELL_PROLIFERATION",1,"Down",0.0807832889081117,0.878117917649053
"GOBP_REGULATION_OF_B_CELL_DIFFERENTIATION",1,"Down",0.0807832889081117,0.878117917649053
"GOBP_REGULATION_OF_GAMMA_DELTA_T_CELL_ACTIVATION",1,"Down",0.0807832889081117,0.878117917649053
"GOBP_REGULATION_OF_GAMMA_DELTA_T_CELL_DIFFERENTIATION",1,"Down",0.0807832889081117,0.878117917649053
"GOBP_NEGATIVE_REGULATION_OF_CENTROSOME_DUPLICATION",4,"Up",0.0807851328662349,0.878117917649053
"GOBP_REGULATION_OF_CARDIAC_MUSCLE_CONTRACTION_BY_REGULATION_OF_THE_RELEASE_OF_SEQUESTERED_CALCIUM_ION",5,"Up",0.080911500790462,0.878117917649053
"GOBP_VESICLE_DOCKING_INVOLVED_IN_EXOCYTOSIS",16,"Up",0.0809848211775484,0.878117917649053
"GOBP_MAINTENANCE_OF_CELL_POLARITY",10,"Up",0.0809892848686934,0.878117917649053
"GOBP_VOLUNTARY_MUSCULOSKELETAL_MOVEMENT",5,"Down",0.0810996885443954,0.878117917649053
"GOBP_POSITIVE_REGULATION_OF_SEQUESTERING_OF_CALCIUM_ION",2,"Up",0.0811643141361683,0.878117917649053
"GOBP_REGULATION_OF_LIPID_METABOLIC_PROCESS",74,"Down",0.0813211950881628,0.878117917649053
"GOBP_CELL_CELL_JUNCTION_ORGANIZATION",35,"Up",0.0815424962761126,0.878117917649053
"GOBP_ENDOTHELIAL_CELL_PROLIFERATION",17,"Down",0.0817018139231427,0.878117917649053
"GOBP_RETROGRADE_TRANSPORT_VESICLE_RECYCLING_WITHIN_GOLGI",8,"Up",0.0817821878317546,0.878117917649053
"GOBP_POSITIVE_REGULATION_OF_CLATHRIN_DEPENDENT_ENDOCYTOSIS",3,"Up",0.081827205831611,0.878117917649053
"GOBP_CHONDROCYTE_DIFFERENTIATION",11,"Down",0.0818470067401787,0.878117917649053
"GOBP_PYRIMIDINE_NUCLEOSIDE_DIPHOSPHATE_BIOSYNTHETIC_PROCESS",3,"Down",0.0819268401723196,0.878117917649053
"GOBP_POSITIVE_REGULATION_OF_LAMELLIPODIUM_MORPHOGENESIS",3,"Up",0.082050611207456,0.878117917649053
"GOBP_POSITIVE_REGULATION_OF_AMYLOID_BETA_CLEARANCE",2,"Down",0.0821376534246399,0.878117917649053
"GOBP_POSITIVE_REGULATION_OF_FIBROBLAST_MIGRATION",7,"Up",0.0823288818319997,0.878117917649053
"GOBP_REGULATION_OF_ACTIN_FILAMENT_ORGANIZATION",95,"Up",0.0823905853712803,0.878117917649053
"GOBP_SPHINGOLIPID_METABOLIC_PROCESS",23,"Down",0.0826397535081017,0.878117917649053
"GOBP_EXPORT_FROM_CELL",230,"Up",0.0830759721731132,0.878117917649053
"GOBP_SYNAPTIC_TRANSMISSION_CHOLINERGIC",1,"Down",0.0831888363118099,0.878117917649053
"GOBP_POSTSYNAPSE_ORGANIZATION",53,"Up",0.0832680715531013,0.878117917649053
"GOBP_LYSOSOMAL_TRANSPORT",64,"Up",0.0833250866944744,0.878117917649053
"GOBP_REGULATION_OF_TISSUE_REMODELING",10,"Up",0.0834068826777811,0.878117917649053
"GOBP_PIRNA_METABOLIC_PROCESS",2,"Up",0.0834362643002728,0.878117917649053
"GOBP_TUBULIN_DEACETYLATION",8,"Up",0.0834473253062142,0.878117917649053
"GOBP_REGULATION_OF_DNA_TEMPLATED_TRANSCRIPTION_INITIATION",17,"Down",0.0835419474373123,0.878117917649053
"GOBP_REGULATION_OF_PROTEIN_DEPOLYMERIZATION",39,"Up",0.0836316355552585,0.878117917649053
"GOBP_LEARNING",41,"Up",0.0837071775298732,0.878117917649053
"GOBP_RNA_STABILIZATION",25,"Up",0.0837935659019355,0.878117917649053
"GOBP_RESPONSE_TO_NITRIC_OXIDE",7,"Down",0.0839369762880644,0.878117917649053
"GOBP_REGULATION_OF_MUSCLE_SYSTEM_PROCESS",55,"Up",0.0843314690120329,0.878117917649053
"GOBP_B_1_B_CELL_DIFFERENTIATION",1,"Down",0.0845592395872748,0.878117917649053
"GOBP_B_CELL_PROLIFERATION_INVOLVED_IN_IMMUNE_RESPONSE",1,"Down",0.0845592395872748,0.878117917649053
"GOBP_NEGATIVE_REGULATION_OF_B_CELL_RECEPTOR_SIGNALING_PATHWAY",1,"Down",0.0845592395872748,0.878117917649053
"GOBP_MRNA_METHYLATION",5,"Down",0.0846978987822606,0.878117917649053
"GOBP_REGULATION_OF_MITOTIC_NUCLEAR_DIVISION",21,"Down",0.0848404479830012,0.878117917649053
"GOBP_POSITIVE_REGULATION_OF_TRIGLYCERIDE_BIOSYNTHETIC_PROCESS",1,"Down",0.0848522176288015,0.878117917649053
"GOBP_POSITIVE_REGULATION_OF_TRIGLYCERIDE_METABOLIC_PROCESS",1,"Down",0.0848522176288015,0.878117917649053
"GOBP_POSITIVE_REGULATION_OF_LIPID_BIOSYNTHETIC_PROCESS",17,"Down",0.0848734149377148,0.878117917649053
"GOBP_MATING_BEHAVIOR",5,"Down",0.0851602623514746,0.878117917649053
"GOBP_MALE_MEIOSIS_I",1,"Down",0.0852014537774621,0.878117917649053
"GOBP_SYNAPTONEMAL_COMPLEX_ORGANIZATION",1,"Down",0.0852014537774621,0.878117917649053
"GOBP_NEGATIVE_REGULATION_OF_HYDROGEN_PEROXIDE_MEDIATED_PROGRAMMED_CELL_DEATH",2,"Up",0.085301696607118,0.878117917649053
"GOBP_VENTRICULAR_CARDIAC_MUSCLE_CELL_ACTION_POTENTIAL",5,"Up",0.0854384139495874,0.878117917649053
"GOBP_BONE_MINERALIZATION",8,"Down",0.0854585558461287,0.878117917649053
"GOBP_CORTICAL_CYTOSKELETON_ORGANIZATION",20,"Up",0.0856794844892097,0.878117917649053
"GOBP_TRANSCRIPTION_BY_RNA_POLYMERASE_III",19,"Down",0.0856873047212718,0.878117917649053
"GOBP_CAVEOLA_ASSEMBLY",2,"Down",0.0857501121915406,0.878117917649053
"GOBP_ANTERIOR_POSTERIOR_PATTERN_SPECIFICATION",19,"Down",0.0862559781960737,0.880629412777524
"GOBP_PLASMA_MEMBRANE_RAFT_ORGANIZATION",4,"Down",0.0863603672680959,0.880629412777524
"GOBP_NEGATIVE_REGULATION_OF_MEMBRANE_POTENTIAL",5,"Up",0.0864438210257521,0.880629412777524
"GOBP_CELL_SURFACE_RECEPTOR_SIGNALING_PATHWAY_INVOLVED_IN_CELL_CELL_SIGNALING",105,"Down",0.0866102361448244,0.880629412777524
"GOBP_PROTEIN_DNA_COMPLEX_SUBUNIT_ORGANIZATION",49,"Down",0.0868301923985922,0.880629412777524
"GOBP_MYELOID_LEUKOCYTE_MIGRATION",26,"Down",0.0869077832892161,0.880629412777524
"GOBP_RESPONSE_TO_GLYCOSIDE",2,"Up",0.086973281055836,0.880629412777524
"GOBP_RNA_METHYLATION",21,"Down",0.0870489071102054,0.880629412777524
"GOBP_POSITIVE_REGULATION_OF_PROTEIN_KINASE_B_SIGNALING",16,"Up",0.0879504885656805,0.8884062190917
"GOBP_NEGATIVE_REGULATION_OF_ENDOTHELIAL_CELL_DIFFERENTIATION",2,"Down",0.0882952793664496,0.890543790533105
"GOBP_ENDODERMAL_CELL_DIFFERENTIATION",6,"Down",0.088615392341899,0.891156701292519
"GOBP_MRNA_SPLICE_SITE_SELECTION",21,"Down",0.0886225820785891,0.891156701292519
"GOBP_PROTEIN_K48_LINKED_DEUBIQUITINATION",18,"Up",0.0888554385028588,0.892156632535461
"GOBP_REGULATION_OF_DNA_RECOMBINATION",26,"Down",0.0891478019068891,0.892372899964546
"GOBP_REPLACEMENT_OSSIFICATION",2,"Down",0.0893024494362358,0.892372899964546
"GOBP_PROTEIN_LOCALIZATION_TO_PLASMA_MEMBRANE",114,"Up",0.0893866767366872,0.892372899964546
"GOBP_LIPOPOLYSACCHARIDE_MEDIATED_SIGNALING_PATHWAY",8,"Up",0.0894107735869965,0.892372899964546
"GOBP_POSITIVE_REGULATION_OF_ACUTE_INFLAMMATORY_RESPONSE",2,"Up",0.0900255276202322,0.897169453347978
"GOBP_CHOLESTEROL_EFFLUX",9,"Down",0.0903783517345045,0.897331571927991
"GOBP_CELL_CYCLE_DNA_REPLICATION",6,"Down",0.090426188758194,0.897331571927991
"GOBP_METHYLGLYOXAL_METABOLIC_PROCESS",2,"Up",0.0904980522637442,0.897331571927991
"GOBP_PROTEIN_LOCALIZATION_TO_NUCLEAR_BODY",11,"Up",0.0907127475135818,0.897331571927991
"GOBP_PROTEIN_LOCALIZATION_TO_NUCLEOPLASM",11,"Up",0.0907127475135818,0.897331571927991
"GOBP_REGULATION_OF_LEUKOCYTE_DEGRANULATION",8,"Up",0.0910351074978619,0.899190197693061
"GOBP_NON_CANONICAL_WNT_SIGNALING_PATHWAY",10,"Down",0.0913432113479636,0.900902734931907
"GOBP_NEGATIVE_REGULATION_OF_TUBULIN_DEACETYLATION",4,"Up",0.091546226044451,0.90157527770139
"GOBP_NEGATIVE_REGULATION_OF_CELLULAR_COMPONENT_ORGANIZATION",214,"Up",0.0917789516359456,0.902293577986533
"GOBP_REGULATION_OF_MRNA_CATABOLIC_PROCESS",84,"Up",0.0920916093451726,0.902293577986533
"GOBP_BONE_DEVELOPMENT",28,"Down",0.092158631228122,0.902293577986533
"GOBP_NEGATIVE_REGULATION_OF_ACTIN_FILAMENT_POLYMERIZATION",27,"Up",0.0921588924427698,0.902293577986533
"GOBP_DECIDUALIZATION",1,"Up",0.0924760262645072,0.903905327660336
"GOBP_PEPTIDE_BIOSYNTHETIC_PROCESS",270,"Up",0.0926682435171551,0.903905327660336
"GOBP_LUNG_EPITHELIUM_DEVELOPMENT",4,"Down",0.0931971546357221,0.903905327660336
"GOBP_REGULATION_OF_AMYLOID_BETA_CLEARANCE",3,"Down",0.0932303335570603,0.903905327660336
"GOBP_POSITIVE_REGULATION_OF_ENDOTHELIAL_CELL_APOPTOTIC_PROCESS",3,"Down",0.0933991741258824,0.903905327660336
"GOBP_INTRINSIC_APOPTOTIC_SIGNALING_PATHWAY_IN_RESPONSE_TO_OXIDATIVE_STRESS",14,"Up",0.0934353989767212,0.903905327660336
"GOBP_ATP_SYNTHESIS_COUPLED_ELECTRON_TRANSPORT",25,"Down",0.0935877118676839,0.903905327660336
"GOBP_POSITIVE_REGULATION_OF_MACROAUTOPHAGY",34,"Up",0.0936001232333206,0.903905327660336
"GOBP_POSITIVE_REGULATION_OF_ACTIVATED_T_CELL_PROLIFERATION",4,"Down",0.0936273712959353,0.903905327660336
"GOBP_CALCIUM_ION_EXPORT_ACROSS_PLASMA_MEMBRANE",3,"Up",0.0937265226643999,0.903905327660336
"GOBP_PROTEIN_TRANSPORT_ALONG_MICROTUBULE",12,"Up",0.0938413548229431,0.903905327660336
"GOBP_POSITIVE_REGULATION_OF_AUTOPHAGY_OF_MITOCHONDRION",7,"Up",0.0939455963397537,0.903905327660336
"GOBP_DENDRITE_DEVELOPMENT",92,"Up",0.0943408034235747,0.904084756386598
"GOBP_REGULATION_OF_SPINDLE_ORGANIZATION",21,"Up",0.094868873812804,0.904084756386598
"GOBP_NEUTROPHIL_MEDIATED_IMMUNITY",6,"Down",0.0950667345714465,0.904084756386598
"GOBP_AXON_DEVELOPMENT",128,"Up",0.0954452250516659,0.904084756386598
"GOBP_LOCOMOTORY_BEHAVIOR",43,"Up",0.0954971950012923,0.904084756386598
"GOBP_NEGATIVE_REGULATION_OF_GUANYL_NUCLEOTIDE_EXCHANGE_FACTOR_ACTIVITY",2,"Up",0.0956596993787517,0.904084756386598
"GOBP_REGULATION_OF_GUANYL_NUCLEOTIDE_EXCHANGE_FACTOR_ACTIVITY",2,"Up",0.0956596993787517,0.904084756386598
"GOBP_MYELIN_ASSEMBLY",9,"Up",0.0958892493267429,0.904084756386598
"GOBP_NUCLEAR_PORE_COMPLEX_ASSEMBLY",7,"Up",0.0959470079366673,0.904084756386598
"GOBP_NEGATIVE_REGULATION_OF_DEFENSE_RESPONSE_TO_VIRUS",7,"Up",0.0959587437766799,0.904084756386598
"GOBP_REGULATION_OF_GOLGI_TO_PLASMA_MEMBRANE_PROTEIN_TRANSPORT",6,"Up",0.0960203412565835,0.904084756386598
"GOBP_HEPATOCYTE_GROWTH_FACTOR_RECEPTOR_SIGNALING_PATHWAY",6,"Up",0.0965298312266057,0.904084756386598
"GOBP_REGULATION_OF_CELLULAR_LOCALIZATION",279,"Up",0.0965479753584423,0.904084756386598
"GOBP_NUCLEOSOME_POSITIONING",2,"Down",0.0965589273094214,0.904084756386598
"GOBP_RETINA_DEVELOPMENT_IN_CAMERA_TYPE_EYE",24,"Down",0.0966005965841113,0.904084756386598
"GOBP_PRENYLATION",3,"Down",0.0967684792004069,0.904084756386598
"GOBP_PROTEIN_GERANYLGERANYLATION",3,"Down",0.0967684792004069,0.904084756386598
"GOBP_CITRATE_METABOLIC_PROCESS",3,"Up",0.0970947673967259,0.904084756386598
"GOBP_TRANSLOCATION_OF_MOLECULES_INTO_HOST",4,"Down",0.0970992920577509,0.904084756386598
"GOBP_RESPIRATORY_SYSTEM_DEVELOPMENT",29,"Down",0.0971705750773028,0.904084756386598
"GOBP_LEUKOCYTE_DEGRANULATION",16,"Up",0.0971894762280722,0.904084756386598
"GOBP_ETHANOLAMINE_CONTAINING_COMPOUND_METABOLIC_PROCESS",1,"Down",0.0972450810494319,0.904084756386598
"GOBP_N_ACYLETHANOLAMINE_METABOLIC_PROCESS",1,"Down",0.0972450810494319,0.904084756386598
"GOBP_N_ACYLPHOSPHATIDYLETHANOLAMINE_METABOLIC_PROCESS",1,"Down",0.0972450810494319,0.904084756386598
"GOBP_MRNA_DESTABILIZATION_MEDIATED_GENE_SILENCING",1,"Down",0.097344253715919,0.904084756386598
"GOBP_IMP_METABOLIC_PROCESS",7,"Up",0.0975707683017791,0.904376135616925
"GOBP_CELL_COMMUNICATION_BY_ELECTRICAL_COUPLING",12,"Up",0.09764611483706,0.904376135616925
"GOBP_SYNAPSE_ASSEMBLY",35,"Down",0.097889128651802,0.905372895289903
"GOBP_DNA_RECOMBINATION",53,"Down",0.0982023913015028,0.906004119459323
"GOBP_REGULATION_OF_TUMOR_NECROSIS_FACTOR_MEDIATED_SIGNALING_PATHWAY",8,"Down",0.0985246348778417,0.906004119459323
"GOBP_CYCLIC_NUCLEOTIDE_MEDIATED_SIGNALING",17,"Down",0.0987746459591191,0.906004119459323
"GOBP_POSITIVE_REGULATION_OF_PEPTIDYL_TYROSINE_PHOSPHORYLATION",22,"Down",0.0988908027782424,0.906004119459323
"GOBP_HISTONE_H2A_PHOSPHORYLATION",2,"Down",0.0990292191607183,0.906004119459323
"GOBP_RECOMBINATIONAL_REPAIR",33,"Down",0.0991339577506954,0.906004119459323
"GOBP_NEGATIVE_REGULATION_OF_T_CELL_RECEPTOR_SIGNALING_PATHWAY",4,"Down",0.0992503886175261,0.906004119459323
"GOBP_MATURATION_OF_5_8S_RRNA_FROM_TRICISTRONIC_RRNA_TRANSCRIPT_SSU_RRNA_5_8S_RRNA_LSU_RRNA",10,"Down",0.0993078176256653,0.906004119459323
"GOBP_POSITIVE_REGULATION_OF_ENDOCYTOSIS",34,"Up",0.0993447860502971,0.906004119459323
"GOBP_NCRNA_EXPORT_FROM_NUCLEUS",5,"Up",0.099406302374944,0.906004119459323
"GOBP_HEMOGLOBIN_METABOLIC_PROCESS",4,"Down",0.0994595112473667,0.906004119459323
"GOBP_CLEAVAGE_INVOLVED_IN_RRNA_PROCESSING",9,"Down",0.0998776586942665,0.906004119459323
"GOBP_NEGATIVE_REGULATION_OF_REACTIVE_OXYGEN_SPECIES_METABOLIC_PROCESS",11,"Up",0.0999870981675349,0.906004119459323
"GOBP_ACTIN_FILAMENT_BASED_MOVEMENT",38,"Up",0.100032761502646,0.906004119459323
"GOBP_EXOCYTOSIS",136,"Up",0.100059541776114,0.906004119459323
"GOBP_CELL_FATE_COMMITMENT_INVOLVED_IN_FORMATION_OF_PRIMARY_GERM_LAYER",4,"Down",0.100260662240152,0.906004119459323
"GOBP_ENDODERMAL_CELL_FATE_COMMITMENT",4,"Down",0.100260662240152,0.906004119459323
"GOBP_PHOSPHATIDYLINOSITOL_3_PHOSPHATE_BIOSYNTHETIC_PROCESS",11,"Up",0.100669759861959,0.907465182803203
"GOBP_REGULATION_OF_CHROMATIN_BINDING",5,"Up",0.100693758881408,0.907465182803203
"GOBP_POSITIVE_REGULATION_OF_COLD_INDUCED_THERMOGENESIS",19,"Down",0.100935740392122,0.907945824603545
"GOBP_RHO_PROTEIN_SIGNAL_TRANSDUCTION",29,"Up",0.101018647151942,0.907945824603545
"GOBP_REGULATION_OF_CHEMOTAXIS",29,"Down",0.101775295535734,0.908647280200398
"GOBP_CGMP_BIOSYNTHETIC_PROCESS",1,"Down",0.101905223547569,0.908647280200398
"GOBP_NEGATIVE_REGULATION_OF_CELL_MATURATION",1,"Down",0.101905223547569,0.908647280200398
"GOBP_NEGATIVE_REGULATION_OF_MEIOTIC_CELL_CYCLE",1,"Down",0.101905223547569,0.908647280200398
"GOBP_RECEPTOR_GUANYLYL_CYCLASE_SIGNALING_PATHWAY",1,"Down",0.101905223547569,0.908647280200398
"GOBP_ESTABLISHMENT_OF_PROTEIN_LOCALIZATION_TO_VACUOLE",23,"Up",0.101967788338535,0.908647280200398
"GOBP_SPECIFICATION_OF_SYMMETRY",14,"Down",0.102151722171671,0.908647280200398
"GOBP_DEVELOPMENTAL_PIGMENTATION",7,"Down",0.102183752760685,0.908647280200398
"GOBP_POSITIVE_REGULATION_OF_DEPHOSPHORYLATION",15,"Down",0.10266695682649,0.910522467239708
"GOBP_POSITIVE_REGULATION_OF_PROTEIN_DEPHOSPHORYLATION",15,"Down",0.10266695682649,0.910522467239708
"GOBP_TRNA_METHYLATION",7,"Down",0.10306753341974,0.91256066906718
"GOBP_POSITIVE_REGULATION_OF_ENDOTHELIAL_CELL_PROLIFERATION",12,"Down",0.103238633452631,0.91256066906718
"GOBP_ROOF_OF_MOUTH_DEVELOPMENT",7,"Down",0.104013239753024,0.91256066906718
"GOBP_REGULATION_OF_MEMBRANE_TUBULATION",4,"Up",0.104259299200019,0.91256066906718
"GOBP_REGULATION_OF_MITOCHONDRIAL_GENE_EXPRESSION",4,"Down",0.104282486943055,0.91256066906718
"GOBP_ADULT_BEHAVIOR",26,"Up",0.104317894101358,0.91256066906718
"GOBP_ADAPTIVE_THERMOGENESIS",33,"Down",0.104506478419392,0.91256066906718
"GOBP_CELL_MATRIX_ADHESION",45,"Up",0.104721524966833,0.91256066906718
"GOBP_DNA_DEALKYLATION",7,"Up",0.104829263250794,0.91256066906718
"GOBP_REGULATION_OF_CARDIAC_CONDUCTION",9,"Up",0.105213467864127,0.91256066906718
"GOBP_LYMPH_VESSEL_DEVELOPMENT",3,"Down",0.105386227500572,0.91256066906718
"GOBP_REGULATION_OF_MITOCHONDRION_ORGANIZATION",44,"Up",0.105651366944447,0.91256066906718
"GOBP_FATTY_ACID_DERIVATIVE_CATABOLIC_PROCESS",5,"Down",0.105658510845822,0.91256066906718
"GOBP_MEMBRANE_PROTEIN_PROTEOLYSIS",9,"Down",0.105714845372567,0.91256066906718
"GOBP_EXTRACELLULAR_REGULATION_OF_SIGNAL_TRANSDUCTION",1,"Down",0.105818913061832,0.91256066906718
"GOBP_REGULATION_OF_VERY_LOW_DENSITY_LIPOPROTEIN_PARTICLE_CLEARANCE",1,"Down",0.105818913061832,0.91256066906718
"GOBP_VERY_LOW_DENSITY_LIPOPROTEIN_PARTICLE_CLEARANCE",1,"Down",0.105818913061832,0.91256066906718
"GOBP_MORPHOGENESIS_OF_AN_EPITHELIAL_SHEET",15,"Up",0.105960813383136,0.91256066906718
"GOBP_REGULATION_OF_CALCINEURIN_MEDIATED_SIGNALING",9,"Up",0.106084036854857,0.91256066906718
"GOBP_POSITIVE_REGULATION_OF_RNA_POLYMERASE_II_TRANSCRIPTION_PREINITIATION_COMPLEX_ASSEMBLY",2,"Down",0.106148700793826,0.91256066906718
"GOBP_NEUTRAL_LIPID_BIOSYNTHETIC_PROCESS",8,"Down",0.106160106795053,0.91256066906718
"GOBP_LONG_TERM_SYNAPTIC_DEPRESSION",10,"Up",0.106615810281546,0.91256066906718
"GOBP_REGULATION_OF_RELEASE_OF_SEQUESTERED_CALCIUM_ION_INTO_CYTOSOL",16,"Up",0.106647458747521,0.91256066906718
"GOBP_POSITIVE_REGULATION_OF_AXONOGENESIS",25,"Up",0.106722193299261,0.91256066906718
"GOBP_AXONAL_TRANSPORT",39,"Up",0.106811635920439,0.91256066906718
"GOBP_POSITIVE_REGULATION_OF_ENDOTHELIAL_CELL_DEVELOPMENT",1,"Up",0.10703703627566,0.91256066906718
"GOBP_ADHERENS_JUNCTION_ORGANIZATION",16,"Up",0.107279664649344,0.91256066906718
"GOBP_ACTIVATION_OF_TRANSMEMBRANE_RECEPTOR_PROTEIN_TYROSINE_KINASE_ACTIVITY",1,"Down",0.107836203291201,0.91256066906718
"GOBP_C21_STEROID_HORMONE_BIOSYNTHETIC_PROCESS",1,"Down",0.107836203291201,0.91256066906718
"GOBP_CORTISOL_BIOSYNTHETIC_PROCESS",1,"Down",0.107836203291201,0.91256066906718
"GOBP_CORTISOL_METABOLIC_PROCESS",1,"Down",0.107836203291201,0.91256066906718
"GOBP_OLEFINIC_COMPOUND_BIOSYNTHETIC_PROCESS",1,"Down",0.107836203291201,0.91256066906718
"GOBP_PROGESTERONE_BIOSYNTHETIC_PROCESS",1,"Down",0.107836203291201,0.91256066906718
"GOBP_RESPONSE_TO_SODIUM_ARSENITE",2,"Up",0.107881215958747,0.91256066906718
"GOBP_MITOCHONDRION_ENDOPLASMIC_RETICULUM_MEMBRANE_TETHERING",5,"Up",0.107925716539266,0.91256066906718
"GOBP_ESTABLISHMENT_OF_PROTEIN_LOCALIZATION_TO_TELOMERE",9,"Up",0.108121764186461,0.91256066906718
"GOBP_POSITIVE_REGULATION_OF_ESTABLISHMENT_OF_PROTEIN_LOCALIZATION_TO_TELOMERE",9,"Up",0.108121764186461,0.91256066906718
"GOBP_REGULATION_OF_ESTABLISHMENT_OF_PROTEIN_LOCALIZATION_TO_CHROMOSOME",9,"Up",0.108121764186461,0.91256066906718
"GOBP_NEGATIVE_REGULATION_OF_RHO_PROTEIN_SIGNAL_TRANSDUCTION",5,"Up",0.108338755640623,0.91256066906718
"GOBP_BEHAVIORAL_RESPONSE_TO_COCAINE",3,"Down",0.108355491437018,0.91256066906718
"GOBP_CELL_RECOGNITION",25,"Up",0.108755292809241,0.914775651591693
"GOBP_VENTRICULAR_SEPTUM_DEVELOPMENT",9,"Down",0.108908136574369,0.914910438784933
"GOBP_NEUROFILAMENT_CYTOSKELETON_ORGANIZATION",8,"Up",0.109549660974591,0.918040355960459
"GOBP_CYTOCHROME_COMPLEX_ASSEMBLY",3,"Down",0.109555286983168,0.918040355960459
"GOBP_NEGATIVE_REGULATION_OF_COLD_INDUCED_THERMOGENESIS",10,"Down",0.109974314086076,0.919823650136008
"GOBP_NEGATIVE_REGULATION_OF_CELL_CYCLE_G1_S_PHASE_TRANSITION",15,"Down",0.110400117883039,0.919823650136008
"GOBP_REGULATION_OF_SARCOMERE_ORGANIZATION",1,"Up",0.110415178172756,0.919823650136008
"GOBP_RNA_CAPPING",3,"Up",0.110525985405641,0.919823650136008
"GOBP_REGULATION_OF_ENDOCYTIC_RECYCLING",10,"Up",0.110584868095372,0.919823650136008
"GOBP_CHOLESTEROL_CATABOLIC_PROCESS",2,"Down",0.11073097627628,0.919823650136008
"GOBP_STEROID_CATABOLIC_PROCESS",2,"Down",0.11073097627628,0.919823650136008
"GOBP_MAGNESIUM_ION_TRANSPORT",4,"Down",0.110959822645876,0.920581059594256
"GOBP_UTERINE_SMOOTH_MUSCLE_CONTRACTION",2,"Down",0.111446436424337,0.923472515947389
"GOBP_DEOXYRIBONUCLEOTIDE_BIOSYNTHETIC_PROCESS",4,"Down",0.111757236350318,0.924381879137673
"GOBP_MITOTIC_SPINDLE_ORGANIZATION",51,"Up",0.111832651446445,0.924381879137673
"GOBP_PROTEIN_INSERTION_INTO_MITOCHONDRIAL_MEMBRANE_INVOLVED_IN_APOPTOTIC_SIGNALING_PATHWAY",1,"Up",0.112386176451766,0.925882478971144
"GOBP_REGULATION_OF_MICROTUBULE_DEPOLYMERIZATION",15,"Up",0.112552931632771,0.925882478971144
"GOBP_REGULATION_OF_CARTILAGE_DEVELOPMENT",6,"Down",0.112649905279976,0.925882478971144
"GOBP_DNA_REPLICATION_CHECKPOINT_SIGNALING",2,"Down",0.112706495869973,0.925882478971144
"GOBP_MITOTIC_DNA_REPLICATION_CHECKPOINT_SIGNALING",2,"Down",0.112706495869973,0.925882478971144
"GOBP_CARBOHYDRATE_DERIVATIVE_CATABOLIC_PROCESS",25,"Down",0.112872308379472,0.926106903231325
"GOBP_RESPONSE_TO_CISPLATIN",1,"Down",0.113355295365678,0.92746848859612
"GOBP_CELLULAR_COMPONENT_ASSEMBLY_INVOLVED_IN_MORPHOGENESIS",32,"Up",0.114214778692344,0.92746848859612
"GOBP_NEGATIVE_REGULATION_OF_POSTTRANSCRIPTIONAL_GENE_SILENCING",5,"Up",0.114300814333839,0.92746848859612
"GOBP_MULTIVESICULAR_BODY_ORGANIZATION",23,"Up",0.114393610267159,0.92746848859612
"GOBP_SNRNA_TRANSPORT",4,"Up",0.114408921935201,0.92746848859612
"GOBP_SEMI_LUNAR_VALVE_DEVELOPMENT",3,"Down",0.114588222167707,0.92746848859612
"GOBP_NEGATIVE_REGULATION_OF_SYNAPTIC_TRANSMISSION_GABAERGIC",1,"Up",0.114624723954548,0.92746848859612
"GOBP_REGULATION_OF_CARDIAC_MUSCLE_CELL_ACTION_POTENTIAL",8,"Up",0.114825981429778,0.92746848859612
"GOBP_NEGATIVE_REGULATION_OF_NOTCH_SIGNALING_PATHWAY",6,"Down",0.114871965568441,0.92746848859612
"GOBP_RIG_I_SIGNALING_PATHWAY",11,"Up",0.115025156770704,0.92746848859612
"GOBP_AXON_EXTENSION",39,"Up",0.115322591182371,0.92746848859612
"GOBP_NEGATIVE_REGULATION_OF_TRANSMEMBRANE_TRANSPORT",30,"Up",0.115411591178702,0.92746848859612
"GOBP_POSTTRANSCRIPTIONAL_REGULATION_OF_GENE_EXPRESSION",225,"Up",0.11542756132223,0.92746848859612
"GOBP_ISOPRENOID_BIOSYNTHETIC_PROCESS",5,"Down",0.115613041439814,0.92746848859612
"GOBP_AMINO_SUGAR_BIOSYNTHETIC_PROCESS",2,"Down",0.115777040823945,0.92746848859612
"GOBP_UDP_N_ACETYLGLUCOSAMINE_BIOSYNTHETIC_PROCESS",2,"Down",0.115777040823945,0.92746848859612
"GOBP_UDP_N_ACETYLGLUCOSAMINE_METABOLIC_PROCESS",2,"Down",0.115777040823945,0.92746848859612
"GOBP_PITUITARY_GLAND_DEVELOPMENT",1,"Down",0.115812200983664,0.92746848859612
"GOBP_POSITIVE_REGULATION_OF_OSTEOCLAST_DIFFERENTIATION",1,"Down",0.115812200983664,0.92746848859612
"GOBP_REGULATION_OF_CARDIAC_MUSCLE_TISSUE_DEVELOPMENT",1,"Down",0.115812200983664,0.92746848859612
"GOBP_POSITIVE_REGULATION_OF_NEURON_APOPTOTIC_PROCESS",13,"Down",0.115964182241751,0.927574744797357
"GOBP_POSITIVE_REGULATION_OF_DNA_RECOMBINATION",18,"Down",0.116245518618124,0.928681089468218
"GOBP_NUCLEUS_ORGANIZATION",57,"Up",0.116380253173974,0.928681089468218
"GOBP_NEGATIVE_REGULATION_OF_VIRAL_INDUCED_CYTOPLASMIC_PATTERN_RECOGNITION_RECEPTOR_SIGNALING_PATHWAY",3,"Up",0.117102655220086,0.930828496821819
"GOBP_MUSCLE_CELL_APOPTOTIC_PROCESS",12,"Up",0.117297866783835,0.930828496821819
"GOBP_NEGATIVE_REGULATION_OF_MITOCHONDRION_ORGANIZATION",14,"Up",0.1173199035288,0.930828496821819
"GOBP_CELLULAR_RESPONSE_TO_REACTIVE_NITROGEN_SPECIES",8,"Down",0.117366767300133,0.930828496821819
"GOBP_REGULATION_OF_EXCITATORY_SYNAPSE_ASSEMBLY",1,"Down",0.117756481864727,0.930828496821819
"GOBP_REGULATION_OF_POSTSYNAPTIC_DENSITY_ORGANIZATION",1,"Down",0.117756481864727,0.930828496821819
"GOBP_REGULATION_OF_POSTSYNAPTIC_SPECIALIZATION_ASSEMBLY",1,"Down",0.117756481864727,0.930828496821819
"GOBP_PLASMA_MEMBRANE_TUBULATION",9,"Up",0.117958030886327,0.930828496821819
"GOBP_SISTER_CHROMATID_SEGREGATION",46,"Up",0.118057664229396,0.930828496821819
"GOBP_MITOTIC_CYTOKINESIS",30,"Up",0.118117356071901,0.930828496821819
"GOBP_PROTEIN_INSERTION_INTO_MITOCHONDRIAL_INNER_MEMBRANE",2,"Down",0.118180558367239,0.930828496821819
"GOBP_NEGATIVE_REGULATION_OF_ERK1_AND_ERK2_CASCADE",16,"Down",0.118560742241009,0.930928580204861
"GOBP_CARBOHYDRATE_PHOSPHORYLATION",5,"Down",0.1186021550043,0.930928580204861
"GOBP_CYTOSOLIC_TRANSPORT",101,"Up",0.118610909276887,0.930928580204861
"GOBP_POSITIVE_REGULATION_OF_EXTRACELLULAR_MATRIX_ORGANIZATION",4,"Up",0.119109714360235,0.933580031764689
"GOBP_REGULATION_OF_PRODUCTION_OF_SMALL_RNA_INVOLVED_IN_GENE_SILENCING_BY_RNA",7,"Up",0.11958348615399,0.933580031764689
"GOBP_NEGATIVE_REGULATION_OF_ION_TRANSPORT",29,"Up",0.119663921903291,0.933580031764689
"GOBP_FEAR_RESPONSE",5,"Up",0.119713828737036,0.933580031764689
"GOBP_BIOLOGICAL_PROCESS_INVOLVED_IN_INTRASPECIES_INTERACTION_BETWEEN_ORGANISMS",13,"Up",0.119716147975157,0.933580031764689
"GOBP_NEGATIVE_REGULATION_OF_TRANSPORTER_ACTIVITY",20,"Up",0.119786401563347,0.933580031764689
"GOBP_NEURON_DEVELOPMENT",302,"Up",0.120249875904491,0.933620027160661
"GOBP_PROTEIN_DENEDDYLATION",8,"Down",0.120291652475166,0.933620027160661
"GOBP_B_CELL_APOPTOTIC_PROCESS",6,"Down",0.120461951129738,0.933620027160661
"GOBP_VESICLE_MEDIATED_TRANSPORT",559,"Up",0.12070089571558,0.933620027160661
"GOBP_RRNA_PSEUDOURIDINE_SYNTHESIS",4,"Down",0.120701285972049,0.933620027160661
"GOBP_REGULATION_OF_ORGANELLE_TRANSPORT_ALONG_MICROTUBULE",5,"Up",0.120741976927785,0.933620027160661
"GOBP_DEFINITIVE_HEMOPOIESIS",3,"Up",0.120768853520857,0.933620027160661
"GOBP_ANIMAL_ORGAN_MORPHOGENESIS",119,"Down",0.121057678577199,0.934772167027402
"GOBP_REGULATION_OF_CELL_SUBSTRATE_JUNCTION_ORGANIZATION",26,"Up",0.121315712661595,0.935684164438388
"GOBP_EPIDERMAL_CELL_DIFFERENTIATION",22,"Down",0.121458499296769,0.93570620368375
"GOBP_REGULATION_OF_CALCIUM_ION_TRANSPORT_INTO_CYTOSOL",17,"Up",0.121973851392024,0.938026111412037
"GOBP_TRANSITION_METAL_ION_TRANSPORT",26,"Down",0.122040184975097,0.938026111412037
"GOBP_POSITIVE_REGULATION_OF_LEUKOCYTE_DEGRANULATION",6,"Up",0.12253758726123,0.940767905873532
"GOBP_VITAMIN_METABOLIC_PROCESS",15,"Down",0.122897850110167,0.941934951432735
"GOBP_MIDBRAIN_DOPAMINERGIC_NEURON_DIFFERENTIATION",3,"Down",0.123173411098997,0.941934951432735
"GOBP_WNT_SIGNALING_PATHWAY_INVOLVED_IN_MIDBRAIN_DOPAMINERGIC_NEURON_DIFFERENTIATION",3,"Down",0.123173411098997,0.941934951432735
"GOBP_SYNAPTIC_VESICLE_RECYCLING_VIA_ENDOSOME",4,"Up",0.123340864400499,0.941934951432735
"GOBP_TERPENOID_METABOLIC_PROCESS",6,"Up",0.123750530296826,0.941934951432735
"GOBP_CELL_MORPHOGENESIS",274,"Up",0.123951538624124,0.941934951432735
"GOBP_POSITIVE_REGULATION_OF_HYDROGEN_PEROXIDE_MEDIATED_PROGRAMMED_CELL_DEATH",3,"Down",0.123964668006052,0.941934951432735
"GOBP_POSITIVE_REGULATION_OF_RESPONSE_TO_OXIDATIVE_STRESS",3,"Down",0.123964668006052,0.941934951432735
"GOBP_POSITIVE_REGULATION_OF_RESPONSE_TO_REACTIVE_OXYGEN_SPECIES",3,"Down",0.123964668006052,0.941934951432735
"GOBP_REGULATION_OF_CELLULAR_RESPONSE_TO_TRANSFORMING_GROWTH_FACTOR_BETA_STIMULUS",18,"Down",0.124512867623747,0.941934951432735
"GOBP_NEUROTRANSMITTER_RECEPTOR_TRANSPORT_ENDOSOME_TO_POSTSYNAPTIC_MEMBRANE",5,"Down",0.124764011458113,0.941934951432735
"GOBP_PROTEIN_TRANSPORT_TO_VACUOLE_INVOLVED_IN_UBIQUITIN_DEPENDENT_PROTEIN_CATABOLIC_PROCESS_VIA_THE_MULTIVESICULAR_BODY_SORTING_PATHWAY",6,"Up",0.124936946663492,0.941934951432735
"GOBP_NEURAL_TUBE_FORMATION",21,"Up",0.124937290925586,0.941934951432735
"GOBP_POSITIVE_REGULATION_OF_TORC1_SIGNALING",9,"Down",0.125132109686752,0.941934951432735
"GOBP_NEGATIVE_REGULATION_OF_TRANSCRIPTION_BY_COMPETITIVE_PROMOTER_BINDING",2,"Down",0.125206860497584,0.941934951432735
"GOBP_CELLULAR_RESPONSE_TO_NICOTINE",3,"Down",0.125389988282237,0.941934951432735
"GOBP_REGULATION_OF_THE_FORCE_OF_HEART_CONTRACTION",9,"Up",0.125595422090994,0.941934951432735
"GOBP_MULTICELLULAR_ORGANISMAL_SIGNALING",40,"Up",0.125611667826899,0.941934951432735
"GOBP_POSITIVE_REGULATION_OF_3_UTR_MEDIATED_MRNA_STABILIZATION",2,"Up",0.125772767854127,0.941934951432735
"GOBP_PARANODAL_JUNCTION_ASSEMBLY",3,"Up",0.125800497864837,0.941934951432735
"GOBP_STRESS_GRANULE_ASSEMBLY",22,"Up",0.125833113895286,0.941934951432735
"GOBP_LIPOSACCHARIDE_METABOLIC_PROCESS",9,"Down",0.125864176462175,0.941934951432735
"GOBP_INTRINSIC_APOPTOTIC_SIGNALING_PATHWAY_IN_RESPONSE_TO_HYDROGEN_PEROXIDE",3,"Up",0.126315642706949,0.941934951432735
"GOBP_TELOMERASE_RNA_LOCALIZATION",14,"Up",0.126325732222124,0.941934951432735
"GOBP_T_CELL_MEDIATED_CYTOTOXICITY",3,"Up",0.126628209422675,0.941934951432735
"GOBP_REGULATION_OF_RIBONUCLEASE_ACTIVITY",2,"Up",0.126654423475996,0.941934951432735
"GOBP_REGULATION_OF_DOUBLE_STRAND_BREAK_REPAIR",27,"Down",0.126734686004208,0.941934951432735
"GOBP_HISTONE_ARGININE_METHYLATION",6,"Down",0.126860287571878,0.941934951432735
"GOBP_RESPONSE_TO_MURAMYL_DIPEPTIDE",3,"Down",0.126911239697846,0.941934951432735
"GOBP_POSITIVE_REGULATION_OF_WNT_SIGNALING_PATHWAY",29,"Down",0.126919530693355,0.941934951432735
"GOBP_EAR_DEVELOPMENT",27,"Down",0.127056277283135,0.941934951432735
"GOBP_MITOCHONDRION_LOCALIZATION",20,"Up",0.127350082730727,0.942857556900479
"GOBP_HISTONE_H2A_ACETYLATION",9,"Down",0.127462723409307,0.942857556900479
"GOBP_MEMBRANE_PROTEIN_ECTODOMAIN_PROTEOLYSIS",7,"Down",0.128319159517482,0.945934685491287
"GOBP_NUCLEAR_CHROMOSOME_SEGREGATION",58,"Up",0.128718363834757,0.945934685491287
"GOBP_REGULATION_OF_RETINOIC_ACID_RECEPTOR_SIGNALING_PATHWAY",2,"Up",0.128748652768798,0.945934685491287
"GOBP_NEGATIVE_REGULATION_OF_TYROSINE_PHOSPHORYLATION_OF_STAT_PROTEIN",2,"Up",0.128765437812544,0.945934685491287
"GOBP_REGULATION_OF_MITOTIC_SPINDLE_ASSEMBLY",14,"Up",0.128885841129015,0.945934685491287
"GOBP_ADHESION_OF_SYMBIONT_TO_HOST_CELL",3,"Down",0.128913147758033,0.945934685491287
"GOBP_VIRION_ATTACHMENT_TO_HOST_CELL",3,"Down",0.128913147758033,0.945934685491287
"GOBP_PLASMA_MEMBRANE_PHOSPHOLIPID_SCRAMBLING",5,"Down",0.129108591581188,0.945934685491287
"GOBP_PROTEIN_FOLDING",85,"Up",0.129151842059749,0.945934685491287
"GOBP_NEGATIVE_REGULATION_OF_NEURON_APOPTOTIC_PROCESS",30,"Up",0.129491081530045,0.946592165471307
"GOBP_ENDOPLASMIC_RETICULUM_ORGANIZATION",43,"Up",0.129524724301816,0.946592165471307
"GOBP_VACUOLAR_TRANSPORT",84,"Up",0.129992204836073,0.948837423686421
"GOBP_REGULATION_OF_RECEPTOR_LOCALIZATION_TO_SYNAPSE",8,"Up",0.130115734637423,0.948837423686421
"GOBP_POSITIVE_REGULATION_OF_APOPTOTIC_SIGNALING_PATHWAY",30,"Up",0.130284432920792,0.948869826899807
"GOBP_REGULATION_OF_VENTRICULAR_CARDIAC_MUSCLE_CELL_ACTION_POTENTIAL",2,"Up",0.130496126453565,0.948869826899807
"GOBP_POSITIVE_REGULATION_OF_INTEGRIN_MEDIATED_SIGNALING_PATHWAY",1,"Up",0.130545871204998,0.948869826899807
"GOBP_REGULATION_OF_CELLULAR_COMPONENT_MOVEMENT",189,"Up",0.13131917997096,0.949642111782915
"GOBP_POSITIVE_REGULATION_OF_CYCLIC_NUCLEOTIDE_PHOSPHODIESTERASE_ACTIVITY",2,"Up",0.131417485728049,0.949642111782915
"GOBP_POSITIVE_REGULATION_OF_DOPAMINE_SECRETION",1,"Down",0.131431210827976,0.949642111782915
"GOBP_REGULATION_OF_TRANSLATION_INITIATION_IN_RESPONSE_TO_ENDOPLASMIC_RETICULUM_STRESS",3,"Down",0.131460086420822,0.949642111782915
"GOBP_CELL_CELL_JUNCTION_MAINTENANCE",4,"Up",0.131776865225458,0.949642111782915
"GOBP_NEGATIVE_REGULATION_OF_CELL_SUBSTRATE_JUNCTION_ORGANIZATION",7,"Up",0.131869338835907,0.949642111782915
"GOBP_MITOCHONDRIAL_ELECTRON_TRANSPORT_NADH_TO_UBIQUINONE",17,"Down",0.131943670231428,0.949642111782915
"GOBP_NEGATIVE_REGULATION_OF_VASCULAR_ENDOTHELIAL_GROWTH_FACTOR_RECEPTOR_SIGNALING_PATHWAY",6,"Up",0.132492422754979,0.949642111782915
"GOBP_IMP_BIOSYNTHETIC_PROCESS",6,"Up",0.132695343302917,0.949642111782915
"GOBP_MYOTUBE_CELL_DEVELOPMENT",11,"Down",0.132746968942882,0.949642111782915
"GOBP_REGULATION_OF_PROTEIN_LOCALIZATION_TO_MEMBRANE",62,"Up",0.132784693512381,0.949642111782915
"GOBP_REGIONALIZATION",31,"Down",0.132801041177838,0.949642111782915
"GOBP_POSITIVE_REGULATION_OF_PROTEIN_LOCALIZATION_TO_CILIUM",3,"Up",0.132818561356166,0.949642111782915
"GOBP_ARTERY_DEVELOPMENT",14,"Down",0.132901083006839,0.949642111782915
"GOBP_PLASMA_MEMBRANE_RAFT_ASSEMBLY",3,"Down",0.133168526142823,0.949642111782915
"GOBP_OUTFLOW_TRACT_SEPTUM_MORPHOGENESIS",3,"Down",0.133965972456135,0.949642111782915
"GOBP_POSITIVE_REGULATION_OF_ATTACHMENT_OF_SPINDLE_MICROTUBULES_TO_KINETOCHORE",4,"Up",0.134367454042634,0.949642111782915
"GOBP_POSITIVE_REGULATION_OF_CHROMOSOME_SEGREGATION",4,"Up",0.134367454042634,0.949642111782915
"GOBP_POLYADENYLATION_DEPENDENT_SNORNA_3_END_PROCESSING",2,"Up",0.134440768195618,0.949642111782915
"GOBP_T_CELL_CHEMOTAXIS",5,"Up",0.134503158375108,0.949642111782915
"GOBP_NEGATIVE_REGULATION_OF_GLUCOSE_TRANSMEMBRANE_TRANSPORT",3,"Down",0.134519666149914,0.949642111782915
"GOBP_ACTOMYOSIN_STRUCTURE_ORGANIZATION",61,"Up",0.134752132180843,0.949642111782915
"GOBP_NEURON_DEATH_IN_RESPONSE_TO_HYDROGEN_PEROXIDE",2,"Up",0.134767047609671,0.949642111782915
"GOBP_MITOCHONDRIAL_TRANSLATION",5,"Down",0.13478411596554,0.949642111782915
"GOBP_REGULATION_OF_PROTEIN_DEACETYLATION",14,"Up",0.134886485890448,0.949642111782915
"GOBP_ESTABLISHMENT_OR_MAINTENANCE_OF_MONOPOLAR_CELL_POLARITY",7,"Up",0.135178172872655,0.949642111782915
"GOBP_CYTOSOLIC_CALCIUM_ION_TRANSPORT",32,"Up",0.135413874359346,0.949642111782915
"GOBP_REGULATION_OF_TRIGLYCERIDE_BIOSYNTHETIC_PROCESS",3,"Down",0.13560661499256,0.949642111782915
"GOBP_REGULATION_OF_CATECHOLAMINE_METABOLIC_PROCESS",4,"Down",0.135695018645058,0.949642111782915
"GOBP_REGULATION_OF_RESPONSE_TO_FOOD",2,"Down",0.135717966486584,0.949642111782915
"GOBP_CELL_DEATH_IN_RESPONSE_TO_OXIDATIVE_STRESS",22,"Up",0.135958437132427,0.949642111782915
"GOBP_AMIDE_BIOSYNTHETIC_PROCESS",300,"Up",0.136016600731697,0.949642111782915
"GOBP_FIBROBLAST_PROLIFERATION",16,"Down",0.136407658417603,0.949642111782915
"GOBP_ESTABLISHMENT_OF_PROTEIN_LOCALIZATION_TO_PLASMA_MEMBRANE",36,"Up",0.137008692374604,0.949642111782915
"GOBP_MITOCHONDRIAL_ELECTRON_TRANSPORT_CYTOCHROME_C_TO_OXYGEN",4,"Down",0.137046789295877,0.949642111782915
"GOBP_NUCLEAR_TRANSCRIBED_MRNA_CATABOLIC_PROCESS",61,"Up",0.137049973773005,0.949642111782915
"GOBP_PURINE_CONTAINING_COMPOUND_SALVAGE",4,"Up",0.137059499301178,0.949642111782915
"GOBP_PURINE_NUCLEOTIDE_SALVAGE",4,"Up",0.137059499301178,0.949642111782915
"GOBP_PURINE_RIBONUCLEOTIDE_SALVAGE",4,"Up",0.137059499301178,0.949642111782915
"GOBP_RESPONSE_TO_DIETARY_EXCESS",2,"Up",0.137368244794937,0.949642111782915
"GOBP_REGULATION_OF_SKELETAL_MUSCLE_FIBER_DEVELOPMENT",2,"Down",0.137457790001653,0.949642111782915
"GOBP_BRANCHING_INVOLVED_IN_BLOOD_VESSEL_MORPHOGENESIS",2,"Down",0.137471618270634,0.949642111782915
"GOBP_TRANSPORT_ALONG_MICROTUBULE",81,"Up",0.137804434969841,0.949642111782915
"GOBP_LIPID_METABOLIC_PROCESS",272,"Down",0.137962461639545,0.949642111782915
"GOBP_NUCLEAR_TRANSCRIBED_MRNA_CATABOLIC_PROCESS_NONSENSE_MEDIATED_DECAY",21,"Up",0.138453076131031,0.949642111782915
"GOBP_B_CELL_HOMEOSTASIS",6,"Up",0.138723448733869,0.949642111782915
"GOBP_RNA_MODIFICATION",44,"Down",0.139024106301323,0.949642111782915
"GOBP_OOCYTE_CONSTRUCTION",3,"Up",0.139090625391757,0.949642111782915
"GOBP_REGULATION_OF_SPINDLE_ASSEMBLY",16,"Up",0.139143677863728,0.949642111782915
"GOBP_NEGATIVE_REGULATION_OF_CELLULAR_AMIDE_METABOLIC_PROCESS",102,"Up",0.139350778786916,0.949642111782915
"GOBP_DIGESTIVE_SYSTEM_PROCESS",12,"Up",0.139558348119708,0.949642111782915
"GOBP_CELLULAR_RESPONSE_TO_LIPID",108,"Up",0.139705919167274,0.949642111782915
"GOBP_REGULATION_OF_BONE_MINERALIZATION",6,"Down",0.139745540416554,0.949642111782915
"GOBP_NEGATIVE_REGULATION_OF_CELLULAR_RESPONSE_TO_VASCULAR_ENDOTHELIAL_GROWTH_FACTOR_STIMULUS",2,"Up",0.139751839246988,0.949642111782915
"GOBP_REGULATION_OF_CELLULAR_RESPONSE_TO_VASCULAR_ENDOTHELIAL_GROWTH_FACTOR_STIMULUS",2,"Up",0.139751839246988,0.949642111782915
"GOBP_REGULATION_OF_INTRACELLULAR_TRANSPORT",126,"Up",0.139898180931375,0.949642111782915
"GOBP_RESPONSE_TO_CYCLOHEXIMIDE",1,"Up",0.140042536475638,0.949642111782915
"GOBP_TRANSCRIPTION_INITIATION_FROM_RNA_POLYMERASE_II_PROMOTER",28,"Down",0.140077442997674,0.949642111782915
"GOBP_RHYTHMIC_PROCESS",69,"Up",0.140266576310886,0.949642111782915
"GOBP_POSITIVE_REGULATION_OF_T_CELL_MEDIATED_CYTOTOXICITY",2,"Up",0.140311167283362,0.949642111782915
"GOBP_REGULATION_OF_T_CELL_MEDIATED_CYTOTOXICITY",2,"Up",0.140311167283362,0.949642111782915
"GOBP_REGULATION_OF_CELLULAR_AMINE_METABOLIC_PROCESS",6,"Down",0.140362821906842,0.949642111782915
"GOBP_METAPHASE_PLATE_CONGRESSION",28,"Up",0.140428462705259,0.949642111782915
"GOBP_RESPONSE_TO_TESTOSTERONE",6,"Up",0.140428764596042,0.949642111782915
"GOBP_PIGMENT_GRANULE_MATURATION",3,"Down",0.140537358002581,0.949642111782915
"GOBP_REGULATION_OF_T_CIRCLE_FORMATION",2,"Down",0.140923941777898,0.949642111782915
"GOBP_REGULATION_OF_CELL_PROJECTION_ORGANIZATION",203,"Up",0.141269399350138,0.949642111782915
"GOBP_TUBE_FORMATION",28,"Up",0.141302136285642,0.949642111782915
"GOBP_POSITIVE_REGULATION_OF_TRANSCRIPTION_OF_NOTCH_RECEPTOR_TARGET",1,"Down",0.141645395604578,0.949642111782915
"GOBP_THROMBOPOIETIN_MEDIATED_SIGNALING_PATHWAY",1,"Down",0.141645395604578,0.949642111782915
"GOBP_REGULATION_OF_NERVOUS_SYSTEM_PROCESS",28,"Down",0.142078839908523,0.949642111782915
"GOBP_PSEUDOURIDINE_SYNTHESIS",6,"Down",0.142387368825145,0.949642111782915
"GOBP_NEGATIVE_REGULATION_OF_MRNA_METABOLIC_PROCESS",37,"Up",0.142764723415367,0.949642111782915
"GOBP_LUTEINIZATION",3,"Down",0.142784969548335,0.949642111782915
"GOBP_NEGATIVE_REGULATION_OF_AMYLOID_BETA_CLEARANCE",2,"Down",0.142828578658752,0.949642111782915
"GOBP_POSITIVE_REGULATION_OF_MAST_CELL_ACTIVATION",6,"Up",0.142937884478668,0.949642111782915
"GOBP_NEGATIVE_REGULATION_OF_PROTEIN_CONTAINING_COMPLEX_ASSEMBLY",59,"Up",0.143156654494525,0.949642111782915
"GOBP_HEPARAN_SULFATE_PROTEOGLYCAN_BIOSYNTHETIC_PROCESS",2,"Down",0.143542330757666,0.949642111782915
"GOBP_HEPARAN_SULFATE_PROTEOGLYCAN_METABOLIC_PROCESS",2,"Down",0.143542330757666,0.949642111782915
"GOBP_EXOCYTIC_PROCESS",35,"Up",0.143689800960911,0.949642111782915
"GOBP_ENDOSOME_TO_LYSOSOME_TRANSPORT",33,"Up",0.143888097663098,0.949642111782915
"GOBP_COMMON_MYELOID_PROGENITOR_CELL_PROLIFERATION",2,"Down",0.144097767442842,0.949642111782915
"GOBP_NUCLEOSIDE_BISPHOSPHATE_METABOLIC_PROCESS",36,"Down",0.144166108548973,0.949642111782915
"GOBP_FIBROBLAST_MIGRATION",20,"Up",0.144251679591695,0.949642111782915
"GOBP_EXTRACELLULAR_MATRIX_ASSEMBLY",4,"Up",0.144381335358287,0.949642111782915
"GOBP_SULFUR_COMPOUND_CATABOLIC_PROCESS",5,"Down",0.144644026786817,0.949642111782915
"GOBP_SENSORY_PERCEPTION_OF_MECHANICAL_STIMULUS",27,"Down",0.144733845899071,0.949642111782915
"GOBP_BEHAVIOR",136,"Up",0.144835989110443,0.949642111782915
"GOBP_STRESS_GRANULE_DISASSEMBLY",3,"Up",0.144905158212736,0.949642111782915
"GOBP_MEMBRANE_ORGANIZATION",265,"Up",0.144916475012274,0.949642111782915
"GOBP_CAMERA_TYPE_EYE_MORPHOGENESIS",14,"Down",0.145012536091786,0.949642111782915
"GOBP_INTRACELLULAR_RECEPTOR_SIGNALING_PATHWAY",66,"Up",0.145243950729304,0.949642111782915
"GOBP_POSITIVE_REGULATION_OF_CANONICAL_WNT_SIGNALING_PATHWAY",24,"Down",0.14530465487005,0.949642111782915
"GOBP_NEGATIVE_REGULATION_OF_ACTIN_NUCLEATION",6,"Up",0.145573371316465,0.949642111782915
"GOBP_RETROGRADE_VESICLE_MEDIATED_TRANSPORT_GOLGI_TO_ENDOPLASMIC_RETICULUM",32,"Up",0.145734836318566,0.949642111782915
"GOBP_REGULATION_OF_PROTEIN_LOCALIZATION_TO_CELL_PERIPHERY",48,"Up",0.145956313421959,0.949642111782915
"GOBP_NUCLEOTIDE_EXCISION_REPAIR_DNA_INCISION",3,"Down",0.146064753811575,0.949642111782915
"GOBP_BRANCHING_MORPHOGENESIS_OF_A_NERVE",1,"Up",0.146162535140403,0.949642111782915
"GOBP_CARDIAC_EPITHELIAL_TO_MESENCHYMAL_TRANSITION",1,"Up",0.146162535140403,0.949642111782915
"GOBP_CELLULAR_SPHINGOLIPID_HOMEOSTASIS",1,"Up",0.146162535140403,0.949642111782915
"GOBP_POSITIVE_REGULATION_OF_MAMMARY_GLAND_EPITHELIAL_CELL_PROLIFERATION",1,"Up",0.146162535140403,0.949642111782915
"GOBP_REGULATION_OF_BRANCHING_MORPHOGENESIS_OF_A_NERVE",1,"Up",0.146162535140403,0.949642111782915
"GOBP_MYELOID_DENDRITIC_CELL_DIFFERENTIATION",2,"Down",0.146414653203002,0.949642111782915
"GOBP_ANDROGEN_RECEPTOR_SIGNALING_PATHWAY",16,"Up",0.146415483026456,0.949642111782915
"GOBP_HISTONE_H2B_UBIQUITINATION",5,"Down",0.146908412305364,0.949642111782915
"GOBP_CARDIAC_ATRIUM_MORPHOGENESIS",2,"Down",0.146982060980089,0.949642111782915
"GOBP_PROTEIN_MATURATION",56,"Down",0.14711291239417,0.949642111782915
"GOBP_OPTIC_NERVE_DEVELOPMENT",3,"Up",0.147260223414104,0.949642111782915
"GOBP_PHOSPHATIDYLINOSITOL_PHOSPHATE_BIOSYNTHETIC_PROCESS",26,"Up",0.147297989577264,0.949642111782915
"GOBP_LUTEINIZING_HORMONE_SECRETION",1,"Up",0.14750205262904,0.949642111782915
"GOBP_DORSAL_VENTRAL_AXIS_SPECIFICATION",2,"Down",0.14777915826156,0.949642111782915
"GOBP_POSITIVE_REGULATION_OF_NON_CANONICAL_WNT_SIGNALING_PATHWAY",2,"Down",0.148171917165717,0.949642111782915
"GOBP_REGULATION_OF_MIDBRAIN_DOPAMINERGIC_NEURON_DIFFERENTIATION",2,"Down",0.148171917165717,0.949642111782915
"GOBP_POSITIVE_REGULATION_OF_MAST_CELL_ACTIVATION_INVOLVED_IN_IMMUNE_RESPONSE",5,"Up",0.148419722726111,0.949642111782915
"GOBP_REGULATION_OF_CELL_ADHESION_MEDIATED_BY_INTEGRIN",6,"Down",0.148446240989078,0.949642111782915
"GOBP_RNA_LOCALIZATION",96,"Up",0.148477192172066,0.949642111782915
"GOBP_POSITIVE_REGULATION_OF_PEROXISOME_PROLIFERATOR_ACTIVATED_RECEPTOR_SIGNALING_PATHWAY",1,"Down",0.148730385215893,0.949642111782915
"GOBP_REGULATION_OF_PEROXISOME_PROLIFERATOR_ACTIVATED_RECEPTOR_SIGNALING_PATHWAY",1,"Down",0.148730385215893,0.949642111782915
"GOBP_POSITIVE_REGULATION_OF_SUBSTRATE_ADHESION_DEPENDENT_CELL_SPREADING",13,"Down",0.148836563077216,0.949642111782915
"GOBP_POSITIVE_REGULATION_OF_VASCULAR_ENDOTHELIAL_GROWTH_FACTOR_PRODUCTION",1,"Down",0.148958011085144,0.949642111782915
"GOBP_VASCULAR_ENDOTHELIAL_GROWTH_FACTOR_PRODUCTION",1,"Down",0.148958011085144,0.949642111782915
"GOBP_CELL_CELL_RECOGNITION",12,"Up",0.148985980133177,0.949642111782915
"GOBP_PENTOSE_PHOSPHATE_SHUNT_NON_OXIDATIVE_BRANCH",1,"Up",0.149432683220216,0.949642111782915
"GOBP_REGULATION_OF_GTPASE_ACTIVITY",119,"Up",0.149507210221202,0.949642111782915
"GOBP_TERTIARY_ALCOHOL_METABOLIC_PROCESS",2,"Down",0.149801775050419,0.949642111782915
"GOBP_NEGATIVE_REGULATION_OF_ACTIN_FILAMENT_DEPOLYMERIZATION",21,"Up",0.149825050781732,0.949642111782915
"GOBP_APPENDAGE_DEVELOPMENT",24,"Down",0.14993996604811,0.949642111782915
"GOBP_POSITIVE_REGULATION_OF_T_CELL_MEDIATED_IMMUNITY",5,"Up",0.1500598268302,0.949642111782915
"GOBP_NEGATIVE_REGULATION_OF_OXIDATIVE_STRESS_INDUCED_NEURON_INTRINSIC_APOPTOTIC_SIGNALING_PATHWAY",2,"Up",0.150207852928296,0.949642111782915
"GOBP_NEGATIVE_REGULATION_OF_TRANSCRIPTION_REGULATORY_REGION_DNA_BINDING",3,"Down",0.150343076210288,0.949642111782915
"GOBP_POSITIVE_REGULATION_OF_PHAGOCYTOSIS",9,"Down",0.150538068697082,0.949642111782915
"GOBP_SKELETAL_MUSCLE_ACETYLCHOLINE_GATED_CHANNEL_CLUSTERING",3,"Down",0.150823891588854,0.949642111782915
"GOBP_ACTIN_FILAMENT_DEPOLYMERIZATION",28,"Up",0.150939933995047,0.949642111782915
"GOBP_TYPE_B_PANCREATIC_CELL_PROLIFERATION",2,"Up",0.151450663901323,0.949642111782915
"GOBP_DOUBLE_STRAND_BREAK_REPAIR",62,"Down",0.15188658691746,0.949642111782915
"GOBP_CELLULAR_RESPONSE_TO_EPINEPHRINE_STIMULUS",5,"Up",0.151900965576417,0.949642111782915
"GOBP_RESPONSE_TO_EPINEPHRINE",5,"Up",0.151900965576417,0.949642111782915
"GOBP_CELLULAR_PIGMENTATION",17,"Down",0.151963910157388,0.949642111782915
"GOBP_REGULATION_OF_BIOMINERALIZATION",8,"Down",0.151982661961829,0.949642111782915
"GOBP_NEGATIVE_REGULATION_OF_B_CELL_ACTIVATION",4,"Down",0.152034191969955,0.949642111782915
"GOBP_NEGATIVE_REGULATION_OF_B_CELL_PROLIFERATION",4,"Down",0.152034191969955,0.949642111782915
"GOBP_ANTEROGRADE_DENDRITIC_TRANSPORT_OF_NEUROTRANSMITTER_RECEPTOR_COMPLEX",4,"Up",0.152035373979868,0.949642111782915
"GOBP_REGULATION_OF_EXOSOMAL_SECRETION",12,"Up",0.152221176864299,0.949642111782915
"GOBP_NEGATIVE_REGULATION_OF_FAT_CELL_DIFFERENTIATION",4,"Up",0.152320107027115,0.949642111782915
"GOBP_NEGATIVE_REGULATION_OF_POTASSIUM_ION_TRANSMEMBRANE_TRANSPORT",8,"Up",0.152920066245898,0.949642111782915
"GOBP_ADHERENS_JUNCTION_MAINTENANCE",3,"Up",0.152928732407227,0.949642111782915
"GOBP_REGULATION_OF_PROTEIN_LOCALIZATION_TO_CILIUM",5,"Up",0.153164043844083,0.949642111782915
"GOBP_DEVELOPMENTAL_CELL_GROWTH",65,"Up",0.153283303002619,0.949642111782915
"GOBP_RESPONSE_TO_SORBITOL",2,"Down",0.15337892077297,0.949642111782915
"GOBP_SNRNA_TRANSCRIPTION_BY_RNA_POLYMERASE_III",2,"Down",0.154128854848346,0.949642111782915
"GOBP_SNRNA_METABOLIC_PROCESS",22,"Down",0.154439328378578,0.949642111782915
"GOBP_POSITIVE_REGULATION_OF_CATABOLIC_PROCESS",190,"Up",0.154914305825189,0.949642111782915
"GOBP_AUTOPHAGY_OF_MITOCHONDRION",41,"Up",0.154924028799904,0.949642111782915
"GOBP_WALKING_BEHAVIOR",6,"Up",0.155147403335061,0.949642111782915
"GOBP_NEGATIVE_REGULATION_OF_MESENCHYMAL_CELL_PROLIFERATION",1,"Up",0.155332786894661,0.949642111782915
"GOBP_VENTRICULAR_CARDIAC_MUSCLE_CELL_DEVELOPMENT",1,"Up",0.155332786894661,0.949642111782915
"GOBP_VENTRICULAR_CARDIAC_MUSCLE_CELL_DIFFERENTIATION",1,"Up",0.155332786894661,0.949642111782915
"GOBP_ADENYLATE_CYCLASE_MODULATING_G_PROTEIN_COUPLED_RECEPTOR_SIGNALING_PATHWAY",27,"Down",0.155350925556629,0.949642111782915
"GOBP_MITOTIC_NUCLEAR_MEMBRANE_ORGANIZATION",6,"Down",0.155550801903802,0.949642111782915
"GOBP_INTRACELLULAR_TRANSPORT",633,"Up",0.155799215163446,0.949642111782915
"GOBP_REGULATION_OF_T_CELL_RECEPTOR_SIGNALING_PATHWAY",9,"Down",0.155858446718304,0.949642111782915
"GOBP_CELLULAR_RESPONSE_TO_LIGHT_INTENSITY",2,"Down",0.156066864624962,0.949642111782915
"GOBP_NEGATIVE_REGULATION_OF_ALPHA_BETA_T_CELL_ACTIVATION",4,"Down",0.156097349875137,0.949642111782915
"GOBP_POSITIVE_REGULATION_OF_AUTOPHAGY",50,"Up",0.156195378812928,0.949642111782915
"GOBP_CILIARY_NEUROTROPHIC_FACTOR_MEDIATED_SIGNALING_PATHWAY",1,"Down",0.156219581425018,0.949642111782915
"GOBP_EXIT_FROM_MITOSIS",14,"Up",0.156243325155638,0.949642111782915
"GOBP_PROTEIN_EXPORT_FROM_NUCLEUS",18,"Up",0.156468038230394,0.949642111782915
"GOBP_SULFUR_COMPOUND_BIOSYNTHETIC_PROCESS",30,"Down",0.156495765506949,0.949642111782915
"GOBP_DETERMINATION_OF_LEFT_RIGHT_ASYMMETRY_IN_LATERAL_MESODERM",1,"Down",0.156804196200404,0.949642111782915
"GOBP_LATERAL_MESODERM_DEVELOPMENT",1,"Down",0.156804196200404,0.949642111782915
"GOBP_NODAL_SIGNALING_PATHWAY",1,"Down",0.156804196200404,0.949642111782915
"GOBP_REGULATION_OF_NODAL_SIGNALING_PATHWAY",1,"Down",0.156804196200404,0.949642111782915
"GOBP_REGULATION_OF_NODAL_SIGNALING_PATHWAY_INVOLVED_IN_DETERMINATION_OF_LEFT_RIGHT_ASYMMETRY",1,"Down",0.156804196200404,0.949642111782915
"GOBP_SECONDARY_PALATE_DEVELOPMENT",1,"Down",0.156804196200404,0.949642111782915
"GOBP_REGULATION_OF_MAST_CELL_ACTIVATION",7,"Up",0.157119967082968,0.949642111782915
"GOBP_PROTEIN_DESTABILIZATION",11,"Down",0.157774852671168,0.949642111782915
"GOBP_REGULATION_OF_HUMORAL_IMMUNE_RESPONSE",3,"Down",0.157824834005308,0.949642111782915
"GOBP_POSITIVE_REGULATION_OF_SYNAPTIC_VESICLE_RECYCLING",4,"Up",0.157831257699839,0.949642111782915
"GOBP_REGULATION_OF_PROTEIN_LOCALIZATION_TO_NUCLEUS",53,"Up",0.157838583552698,0.949642111782915
"GOBP_CELLULAR_RESPONSE_TO_VIRUS",24,"Up",0.157913594626485,0.949642111782915
"GOBP_NEGATIVE_REGULATION_OF_HYDROGEN_PEROXIDE_METABOLIC_PROCESS",2,"Down",0.158011957567587,0.949642111782915
"GOBP_RETINOL_METABOLIC_PROCESS",3,"Up",0.158080870081555,0.949642111782915
"GOBP_CITRULLINE_METABOLIC_PROCESS",2,"Up",0.158390647383199,0.949642111782915
"GOBP_RIBOSOME_DISASSEMBLY",2,"Down",0.158573543150942,0.949642111782915
"GOBP_VESICLE_MEDIATED_TRANSPORT_BETWEEN_ENDOSOMAL_COMPARTMENTS",31,"Up",0.158604300307955,0.949642111782915
"GOBP_WATER_SOLUBLE_VITAMIN_METABOLIC_PROCESS",11,"Down",0.158622515588422,0.949642111782915
"GOBP_POSITIVE_REGULATION_OF_SYNAPTIC_VESICLE_EXOCYTOSIS",2,"Down",0.15883506330075,0.949642111782915
"GOBP_LAMELLIPODIUM_ORGANIZATION",42,"Up",0.158846740454933,0.949642111782915
"GOBP_CHOLINE_TRANSPORT",1,"Down",0.158977626975689,0.949642111782915
"GOBP_NEGATIVE_REGULATION_OF_LOW_DENSITY_LIPOPROTEIN_RECEPTOR_ACTIVITY",1,"Down",0.158977626975689,0.949642111782915
"GOBP_SKIN_MORPHOGENESIS",1,"Down",0.158977626975689,0.949642111782915
"GOBP_PLASMA_MEMBRANE_FUSION",1,"Up",0.159018527970266,0.949642111782915
"GOBP_REGULATION_OF_HEPATIC_STELLATE_CELL_ACTIVATION",4,"Down",0.159236526610686,0.949642111782915
"GOBP_CALCIUM_MEDIATED_SIGNALING",35,"Up",0.159246306963704,0.949642111782915
"GOBP_REGULATION_OF_OXIDATIVE_STRESS_INDUCED_INTRINSIC_APOPTOTIC_SIGNALING_PATHWAY",8,"Up",0.159293207679248,0.949642111782915
"GOBP_ATF6_MEDIATED_UNFOLDED_PROTEIN_RESPONSE",1,"Up",0.15943908966979,0.949642111782915
"GOBP_OLFACTORY_BEHAVIOR",1,"Up",0.15943908966979,0.949642111782915
"GOBP_REGULATION_OF_HYDROGEN_PEROXIDE_METABOLIC_PROCESS",4,"Down",0.159498292119,0.949642111782915
"GOBP_SIGNAL_PEPTIDE_PROCESSING",3,"Down",0.159499842183484,0.949642111782915
"GOBP_NEGATIVE_REGULATION_OF_CELL_MATRIX_ADHESION",11,"Up",0.159653011171192,0.949642111782915
"GOBP_POSITIVE_REGULATION_OF_LONG_TERM_SYNAPTIC_DEPRESSION",2,"Up",0.159725735064917,0.949642111782915
"GOBP_EPITHELIAL_CELL_DIFFERENTIATION_INVOLVED_IN_PROSTATE_GLAND_DEVELOPMENT",3,"Down",0.159806079902968,0.949642111782915
"GOBP_POSITIVE_REGULATION_OF_SODIUM_ION_TRANSPORT",10,"Down",0.160083131042029,0.949642111782915
"GOBP_CELL_MORPHOGENESIS_INVOLVED_IN_DIFFERENTIATION",194,"Up",0.160166838180781,0.949642111782915
"GOBP_PROTEIN_LOCALIZATION_TO_ENDOPLASMIC_RETICULUM_EXIT_SITE",4,"Up",0.160237247181089,0.949642111782915
"GOBP_NEGATIVE_REGULATION_OF_PROTEIN_LOCALIZATION_TO_MEMBRANE",12,"Up",0.160344711783949,0.949642111782915
"GOBP_INTERLEUKIN_10_PRODUCTION",5,"Down",0.160363829553774,0.949642111782915
"GOBP_NEURON_FATE_COMMITMENT",2,"Down",0.160446838842049,0.949642111782915
"GOBP_NEURON_FATE_SPECIFICATION",2,"Down",0.160446838842049,0.949642111782915
"GOBP_REGULATION_OF_ENDOPLASMIC_RETICULUM_TUBULAR_NETWORK_ORGANIZATION",3,"Up",0.160474889534125,0.949642111782915
"GOBP_REGULATION_OF_FIBROBLAST_MIGRATION",14,"Up",0.160640995973034,0.949784562397596
"GOBP_MAST_CELL_ACTIVATION",14,"Up",0.160811431469912,0.949952334133661
"GOBP_NEGATIVE_REGULATION_OF_GTPASE_ACTIVITY",14,"Up",0.160958197231168,0.949980110224908
"GOBP_NEGATIVE_REGULATION_OF_MICROTUBULE_POLYMERIZATION",11,"Up",0.161646147872685,0.952554322064166
"GOBP_RESPONSE_TO_MUSCLE_ACTIVITY",3,"Up",0.161722870712381,0.952554322064166
"GOBP_MIDBODY_ABSCISSION",10,"Up",0.161821700293838,0.952554322064166
"GOBP_ARF_PROTEIN_SIGNAL_TRANSDUCTION",13,"Up",0.16221872274502,0.954051538255014
"GOBP_RESPONSE_TO_ATP",5,"Down",0.162520232715134,0.954240319382613
"GOBP_NEGATIVE_REGULATION_OF_RETINOIC_ACID_RECEPTOR_SIGNALING_PATHWAY",1,"Up",0.162536223086107,0.954240319382613
"GOBP_RESPONSE_TO_REDOX_STATE",3,"Up",0.162870155519832,0.954708872554596
"GOBP_HISTONE_H4_ACETYLATION",18,"Down",0.162901573737819,0.954708872554596
"GOBP_NEURAL_PRECURSOR_CELL_PROLIFERATION",23,"Up",0.163220270602466,0.955157051487875
"GOBP_NADH_DEHYDROGENASE_COMPLEX_ASSEMBLY",14,"Down",0.163507203026724,0.955157051487875
"GOBP_POSITIVE_REGULATION_OF_NUCLEAR_TRANSCRIBED_MRNA_CATABOLIC_PROCESS_DEADENYLATION_DEPENDENT_DECAY",6,"Up",0.163515324497196,0.955157051487875
"GOBP_KETONE_BODY_METABOLIC_PROCESS",3,"Down",0.163549397929358,0.955157051487875
"GOBP_REGULATION_OF_CELLULAR_RESPONSE_TO_GROWTH_FACTOR_STIMULUS",42,"Down",0.164380049887347,0.95694227308299
"GOBP_LIPID_DROPLET_ORGANIZATION",9,"Down",0.164514225384479,0.95694227308299
"GOBP_MATURATION_OF_5_8S_RRNA",12,"Down",0.164705561070691,0.95694227308299
"GOBP_REGULATION_OF_ANATOMICAL_STRUCTURE_SIZE",130,"Up",0.164855777354356,0.95694227308299
"GOBP_B_CELL_PROLIFERATION",10,"Down",0.165058716756111,0.95694227308299
"GOBP_REGULATION_OF_PROTEIN_STABILITY",110,"Up",0.165151847664628,0.95694227308299
"GOBP_MUSCLE_SYSTEM_PROCESS",99,"Up",0.165161706106129,0.95694227308299
"GOBP_POSITIVE_REGULATION_OF_VASCULAR_ENDOTHELIAL_GROWTH_FACTOR_RECEPTOR_SIGNALING_PATHWAY",2,"Down",0.165233871625862,0.95694227308299
"GOBP_REGULATION_OF_TRANSMEMBRANE_RECEPTOR_PROTEIN_SERINE_THREONINE_KINASE_SIGNALING_PATHWAY",28,"Down",0.16526078699457,0.95694227308299
"GOBP_MITOTIC_SISTER_CHROMATID_SEGREGATION",40,"Up",0.165286126126941,0.95694227308299
"GOBP_CELLULAR_RESPONSE_TO_ETHANOL",2,"Up",0.165637752823832,0.958148488869346
"GOBP_ACTIN_CYTOSKELETON_REORGANIZATION",33,"Up",0.165991854860078,0.958756789530569
"GOBP_REGULATION_OF_CATABOLIC_PROCESS",363,"Up",0.166151259102323,0.958756789530569
"GOBP_NEGATIVE_REGULATION_OF_PROTEIN_TARGETING_TO_MEMBRANE",3,"Up",0.166173040087622,0.958756789530569
"GOBP_FATTY_ACYL_COA_CATABOLIC_PROCESS",2,"Down",0.166424474483984,0.959242375198829
"GOBP_REGULATION_OF_MAST_CELL_ACTIVATION_INVOLVED_IN_IMMUNE_RESPONSE",6,"Up",0.166544100135463,0.959242375198829
"GOBP_TRANSCRIPTION_FACTOR_CATABOLIC_PROCESS",2,"Up",0.166931322214692,0.960023563817454
"GOBP_AMP_CATABOLIC_PROCESS",1,"Up",0.16701761664482,0.960023563817454
"GOBP_REGULATION_OF_CENTRIOLE_REPLICATION",7,"Up",0.167267607719944,0.960023563817454
"GOBP_EPITHELIAL_CELL_CELL_ADHESION",1,"Up",0.16729694463463,0.960023563817454
"GOBP_CYTOKINE_MEDIATED_SIGNALING_PATHWAY",68,"Down",0.16745960406242,0.960023563817454
"GOBP_REGULATION_OF_PROTEIN_LOCALIZATION_TO_PLASMA_MEMBRANE",43,"Up",0.167932006827871,0.960023563817454
"GOBP_POSITIVE_REGULATION_OF_NIK_NF_KAPPAB_SIGNALING",13,"Down",0.167981929992521,0.960023563817454
"GOBP_NEGATIVE_REGULATION_OF_MAP_KINASE_ACTIVITY",14,"Down",0.168199525428131,0.960023563817454
"GOBP_VESICLE_TRANSPORT_ALONG_MICROTUBULE",26,"Up",0.168309301287341,0.960023563817454
"GOBP_NEGATIVE_REGULATION_OF_INTERLEUKIN_1_MEDIATED_SIGNALING_PATHWAY",1,"Up",0.168337287073355,0.960023563817454
"GOBP_REGULATION_OF_INTERLEUKIN_1_MEDIATED_SIGNALING_PATHWAY",1,"Up",0.168337287073355,0.960023563817454
"GOBP_COMMISSURAL_NEURON_AXON_GUIDANCE",1,"Up",0.168412992432546,0.960023563817454
"GOBP_POSITIVE_REGULATION_OF_CYTOPLASMIC_TRANSPORT",8,"Up",0.168547052914598,0.960023563817454
"GOBP_CELLULAR_MAGNESIUM_ION_HOMEOSTASIS",1,"Down",0.168689649691268,0.960023563817454
"GOBP_MOTOR_LEARNING",3,"Down",0.168892483290072,0.960360574626455
"GOBP_NEGATIVE_REGULATION_OF_GLUCOSE_IMPORT",1,"Down",0.169742261983934,0.960603980597682
"GOBP_NEGATIVE_REGULATION_OF_CHROMATIN_BINDING",3,"Up",0.170027337499315,0.960603980597682
"GOBP_NEGATIVE_REGULATION_OF_CELL_DIFFERENTIATION",91,"Down",0.170380119270548,0.960603980597682
"GOBP_REGULATION_OF_PROTEIN_LOCALIZATION",269,"Up",0.170452816734354,0.960603980597682
"GOBP_RESPONSE_TO_TYPE_I_INTERFERON",19,"Up",0.170553531297039,0.960603980597682
"GOBP_ACTIVATION_OF_STORE_OPERATED_CALCIUM_CHANNEL_ACTIVITY",2,"Up",0.170575193232069,0.960603980597682
"GOBP_POSITIVE_REGULATION_OF_STORE_OPERATED_CALCIUM_CHANNEL_ACTIVITY",2,"Up",0.170575193232069,0.960603980597682
"GOBP_NEGATIVE_REGULATION_OF_OXIDATIVE_STRESS_INDUCED_INTRINSIC_APOPTOTIC_SIGNALING_PATHWAY",5,"Up",0.171200106264446,0.960603980597682
"GOBP_REGULATION_OF_SYNAPTIC_VESICLE_TRANSPORT",2,"Up",0.171771857624541,0.960603980597682
"GOBP_VIRAL_BUDDING",19,"Up",0.171894717444854,0.960603980597682
"GOBP_POSITIVE_REGULATION_OF_POSTTRANSCRIPTIONAL_GENE_SILENCING",15,"Up",0.171984229830336,0.960603980597682
"GOBP_MRNA_5_SPLICE_SITE_RECOGNITION",3,"Down",0.172179326313494,0.960603980597682
"GOBP_SENSORY_PERCEPTION",67,"Down",0.17229442071818,0.960603980597682
"GOBP_REGULATION_OF_CYCLIC_NUCLEOTIDE_PHOSPHODIESTERASE_ACTIVITY",4,"Up",0.172313513176456,0.960603980597682
"GOBP_REGULATION_OF_MAMMARY_GLAND_EPITHELIAL_CELL_PROLIFERATION",2,"Up",0.172567376073534,0.960603980597682
"GOBP_NEGATIVE_REGULATION_OF_TELOMERE_MAINTENANCE_VIA_TELOMERASE",9,"Up",0.172636624992201,0.960603980597682
"GOBP_REGULATION_OF_B_CELL_RECEPTOR_SIGNALING_PATHWAY",3,"Down",0.173140643355054,0.960603980597682
"GOBP_RESPONSE_TO_VITAMIN_A",2,"Up",0.173153734762296,0.960603980597682
"GOBP_REGULATION_OF_VASCULAR_ASSOCIATED_SMOOTH_MUSCLE_CONTRACTION",4,"Up",0.173292659634298,0.960603980597682
"GOBP_MAST_CELL_ACTIVATION_INVOLVED_IN_IMMUNE_RESPONSE",13,"Up",0.173342782008074,0.960603980597682
"GOBP_NEGATIVE_REGULATION_OF_PROTEIN_MATURATION",3,"Up",0.173378339791214,0.960603980597682
"GOBP_NON_LYTIC_VIRAL_RELEASE",9,"Up",0.173511780902327,0.960603980597682
"GOBP_REGULATION_OF_AUTOPHAGY_OF_MITOCHONDRION",20,"Up",0.173559142498076,0.960603980597682
"GOBP_MYELOID_CELL_APOPTOTIC_PROCESS",6,"Down",0.173643568064913,0.960603980597682
"GOBP_PROTEIN_INSERTION_INTO_ER_MEMBRANE_BY_STOP_TRANSFER_MEMBRANE_ANCHOR_SEQUENCE",4,"Down",0.173689952997348,0.960603980597682
"GOBP_POSITIVE_REGULATION_OF_RESPONSE_TO_INTERFERON_GAMMA",2,"Down",0.174348440977085,0.960603980597682
"GOBP_PURKINJE_MYOCYTE_TO_VENTRICULAR_CARDIAC_MUSCLE_CELL_SIGNALING",1,"Up",0.174398880927618,0.960603980597682
"GOBP_VESICLE_MEDIATED_TRANSPORT_TO_THE_PLASMA_MEMBRANE",82,"Up",0.174574716454573,0.960603980597682
"GOBP_HISTONE_MRNA_CATABOLIC_PROCESS",7,"Up",0.174625853165175,0.960603980597682
"GOBP_INTRACILIARY_TRANSPORT_INVOLVED_IN_CILIUM_ASSEMBLY",3,"Up",0.174751034560665,0.960603980597682
"GOBP_NEGATIVE_REGULATION_OF_BLOOD_CIRCULATION",6,"Up",0.174832754131967,0.960603980597682
"GOBP_EPITHELIAL_TO_MESENCHYMAL_TRANSITION",24,"Up",0.174876927306283,0.960603980597682
"GOBP_NEGATIVE_REGULATION_OF_CELL_JUNCTION_ASSEMBLY",9,"Up",0.174938397288274,0.960603980597682
"GOBP_NEGATIVE_REGULATION_OF_TRANSFORMING_GROWTH_FACTOR_BETA_PRODUCTION",2,"Up",0.175003345882904,0.960603980597682
"GOBP_REGULATION_OF_CAMP_DEPENDENT_PROTEIN_KINASE_ACTIVITY",6,"Up",0.175047282830333,0.960603980597682
"GOBP_DELAMINATION",1,"Up",0.175085861225767,0.960603980597682
"GOBP_POSITIVE_REGULATION_OF_NERVOUS_SYSTEM_PROCESS",7,"Down",0.175090741258539,0.960603980597682
"GOBP_PIGMENT_CELL_DIFFERENTIATION",5,"Down",0.175148310949455,0.960603980597682
"GOBP_LYMPHOCYTE_ANERGY",1,"Down",0.175172272542956,0.960603980597682
"GOBP_NEGATIVE_REGULATION_OF_ALPHA_BETA_T_CELL_PROLIFERATION",1,"Down",0.175172272542956,0.960603980597682
"GOBP_POSITIVE_REGULATION_OF_LYMPHOCYTE_ANERGY",1,"Down",0.175172272542956,0.960603980597682
"GOBP_POSITIVE_REGULATION_OF_T_CELL_TOLERANCE_INDUCTION",1,"Down",0.175172272542956,0.960603980597682
"GOBP_T_CELL_TOLERANCE_INDUCTION",1,"Down",0.175172272542956,0.960603980597682
"GOBP_NEGATIVE_REGULATION_OF_ESTABLISHMENT_OF_PROTEIN_LOCALIZATION_TO_MITOCHONDRION",3,"Up",0.175255997656523,0.960603980597682
"GOBP_NEGATIVE_REGULATION_OF_PHOSPHOLIPID_METABOLIC_PROCESS",2,"Up",0.175640411863536,0.961192363480104
"GOBP_PROTOPORPHYRINOGEN_IX_METABOLIC_PROCESS",1,"Down",0.175854011305097,0.961192363480104
"GOBP_REGULATION_OF_RIBOSOME_BIOGENESIS",3,"Down",0.176357984139934,0.961192363480104
"GOBP_CELL_MIGRATION_INVOLVED_IN_HEART_DEVELOPMENT",2,"Down",0.176782234790555,0.961192363480104
"GOBP_MEMBRANE_RAFT_LOCALIZATION",2,"Down",0.176805157121797,0.961192363480104
"GOBP_REGULATION_OF_AXONOGENESIS",41,"Up",0.176983262457173,0.961192363480104
"GOBP_RRNA_METABOLIC_PROCESS",81,"Down",0.177220849780662,0.961192363480104
"GOBP_RESPONSE_TO_METHYLMERCURY",1,"Up",0.177361658199647,0.961192363480104
"GOBP_CILIARY_BASAL_BODY_ORGANIZATION",2,"Up",0.177453730556316,0.961192363480104
"GOBP_NEGATIVE_REGULATION_BY_HOST_OF_VIRAL_TRANSCRIPTION",3,"Up",0.177885405236157,0.961192363480104
"GOBP_REGULATION_OF_PHOSPHOLIPID_TRANSPORT",6,"Down",0.178151563653219,0.961192363480104
"GOBP_NEGATIVE_REGULATION_OF_I_KAPPAB_KINASE_NF_KAPPAB_SIGNALING",12,"Up",0.178327244856738,0.961192363480104
"GOBP_REGULATION_OF_CELLULAR_COMPONENT_SIZE",113,"Up",0.178360730025527,0.961192363480104
"GOBP_CYTOPLASM_ORGANIZATION",5,"Up",0.178376178815557,0.961192363480104
"GOBP_REPRODUCTIVE_BEHAVIOR",6,"Down",0.178406655739909,0.961192363480104
"GOBP_POSITIVE_REGULATION_OF_TOR_SIGNALING",24,"Down",0.178577095955097,0.961192363480104
"GOBP_DIGESTIVE_TRACT_MORPHOGENESIS",4,"Down",0.179240503384881,0.961192363480104
"GOBP_DEFENSE_RESPONSE_TO_GRAM_POSITIVE_BACTERIUM",3,"Down",0.179326614967218,0.961192363480104
"GOBP_REGULATION_OF_LIPOPROTEIN_METABOLIC_PROCESS",3,"Up",0.179493587318711,0.961192363480104
"GOBP_REGULATION_OF_PROTEIN_LIPIDATION",3,"Up",0.179493587318711,0.961192363480104
"GOBP_POSITIVE_REGULATION_OF_TRANSCRIPTION_FROM_RNA_POLYMERASE_II_PROMOTER_IN_RESPONSE_TO_STRESS",3,"Down",0.179628475558657,0.961192363480104
"GOBP_POSITIVE_REGULATION_OF_PROTEIN_LOCALIZATION_TO_SYNAPSE",2,"Up",0.179638266596931,0.961192363480104
"GOBP_REGULATION_OF_NUCLEOTIDE_BINDING_OLIGOMERIZATION_DOMAIN_CONTAINING_SIGNALING_PATHWAY",2,"Up",0.179714781830506,0.961192363480104
"GOBP_POSITIVE_REGULATION_OF_T_CELL_PROLIFERATION",9,"Down",0.179827938623476,0.961192363480104
"GOBP_EPIBOLY",10,"Up",0.179865205075784,0.961192363480104
"GOBP_EXTRACELLULAR_MATRIX_CONSTITUENT_SECRETION",2,"Down",0.18004983257973,0.961192363480104
"GOBP_REGULATION_OF_EXTRACELLULAR_MATRIX_CONSTITUENT_SECRETION",2,"Down",0.18004983257973,0.961192363480104
"GOBP_POSITIVE_REGULATION_OF_OSTEOBLAST_DIFFERENTIATION",6,"Down",0.180114494361629,0.961192363480104
"GOBP_MEMBRANE_HYPERPOLARIZATION",2,"Up",0.180189659993942,0.961192363480104
"GOBP_POSITIVE_REGULATION_OF_DNA_LIGATION",3,"Down",0.180704529992532,0.961192363480104
"GOBP_NEGATIVE_REGULATION_OF_MUSCLE_CONTRACTION",8,"Up",0.180738500749857,0.961192363480104
"GOBP_COLLATERAL_SPROUTING_IN_ABSENCE_OF_INJURY",1,"Up",0.180791003025036,0.961192363480104
"GOBP_FLOOR_PLATE_DEVELOPMENT",1,"Up",0.180791003025036,0.961192363480104
"GOBP_NOTOCHORD_DEVELOPMENT",1,"Up",0.180791003025036,0.961192363480104
"GOBP_SEGMENT_SPECIFICATION",1,"Up",0.180791003025036,0.961192363480104
"GOBP_SOMITE_SPECIFICATION",1,"Up",0.180791003025036,0.961192363480104
"GOBP_TAIL_ANCHORED_MEMBRANE_PROTEIN_INSERTION_INTO_ER_MEMBRANE",7,"Down",0.180801640496873,0.961192363480104
"GOBP_NEURAL_TUBE_DEVELOPMENT",30,"Up",0.180969492430212,0.961192363480104
"GOBP_REGULATION_OF_MUSCLE_CONTRACTION",35,"Up",0.180982977605086,0.961192363480104
"GOBP_NUCLEAR_PORE_ORGANIZATION",11,"Up",0.181112962163142,0.961192363480104
"GOBP_POSITIVE_REGULATION_OF_MEIOTIC_CELL_CYCLE",3,"Up",0.181753058207598,0.961803141562129
"GOBP_ORGANIC_CATION_TRANSPORT",5,"Down",0.181922923084467,0.961803141562129
"GOBP_METHIONINE_BIOSYNTHETIC_PROCESS",2,"Down",0.181925868437432,0.961803141562129
"GOBP_SULFUR_AMINO_ACID_BIOSYNTHETIC_PROCESS",2,"Down",0.181925868437432,0.961803141562129
"GOBP_REGULATION_OF_ACTIVIN_RECEPTOR_SIGNALING_PATHWAY",4,"Down",0.182051430592472,0.961803141562129
"GOBP_MICROTUBULE_BASED_TRANSPORT",85,"Up",0.182091038913961,0.961803141562129
"GOBP_FOREBRAIN_RADIAL_GLIAL_CELL_DIFFERENTIATION",1,"Down",0.18249074997219,0.961895977492174
"GOBP_REGULATION_OF_NEURONAL_SYNAPTIC_PLASTICITY",16,"Up",0.182558268890116,0.961895977492174
"GOBP_CIRCADIAN_RHYTHM",49,"Up",0.182909671934465,0.961895977492174
"GOBP_RRNA_BASE_METHYLATION",3,"Down",0.182997545088585,0.961895977492174
"GOBP_LAMELLIPODIUM_MORPHOGENESIS",10,"Up",0.1830738116207,0.961895977492174
"GOBP_CELLULAR_RESPONSE_TO_X_RAY",4,"Down",0.183108613300842,0.961895977492174
"GOBP_POSITIVE_REGULATION_OF_CARDIAC_MUSCLE_ADAPTATION",1,"Up",0.183278110284553,0.961895977492174
"GOBP_REGULATION_OF_DNA_DEPENDENT_DNA_REPLICATION_INITIATION",2,"Up",0.18335508689352,0.961895977492174
"GOBP_REGULATION_OF_LEUKOCYTE_ADHESION_TO_VASCULAR_ENDOTHELIAL_CELL",3,"Down",0.183480041238673,0.961895977492174
"GOBP_DEVELOPMENTAL_GROWTH_INVOLVED_IN_MORPHOGENESIS",66,"Up",0.183670417166461,0.961895977492174
"GOBP_NEGATIVE_REGULATION_OF_DOUBLE_STRAND_BREAK_REPAIR_VIA_NONHOMOLOGOUS_END_JOINING",1,"Up",0.184107373155411,0.961895977492174
"GOBP_STRIATED_MUSCLE_CELL_APOPTOTIC_PROCESS",8,"Up",0.184205628992732,0.961895977492174
"GOBP_SNRNA_PROCESSING",10,"Down",0.184292793370363,0.961895977492174
"GOBP_NEGATIVE_REGULATION_OF_PROTEIN_K63_LINKED_UBIQUITINATION",3,"Up",0.18444116616056,0.961895977492174
"GOBP_NEGATIVE_REGULATION_OF_PROTEIN_POLYUBIQUITINATION",3,"Up",0.18444116616056,0.961895977492174
"GOBP_RESPONSE_TO_INTERFERON_ALPHA",3,"Up",0.184571166774355,0.961895977492174
"GOBP_REGULATION_OF_NUCLEAR_DIVISION",23,"Down",0.185186955485343,0.961895977492174
"GOBP_NEGATIVE_REGULATION_OF_RUFFLE_ASSEMBLY",1,"Down",0.185473905281367,0.961895977492174
"GOBP_REGULATION_OF_PRESYNAPTIC_CYTOSOLIC_CALCIUM_ION_CONCENTRATION",4,"Up",0.185737828089212,0.961895977492174
"GOBP_POSITIVE_REGULATION_OF_SYNAPSE_ASSEMBLY",10,"Down",0.185817389268105,0.961895977492174
"GOBP_MITOPHAGY",18,"Up",0.1858256454514,0.961895977492174
"GOBP_REGULATION_OF_RYANODINE_SENSITIVE_CALCIUM_RELEASE_CHANNEL_ACTIVITY",6,"Up",0.185930294949275,0.961895977492174
"GOBP_CELLULAR_RESPONSE_TO_ZINC_ION",4,"Down",0.186073810734311,0.961895977492174
"GOBP_POSITIVE_REGULATION_OF_EMBRYONIC_DEVELOPMENT",5,"Up",0.186216976910786,0.961895977492174
"GOBP_TRANSMISSION_OF_NERVE_IMPULSE",16,"Up",0.186555939687705,0.961895977492174
"GOBP_REGULATION_OF_MDA_5_SIGNALING_PATHWAY",2,"Up",0.186665325806912,0.961895977492174
"GOBP_REGULATION_OF_STEM_CELL_DIFFERENTIATION",13,"Up",0.186742670089315,0.961895977492174
"GOBP_REGULATION_OF_ESTABLISHMENT_OF_PROTEIN_LOCALIZATION",160,"Up",0.18689303984648,0.961895977492174
"GOBP_STEROID_METABOLIC_PROCESS",54,"Down",0.186942175657243,0.961895977492174
"GOBP_REGULATION_OF_ENDOTHELIAL_CELL_DEVELOPMENT",6,"Up",0.187049655571039,0.961895977492174
"GOBP_REGULATION_OF_AUTOPHAGY",130,"Up",0.187139441740003,0.961895977492174
"GOBP_REGULATION_OF_TELOMERE_MAINTENANCE",42,"Up",0.187213981320406,0.961895977492174
"GOBP_CELLULAR_MODIFIED_AMINO_ACID_BIOSYNTHETIC_PROCESS",14,"Down",0.187279404927237,0.961895977492174
"GOBP_RESPONSE_TO_SALT",4,"Up",0.187327464252799,0.961895977492174
"GOBP_MATURATION_OF_LSU_RRNA",15,"Down",0.187435403213913,0.961895977492174
"GOBP_POSITIVE_REGULATION_OF_PROTEIN_PHOSPHORYLATION",146,"Down",0.187646907423721,0.961895977492174
"GOBP_EPITHELIAL_CILIUM_MOVEMENT_INVOLVED_IN_DETERMINATION_OF_LEFT_RIGHT_ASYMMETRY",1,"Down",0.187732650873347,0.961895977492174
"GOBP_AMINE_METABOLIC_PROCESS",17,"Down",0.1877907909499,0.961895977492174
"GOBP_EPITHELIAL_TUBE_FORMATION",24,"Up",0.187925143696536,0.961895977492174
"GOBP_ESTABLISHMENT_OF_PROTEIN_LOCALIZATION_TO_CHROMOSOME",12,"Up",0.188499825444262,0.961895977492174
"GOBP_ANTEROGRADE_AXONAL_TRANSPORT",27,"Up",0.188625824493995,0.961895977492174
"GOBP_PLATELET_MORPHOGENESIS",6,"Down",0.188659998314939,0.961895977492174
"GOBP_REGULATION_OF_MUSCLE_ADAPTATION",23,"Up",0.188660574263374,0.961895977492174
"GOBP_MDA_5_SIGNALING_PATHWAY",3,"Up",0.188857603944777,0.961895977492174
"GOBP_T_CELL_DIFFERENTIATION_IN_THYMUS",13,"Down",0.189321344736568,0.961895977492174
"GOBP_REGULATION_OF_ACTIN_NUCLEATION",16,"Up",0.190058700564515,0.961895977492174
"GOBP_GONADOTROPIN_SECRETION",2,"Up",0.190329267559905,0.961895977492174
"GOBP_VESICLE_DOCKING",25,"Up",0.190373163628112,0.961895977492174
"GOBP_LENS_MORPHOGENESIS_IN_CAMERA_TYPE_EYE",5,"Down",0.190493157810903,0.961895977492174
"GOBP_CERAMIDE_METABOLIC_PROCESS",13,"Down",0.190568199247131,0.961895977492174
"GOBP_REGULATION_OF_MYELOID_CELL_APOPTOTIC_PROCESS",4,"Down",0.190665140495839,0.961895977492174
"GOBP_SPLICEOSOMAL_COMPLEX_ASSEMBLY",33,"Down",0.190938954215863,0.961895977492174
"GOBP_SYNAPSE_MATURATION",7,"Up",0.19110262563995,0.961895977492174
"GOBP_NEGATIVE_REGULATION_OF_INSULIN_SECRETION_INVOLVED_IN_CELLULAR_RESPONSE_TO_GLUCOSE_STIMULUS",2,"Down",0.191190073056841,0.961895977492174
"GOBP_PROTEIN_ADP_RIBOSYLATION",9,"Up",0.191205475276427,0.961895977492174
"GOBP_REGULATION_OF_EXTENT_OF_CELL_GROWTH",31,"Up",0.191778406968729,0.961895977492174
"GOBP_POSITIVE_REGULATION_OF_COAGULATION",3,"Down",0.192014899514888,0.961895977492174
"GOBP_DENDRITE_MORPHOGENESIS",58,"Up",0.192021099062987,0.961895977492174
"GOBP_REGULATION_OF_MEMBRANE_DEPOLARIZATION_DURING_CARDIAC_MUSCLE_CELL_ACTION_POTENTIAL",2,"Up",0.192093603305489,0.961895977492174
"GOBP_DIGESTION",13,"Up",0.192676659379183,0.961895977492174
"GOBP_NEGATIVE_REGULATION_OF_CENTRIOLE_REPLICATION",3,"Up",0.192816691885231,0.961895977492174
"GOBP_HORMONE_MEDIATED_SIGNALING_PATHWAY",48,"Up",0.192892331260107,0.961895977492174
"GOBP_MITOTIC_METAPHASE_PLATE_CONGRESSION",23,"Up",0.193370226025391,0.961895977492174
"GOBP_CELLULAR_RESPONSE_TO_UV_B",2,"Down",0.193546122470689,0.961895977492174
"GOBP_PEPTIDE_METABOLIC_PROCESS",311,"Up",0.193846537127173,0.961895977492174
"GOBP_REGULATION_OF_PIGMENTATION",1,"Down",0.193861552701836,0.961895977492174
"GOBP_EXTRACELLULAR_VESICLE_BIOGENESIS",13,"Up",0.193936169283483,0.961895977492174
"GOBP_CEREBRAL_CORTEX_REGIONALIZATION",1,"Down",0.194148249092875,0.961895977492174
"GOBP_TELENCEPHALON_REGIONALIZATION",1,"Down",0.194148249092875,0.961895977492174
"GOBP_NEGATIVE_REGULATION_OF_TELOMERE_MAINTENANCE_VIA_TELOMERE_LENGTHENING",10,"Up",0.194465506192828,0.961895977492174
"GOBP_REGULATION_OF_B_CELL_PROLIFERATION",6,"Down",0.194567871405393,0.961895977492174
"GOBP_NEGATIVE_REGULATION_OF_SODIUM_ION_TRANSPORT",8,"Up",0.194650036095971,0.961895977492174
"GOBP_MAINTENANCE_OF_ANIMAL_ORGAN_IDENTITY",1,"Up",0.19524785572811,0.961895977492174
"GOBP_REGULATION_OF_CHROMOSOME_ORGANIZATION",75,"Up",0.195364012182861,0.961895977492174
"GOBP_NEURON_DIFFERENTIATION",347,"Up",0.195689839838628,0.961895977492174
"GOBP_NEGATIVE_REGULATION_OF_PROTEIN_LOCALIZATION_TO_MICROTUBULE",2,"Up",0.195715211341363,0.961895977492174
"GOBP_AMEBOIDAL_TYPE_CELL_MIGRATION",80,"Up",0.195718046790043,0.961895977492174
"GOBP_NEURON_PROJECTION_MAINTENANCE",5,"Up",0.195819019446594,0.961895977492174
"GOBP_REGULATION_OF_DNA_TOPOISOMERASE_ATP_HYDROLYZING_ACTIVITY",2,"Up",0.195923075584127,0.961895977492174
"GOBP_REGULATION_OF_ISOMERASE_ACTIVITY",2,"Up",0.195923075584127,0.961895977492174
"GOBP_2_OXOGLUTARATE_METABOLIC_PROCESS",6,"Down",0.196080865957873,0.961895977492174
"GOBP_REGULATION_OF_HEART_RATE",16,"Up",0.19629941774019,0.961895977492174
"GOBP_RIBOSOMAL_LARGE_SUBUNIT_EXPORT_FROM_NUCLEUS",3,"Up",0.196536071747432,0.961895977492174
"GOBP_REGULATION_OF_LAMELLIPODIUM_MORPHOGENESIS",5,"Up",0.196857985904671,0.961895977492174
"GOBP_CELL_PROLIFERATION_IN_FOREBRAIN",4,"Up",0.197248409346307,0.961895977492174
"GOBP_CHLORIDE_TRANSPORT",10,"Down",0.197405830966787,0.961895977492174
"GOBP_TELOMERE_MAINTENANCE_VIA_RECOMBINATION",2,"Down",0.197799184816383,0.961895977492174
"GOBP_VENTRICULAR_CARDIAC_MUSCLE_TISSUE_DEVELOPMENT",5,"Up",0.197927294786679,0.961895977492174
"GOBP_MICROTUBULE_BASED_MOVEMENT",109,"Up",0.197983616414207,0.961895977492174
"GOBP_NEGATIVE_REGULATION_OF_CHEMOTAXIS",5,"Down",0.198049236282095,0.961895977492174
"GOBP_ATTACHMENT_OF_GPI_ANCHOR_TO_PROTEIN",3,"Down",0.198414475245979,0.961895977492174
"GOBP_HEART_MORPHOGENESIS",28,"Down",0.198574570269264,0.961895977492174
"GOBP_REGULATION_OF_TRANSLATION_IN_RESPONSE_TO_ENDOPLASMIC_RETICULUM_STRESS",5,"Down",0.198619708704977,0.961895977492174
"GOBP_NUCLEOTIDE_SALVAGE",6,"Up",0.198626289643742,0.961895977492174
"GOBP_MITOTIC_NUCLEAR_MEMBRANE_DISASSEMBLY",3,"Up",0.198660158573925,0.961895977492174
"GOBP_3_UTR_MEDIATED_MRNA_STABILIZATION",9,"Up",0.198944532666268,0.961895977492174
"GOBP_REGULATION_OF_MITOCHONDRIAL_MEMBRANE_POTENTIAL",19,"Up",0.19910942783134,0.961895977492174
"GOBP_STRESS_FIBER_ASSEMBLY",32,"Up",0.199206483988858,0.961895977492174
"GOBP_GOLGI_TO_LYSOSOME_TRANSPORT",7,"Up",0.19941416199322,0.961895977492174
"GOBP_ESTABLISHMENT_OF_EPITHELIAL_CELL_POLARITY",13,"Up",0.199787487357659,0.961895977492174
"GOBP_REGULATION_OF_LYSOSOMAL_PROTEIN_CATABOLIC_PROCESS",2,"Down",0.200268623956362,0.961895977492174
"GOBP_REGULATION_OF_PROTEIN_CATABOLIC_PROCESS_IN_THE_VACUOLE",2,"Down",0.200268623956362,0.961895977492174
"GOBP_ANTIGEN_RECEPTOR_MEDIATED_SIGNALING_PATHWAY",35,"Down",0.200597006979169,0.961895977492174
"GOBP_CELLULAR_RESPONSE_TO_ORGANIC_CYCLIC_COMPOUND",134,"Up",0.200609419256153,0.961895977492174
"GOBP_POSITIVE_REGULATION_OF_PROTEIN_IMPORT",13,"Up",0.200713398278285,0.961895977492174
"GOBP_NUCLEAR_EXPORT",68,"Up",0.200715075325924,0.961895977492174
"GOBP_NEGATIVE_REGULATION_OF_LYMPHOCYTE_ACTIVATION",12,"Down",0.200754772575981,0.961895977492174
"GOBP_EMBRYO_IMPLANTATION",9,"Up",0.200781879498854,0.961895977492174
"GOBP_PROTEIN_LOCALIZATION_TO_SITE_OF_DOUBLE_STRAND_BREAK",1,"Down",0.200830382450202,0.961895977492174
"GOBP_AMINO_ACID_ACTIVATION",6,"Up",0.201158098923593,0.961895977492174
"GOBP_REGULATION_OF_T_CELL_PROLIFERATION",20,"Down",0.201359133381794,0.961895977492174
"GOBP_REGULATION_OF_MUSCLE_HYPERTROPHY",17,"Up",0.201359256575759,0.961895977492174
"GOBP_SELECTIVE_AUTOPHAGY",39,"Up",0.201487300312034,0.961895977492174
"GOBP_RESPONSE_TO_X_RAY",8,"Down",0.201625188092583,0.961895977492174
"GOBP_UNSATURATED_FATTY_ACID_BIOSYNTHETIC_PROCESS",8,"Down",0.201892031613525,0.961895977492174
"GOBP_POSITIVE_REGULATION_OF_CIRCADIAN_RHYTHM",2,"Up",0.201917554548825,0.961895977492174
"GOBP_COPII_COATED_VESICLE_BUDDING",14,"Up",0.202297651224608,0.961895977492174
"GOBP_ENDOPLASMIC_RETICULUM_LOCALIZATION",4,"Up",0.20255065828252,0.961895977492174
"GOBP_GLUCOSE_IMPORT_IN_RESPONSE_TO_INSULIN_STIMULUS",3,"Up",0.20258405396459,0.961895977492174
"GOBP_VESICLE_TETHERING_TO_GOLGI",2,"Down",0.203148742054977,0.961895977492174
"GOBP_NEGATIVE_REGULATION_OF_GLUCOCORTICOID_METABOLIC_PROCESS",1,"Up",0.203321723776255,0.961895977492174
"GOBP_POSITIVE_REGULATION_OF_STRIATED_MUSCLE_CONTRACTION",1,"Up",0.203321723776255,0.961895977492174
"GOBP_CELLULAR_RESPONSE_TO_STEROL_DEPLETION",5,"Down",0.203361698286301,0.961895977492174
"GOBP_LYMPH_VESSEL_MORPHOGENESIS",2,"Down",0.203486669921045,0.961895977492174
"GOBP_PROTEASOME_ASSEMBLY",6,"Down",0.20361594691772,0.961895977492174
"GOBP_PLASMA_MEMBRANE_ORGANIZATION",49,"Up",0.203680825229145,0.961895977492174
"GOBP_REGULATION_OF_CELL_DIVISION",36,"Up",0.203939103391335,0.961895977492174
"GOBP_NUCLEOBASE_CONTAINING_SMALL_MOLECULE_BIOSYNTHETIC_PROCESS",3,"Down",0.204069702715822,0.961895977492174
"GOBP_DEFINITIVE_ERYTHROCYTE_DIFFERENTIATION",1,"Up",0.204129606352944,0.961895977492174
"GOBP_CONNECTIVE_TISSUE_REPLACEMENT",2,"Up",0.204284936666953,0.961895977492174
"GOBP_POSITIVE_REGULATION_OF_CONNECTIVE_TISSUE_REPLACEMENT",2,"Up",0.204284936666953,0.961895977492174
"GOBP_POSITIVE_REGULATION_OF_TISSUE_REMODELING",2,"Up",0.204284936666953,0.961895977492174
"GOBP_REGULATION_OF_CONNECTIVE_TISSUE_REPLACEMENT",2,"Up",0.204284936666953,0.961895977492174
"GOBP_VIRAL_RELEASE_FROM_HOST_CELL",16,"Up",0.20447112111354,0.961895977492174
"GOBP_NEGATIVE_REGULATION_OF_TRANSFORMING_GROWTH_FACTOR_BETA1_PRODUCTION",1,"Up",0.20464560467014,0.961895977492174
"GOBP_REGULATION_OF_TRANSFORMING_GROWTH_FACTOR_BETA1_PRODUCTION",1,"Up",0.20464560467014,0.961895977492174
"GOBP_TRANSFORMING_GROWTH_FACTOR_BETA1_PRODUCTION",1,"Up",0.20464560467014,0.961895977492174
"GOBP_MENAQUINONE_METABOLIC_PROCESS",1,"Down",0.204856818838558,0.961895977492174
"GOBP_POSITIVE_REGULATION_OF_EPITHELIAL_CELL_PROLIFERATION",22,"Down",0.204889862614622,0.961895977492174
"GOBP_POSITIVE_REGULATION_OF_SEQUESTERING_OF_TRIGLYCERIDE",2,"Down",0.20492961252214,0.961895977492174
"GOBP_RESPONSE_TO_FUNGUS",4,"Down",0.205025828438267,0.961895977492174
"GOBP_SMALL_MOLECULE_BIOSYNTHETIC_PROCESS",109,"Down",0.2050409271433,0.961895977492174
"GOBP_REGULATION_OF_BARBED_END_ACTIN_FILAMENT_CAPPING",5,"Up",0.20510705295635,0.961895977492174
"GOBP_PROPRIOCEPTION",1,"Up",0.205116877247934,0.961895977492174
"GOBP_NEGATIVE_REGULATION_OF_CGMP_MEDIATED_SIGNALING",2,"Down",0.205156151249457,0.961895977492174
"GOBP_ADENYLATE_CYCLASE_INHIBITING_SEROTONIN_RECEPTOR_SIGNALING_PATHWAY",1,"Down",0.205251807575684,0.961895977492174
"GOBP_SEROTONIN_RECEPTOR_SIGNALING_PATHWAY",1,"Down",0.205251807575684,0.961895977492174
"GOBP_PROTEIN_TRIMERIZATION",3,"Up",0.205353533925175,0.961895977492174
"GOBP_NEGATIVE_REGULATION_OF_MACROPHAGE_MIGRATION",2,"Down",0.205595782419343,0.961895977492174
"GOBP_NEGATIVE_REGULATION_OF_LIPID_BIOSYNTHETIC_PROCESS",10,"Up",0.20565708920144,0.961895977492174
"GOBP_REGULATION_OF_HISTONE_MODIFICATION",45,"Up",0.205876990800098,0.961895977492174
"GOBP_PROTEIN_INSERTION_INTO_ER_MEMBRANE",8,"Down",0.20590029353195,0.961895977492174
"GOBP_RESPONSE_TO_IRON_II_ION",3,"Down",0.20595231728816,0.961895977492174
"GOBP_POSITIVE_REGULATION_OF_CYSTEINE_TYPE_ENDOPEPTIDASE_ACTIVITY",30,"Down",0.206021125496457,0.961895977492174
"GOBP_POSITIVE_REGULATION_OF_FEEDING_BEHAVIOR",2,"Up",0.206115890068643,0.961895977492174
"GOBP_REGULATION_OF_TETRAPYRROLE_METABOLIC_PROCESS",1,"Up",0.206225575549723,0.961895977492174
"GOBP_RESPONSE_TO_LIPID",151,"Up",0.206448978388897,0.961895977492174
"GOBP_NEGATIVE_REGULATION_OF_POTASSIUM_ION_TRANSPORT",9,"Up",0.206465222056238,0.961895977492174
"GOBP_VIRAL_TRANSLATIONAL_TERMINATION_REINITIATION",5,"Up",0.206494196000626,0.961895977492174
"GOBP_CELLULAR_RESPONSE_TO_CAFFEINE",4,"Down",0.206590655594351,0.961895977492174
"GOBP_CELLULAR_RESPONSE_TO_PURINE_CONTAINING_COMPOUND",4,"Down",0.206590655594351,0.961895977492174
"GOBP_LYMPHOCYTE_CHEMOTAXIS",6,"Up",0.206655156905982,0.961895977492174
"GOBP_REGULATION_OF_ANTIGEN_PROCESSING_AND_PRESENTATION",1,"Up",0.20675652467753,0.961895977492174
"GOBP_ADHESION_OF_SYMBIONT_TO_HOST",4,"Down",0.20679710708989,0.961895977492174
"GOBP_MACROMOLECULE_CATABOLIC_PROCESS",445,"Up",0.206843566123663,0.961895977492174
"GOBP_HYDROGEN_SULFIDE_METABOLIC_PROCESS",1,"Down",0.206980797614121,0.961895977492174
"GOBP_NCRNA_METABOLIC_PROCESS",150,"Down",0.20699138567185,0.961895977492174
"GOBP_NEGATIVE_REGULATION_OF_SISTER_CHROMATID_COHESION",3,"Up",0.207026780567849,0.961895977492174
"GOBP_POSITIVE_REGULATION_OF_EXTRACELLULAR_MATRIX_ASSEMBLY",3,"Up",0.207155027446389,0.961895977492174
"GOBP_REGULATION_OF_EXTRACELLULAR_MATRIX_ASSEMBLY",3,"Up",0.207155027446389,0.961895977492174
"GOBP_CAMP_MEDIATED_SIGNALING",10,"Down",0.207258480668394,0.961895977492174
"GOBP_NEGATIVE_REGULATION_OF_PROTEIN_TARGETING_TO_MITOCHONDRION",1,"Up",0.207625971102859,0.961895977492174
"GOBP_ORGANELLE_DISASSEMBLY",53,"Up",0.207638774931115,0.961895977492174
"GOBP_PROTEIN_LOCALIZATION_TO_PRESYNAPSE",9,"Up",0.208039321789652,0.961895977492174
"GOBP_PROTEIN_K63_LINKED_DEUBIQUITINATION",17,"Up",0.20810078917846,0.961895977492174
"GOBP_REGULATION_OF_PROTEIN_LOCALIZATION_TO_CHROMATIN",4,"Up",0.208761469738326,0.961895977492174
"GOBP_NEGATIVE_REGULATION_OF_ANION_TRANSMEMBRANE_TRANSPORT",2,"Up",0.20881506749296,0.961895977492174
"GOBP_REGULATION_OF_PEPTIDYL_SERINE_PHOSPHORYLATION",35,"Up",0.209276040407492,0.961895977492174
"GOBP_MESENCHYMAL_CELL_DIFFERENTIATION",32,"Up",0.209372779927259,0.961895977492174
"GOBP_EMBRYONIC_ORGAN_MORPHOGENESIS",29,"Down",0.209586561704938,0.961895977492174
"GOBP_REGULATION_OF_INSULIN_LIKE_GROWTH_FACTOR_RECEPTOR_SIGNALING_PATHWAY",3,"Down",0.209687125867882,0.961895977492174
"GOBP_REGULATION_OF_CALCIUM_ION_EXPORT_ACROSS_PLASMA_MEMBRANE",2,"Up",0.209764021646871,0.961895977492174
"GOBP_NEGATIVE_REGULATION_OF_CELLULAR_CATABOLIC_PROCESS",99,"Up",0.209998422585028,0.961895977492174
"GOBP_ACTIVATION_OF_PROTEIN_KINASE_ACTIVITY",35,"Down",0.21007542277859,0.961895977492174
"GOBP_ANATOMICAL_STRUCTURE_HOMEOSTASIS",49,"Up",0.210272786623124,0.961895977492174
"GOBP_ANATOMICAL_STRUCTURE_REGRESSION",1,"Down",0.210295601432242,0.961895977492174
"GOBP_HYALOID_VASCULAR_PLEXUS_REGRESSION",1,"Down",0.210295601432242,0.961895977492174
"GOBP_NEUROTRANSMITTER_LOADING_INTO_SYNAPTIC_VESICLE",1,"Down",0.210295601432242,0.961895977492174
"GOBP_DNA_DEAMINATION",1,"Up",0.210312687424039,0.961895977492174
"GOBP_DIOL_BIOSYNTHETIC_PROCESS",3,"Up",0.210498624758348,0.961895977492174
"GOBP_DEOXYRIBOSE_PHOSPHATE_METABOLIC_PROCESS",8,"Down",0.210538084967796,0.961895977492174
"GOBP_REGULATION_OF_ANATOMICAL_STRUCTURE_MORPHOGENESIS",206,"Up",0.210915306656658,0.961895977492174
"GOBP_NEGATIVE_REGULATION_OF_RESPONSE_TO_BIOTIC_STIMULUS",19,"Up",0.210934859902815,0.961895977492174
"GOBP_POSITIVE_REGULATION_OF_LOW_DENSITY_LIPOPROTEIN_RECEPTOR_ACTIVITY",2,"Up",0.211105241389151,0.961895977492174
"GOBP_CYTOPLASMIC_PATTERN_RECOGNITION_RECEPTOR_SIGNALING_PATHWAY",19,"Up",0.211141699456371,0.961895977492174
"GOBP_MITOCHONDRIAL_CYTOCHROME_C_OXIDASE_ASSEMBLY",2,"Down",0.211265182093355,0.961895977492174
"GOBP_RESPIRATORY_CHAIN_COMPLEX_IV_ASSEMBLY",2,"Down",0.211265182093355,0.961895977492174
"GOBP_REGULATION_OF_ACTOMYOSIN_STRUCTURE_ORGANIZATION",27,"Up",0.211433847443886,0.961895977492174
"GOBP_CELL_FATE_COMMITMENT",18,"Down",0.211544080957002,0.961895977492174
"GOBP_REGULATION_OF_PROTEIN_LOCALIZATION_TO_SYNAPSE",6,"Up",0.211612499857125,0.961895977492174
"GOBP_HISTONE_H4_K5_ACETYLATION",1,"Up",0.211622316940262,0.961895977492174
"GOBP_ADIPONECTIN_ACTIVATED_SIGNALING_PATHWAY",2,"Down",0.211705829759887,0.961895977492174
"GOBP_EPHRIN_RECEPTOR_SIGNALING_PATHWAY",12,"Down",0.211731074028307,0.961895977492174
"GOBP_VESICLE_CARGO_LOADING",8,"Up",0.211838736311911,0.961895977492174
"GOBP_REGULATION_OF_LOW_DENSITY_LIPOPROTEIN_PARTICLE_CLEARANCE",4,"Up",0.211904475664706,0.961895977492174
"GOBP_MONOSACCHARIDE_CATABOLIC_PROCESS",15,"Down",0.212064025357368,0.961895977492174
"GOBP_POSITIVE_REGULATION_OF_OXIDOREDUCTASE_ACTIVITY",14,"Down",0.2120990203008,0.961895977492174
"GOBP_REGULATION_OF_TRANSLATIONAL_TERMINATION",7,"Down",0.212614066497573,0.961895977492174
"GOBP_MICROTUBULE_ORGANIZING_CENTER_LOCALIZATION",12,"Up",0.212618856237349,0.961895977492174
"GOBP_POSITIVE_REGULATION_OF_TYROSINE_PHOSPHORYLATION_OF_STAT_PROTEIN",5,"Down",0.212632343284376,0.961895977492174
"GOBP_POSITIVE_REGULATION_OF_HEXOKINASE_ACTIVITY",3,"Up",0.212722692402743,0.961895977492174
"GOBP_REGULATION_OF_HEXOKINASE_ACTIVITY",3,"Up",0.212722692402743,0.961895977492174
"GOBP_STEROL_BIOSYNTHETIC_PROCESS",18,"Down",0.212802580399727,0.961895977492174
"GOBP_REGULATION_OF_T_CELL_MIGRATION",8,"Down",0.212936022221031,0.961895977492174
"GOBP_REGULATION_OF_DIGESTIVE_SYSTEM_PROCESS",6,"Up",0.213035433328235,0.961895977492174
"GOBP_MULTICELLULAR_ORGANISMAL_RESPONSE_TO_STRESS",15,"Up",0.213453491339154,0.963133263552579
"GOBP_REGULATION_OF_POSTSYNAPTIC_NEUROTRANSMITTER_RECEPTOR_ACTIVITY",4,"Down",0.213718436226807,0.963678478117773
"GOBP_ORGANIC_ANION_TRANSPORT",57,"Down",0.214120009750295,0.964838615364031
"GOBP_POSITIVE_REGULATION_OF_HETEROTYPIC_CELL_CELL_ADHESION",3,"Down",0.214752410512253,0.96703661218548
"GOBP_VERY_LONG_CHAIN_FATTY_ACID_CATABOLIC_PROCESS",3,"Up",0.215051122205232,0.967175971629392
"GOBP_CARDIAC_CONDUCTION",25,"Up",0.215072628953627,0.967175971629392
"GOBP_REGULATION_OF_DEFENSE_RESPONSE_TO_VIRUS",15,"Up",0.215317660330545,0.967508115162323
"GOBP_REGULATION_OF_CELLULAR_AMIDE_METABOLIC_PROCESS",201,"Up",0.215435858154135,0.967508115162323
"GOBP_NEUTROPHIL_DIFFERENTIATION",2,"Down",0.21589507326949,0.96846275696255
"GOBP_REGULATION_OF_TORC2_SIGNALING",2,"Down",0.21616398123753,0.96846275696255
"GOBP_NUCLEAR_TRANSCRIBED_MRNA_POLY_A_TAIL_SHORTENING",15,"Up",0.216753252048262,0.96846275696255
"GOBP_REGULATION_OF_ACTION_POTENTIAL",15,"Up",0.216842155601995,0.96846275696255
"GOBP_KETONE_BIOSYNTHETIC_PROCESS",4,"Down",0.216880273594497,0.96846275696255
"GOBP_MEMBRANE_DISASSEMBLY",6,"Up",0.216925365440843,0.96846275696255
"GOBP_RESPONSE_TO_IRON_ION",6,"Down",0.217045351002469,0.96846275696255
"GOBP_CELLULAR_RESPONSE_TO_FLUID_SHEAR_STRESS",6,"Up",0.217183903515032,0.96846275696255
"GOBP_REGULATION_OF_SYNAPTIC_PLASTICITY",58,"Up",0.217503261542751,0.96846275696255
"GOBP_MORPHOGENESIS_OF_EMBRYONIC_EPITHELIUM",27,"Up",0.217582657475075,0.96846275696255
"GOBP_NEGATIVE_REGULATION_OF_LEUKOCYTE_PROLIFERATION",9,"Down",0.217603947773994,0.96846275696255
"GOBP_FREE_UBIQUITIN_CHAIN_POLYMERIZATION",1,"Down",0.217741442668593,0.96846275696255
"GOBP_POSITIVE_REGULATION_OF_CELL_JUNCTION_ASSEMBLY",20,"Down",0.217752441217739,0.96846275696255
"GOBP_MITOCHONDRIAL_GENE_EXPRESSION",13,"Down",0.217902799561944,0.96846275696255
"GOBP_NEURONAL_SIGNAL_TRANSDUCTION",2,"Up",0.217942017098617,0.96846275696255
"GOBP_NEGATIVE_REGULATION_OF_EPITHELIAL_CELL_DIFFERENTIATION",4,"Down",0.217965672084438,0.96846275696255
"GOBP_NEGATIVE_REGULATION_OF_GOLGI_TO_PLASMA_MEMBRANE_PROTEIN_TRANSPORT",2,"Up",0.218711412914632,0.971130954953614
"GOBP_NEGATIVE_REGULATION_OF_STRIATED_MUSCLE_CELL_APOPTOTIC_PROCESS",2,"Up",0.218865564172537,0.971170555820675
"GOBP_MAINTENANCE_OF_SYNAPSE_STRUCTURE",7,"Down",0.21924953687673,0.971178180016783
"GOBP_POSITIVE_REGULATION_OF_FAT_CELL_DIFFERENTIATION",7,"Down",0.219462231285286,0.971178180016783
"GOBP_REGULATION_OF_POSTSYNAPSE_ORGANIZATION",28,"Up",0.21948038598489,0.971178180016783
"GOBP_SPLICEOSOMAL_CONFORMATIONAL_CHANGES_TO_GENERATE_CATALYTIC_CONFORMATION",2,"Up",0.219526665982822,0.971178180016783
"GOBP_HISTONE_METHYLATION",36,"Down",0.219635925094844,0.971178180016783
"GOBP_AMINO_ACID_BETAINE_BIOSYNTHETIC_PROCESS",3,"Down",0.219738684965664,0.971178180016783
"GOBP_NEGATIVE_REGULATION_OF_AMYLOID_PRECURSOR_PROTEIN_CATABOLIC_PROCESS",9,"Up",0.220134918529516,0.971744880232012
"GOBP_NEGATIVE_REGULATION_OF_RIG_I_SIGNALING_PATHWAY",2,"Up",0.220200816192466,0.971744880232012
"GOBP_REGULATION_OF_MITOPHAGY",8,"Up",0.220302862035551,0.971744880232012
"GOBP_NEGATIVE_REGULATION_OF_NEURON_DEATH",49,"Up",0.220633200999111,0.9725604581945
"GOBP_RENAL_WATER_HOMEOSTASIS",2,"Up",0.221041871071344,0.97329088120182
"GOBP_CELLULAR_RESPONSE_TO_DSRNA",8,"Up",0.221090002773376,0.97329088120182
"GOBP_MONOUBIQUITINATED_PROTEIN_DEUBIQUITINATION",8,"Up",0.221627788535797,0.975016461801893
"GOBP_PHOSPHATIDYLGLYCEROL_BIOSYNTHETIC_PROCESS",5,"Down",0.22185166969786,0.975359707606567
"GOBP_NEGATIVE_REGULATION_OF_PEPTIDYL_THREONINE_PHOSPHORYLATION",5,"Up",0.222407791434153,0.976669080749232
"GOBP_RESPONSE_TO_COPPER_ION",10,"Down",0.222764312437223,0.976669080749232
"GOBP_POSITIVE_REGULATION_OF_MEMBRANE_DEPOLARIZATION",3,"Up",0.222891818094981,0.976669080749232
"GOBP_HISTONE_H3_DEACETYLATION",6,"Up",0.223008437453993,0.976669080749232
"GOBP_POSITIVE_REGULATION_OF_NEURON_PROJECTION_DEVELOPMENT",49,"Up",0.223110042350508,0.976669080749232
"GOBP_ESTABLISHMENT_OF_CELL_POLARITY",51,"Up",0.223279901009121,0.976669080749232
"GOBP_SYNAPTIC_VESICLE_BUDDING",4,"Up",0.223374094235937,0.976669080749232
"GOBP_HEMOGLOBIN_BIOSYNTHETIC_PROCESS",2,"Down",0.223463988865908,0.976669080749232
"GOBP_REGULATION_OF_HEMOGLOBIN_BIOSYNTHETIC_PROCESS",2,"Down",0.223463988865908,0.976669080749232
"GOBP_DEMETHYLATION",9,"Up",0.223771361441709,0.977373673390404
"GOBP_NEGATIVE_REGULATION_OF_AUTOPHAGY",31,"Up",0.224075802730301,0.978064551473577
"GOBP_PHOSPHOLIPID_TRANSPORT",30,"Down",0.224421145869496,0.978932943528587
"GOBP_IRON_SULFUR_CLUSTER_ASSEMBLY",6,"Up",0.224608073902525,0.979093231875568
"GOBP_MITOTIC_CYTOKINETIC_PROCESS",12,"Up",0.224858231215539,0.979093231875568
"GOBP_AXO_DENDRITIC_PROTEIN_TRANSPORT",8,"Up",0.224897144333912,0.979093231875568
"GOBP_REGULATION_OF_GROWTH_HORMONE_RECEPTOR_SIGNALING_PATHWAY",2,"Down",0.225533523702404,0.980819943064667
"GOBP_ACTIN_FILAMENT_REORGANIZATION",3,"Up",0.225587120148566,0.980819943064667
"GOBP_NEGATIVE_REGULATION_OF_DOPAMINE_SECRETION",2,"Down",0.226355634612065,0.982883200422648
"GOBP_REGULATION_OF_GAMMA_AMINOBUTYRIC_ACID_SECRETION",2,"Down",0.226355634612065,0.982883200422648
"GOBP_PROTEIN_CONTAINING_COMPLEX_REMODELING",1,"Down",0.227022678097988,0.983256104127738
"GOBP_RIBONUCLEOTIDE_CATABOLIC_PROCESS",14,"Down",0.227130157978552,0.983256104127738
"GOBP_MACROAUTOPHAGY",150,"Up",0.227237893427045,0.983256104127738
"GOBP_MUSCLE_ADAPTATION",26,"Up",0.227295592287468,0.983256104127738
"GOBP_NEGATIVE_REGULATION_OF_FILOPODIUM_ASSEMBLY",5,"Up",0.22738649370785,0.983256104127738
"GOBP_GLYCOPROTEIN_CATABOLIC_PROCESS",4,"Down",0.227451273854788,0.983256104127738
"GOBP_FORMATION_OF_PRIMARY_GERM_LAYER",15,"Down",0.227470793044057,0.983256104127738
"GOBP_APOPTOTIC_CELL_CLEARANCE",5,"Down",0.227662988416895,0.983451165079957
"GOBP_REGULATION_OF_TELOMERE_MAINTENANCE_VIA_TELOMERE_LENGTHENING",32,"Up",0.228211058842791,0.98404381791014
"GOBP_REGULATION_OF_MRNA_METABOLIC_PROCESS",147,"Up",0.228314230617998,0.98404381791014
"GOBP_PROTEIN_N_LINKED_GLYCOSYLATION",10,"Down",0.228415119676063,0.98404381791014
"GOBP_MEMBRANE_FISSION",7,"Up",0.228907450983347,0.98404381791014
"GOBP_GLYCOLIPID_BIOSYNTHETIC_PROCESS",7,"Down",0.229086599036155,0.98404381791014
"GOBP_POSTSYNAPTIC_MODULATION_OF_CHEMICAL_SYNAPTIC_TRANSMISSION",5,"Up",0.229346053797917,0.98404381791014
"GOBP_TRNA_MODIFICATION",21,"Down",0.230046917860225,0.98404381791014
"GOBP_REGULATION_OF_T_CELL_MEDIATED_IMMUNE_RESPONSE_TO_TUMOR_CELL",2,"Down",0.230093308117992,0.98404381791014
"GOBP_T_CELL_MEDIATED_IMMUNE_RESPONSE_TO_TUMOR_CELL",2,"Down",0.230093308117992,0.98404381791014
"GOBP_RESPONSE_TO_YEAST",1,"Down",0.230240711499129,0.98404381791014
"GOBP_RESPONSE_TO_INSECTICIDE",1,"Up",0.230461746192023,0.98404381791014
"GOBP_REGULATION_OF_ENDOCYTOSIS",79,"Up",0.230664072337796,0.98404381791014
"GOBP_FORMATE_METABOLIC_PROCESS",1,"Down",0.2308613558207,0.98404381791014
"GOBP_HISTIDINE_CATABOLIC_PROCESS",1,"Down",0.2308613558207,0.98404381791014
"GOBP_HISTIDINE_METABOLIC_PROCESS",1,"Down",0.2308613558207,0.98404381791014
"GOBP_REGULATION_OF_AXON_GUIDANCE",2,"Up",0.231192223411242,0.98404381791014
"GOBP_CALCIUM_ION_TRANSPORT_INTO_CYTOSOL",27,"Up",0.231210132738129,0.98404381791014
"GOBP_PROTEIN_LOCALIZATION_TO_CONDENSED_CHROMOSOME",4,"Up",0.231265128722658,0.98404381791014
"GOBP_PROCESS_UTILIZING_AUTOPHAGIC_MECHANISM",227,"Up",0.231353972216556,0.98404381791014
"GOBP_REGULATION_OF_OXIDATIVE_STRESS_INDUCED_CELL_DEATH",16,"Up",0.231416648161918,0.98404381791014
"GOBP_POSITIVE_REGULATION_OF_GOLGI_TO_PLASMA_MEMBRANE_PROTEIN_TRANSPORT",4,"Up",0.231715810332896,0.98404381791014
"GOBP_MYELOID_CELL_DEVELOPMENT",13,"Up",0.231808556330367,0.98404381791014
"GOBP_CELLULAR_RESPONSE_TO_INTERFERON_ALPHA",1,"Up",0.232029344359223,0.98404381791014
"GOBP_CORONARY_VASCULATURE_MORPHOGENESIS",2,"Down",0.232264241857933,0.98404381791014
"GOBP_EMBRYONIC_CLEAVAGE",2,"Down",0.232555121676765,0.98404381791014
"GOBP_NEGATIVE_REGULATION_OF_PROTEIN_SERINE_THREONINE_KINASE_ACTIVITY",29,"Down",0.232685589429971,0.98404381791014
"GOBP_REGULATION_OF_CYTOKINESIS",27,"Up",0.232807580662794,0.98404381791014
"GOBP_ALDITOL_PHOSPHATE_METABOLIC_PROCESS",4,"Down",0.233218745573217,0.98404381791014
"GOBP_REGULATION_OF_RETROGRADE_TRANSPORT_ENDOSOME_TO_GOLGI",3,"Up",0.233910884109725,0.98404381791014
"GOBP_REGULATION_OF_AEROBIC_RESPIRATION",9,"Up",0.234120603844962,0.98404381791014
"GOBP_POSITIVE_REGULATION_OF_HEMOPOIESIS",12,"Down",0.234305358563199,0.98404381791014
"GOBP_POSITIVE_REGULATION_OF_SYNAPTIC_TRANSMISSION_GABAERGIC",3,"Up",0.234735907781419,0.98404381791014
"GOBP_RESPONSE_TO_TUMOR_NECROSIS_FACTOR",44,"Down",0.234743918104334,0.98404381791014
"GOBP_VITAMIN_BIOSYNTHETIC_PROCESS",5,"Down",0.235087266027023,0.98404381791014
"GOBP_NEURON_INTRINSIC_APOPTOTIC_SIGNALING_PATHWAY_IN_RESPONSE_TO_OXIDATIVE_STRESS",3,"Up",0.235257258268816,0.98404381791014
"GOBP_BUNDLE_OF_HIS_CELL_TO_PURKINJE_MYOCYTE_COMMUNICATION",1,"Up",0.235442896579716,0.98404381791014
"GOBP_BUNDLE_OF_HIS_CELL_TO_PURKINJE_MYOCYTE_SIGNALING",1,"Up",0.235442896579716,0.98404381791014
"GOBP_REGULATION_OF_ATRIAL_CARDIAC_MUSCLE_CELL_MEMBRANE_DEPOLARIZATION",1,"Up",0.235442896579716,0.98404381791014
"GOBP_CELLULAR_RESPONSE_TO_COLD",3,"Down",0.235460444631912,0.98404381791014
"GOBP_CDP_DIACYLGLYCEROL_METABOLIC_PROCESS",7,"Down",0.235472883874588,0.98404381791014
"GOBP_NEGATIVE_REGULATION_OF_CANONICAL_WNT_SIGNALING_PATHWAY",23,"Down",0.235477705823694,0.98404381791014
"GOBP_REACTIVE_NITROGEN_SPECIES_METABOLIC_PROCESS",15,"Up",0.235745209673814,0.98404381791014
"GOBP_REGULATION_OF_CORE_PROMOTER_BINDING",3,"Down",0.235847520066549,0.98404381791014
"GOBP_DNA_REPLICATION_INDEPENDENT_CHROMATIN_ORGANIZATION",4,"Up",0.235906721096037,0.98404381791014
"GOBP_LEUKOCYTE_TETHERING_OR_ROLLING",3,"Up",0.236128300765234,0.98404381791014
"GOBP_REGULATION_OF_OXIDOREDUCTASE_ACTIVITY",23,"Down",0.236259006856731,0.98404381791014
"GOBP_DORSAL_VENTRAL_PATTERN_FORMATION",8,"Down",0.236360389234597,0.98404381791014
"GOBP_HEMIDESMOSOME_ASSEMBLY",1,"Up",0.236568075355993,0.98404381791014
"GOBP_KERATINOCYTE_DEVELOPMENT",1,"Up",0.236568075355993,0.98404381791014
"GOBP_HISTONE_DEUBIQUITINATION",9,"Up",0.236720233341165,0.98404381791014
"GOBP_NEGATIVE_REGULATION_OF_CHROMOSOME_ORGANIZATION",25,"Up",0.236790998557683,0.98404381791014
"GOBP_SMOOTH_MUSCLE_CELL_APOPTOTIC_PROCESS",3,"Up",0.236916984639145,0.98404381791014
"GOBP_PROXIMAL_TUBULE_DEVELOPMENT",1,"Down",0.237058134618379,0.98404381791014
"GOBP_POSITIVE_REGULATION_OF_RHO_PROTEIN_SIGNAL_TRANSDUCTION",4,"Down",0.237218727433952,0.98404381791014
"GOBP_POSITIVE_REGULATION_OF_MONONUCLEAR_CELL_MIGRATION",8,"Down",0.237223283955086,0.98404381791014
"GOBP_5S_CLASS_RRNA_TRANSCRIPTION_BY_RNA_POLYMERASE_III",1,"Down",0.237361935207997,0.98404381791014
"GOBP_POSITIVE_REGULATION_OF_OXIDATIVE_STRESS_INDUCED_INTRINSIC_APOPTOTIC_SIGNALING_PATHWAY",3,"Up",0.23761336919526,0.98404381791014
"GOBP_POSITIVE_REGULATION_OF_VASCULATURE_DEVELOPMENT",15,"Up",0.237987910591456,0.98404381791014
"GOBP_ENERGY_HOMEOSTASIS",9,"Up",0.238020255354439,0.98404381791014
"GOBP_CENTRAL_NERVOUS_SYSTEM_NEURON_DEVELOPMENT",19,"Up",0.238214447677856,0.98404381791014
"GOBP_POSITIVE_REGULATION_BY_HOST_OF_VIRAL_GENOME_REPLICATION",6,"Up",0.238241859944221,0.98404381791014
"GOBP_PROTEIN_STABILIZATION",74,"Up",0.238301306430955,0.98404381791014
"GOBP_NEGATIVE_REGULATION_OF_DNA_DAMAGE_RESPONSE_SIGNAL_TRANSDUCTION_BY_P53_CLASS_MEDIATOR",2,"Down",0.238349196785744,0.98404381791014
"GOBP_POSITIVE_REGULATION_OF_CAMP_DEPENDENT_PROTEIN_KINASE_ACTIVITY",2,"Up",0.238402121425795,0.98404381791014
"GOBP_ANTIMICROBIAL_HUMORAL_IMMUNE_RESPONSE_MEDIATED_BY_ANTIMICROBIAL_PEPTIDE",2,"Up",0.238600892519025,0.98404381791014
"GOBP_KILLING_OF_CELLS_OF_ANOTHER_ORGANISM",2,"Up",0.238600892519025,0.98404381791014
"GOBP_POSITIVE_REGULATION_OF_MUCUS_SECRETION",1,"Up",0.238655732970811,0.98404381791014
"GOBP_REGULATION_OF_MUCUS_SECRETION",1,"Up",0.238655732970811,0.98404381791014
"GOBP_TIGHT_JUNCTION_ORGANIZATION",10,"Up",0.238967740319845,0.98404381791014
"GOBP_REGULATION_OF_PEPTIDYL_LYSINE_ACETYLATION",20,"Up",0.23916730665588,0.98404381791014
"GOBP_INTRA_GOLGI_VESICLE_MEDIATED_TRANSPORT",26,"Up",0.23918579286604,0.98404381791014
"GOBP_FOREGUT_MORPHOGENESIS",3,"Down",0.239187328838798,0.98404381791014
"GOBP_NEGATIVE_REGULATION_OF_SMOOTH_MUSCLE_CELL_MIGRATION",4,"Up",0.239221324362728,0.98404381791014
"GOBP_SENSORY_PERCEPTION_OF_SMELL",2,"Down",0.239344613172448,0.98404381791014
"GOBP_REGULATION_OF_SKELETAL_MUSCLE_ADAPTATION",4,"Up",0.239420968727848,0.98404381791014
"GOBP_POSITIVE_REGULATION_OF_MUSCLE_CELL_APOPTOTIC_PROCESS",8,"Up",0.239448761670438,0.98404381791014
"GOBP_EYE_PHOTORECEPTOR_CELL_DIFFERENTIATION",5,"Up",0.239642902021779,0.98404381791014
"GOBP_CELLULAR_RESPONSE_TO_INSULIN_LIKE_GROWTH_FACTOR_STIMULUS",2,"Down",0.239695579141508,0.98404381791014
"GOBP_POSITIVE_REGULATION_OF_CALCINEURIN_MEDIATED_SIGNALING",3,"Up",0.239876491832902,0.98404381791014
"GOBP_REGULATION_OF_HEMOPOIESIS",41,"Down",0.240187518237772,0.98404381791014
"GOBP_POSITIVE_REGULATION_OF_RIG_I_SIGNALING_PATHWAY",4,"Up",0.240257235003409,0.98404381791014
"GOBP_ESTABLISHMENT_OF_PROTEIN_LOCALIZATION",629,"Up",0.240299765214661,0.98404381791014
"GOBP_IRE1_MEDIATED_UNFOLDED_PROTEIN_RESPONSE",7,"Up",0.240407308574476,0.98404381791014
"GOBP_NEGATIVE_REGULATION_OF_MITOCHONDRIAL_FUSION",2,"Up",0.240485314625293,0.98404381791014
"GOBP_REGULATION_OF_MITOCHONDRIAL_FUSION",2,"Up",0.240485314625293,0.98404381791014
"GOBP_MRNA_MODIFICATION",10,"Down",0.240579478944594,0.98404381791014
"GOBP_TRANSMEMBRANE_RECEPTOR_PROTEIN_TYROSINE_PHOSPHATASE_SIGNALING_PATHWAY",1,"Up",0.240698579190614,0.98404381791014
"GOBP_CDP_CHOLINE_PATHWAY",3,"Down",0.240999194387244,0.98404381791014
"GOBP_PROTEIN_MONO_ADP_RIBOSYLATION",1,"Up",0.241097638223241,0.98404381791014
"GOBP_EXONUCLEOLYTIC_CATABOLISM_OF_DEADENYLATED_MRNA",6,"Down",0.241158458983342,0.98404381791014
"GOBP_MITOCHONDRIAL_CALCIUM_ION_TRANSMEMBRANE_TRANSPORT",3,"Up",0.24150716557218,0.98404381791014
"GOBP_POSITIVE_REGULATION_OF_LIPID_CATABOLIC_PROCESS",6,"Up",0.241713929873958,0.98404381791014
"GOBP_IMMUNOLOGICAL_SYNAPSE_FORMATION",2,"Down",0.241797933983557,0.98404381791014
"GOBP_EPITHELIAL_CELL_APOPTOTIC_PROCESS",17,"Down",0.241933660245281,0.98404381791014
"GOBP_GLOMERULAR_BASEMENT_MEMBRANE_DEVELOPMENT",1,"Up",0.2420659293851,0.98404381791014
"GOBP_MACROPINOCYTOSIS",4,"Down",0.242358477930133,0.98404381791014
"GOBP_POSITIVE_REGULATION_OF_DNA_REPAIR",29,"Down",0.242439930727236,0.98404381791014
"GOBP_MEMBRANE_LIPID_BIOSYNTHETIC_PROCESS",21,"Down",0.242544938417613,0.98404381791014
"GOBP_CYTOPLASMIC_TRANSLATION",97,"Up",0.242695626304021,0.98404381791014
"GOBP_RRNA_TRANSPORT",3,"Up",0.242718170928459,0.98404381791014
"GOBP_VESICLE_UNCOATING",6,"Up",0.242871473812146,0.98404381791014
"GOBP_COPI_COATED_VESICLE_BUDDING",2,"Up",0.243120185460266,0.98404381791014
"GOBP_REGULATION_OF_ACTIN_FILAMENT_LENGTH",62,"Up",0.243136418572631,0.98404381791014
"GOBP_VENTRICULAR_CARDIAC_MUSCLE_TISSUE_MORPHOGENESIS",3,"Up",0.243415711947278,0.98404381791014
"GOBP_CELLULAR_NITROGEN_COMPOUND_CATABOLIC_PROCESS",148,"Up",0.243627300095379,0.98404381791014
"GOBP_THIOESTER_METABOLIC_PROCESS",28,"Down",0.243647853243145,0.98404381791014
"GOBP_REGULATION_OF_SMALL_GTPASE_MEDIATED_SIGNAL_TRANSDUCTION",97,"Up",0.244465450055284,0.98404381791014
"GOBP_REGULATION_OF_LYMPHOCYTE_DIFFERENTIATION",17,"Down",0.244527288747472,0.98404381791014
"GOBP_NEUROGENESIS",399,"Up",0.244690878053431,0.98404381791014
"GOBP_CELLULAR_RESPONSE_TO_ACID_CHEMICAL",26,"Down",0.244757996472528,0.98404381791014
"GOBP_REGULATION_OF_PROTEIN_MONOUBIQUITINATION",2,"Down",0.245387175322266,0.98404381791014
"GOBP_POSITIVE_REGULATION_OF_SPINDLE_ASSEMBLY",1,"Up",0.245555372552741,0.98404381791014
"GOBP_NEGATIVE_REGULATION_OF_TRIGLYCERIDE_BIOSYNTHETIC_PROCESS",1,"Up",0.245967777041769,0.98404381791014
"GOBP_NEGATIVE_REGULATION_OF_TRIGLYCERIDE_METABOLIC_PROCESS",1,"Up",0.245967777041769,0.98404381791014
"GOBP_PROTEIN_TRANSPORT_WITHIN_LIPID_BILAYER",2,"Down",0.246314510656969,0.98404381791014
"GOBP_POSITIVE_REGULATION_OF_SIGNALING_RECEPTOR_ACTIVITY",4,"Up",0.246647974742617,0.98404381791014
"GOBP_TORC2_SIGNALING",5,"Down",0.246649729899765,0.98404381791014
"GOBP_POSITIVE_REGULATION_OF_INTRINSIC_APOPTOTIC_SIGNALING_PATHWAY_IN_RESPONSE_TO_DNA_DAMAGE",2,"Up",0.246767392222754,0.98404381791014
"GOBP_CELL_MOTILITY_INVOLVED_IN_CEREBRAL_CORTEX_RADIAL_GLIA_GUIDED_MIGRATION",4,"Up",0.247086353107241,0.98404381791014
"GOBP_FIBROBLAST_ACTIVATION",6,"Down",0.247396690190422,0.98404381791014
"GOBP_CHEMOSENSORY_BEHAVIOR",3,"Up",0.247513354296205,0.98404381791014
"GOBP_PHOTORECEPTOR_CELL_MAINTENANCE",3,"Up",0.247555847522397,0.98404381791014
"GOBP_NEURON_PROJECTION_EXTENSION",57,"Up",0.247581278534924,0.98404381791014
"GOBP_RNA_PHOSPHODIESTER_BOND_HYDROLYSIS",52,"Down",0.248105305410702,0.98404381791014
"GOBP_ANTEROGRADE_AXONAL_TRANSPORT_OF_MITOCHONDRION",1,"Up",0.248277484425861,0.98404381791014
"GOBP_RESPONSE_TO_AMINE",8,"Up",0.248379753378681,0.98404381791014
"GOBP_REGULATION_OF_REACTIVE_OXYGEN_SPECIES_BIOSYNTHETIC_PROCESS",8,"Up",0.248383262992908,0.98404381791014
"GOBP_CEREBELLAR_PURKINJE_CELL_LAYER_DEVELOPMENT",6,"Up",0.248500825160854,0.98404381791014
"GOBP_REGULATION_OF_FATTY_ACID_BIOSYNTHETIC_PROCESS",8,"Down",0.248503517280001,0.98404381791014
"GOBP_ACROSOME_ASSEMBLY",5,"Up",0.24895901087524,0.98404381791014
"GOBP_GPI_ANCHOR_METABOLIC_PROCESS",5,"Down",0.248977351489195,0.98404381791014
"GOBP_PHOSPHATIDYLCHOLINE_METABOLIC_PROCESS",16,"Down",0.249027084949173,0.98404381791014
"GOBP_POSITIVE_REGULATION_OF_TRANSCRIPTION_OF_NUCLEOLAR_LARGE_RRNA_BY_RNA_POLYMERASE_I",4,"Up",0.249318247636658,0.98404381791014
"GOBP_POSITIVE_REGULATION_OF_INTERLEUKIN_10_PRODUCTION",4,"Down",0.249458247293559,0.98404381791014
"GOBP_REGULATION_OF_ASPARTIC_TYPE_ENDOPEPTIDASE_ACTIVITY_INVOLVED_IN_AMYLOID_PRECURSOR_PROTEIN_CATABOLIC_PROCESS",3,"Up",0.250049604207567,0.98404381791014
"GOBP_REGULATION_OF_ASPARTIC_TYPE_PEPTIDASE_ACTIVITY",3,"Up",0.250049604207567,0.98404381791014
"GOBP_PLATELET_DENSE_GRANULE_ORGANIZATION",2,"Down",0.250357469453893,0.98404381791014
"GOBP_NEGATIVE_REGULATION_OF_RESPONSE_TO_CYTOKINE_STIMULUS",12,"Up",0.250375757189883,0.98404381791014
"GOBP_PRODUCTION_OF_SIRNA_INVOLVED_IN_RNA_INTERFERENCE",5,"Up",0.250510934300534,0.98404381791014
"GOBP_POSITIVE_REGULATION_OF_PEPTIDYL_SERINE_PHOSPHORYLATION",23,"Up",0.250716834672618,0.98404381791014
"GOBP_CHANGES_TO_DNA_METHYLATION_INVOLVED_IN_EMBRYO_DEVELOPMENT",2,"Up",0.250942860070117,0.98404381791014
"GOBP_ENDOTHELIUM_DEVELOPMENT",22,"Down",0.250999595022038,0.98404381791014
"GOBP_BASEMENT_MEMBRANE_ORGANIZATION",6,"Up",0.251085289829137,0.98404381791014
"GOBP_PEROXISOME_ORGANIZATION",16,"Up",0.2511410779897,0.98404381791014
"GOBP_POSITIVE_REGULATION_OF_LIPID_METABOLIC_PROCESS",26,"Down",0.251171847421352,0.98404381791014
"GOBP_ANION_TRANSMEMBRANE_TRANSPORT",39,"Down",0.25147602756415,0.98404381791014
"GOBP_NEGATIVE_REGULATION_OF_WNT_SIGNALING_PATHWAY",27,"Down",0.251479000661356,0.98404381791014
"GOBP_MITOCHONDRIAL_RIBOSOME_ASSEMBLY",1,"Up",0.251703319072638,0.98404381791014
"GOBP_SOMATIC_DIVERSIFICATION_OF_IMMUNE_RECEPTORS_VIA_SOMATIC_MUTATION",5,"Up",0.251739651905156,0.98404381791014
"GOBP_POSITIVE_REGULATION_OF_MEIOTIC_NUCLEAR_DIVISION",2,"Up",0.251813045705634,0.98404381791014
"GOBP_REGULATION_OF_MEIOTIC_NUCLEAR_DIVISION",2,"Up",0.251813045705634,0.98404381791014
"GOBP_EMBRYONIC_PROCESS_INVOLVED_IN_FEMALE_PREGNANCY",1,"Up",0.252042861398518,0.98404381791014
"GOBP_WNT_PROTEIN_SECRETION",3,"Down",0.252064942582006,0.98404381791014
"GOBP_NEGATIVE_REGULATION_OF_CELL_ACTIVATION",23,"Down",0.252069769059103,0.98404381791014
"GOBP_MYELOID_CELL_ACTIVATION_INVOLVED_IN_IMMUNE_RESPONSE",17,"Up",0.252269285271004,0.98404381791014
"GOBP_S_ADENOSYLMETHIONINE_METABOLIC_PROCESS",6,"Down",0.252269437582732,0.98404381791014
"GOBP_POSITIVE_REGULATION_OF_BMP_SIGNALING_PATHWAY",6,"Down",0.252737732411535,0.98404381791014
"GOBP_EYE_MORPHOGENESIS",19,"Down",0.252857139906256,0.98404381791014
"GOBP_FATTY_ACID_DERIVATIVE_METABOLIC_PROCESS",13,"Down",0.252954516800328,0.98404381791014
"GOBP_HOMEOSTASIS_OF_NUMBER_OF_CELLS_WITHIN_A_TISSUE",5,"Up",0.253080520333096,0.98404381791014
"GOBP_POST_EMBRYONIC_ANIMAL_MORPHOGENESIS",2,"Down",0.253086959333568,0.98404381791014
"GOBP_NEGATIVE_REGULATION_OF_ARP2_3_COMPLEX_MEDIATED_ACTIN_NUCLEATION",4,"Up",0.253140131815821,0.98404381791014
"GOBP_AMPA_GLUTAMATE_RECEPTOR_CLUSTERING",1,"Up",0.253140215980519,0.98404381791014
"GOBP_POSITIVE_REGULATION_OF_RECEPTOR_CLUSTERING",1,"Up",0.253140215980519,0.98404381791014
"GOBP_REGULATION_OF_GLUTAMATE_RECEPTOR_CLUSTERING",1,"Up",0.253140215980519,0.98404381791014
"GOBP_APICAL_PROTEIN_LOCALIZATION",8,"Up",0.253425713925331,0.98404381791014
"GOBP_MITOTIC_DNA_REPLICATION",1,"Down",0.253919981964695,0.98404381791014
"GOBP_ELECTRON_TRANSPORT_CHAIN",42,"Down",0.25396322928316,0.98404381791014
"GOBP_EYE_PHOTORECEPTOR_CELL_DEVELOPMENT",4,"Up",0.254021950265437,0.98404381791014
"GOBP_TRANSFERRIN_TRANSPORT",4,"Up",0.254366320604089,0.98404381791014
"GOBP_CELLULAR_RESPONSE_TO_NITROGEN_COMPOUND",179,"Down",0.254467536641746,0.98404381791014
"GOBP_REPLICATIVE_SENESCENCE",2,"Down",0.254584311127479,0.98404381791014
"GOBP_NEGATIVE_REGULATION_OF_CATECHOLAMINE_SECRETION",3,"Down",0.254821871440389,0.98404381791014
"GOBP_CLATHRIN_COAT_ASSEMBLY",14,"Up",0.255000378591846,0.98404381791014
"GOBP_REGULATION_OF_T_CELL_ACTIVATION",40,"Down",0.255039969341942,0.98404381791014
"GOBP_SKELETAL_MUSCLE_ORGAN_DEVELOPMENT",37,"Down",0.255604854914649,0.98404381791014
"GOBP_REGULATION_OF_RESPONSE_TO_OXIDATIVE_STRESS",21,"Up",0.255681992229833,0.98404381791014
"GOBP_NEGATIVE_REGULATION_OF_MYOBLAST_DIFFERENTIATION",1,"Down",0.255799636797079,0.98404381791014
"GOBP_CELLULAR_RESPONSE_TO_VITAMIN",5,"Down",0.256181886162223,0.98404381791014
"GOBP_REGULATION_OF_EMBRYONIC_DEVELOPMENT",14,"Up",0.256331990334365,0.98404381791014
"GOBP_POSITIVE_REGULATION_OF_NEUROGENESIS",57,"Up",0.256823943508355,0.98404381791014
"GOBP_NEGATIVE_REGULATION_OF_STEM_CELL_DIFFERENTIATION",7,"Up",0.257140778270999,0.98404381791014
"GOBP_ANION_TRANSPORT",79,"Down",0.2571716184288,0.98404381791014
"GOBP_NEGATIVE_REGULATION_OF_DEFENSE_RESPONSE_TO_BACTERIUM",1,"Up",0.257178740912255,0.98404381791014
"GOBP_NEGATIVE_REGULATION_OF_NLRP3_INFLAMMASOME_COMPLEX_ASSEMBLY",1,"Up",0.257178740912255,0.98404381791014
"GOBP_OLIGODENDROCYTE_PROGENITOR_PROLIFERATION",1,"Up",0.257178740912255,0.98404381791014
"GOBP_POSITIVE_REGULATION_OF_CELL_MATURATION",1,"Up",0.257178740912255,0.98404381791014
"GOBP_POSITIVE_REGULATION_OF_EXECUTION_PHASE_OF_APOPTOSIS",1,"Up",0.257178740912255,0.98404381791014
"GOBP_REGULATION_OF_TRANSCRIPTION_FROM_RNA_POLYMERASE_II_PROMOTER_IN_RESPONSE_TO_HYPOXIA",1,"Up",0.257178740912255,0.98404381791014
"GOBP_SUBTELOMERIC_HETEROCHROMATIN_ASSEMBLY",1,"Up",0.257178740912255,0.98404381791014
"GOBP_REGULATION_OF_PROTEIN_ACETYLATION",22,"Up",0.2572753148623,0.98404381791014
"GOBP_HISTONE_H2A_UBIQUITINATION",5,"Up",0.25730793647901,0.98404381791014
"GOBP_MEIOTIC_CHROMOSOME_SEPARATION",2,"Up",0.257582826778903,0.98404381791014
"GOBP_RESOLUTION_OF_MEIOTIC_RECOMBINATION_INTERMEDIATES",2,"Up",0.257582826778903,0.98404381791014
"GOBP_POSITIVE_REGULATION_OF_TRANSPORT",242,"Up",0.257719089347977,0.98404381791014
"GOBP_REGULATION_OF_ARP2_3_COMPLEX_MEDIATED_ACTIN_NUCLEATION",13,"Up",0.258011538487345,0.98404381791014
"GOBP_CELLULAR_RESPONSE_TO_UV_A",2,"Up",0.258029048907016,0.98404381791014
"GOBP_AORTA_DEVELOPMENT",9,"Down",0.258207801040938,0.98404381791014
"GOBP_EPITHELIAL_CELL_PROLIFERATION",53,"Down",0.258353611447585,0.98404381791014
"GOBP_VOLUNTARY_SKELETAL_MUSCLE_CONTRACTION",1,"Up",0.258852647025866,0.98404381791014
"GOBP_PLUS_END_DIRECTED_ORGANELLE_TRANSPORT_ALONG_MICROTUBULE",5,"Up",0.259159689024169,0.98404381791014
"GOBP_LIMBIC_SYSTEM_DEVELOPMENT",24,"Up",0.259174598770941,0.98404381791014
"GOBP_POSITIVE_REGULATION_OF_TRANSFORMING_GROWTH_FACTOR_BETA_PRODUCTION",2,"Down",0.25958756199932,0.98404381791014
"GOBP_CARDIAC_RIGHT_VENTRICLE_MORPHOGENESIS",1,"Up",0.259690514354524,0.98404381791014
"GOBP_PROTEIN_LIPID_COMPLEX_ASSEMBLY",6,"Down",0.259721087795073,0.98404381791014
"GOBP_PROTEIN_LIPID_COMPLEX_SUBUNIT_ORGANIZATION",6,"Down",0.259721087795073,0.98404381791014
"GOBP_REGULATION_OF_MYELOID_LEUKOCYTE_MEDIATED_IMMUNITY",12,"Up",0.259967175140434,0.98404381791014
"GOBP_POST_EMBRYONIC_ANIMAL_ORGAN_DEVELOPMENT",3,"Down",0.260269473280643,0.98404381791014
"GOBP_NEGATIVE_REGULATION_OF_HOMOTYPIC_CELL_CELL_ADHESION",6,"Down",0.260312059800805,0.98404381791014
"GOBP_NEGATIVE_REGULATION_OF_T_CELL_PROLIFERATION",8,"Down",0.260509495392088,0.98404381791014
"GOBP_REGULATION_OF_VESICLE_FUSION",14,"Down",0.260745345787886,0.98404381791014
"GOBP_POSITIVE_REGULATION_OF_ESTABLISHMENT_OF_PROTEIN_LOCALIZATION_TO_MITOCHONDRION",12,"Up",0.260775954124898,0.98404381791014
"GOBP_T_CELL_PROLIFERATION",25,"Down",0.261108128320707,0.98404381791014
"GOBP_PROTEIN_TARGETING_TO_MITOCHONDRION",35,"Down",0.261599073238153,0.98404381791014
"GOBP_CELL_ACTIVATION_INVOLVED_IN_IMMUNE_RESPONSE",43,"Up",0.261795163871605,0.98404381791014
"GOBP_REGULATION_OF_DOUBLE_STRAND_BREAK_REPAIR_VIA_NONHOMOLOGOUS_END_JOINING",5,"Down",0.262206979607007,0.98404381791014
"GOBP_PROTEIN_DNA_COMPLEX_ASSEMBLY",29,"Down",0.262270585806494,0.98404381791014
"GOBP_CELLULAR_RESPONSE_TO_HEAT",27,"Up",0.262319465740209,0.98404381791014
"GOBP_POSITIVE_REGULATION_OF_DNA_TEMPLATED_TRANSCRIPTION_INITIATION",14,"Down",0.262580875042217,0.98404381791014
"GOBP_NEGATIVE_REGULATION_OF_CALCIUM_ION_TRANSPORT_INTO_CYTOSOL",1,"Up",0.262778801101878,0.98404381791014
"GOBP_NEGATIVE_REGULATION_OF_HIGH_VOLTAGE_GATED_CALCIUM_CHANNEL_ACTIVITY",1,"Up",0.262778801101878,0.98404381791014
"GOBP_NEGATIVE_REGULATION_OF_RYANODINE_SENSITIVE_CALCIUM_RELEASE_CHANNEL_ACTIVITY",1,"Up",0.262778801101878,0.98404381791014
"GOBP_POSITIVE_REGULATION_OF_RYANODINE_SENSITIVE_CALCIUM_RELEASE_CHANNEL_ACTIVITY",1,"Up",0.262778801101878,0.98404381791014
"GOBP_HISTONE_H3_K9_MODIFICATION",9,"Up",0.262979980627195,0.98404381791014
"GOBP_CELLULAR_DEFENSE_RESPONSE",5,"Down",0.263143247050643,0.98404381791014
"GOBP_TORC1_SIGNALING",19,"Down",0.263248120065934,0.98404381791014
"GOBP_NEGATIVE_REGULATION_OF_MUSCLE_CELL_APOPTOTIC_PROCESS",4,"Up",0.26365567009743,0.98404381791014
"GOBP_ENDOPLASMIC_RETICULUM_UNFOLDED_PROTEIN_RESPONSE",22,"Up",0.263740449925654,0.98404381791014
"GOBP_REGULATION_OF_LAMELLIPODIUM_ORGANIZATION",23,"Up",0.263875492021858,0.98404381791014
"GOBP_NEGATIVE_REGULATION_OF_CELL_DEATH",216,"Up",0.263877810501355,0.98404381791014
"GOBP_MEMBRANE_RAFT_ASSEMBLY",6,"Down",0.264053222259145,0.98404381791014
"GOBP_POSITIVE_REGULATION_OF_COLLATERAL_SPROUTING",2,"Down",0.264056462834331,0.98404381791014
"GOBP_REGULATION_OF_COLLATERAL_SPROUTING",2,"Down",0.264056462834331,0.98404381791014
"GOBP_NIK_NF_KAPPAB_SIGNALING",25,"Down",0.264069284408758,0.98404381791014
"GOBP_NEGATIVE_REGULATION_OF_INTRACELLULAR_PROTEIN_TRANSPORT",13,"Up",0.26411061048628,0.98404381791014
"GOBP_SYNAPSE_ORGANIZATION",114,"Up",0.264126508828556,0.98404381791014
"GOBP_REGULATION_OF_NUCLEOCYTOPLASMIC_TRANSPORT",39,"Up",0.264316814550741,0.98404381791014
"GOBP_PROTEIN_LOCALIZATION_TO_CHROMOSOME",29,"Up",0.264646789348516,0.98404381791014
"GOBP_TRANSCRIPTION_ELONGATION_FROM_RNA_POLYMERASE_II_PROMOTER",26,"Down",0.264663508878219,0.98404381791014
"GOBP_GLYCEROL_3_PHOSPHATE_METABOLIC_PROCESS",3,"Down",0.26510049217365,0.98404381791014
"GOBP_GRANULOCYTE_DIFFERENTIATION",3,"Down",0.265304904809131,0.98404381791014
"GOBP_REGULATION_OF_VACUOLE_ORGANIZATION",25,"Up",0.265315615576815,0.98404381791014
"GOBP_REGULATION_OF_EXECUTION_PHASE_OF_APOPTOSIS",2,"Up",0.265353635708491,0.98404381791014
"GOBP_POSITIVE_REGULATION_OF_TOLL_LIKE_RECEPTOR_4_SIGNALING_PATHWAY",1,"Down",0.265366648372645,0.98404381791014
"GOBP_ANATOMICAL_STRUCTURE_ARRANGEMENT",1,"Up",0.265774230897842,0.98404381791014
"GOBP_CIRCADIAN_SLEEP_WAKE_CYCLE",1,"Up",0.265774230897842,0.98404381791014
"GOBP_CIRCADIAN_SLEEP_WAKE_CYCLE_NON_REM_SLEEP",1,"Up",0.265774230897842,0.98404381791014
"GOBP_CIRCADIAN_SLEEP_WAKE_CYCLE_SLEEP",1,"Up",0.265774230897842,0.98404381791014
"GOBP_CRANIAL_NERVE_MORPHOGENESIS",1,"Up",0.265774230897842,0.98404381791014
"GOBP_CRANIAL_NERVE_STRUCTURAL_ORGANIZATION",1,"Up",0.265774230897842,0.98404381791014
"GOBP_OPTIC_NERVE_MORPHOGENESIS",1,"Up",0.265774230897842,0.98404381791014
"GOBP_REGULATION_OF_CIRCADIAN_SLEEP_WAKE_CYCLE",1,"Up",0.265774230897842,0.98404381791014
"GOBP_REGULATION_OF_CIRCADIAN_SLEEP_WAKE_CYCLE_NON_REM_SLEEP",1,"Up",0.265774230897842,0.98404381791014
"GOBP_NUCLEOTIDE_SUGAR_BIOSYNTHETIC_PROCESS",5,"Down",0.266401012050705,0.98404381791014
"GOBP_CARDIAC_CELL_DEVELOPMENT",14,"Up",0.266423962176849,0.98404381791014
"GOBP_SUPEROXIDE_METABOLIC_PROCESS",10,"Down",0.2665458059983,0.98404381791014
"GOBP_POSITIVE_REGULATION_OF_NATURAL_KILLER_CELL_DIFFERENTIATION",2,"Down",0.266551959836314,0.98404381791014
"GOBP_REGULATION_OF_NATURAL_KILLER_CELL_DIFFERENTIATION",2,"Down",0.266551959836314,0.98404381791014
"GOBP_DNA_REPLICATION_DEPENDENT_CHROMATIN_ORGANIZATION",3,"Up",0.266775119822123,0.98404381791014
"GOBP_REGULATION_OF_HISTONE_UBIQUITINATION",5,"Up",0.266880617007601,0.98404381791014
"GOBP_NEGATIVE_REGULATION_OF_HORMONE_BIOSYNTHETIC_PROCESS",2,"Up",0.266971763800958,0.98404381791014
"GOBP_NEGATIVE_REGULATION_OF_HORMONE_METABOLIC_PROCESS",2,"Up",0.266971763800958,0.98404381791014
"GOBP_SKELETAL_MUSCLE_ADAPTATION",5,"Up",0.267178710023032,0.98404381791014
"GOBP_NEGATIVE_REGULATION_OF_TISSUE_REMODELING",4,"Up",0.267192575809418,0.98404381791014
"GOBP_REGULATION_OF_SMOOTH_MUSCLE_CELL_CHEMOTAXIS",1,"Up",0.267229765438753,0.98404381791014
"GOBP_REGULATION_OF_CD40_SIGNALING_PATHWAY",1,"Down",0.267337889377265,0.98404381791014
"GOBP_HEPATIC_STELLATE_CELL_ACTIVATION",5,"Down",0.267539949715889,0.98404381791014
"GOBP_TETRAPYRROLE_METABOLIC_PROCESS",9,"Down",0.267675347687512,0.98404381791014
"GOBP_POSITIVE_REGULATION_OF_LEUKOCYTE_ADHESION_TO_VASCULAR_ENDOTHELIAL_CELL",2,"Down",0.267908780004974,0.98404381791014
"GOBP_SYNAPTIC_VESICLE_RECYCLING",38,"Up",0.267964113591684,0.98404381791014
"GOBP_REGULATION_OF_BONE_REMODELING",7,"Up",0.268141714708869,0.98404381791014
"GOBP_REACTIVE_OXYGEN_SPECIES_BIOSYNTHETIC_PROCESS",9,"Up",0.268330935828356,0.98404381791014
"GOBP_REGULATION_OF_MICROTUBULE_BINDING",5,"Up",0.268721578154078,0.98404381791014
"GOBP_NEGATIVE_REGULATION_OF_NEURAL_PRECURSOR_CELL_PROLIFERATION",4,"Up",0.268741840406672,0.98404381791014
"GOBP_SYNAPTIC_VESICLE_PRIMING",11,"Up",0.269093508945235,0.98404381791014
"GOBP_NEGATIVE_REGULATION_OF_PROTEASOMAL_UBIQUITIN_DEPENDENT_PROTEIN_CATABOLIC_PROCESS",19,"Up",0.269172099898002,0.98404381791014
"GOBP_COENZYME_A_BIOSYNTHETIC_PROCESS",4,"Down",0.269237014949506,0.98404381791014
"GOBP_REGULATION_OF_AMPA_RECEPTOR_ACTIVITY",1,"Up",0.269254347116118,0.98404381791014
"GOBP_REGULATION_OF_VITAMIN_METABOLIC_PROCESS",2,"Up",0.269445219758204,0.98404381791014
"GOBP_POSITIVE_REGULATION_OF_CELL_CYCLE_G1_S_PHASE_TRANSITION",21,"Down",0.269530871499823,0.98404381791014
"GOBP_LATE_NUCLEOPHAGY",2,"Up",0.269545186687132,0.98404381791014
"GOBP_PIECEMEAL_MICROAUTOPHAGY_OF_THE_NUCLEUS",2,"Up",0.269545186687132,0.98404381791014
"GOBP_CELL_CELL_ADHESION_MEDIATED_BY_INTEGRIN",2,"Up",0.26957304123158,0.98404381791014
"GOBP_CELLULAR_AMINO_ACID_CATABOLIC_PROCESS",24,"Down",0.270077584323729,0.98404381791014
"GOBP_NEGATIVE_REGULATION_OF_MAPK_CASCADE",33,"Down",0.270274069532995,0.98404381791014
"GOBP_LACTATE_METABOLIC_PROCESS",6,"Up",0.270387728029175,0.98404381791014
"GOBP_POSITIVE_REGULATION_OF_PEPTIDYL_LYSINE_ACETYLATION",11,"Up",0.270444171738975,0.98404381791014
"GOBP_POSITIVE_REGULATION_OF_ACUTE_INFLAMMATORY_RESPONSE_TO_ANTIGENIC_STIMULUS",1,"Up",0.270714280744615,0.98404381791014
"GOBP_POSITIVE_REGULATION_OF_INFLAMMATORY_RESPONSE_TO_ANTIGENIC_STIMULUS",1,"Up",0.270714280744615,0.98404381791014
"GOBP_REGULATION_OF_ACUTE_INFLAMMATORY_RESPONSE_TO_ANTIGENIC_STIMULUS",1,"Up",0.270714280744615,0.98404381791014
"GOBP_PROTEIN_HETEROTETRAMERIZATION",5,"Up",0.271056531836767,0.98404381791014
"GOBP_EMBRYONIC_HEART_TUBE_DEVELOPMENT",11,"Down",0.271107290178768,0.98404381791014
"GOBP_REGULATION_OF_UBIQUITIN_SPECIFIC_PROTEASE_ACTIVITY",5,"Up",0.271542119455375,0.98404381791014
"GOBP_INDOLE_CONTAINING_COMPOUND_METABOLIC_PROCESS",2,"Up",0.271609332420833,0.98404381791014
"GOBP_PRIMARY_AMINO_COMPOUND_METABOLIC_PROCESS",2,"Up",0.271609332420833,0.98404381791014
"GOBP_SEROTONIN_METABOLIC_PROCESS",2,"Up",0.271609332420833,0.98404381791014
"GOBP_AXONEME_ASSEMBLY",7,"Down",0.271656219250591,0.98404381791014
"GOBP_POSITIVE_REGULATION_OF_ENDOPLASMIC_RETICULUM_UNFOLDED_PROTEIN_RESPONSE",2,"Up",0.27187173603313,0.98404381791014
"GOBP_POSITIVE_REGULATION_OF_IRE1_MEDIATED_UNFOLDED_PROTEIN_RESPONSE",2,"Up",0.27187173603313,0.98404381791014
"GOBP_MAMMARY_GLAND_EPITHELIAL_CELL_PROLIFERATION",5,"Up",0.272092380966889,0.98404381791014
"GOBP_CELLULAR_RESPONSE_TO_OXYGEN_CONTAINING_COMPOUND",256,"Down",0.272202137847243,0.98404381791014
"GOBP_GDP_METABOLIC_PROCESS",5,"Up",0.272348934594735,0.98404381791014
"GOBP_NEGATIVE_REGULATION_OF_GENE_EXPRESSION",258,"Up",0.272523782583744,0.98404381791014
"GOBP_NUCLEOBASE_CATABOLIC_PROCESS",6,"Down",0.272678960878444,0.98404381791014
"GOBP_PANCREATIC_JUICE_SECRETION",4,"Up",0.272944892986079,0.98404381791014
"GOBP_POSITIVE_REGULATION_OF_MULTICELLULAR_ORGANISM_GROWTH",8,"Down",0.273156145375072,0.98404381791014
"GOBP_CALCIUM_ION_IMPORT_INTO_CYTOSOL",4,"Up",0.27333513696123,0.98404381791014
"GOBP_COBALT_ION_TRANSPORT",2,"Down",0.273576657661601,0.98404381791014
"GOBP_CELL_SUBSTRATE_ADHESION",62,"Up",0.273601438377958,0.98404381791014
"GOBP_ETHER_BIOSYNTHETIC_PROCESS",1,"Up",0.273621745837,0.98404381791014
"GOBP_ADENYLATE_CYCLASE_ACTIVATING_ADRENERGIC_RECEPTOR_SIGNALING_PATHWAY",7,"Up",0.273738753818757,0.98404381791014
"GOBP_CELLULAR_RESPONSE_TO_AMYLOID_BETA",12,"Down",0.273779313446392,0.98404381791014
"GOBP_REGULATION_OF_EARLY_ENDOSOME_TO_LATE_ENDOSOME_TRANSPORT",13,"Up",0.273958202579991,0.98404381791014
"GOBP_METHIONINE_METABOLIC_PROCESS",3,"Down",0.274076044565286,0.98404381791014
"GOBP_REGULATION_OF_ALCOHOL_BIOSYNTHETIC_PROCESS",9,"Down",0.2741548725537,0.98404381791014
"GOBP_LINOLEIC_ACID_METABOLIC_PROCESS",3,"Down",0.2745608544511,0.98489858955975
"GOBP_LOCALIZATION_WITHIN_MEMBRANE",244,"Up",0.275010057412184,0.98489858955975
"GOBP_POSITIVE_REGULATION_OF_ANION_TRANSPORT",10,"Down",0.275024626251171,0.98489858955975
"GOBP_POSITIVE_REGULATION_OF_ORGANIC_ACID_TRANSPORT",10,"Down",0.275024626251171,0.98489858955975
"GOBP_CHAPERONE_MEDIATED_AUTOPHAGY",9,"Up",0.275214292004675,0.98489858955975
"GOBP_CELL_PROJECTION_ORGANIZATION",423,"Up",0.275488662542735,0.98489858955975
"GOBP_NEGATIVE_REGULATION_OF_RESPONSE_TO_ENDOPLASMIC_RETICULUM_STRESS",13,"Up",0.275562418879744,0.98489858955975
"GOBP_POSITIVE_REGULATION_OF_EPITHELIAL_CELL_MIGRATION",28,"Up",0.276013992104118,0.98489858955975
"GOBP_NEGATIVE_REGULATION_OF_AUTOPHAGY_OF_MITOCHONDRION",3,"Up",0.276325790684256,0.98489858955975
"GOBP_NEGATIVE_REGULATION_OF_MITOPHAGY",3,"Up",0.276325790684256,0.98489858955975
"GOBP_REGULATION_OF_WATER_LOSS_VIA_SKIN",3,"Up",0.276519739109822,0.98489858955975
"GOBP_REGULATION_OF_INSULIN_SECRETION_INVOLVED_IN_CELLULAR_RESPONSE_TO_GLUCOSE_STIMULUS",11,"Down",0.277114291744788,0.98489858955975
"GOBP_CELL_COMMUNICATION_BY_ELECTRICAL_COUPLING_INVOLVED_IN_CARDIAC_CONDUCTION",9,"Up",0.277183283963664,0.98489858955975
"GOBP_ENTRY_OF_BACTERIUM_INTO_HOST_CELL",3,"Up",0.277194044810176,0.98489858955975
"GOBP_NEGATIVE_REGULATION_OF_EPITHELIAL_CELL_PROLIFERATION",25,"Down",0.277606070317805,0.98489858955975
"GOBP_REGULATION_OF_BONE_RESORPTION",6,"Up",0.277807712095807,0.98489858955975
"GOBP_REGULATION_OF_ANDROGEN_RECEPTOR_SIGNALING_PATHWAY",9,"Up",0.278363923620589,0.98489858955975
"GOBP_REGULATION_OF_INFLAMMATORY_RESPONSE_TO_ANTIGENIC_STIMULUS",4,"Up",0.278572744918634,0.98489858955975
"GOBP_SULFUR_COMPOUND_METABOLIC_PROCESS",70,"Down",0.27860495185125,0.98489858955975
"GOBP_NEGATIVE_REGULATION_OF_PHOSPHATIDYLINOSITOL_3_KINASE_ACTIVITY",2,"Up",0.279177830643188,0.98489858955975
"GOBP_MICROTUBULE_ANCHORING",17,"Up",0.279365553571432,0.98489858955975
"GOBP_VASCULAR_ASSOCIATED_SMOOTH_MUSCLE_CONTRACTION",7,"Up",0.279397220433799,0.98489858955975
"GOBP_AMYGDALA_DEVELOPMENT",2,"Up",0.279544246386679,0.98489858955975
"GOBP_HEART_VALVE_MORPHOGENESIS",4,"Down",0.279659306220212,0.98489858955975
"GOBP_AV_NODE_CELL_TO_BUNDLE_OF_HIS_CELL_COMMUNICATION",4,"Up",0.280153342737861,0.98489858955975
"GOBP_PROTEIN_TARGETING_TO_VACUOLE",17,"Up",0.280275322152682,0.98489858955975
"GOBP_CITRULLINE_BIOSYNTHETIC_PROCESS",1,"Up",0.280281023871735,0.98489858955975
"GOBP_NEGATIVE_REGULATION_OF_CELLULAR_AMINE_METABOLIC_PROCESS",1,"Up",0.280281023871735,0.98489858955975
"GOBP_NITRIC_OXIDE_MEDIATED_SIGNAL_TRANSDUCTION",1,"Up",0.280281023871735,0.98489858955975
"GOBP_REGULATION_OF_NITRIC_OXIDE_MEDIATED_SIGNAL_TRANSDUCTION",1,"Up",0.280281023871735,0.98489858955975
"GOBP_ATRIAL_SEPTUM_DEVELOPMENT",2,"Down",0.280448619068463,0.98489858955975
"GOBP_CAMP_CATABOLIC_PROCESS",3,"Down",0.280716541107324,0.98489858955975
"GOBP_CYCLIC_NUCLEOTIDE_CATABOLIC_PROCESS",3,"Down",0.280716541107324,0.98489858955975
"GOBP_ENDOCRINE_SYSTEM_DEVELOPMENT",15,"Down",0.281218662108042,0.98489858955975
"GOBP_VACUOLAR_PROTON_TRANSPORTING_V_TYPE_ATPASE_COMPLEX_ASSEMBLY",2,"Down",0.281344709257107,0.98489858955975
"GOBP_REGULATION_OF_MYELOID_CELL_DIFFERENTIATION",27,"Down",0.281349960165327,0.98489858955975
"GOBP_SENSORY_PERCEPTION_OF_LIGHT_STIMULUS",18,"Down",0.281476071654047,0.98489858955975
"GOBP_NEGATIVE_REGULATION_OF_INTRACELLULAR_STEROID_HORMONE_RECEPTOR_SIGNALING_PATHWAY",11,"Up",0.2816648574797,0.98489858955975
"GOBP_PROTEIN_REPAIR",5,"Up",0.28171115553688,0.98489858955975
"GOBP_INTRACELLULAR_ESTROGEN_RECEPTOR_SIGNALING_PATHWAY",24,"Up",0.281742128921457,0.98489858955975
"GOBP_CELLULAR_RESPONSE_TO_LIPOPROTEIN_PARTICLE_STIMULUS",4,"Up",0.281776772514207,0.98489858955975
"GOBP_CELLULAR_GLUCAN_METABOLIC_PROCESS",23,"Up",0.281872933410268,0.98489858955975
"GOBP_NEGATIVE_REGULATION_OF_MUSCLE_CELL_DIFFERENTIATION",11,"Down",0.281981460773411,0.98489858955975
"GOBP_NEGATIVE_REGULATION_OF_INTRACELLULAR_TRANSPORT",19,"Up",0.28200309314353,0.98489858955975
"GOBP_CARDIOCYTE_DIFFERENTIATION",24,"Up",0.282120316730659,0.98489858955975
"GOBP_REGULATION_OF_MICROTUBULE_BASED_MOVEMENT",11,"Up",0.28222094956525,0.98489858955975
"GOBP_GASTRULATION_WITH_MOUTH_FORMING_SECOND",2,"Down",0.282320660592595,0.98489858955975
"GOBP_CD4_POSITIVE_ALPHA_BETA_T_CELL_CYTOKINE_PRODUCTION",1,"Up",0.28243396577875,0.98489858955975
"GOBP_POSITIVE_REGULATION_OF_T_HELPER_2_CELL_CYTOKINE_PRODUCTION",1,"Up",0.28243396577875,0.98489858955975
"GOBP_POSITIVE_REGULATION_OF_TYPE_2_IMMUNE_RESPONSE",1,"Up",0.28243396577875,0.98489858955975
"GOBP_T_HELPER_2_CELL_CYTOKINE_PRODUCTION",1,"Up",0.28243396577875,0.98489858955975
"GOBP_POSITIVE_REGULATION_OF_PHOSPHORUS_METABOLIC_PROCESS",176,"Down",0.282534444298223,0.98489858955975
"GOBP_REGULATION_OF_PHAGOCYTOSIS",18,"Down",0.282929886364557,0.98489858955975
"GOBP_REGULATION_OF_STRIATED_MUSCLE_CELL_DIFFERENTIATION",13,"Down",0.283022602969684,0.98489858955975
"GOBP_REGULATION_OF_LEUKOCYTE_PROLIFERATION",25,"Down",0.283026639657801,0.98489858955975
"GOBP_REGULATION_OF_PROTEIN_LOCALIZATION_TO_CHROMOSOME_TELOMERIC_REGION",10,"Up",0.283112487421375,0.98489858955975
"GOBP_CELL_ADHESION_MEDIATED_BY_INTEGRIN",7,"Down",0.28333710174342,0.98489858955975
"GOBP_REGULATION_OF_HEMATOPOIETIC_STEM_CELL_PROLIFERATION",2,"Up",0.283816068978581,0.98489858955975
"GOBP_CELLULAR_RESPONSE_TO_LAMINAR_FLUID_SHEAR_STRESS",2,"Up",0.284081771421254,0.98489858955975
"GOBP_RESPONSE_TO_LAMINAR_FLUID_SHEAR_STRESS",2,"Up",0.284081771421254,0.98489858955975
"GOBP_POSITIVE_REGULATION_OF_LEUKOCYTE_CELL_CELL_ADHESION",26,"Down",0.284237402100816,0.98489858955975
"GOBP_NEGATIVE_REGULATION_OF_EPIDERMAL_GROWTH_FACTOR_ACTIVATED_RECEPTOR_ACTIVITY",7,"Down",0.284553585949636,0.98489858955975
"GOBP_CELLULAR_RESPONSE_TO_HYDROPEROXIDE",2,"Up",0.284644035728003,0.98489858955975
"GOBP_NEURAL_FOLD_FORMATION",1,"Up",0.284762498354175,0.98489858955975
"GOBP_REGULATION_OF_STRIATED_MUSCLE_CONTRACTION",18,"Up",0.285006896273683,0.98489858955975
"GOBP_POSITIVE_REGULATION_OF_PROTEIN_SUMOYLATION",4,"Up",0.285036523075323,0.98489858955975
"GOBP_NEGATIVE_REGULATION_OF_GLYCOLYTIC_PROCESS",4,"Up",0.285254826085277,0.98489858955975
"GOBP_EXTRACELLULAR_TRANSPORT",6,"Down",0.285426821754999,0.98489858955975
"GOBP_POSITIVE_REGULATION_OF_G_PROTEIN_COUPLED_RECEPTOR_SIGNALING_PATHWAY",5,"Down",0.285433125345912,0.98489858955975
"GOBP_NEGATIVE_REGULATION_OF_T_CELL_MIGRATION",2,"Down",0.285456921618484,0.98489858955975
"GOBP_ENDOSOME_TO_LYSOSOME_TRANSPORT_VIA_MULTIVESICULAR_BODY_SORTING_PATHWAY",7,"Up",0.285522425925054,0.98489858955975
"GOBP_NEGATIVE_REGULATION_OF_MATRIX_METALLOPEPTIDASE_SECRETION",1,"Down",0.28576548570235,0.98489858955975
"GOBP_NEGATIVE_REGULATION_OF_NEUROINFLAMMATORY_RESPONSE",1,"Down",0.28576548570235,0.98489858955975
"GOBP_REGULATION_OF_MATRIX_METALLOPEPTIDASE_SECRETION",1,"Down",0.28576548570235,0.98489858955975
"GOBP_MUSCLE_TISSUE_DEVELOPMENT",74,"Down",0.285792025495575,0.98489858955975
"GOBP_BLASTODERM_SEGMENTATION",4,"Up",0.285854688161332,0.98489858955975
"GOBP_TRIPARTITE_REGIONAL_SUBDIVISION",4,"Up",0.285854688161332,0.98489858955975
"GOBP_NEGATIVE_REGULATION_OF_NEURON_DIFFERENTIATION",11,"Up",0.286020572971075,0.98489858955975
"GOBP_REGULATION_OF_METALLOPEPTIDASE_ACTIVITY",3,"Up",0.286028571994173,0.98489858955975
"GOBP_AUTOPHAGY_OF_NUCLEUS",6,"Up",0.286290942999536,0.984953122163892
"GOBP_NEGATIVE_REGULATION_OF_LIPID_CATABOLIC_PROCESS",5,"Down",0.286338996483716,0.984953122163892
"GOBP_LATE_ENDOSOME_TO_VACUOLE_TRANSPORT",18,"Up",0.286751331327146,0.985478687851446
"GOBP_FIBROBLAST_APOPTOTIC_PROCESS",5,"Up",0.286908971478004,0.985478687851446
"GOBP_MYOTUBE_DIFFERENTIATION",24,"Down",0.286933902384741,0.985478687851446
"GOBP_NEGATIVE_REGULATION_OF_HYDROLASE_ACTIVITY",73,"Up",0.287428849426183,0.985734197829734
"GOBP_MITOCHONDRIAL_CALCIUM_ION_HOMEOSTASIS",8,"Up",0.287442927782667,0.985734197829734
"GOBP_CELL_FATE_SPECIFICATION",8,"Down",0.287450528752502,0.985734197829734
"GOBP_ADENYLATE_CYCLASE_ACTIVATING_ADRENERGIC_RECEPTOR_SIGNALING_PATHWAY_INVOLVED_IN_HEART_PROCESS",4,"Up",0.288890265481337,0.986821151065458
"GOBP_G_PROTEIN_COUPLED_RECEPTOR_SIGNALING_PATHWAY_INVOLVED_IN_HEART_PROCESS",4,"Up",0.288890265481337,0.986821151065458
"GOBP_NEGATIVE_REGULATION_OF_EPITHELIAL_CELL_MIGRATION",14,"Down",0.289052580738181,0.986821151065458
"GOBP_POSITIVE_REGULATION_OF_ACTIN_FILAMENT_POLYMERIZATION",22,"Up",0.289202623090769,0.986821151065458
"GOBP_NEGATIVE_REGULATION_OF_HISTONE_PHOSPHORYLATION",2,"Down",0.289577259718667,0.986821151065458
"GOBP_REGULATION_OF_T_CELL_DIFFERENTIATION",16,"Down",0.29005870274378,0.986821151065458
"GOBP_AMINO_ACID_BETAINE_TRANSPORT",1,"Down",0.290636828755679,0.986821151065458
"GOBP_QUATERNARY_AMMONIUM_GROUP_TRANSPORT",1,"Down",0.290636828755679,0.986821151065458
"GOBP_REGULATION_OF_MITOTIC_CELL_CYCLE",107,"Down",0.290704971276182,0.986821151065458
"GOBP_ANTIBACTERIAL_HUMORAL_RESPONSE",1,"Down",0.291615160736744,0.986821151065458
"GOBP_REGULATION_OF_ARACHIDONIC_ACID_SECRETION",1,"Down",0.291615160736744,0.986821151065458
"GOBP_REGULATION_OF_CELL_CYCLE_G1_S_PHASE_TRANSITION",42,"Down",0.29186193354951,0.986821151065458
"GOBP_GLYCOSPHINGOLIPID_METABOLIC_PROCESS",4,"Down",0.291862605362083,0.986821151065458
"GOBP_POSITIVE_REGULATION_OF_ALCOHOL_BIOSYNTHETIC_PROCESS",4,"Down",0.291879061395865,0.986821151065458
"GOBP_ENDOSOME_TRANSPORT_VIA_MULTIVESICULAR_BODY_SORTING_PATHWAY",22,"Up",0.292005655154303,0.986821151065458
"GOBP_ACTIN_FILAMENT_SEVERING",9,"Up",0.292600955079526,0.986821151065458
"GOBP_INTERLEUKIN_18_PRODUCTION",1,"Up",0.292890516816676,0.986821151065458
"GOBP_POSITIVE_REGULATION_OF_INTERLEUKIN_18_PRODUCTION",1,"Up",0.292890516816676,0.986821151065458
"GOBP_TRANSMEMBRANE_TRANSPORT",278,"Down",0.292942873563091,0.986821151065458
"GOBP_PYRIMIDINE_DIMER_REPAIR",1,"Down",0.292943807333021,0.986821151065458
"GOBP_RESPONSE_TO_DISACCHARIDE",1,"Down",0.292943807333021,0.986821151065458
"GOBP_ZINC_ION_HOMEOSTASIS",7,"Down",0.292965297866806,0.986821151065458
"GOBP_CELLULAR_RESPONSE_TO_OXYGEN_LEVELS",38,"Up",0.293290360654139,0.986821151065458
"GOBP_SYNAPTIC_VESICLE_DOCKING",4,"Up",0.293302421382354,0.986821151065458
"GOBP_NEGATIVE_REGULATION_OF_SMALL_GTPASE_MEDIATED_SIGNAL_TRANSDUCTION",19,"Up",0.293342218992579,0.986821151065458
"GOBP_CELLULAR_LIPID_METABOLIC_PROCESS",210,"Down",0.293368847256633,0.986821151065458
"GOBP_PYRIMIDINE_NUCLEOSIDE_DIPHOSPHATE_METABOLIC_PROCESS",4,"Down",0.29364220409045,0.986821151065458
"GOBP_ACTIN_FILAMENT_POLYMERIZATION",67,"Up",0.294308284261758,0.986821151065458
"GOBP_ATP_METABOLIC_PROCESS",74,"Down",0.29445507219102,0.986821151065458
"GOBP_CELLULAR_RESPONSE_TO_HISTAMINE",1,"Down",0.294809210831792,0.986821151065458
"GOBP_RESPONSE_TO_HISTAMINE",1,"Down",0.294809210831792,0.986821151065458
"GOBP_PRESYNAPTIC_ENDOCYTOSIS",32,"Up",0.294872982179261,0.986821151065458
"GOBP_OLIGOSACCHARIDE_LIPID_INTERMEDIATE_BIOSYNTHETIC_PROCESS",2,"Down",0.295033461966245,0.986821151065458
"GOBP_POLYSACCHARIDE_METABOLIC_PROCESS",26,"Up",0.295211874151464,0.986821151065458
"GOBP_MEMBRANE_FUSION",72,"Up",0.295235785429594,0.986821151065458
"GOBP_REGULATION_OF_GASTRIC_ACID_SECRETION",2,"Up",0.295479087044605,0.986821151065458
"GOBP_VIRAL_TRANSLATION",13,"Up",0.295760273526827,0.986821151065458
"GOBP_POSITIVE_REGULATION_OF_RESPONSE_TO_WOUNDING",10,"Up",0.296216102819005,0.986821151065458
"GOBP_REGULATION_OF_ACUTE_INFLAMMATORY_RESPONSE",4,"Up",0.296693432639996,0.986821151065458
"GOBP_OVARIAN_FOLLICLE_DEVELOPMENT",8,"Up",0.296751081082522,0.986821151065458
"GOBP_SINOATRIAL_NODE_DEVELOPMENT",1,"Down",0.296817124177222,0.986821151065458
"GOBP_REGULATION_OF_MITOTIC_CELL_CYCLE_SPINDLE_ASSEMBLY_CHECKPOINT",4,"Up",0.296862138623382,0.986821151065458
"GOBP_REGULATION_OF_CELL_COMMUNICATION_BY_ELECTRICAL_COUPLING",5,"Up",0.296999786027759,0.986821151065458
"GOBP_REGULATION_OF_FATTY_ACID_OXIDATION",8,"Up",0.297382931350558,0.986821151065458
"GOBP_COPPER_ION_IMPORT",2,"Up",0.297554583238094,0.986821151065458
"GOBP_CELLULAR_RESPONSE_TO_CORTICOSTEROID_STIMULUS",13,"Up",0.297675764411087,0.986821151065458
"GOBP_NEGATIVE_REGULATION_OF_CALCIUM_ION_TRANSMEMBRANE_TRANSPORT",8,"Up",0.297755365859643,0.986821151065458
"GOBP_NEGATIVE_REGULATION_OF_CALCIUM_ION_TRANSPORT",8,"Up",0.297755365859643,0.986821151065458
"GOBP_INTERMEDIATE_FILAMENT_ORGANIZATION",6,"Up",0.297771004561542,0.986821151065458
"GOBP_POSITIVE_REGULATION_OF_CELLULAR_RESPIRATION",3,"Up",0.29778612936784,0.986821151065458
"GOBP_RESPIRATORY_ELECTRON_TRANSPORT_CHAIN",33,"Down",0.298211583069059,0.986821151065458
"GOBP_REGULATION_OF_CYSTEINE_TYPE_ENDOPEPTIDASE_ACTIVITY_INVOLVED_IN_EXECUTION_PHASE_OF_APOPTOSIS",1,"Up",0.298283367989858,0.986821151065458
"GOBP_NUCLEAR_ENVELOPE_ORGANIZATION",30,"Up",0.298307115500418,0.986821151065458
"GOBP_3_PHOSPHOADENOSINE_5_PHOSPHOSULFATE_METABOLIC_PROCESS",4,"Down",0.298680006492059,0.986821151065458
"GOBP_LYMPHOID_PROGENITOR_CELL_DIFFERENTIATION",4,"Up",0.298931753566658,0.986821151065458
"GOBP_PRO_B_CELL_DIFFERENTIATION",4,"Up",0.298931753566658,0.986821151065458
"GOBP_REGULATION_OF_LYMPHOID_PROGENITOR_CELL_DIFFERENTIATION",4,"Up",0.298931753566658,0.986821151065458
"GOBP_REGULATION_OF_PRO_B_CELL_DIFFERENTIATION",4,"Up",0.298931753566658,0.986821151065458
"GOBP_REGULATION_OF_LEUKOCYTE_DIFFERENTIATION",26,"Down",0.299011138603595,0.986821151065458
"GOBP_COLLAGEN_FIBRIL_ORGANIZATION",3,"Up",0.299057628873243,0.986821151065458
"GOBP_PYRIMIDINE_NUCLEOBASE_CATABOLIC_PROCESS",5,"Down",0.299063115209201,0.986821151065458
"GOBP_REGULATION_OF_VASCULAR_PERMEABILITY",5,"Up",0.299099005106309,0.986821151065458
"GOBP_NEGATIVE_REGULATION_OF_PROTEIN_CATABOLIC_PROCESS",51,"Down",0.299121564295665,0.986821151065458
"GOBP_GAMMA_AMINOBUTYRIC_ACID_SIGNALING_PATHWAY",5,"Down",0.299161679787118,0.986821151065458
"GOBP_MYELOID_LEUKOCYTE_CYTOKINE_PRODUCTION",7,"Down",0.299207420913183,0.986821151065458
"GOBP_VENOUS_BLOOD_VESSEL_MORPHOGENESIS",2,"Down",0.299510289504506,0.986821151065458
"GOBP_ORGANIC_CYCLIC_COMPOUND_CATABOLIC_PROCESS",152,"Up",0.299885762272201,0.986821151065458
"GOBP_NUCLEAR_TRANSCRIBED_MRNA_CATABOLIC_PROCESS_EXONUCLEOLYTIC",7,"Down",0.300037166531316,0.986821151065458
"GOBP_TELOMERE_ORGANIZATION",58,"Up",0.30031077210945,0.986821151065458
"GOBP_SOMATIC_DIVERSIFICATION_OF_IMMUNOGLOBULINS",10,"Up",0.300541074356254,0.986821151065458
"GOBP_ENDOSOMAL_TRANSPORT",124,"Up",0.300706466518608,0.986821151065458
"GOBP_PROTEIN_DESUMOYLATION",3,"Down",0.300725114616819,0.986821151065458
"GOBP_REGULATION_OF_NEURON_PROJECTION_DEVELOPMENT",131,"Up",0.301195821610478,0.986821151065458
"GOBP_CELLULAR_RESPONSE_TO_GLUCOSE_STARVATION",19,"Up",0.301560337964346,0.986821151065458
"GOBP_T_CELL_ACTIVATION_VIA_T_CELL_RECEPTOR_CONTACT_WITH_ANTIGEN_BOUND_TO_MHC_MOLECULE_ON_ANTIGEN_PRESENTING_CELL",1,"Up",0.301831882158093,0.986821151065458
"GOBP_THYROID_HORMONE_MEDIATED_SIGNALING_PATHWAY",3,"Down",0.301944961835352,0.986821151065458
"GOBP_FORMATION_OF_TRANSLATION_PREINITIATION_COMPLEX",9,"Up",0.302232508359378,0.986821151065458
"GOBP_POSITIVE_REGULATION_OF_TELOMERE_MAINTENANCE",28,"Up",0.302676777595775,0.986821151065458
"GOBP_POLYAMINE_TRANSMEMBRANE_TRANSPORT",1,"Up",0.302770557031794,0.986821151065458
"GOBP_REGULATION_OF_GLUCOSYLCERAMIDASE_ACTIVITY",1,"Up",0.302770557031794,0.986821151065458
"GOBP_DETECTION_OF_MECHANICAL_STIMULUS",9,"Down",0.303132919081318,0.986821151065458
"GOBP_NEGATIVE_REGULATION_OF_SMOOTH_MUSCLE_CONTRACTION",6,"Up",0.303273636208391,0.986821151065458
"GOBP_REGULATION_OF_DNA_REPLICATION",23,"Up",0.303283712801701,0.986821151065458
"GOBP_REGULATION_OF_TRANSPORT",461,"Up",0.3037589401043,0.986821151065458
"GOBP_REGULATION_OF_MAINTENANCE_OF_SISTER_CHROMATID_COHESION",2,"Up",0.304039205459969,0.986821151065458
"GOBP_REGULATION_OF_PROTEIN_IMPORT",21,"Up",0.304289052218196,0.986821151065458
"GOBP_REGULATION_OF_NUCLEAR_TRANSCRIBED_MRNA_CATABOLIC_PROCESS_DEADENYLATION_DEPENDENT_DECAY",14,"Up",0.304392527970509,0.986821151065458
"GOBP_POSITIVE_REGULATION_OF_NITRIC_OXIDE_METABOLIC_PROCESS",6,"Up",0.304694465057747,0.986821151065458
"GOBP_OSSIFICATION",61,"Down",0.304731855455227,0.986821151065458
"GOBP_AROMATIC_AMINO_ACID_FAMILY_METABOLIC_PROCESS",3,"Up",0.304848941002101,0.986821151065458
"GOBP_PROTEIN_OXIDATION",3,"Down",0.304895384556686,0.986821151065458
"GOBP_ACTOMYOSIN_CONTRACTILE_RING_ORGANIZATION",4,"Up",0.30495620685755,0.986821151065458
"GOBP_NEPHRIC_DUCT_DEVELOPMENT",1,"Down",0.3056429783723,0.986821151065458
"GOBP_NEPHRIC_DUCT_MORPHOGENESIS",1,"Down",0.3056429783723,0.986821151065458
"GOBP_POSITIVE_REGULATION_OF_HISTONE_ACETYLATION",7,"Up",0.305799480277786,0.986821151065458
"GOBP_POSITIVE_REGULATION_OF_GASTRULATION",1,"Up",0.3059668859555,0.986821151065458
"GOBP_RESPONSE_TO_NICOTINE",10,"Down",0.306014666304184,0.986821151065458
"GOBP_PHOSPHATIDYLETHANOLAMINE_METABOLIC_PROCESS",6,"Down",0.306204261022646,0.986821151065458
"GOBP_LENS_FIBER_CELL_DIFFERENTIATION",6,"Up",0.306219273264288,0.986821151065458
"GOBP_RESPONSE_TO_EPIDERMAL_GROWTH_FACTOR",18,"Up",0.306278795995382,0.986821151065458
"GOBP_RNA_EXPORT_FROM_NUCLEUS",44,"Up",0.306389632482261,0.986821151065458
"GOBP_TETRAHYDROBIOPTERIN_METABOLIC_PROCESS",2,"Up",0.306523824896882,0.986821151065458
"GOBP_OUTER_EAR_MORPHOGENESIS",3,"Up",0.306643432032328,0.986821151065458
"GOBP_NEGATIVE_REGULATION_OF_CARDIAC_MUSCLE_TISSUE_GROWTH",4,"Down",0.306650739335127,0.986821151065458
"GOBP_NEGATIVE_REGULATION_OF_ORGAN_GROWTH",4,"Down",0.306650739335127,0.986821151065458
"GOBP_RESPIRATORY_CHAIN_COMPLEX_III_ASSEMBLY",1,"Down",0.306918865879661,0.986821151065458
"GOBP_POSITIVE_T_CELL_SELECTION",5,"Down",0.307114812616502,0.986821151065458
"GOBP_T_CELL_SELECTION",5,"Down",0.307114812616502,0.986821151065458
"GOBP_BRANCHED_CHAIN_AMINO_ACID_TRANSPORT",5,"Down",0.307218323027706,0.986821151065458
"GOBP_POSITIVE_REGULATION_OF_NEURON_MIGRATION",6,"Up",0.307353243979037,0.986821151065458
"GOBP_REGULATION_OF_SYNAPTIC_VESICLE_EXOCYTOSIS",23,"Down",0.307567617338224,0.986821151065458
"GOBP_REGULATION_OF_ACTIN_FILAMENT_BASED_MOVEMENT",9,"Up",0.307795480209744,0.986821151065458
"GOBP_BASE_EXCISION_REPAIR_AP_SITE_FORMATION",1,"Down",0.308043814464068,0.986821151065458
"GOBP_DEPYRIMIDINATION",1,"Down",0.308043814464068,0.986821151065458
"GOBP_DOUBLE_STRAND_BREAK_REPAIR_VIA_SINGLE_STRAND_ANNEALING",1,"Down",0.308043814464068,0.986821151065458
"GOBP_RESPONSE_TO_FOLIC_ACID",1,"Down",0.308043814464068,0.986821151065458
"GOBP_TETRAPYRROLE_CATABOLIC_PROCESS",1,"Up",0.308147653547939,0.986821151065458
"GOBP_PEROXISOMAL_TRANSPORT",11,"Up",0.308227325486911,0.986821151065458
"GOBP_NEGATIVE_REGULATION_OF_CHOLESTEROL_METABOLIC_PROCESS",2,"Down",0.308332843609773,0.986821151065458
"GOBP_NEGATIVE_REGULATION_OF_TOLL_LIKE_RECEPTOR_4_SIGNALING_PATHWAY",1,"Up",0.3083586675742,0.986821151065458
"GOBP_VASCULAR_ENDOTHELIAL_GROWTH_FACTOR_RECEPTOR_2_SIGNALING_PATHWAY",1,"Up",0.3083586675742,0.986821151065458
"GOBP_PIGMENT_ACCUMULATION",4,"Down",0.308519767964518,0.986821151065458
"GOBP_AEROBIC_RESPIRATION",56,"Down",0.308545061480101,0.986821151065458
"GOBP_POSITIVE_REGULATION_OF_ER_ASSOCIATED_UBIQUITIN_DEPENDENT_PROTEIN_CATABOLIC_PROCESS",2,"Down",0.308629122982511,0.986821151065458
"GOBP_POSITIVE_REGULATION_OF_GLUCOKINASE_ACTIVITY",2,"Up",0.308935582641551,0.986821151065458
"GOBP_REPLICATION_BORN_DOUBLE_STRAND_BREAK_REPAIR_VIA_SISTER_CHROMATID_EXCHANGE",2,"Down",0.309254136949238,0.986821151065458
"GOBP_METANEPHRIC_NEPHRON_DEVELOPMENT",4,"Down",0.309415228879382,0.986821151065458
"GOBP_METANEPHRIC_NEPHRON_MORPHOGENESIS",4,"Down",0.309415228879382,0.986821151065458
"GOBP_PRIMARY_MIRNA_PROCESSING",6,"Down",0.309494533589297,0.986821151065458
"GOBP_MITOCHONDRION_MORPHOGENESIS",7,"Up",0.30958973573847,0.986821151065458
"GOBP_REGULATION_OF_MESENCHYMAL_STEM_CELL_DIFFERENTIATION",1,"Up",0.309644288743504,0.986821151065458
"GOBP_NUCLEOLAR_LARGE_RRNA_TRANSCRIPTION_BY_RNA_POLYMERASE_I",6,"Up",0.309655041660926,0.986821151065458
"GOBP_T_CELL_PROLIFERATION_INVOLVED_IN_IMMUNE_RESPONSE",1,"Up",0.309765495621909,0.986821151065458
"GOBP_AUTOPHAGIC_CELL_DEATH",4,"Up",0.309795362627675,0.986821151065458
"GOBP_POSITIVE_REGULATION_OF_CELL_CYCLE_CHECKPOINT",5,"Up",0.309796517400992,0.986821151065458
"GOBP_VITAMIN_K_METABOLIC_PROCESS",3,"Down",0.310286999684647,0.986821151065458
"GOBP_VESICLE_TARGETING",18,"Up",0.310361061771294,0.986821151065458
"GOBP_NEURONAL_ACTION_POTENTIAL",11,"Up",0.310944151744958,0.986821151065458
"GOBP_CHROMOSOME_LOCALIZATION",35,"Up",0.311089415872477,0.986821151065458
"GOBP_SPINDLE_ORGANIZATION",69,"Up",0.311235591419078,0.986821151065458
"GOBP_SNARE_COMPLEX_ASSEMBLY",8,"Down",0.311243672882604,0.986821151065458
"GOBP_PARAXIAL_MESODERM_FORMATION",1,"Up",0.311269240055128,0.986821151065458
"GOBP_SPINAL_CORD_DEVELOPMENT",11,"Up",0.311316423975527,0.986821151065458
"GOBP_VESICLE_FUSION_TO_PLASMA_MEMBRANE",12,"Up",0.311362875131262,0.986821151065458
"GOBP_POSITIVE_REGULATION_OF_GLUCONEOGENESIS",4,"Down",0.311537887503448,0.986821151065458
"GOBP_PROTEIN_TARGETING_TO_LYSOSOME",10,"Up",0.312071275774759,0.986821151065458
"GOBP_HISTONE_H4_DEACETYLATION",3,"Up",0.312210545593913,0.986821151065458
"GOBP_MUSCLE_CONTRACTION",76,"Up",0.312212163572555,0.986821151065458
"GOBP_INTERFERON_GAMMA_PRODUCTION",7,"Down",0.312337489659012,0.986821151065458
"GOBP_NEGATIVE_REGULATION_OF_REPRODUCTIVE_PROCESS",4,"Down",0.312356601570823,0.986821151065458
"GOBP_POSITIVE_REGULATION_OF_CHOLESTEROL_EFFLUX",4,"Down",0.312925871710221,0.986821151065458
"GOBP_INTERLEUKIN_17_PRODUCTION",4,"Down",0.313071378969104,0.986821151065458
"GOBP_RESPONSE_TO_MERCURY_ION",2,"Up",0.313085927971819,0.986821151065458
"GOBP_POSITIVE_REGULATION_OF_ESTABLISHMENT_OF_PROTEIN_LOCALIZATION",103,"Up",0.313183697621974,0.986821151065458
"GOBP_RNA_GUANINE_N7_METHYLATION",3,"Down",0.313286881431144,0.986821151065458
"GOBP_PROTEIN_UFMYLATION",5,"Up",0.313309900618618,0.986821151065458
"GOBP_RESPONSE_TO_RETINOIC_ACID",17,"Down",0.313320042712186,0.986821151065458
"GOBP_POSITIVE_REGULATION_OF_TUMOR_NECROSIS_FACTOR_MEDIATED_SIGNALING_PATHWAY",2,"Down",0.313396400722678,0.986821151065458
"GOBP_RESPONSE_TO_ETHER",4,"Up",0.31354022333194,0.986821151065458
"GOBP_SYNAPTIC_VESICLE_MATURATION",6,"Up",0.313705273259191,0.986821151065458
"GOBP_ENDONUCLEOLYTIC_CLEAVAGE_INVOLVED_IN_RRNA_PROCESSING",3,"Down",0.313871753196835,0.986821151065458
"GOBP_NUCLEOSIDE_PHOSPHATE_CATABOLIC_PROCESS",19,"Down",0.313923443057438,0.986821151065458
"GOBP_DIENCEPHALON_DEVELOPMENT",4,"Down",0.314112888020883,0.986821151065458
"GOBP_REGULATION_OF_MYOSIN_LIGHT_CHAIN_PHOSPHATASE_ACTIVITY",2,"Up",0.314273539884072,0.986821151065458
"GOBP_REGULATION_OF_MEGAKARYOCYTE_DIFFERENTIATION",6,"Down",0.314357882864809,0.986821151065458
"GOBP_DIADENOSINE_POLYPHOSPHATE_CATABOLIC_PROCESS",2,"Down",0.314581133964555,0.986821151065458
"GOBP_DIADENOSINE_POLYPHOSPHATE_METABOLIC_PROCESS",2,"Down",0.314581133964555,0.986821151065458
"GOBP_DIPHOSPHOINOSITOL_POLYPHOSPHATE_METABOLIC_PROCESS",2,"Down",0.314581133964555,0.986821151065458
"GOBP_PROTEIN_K11_LINKED_DEUBIQUITINATION",3,"Up",0.314622787917483,0.986821151065458
"GOBP_POSITIVE_REGULATION_OF_NECROTIC_CELL_DEATH",3,"Down",0.314998005262335,0.986821151065458
"GOBP_CARDIAC_VENTRICLE_DEVELOPMENT",15,"Down",0.315348298995476,0.986821151065458
"GOBP_POSITIVE_REGULATION_OF_SODIUM_ION_TRANSMEMBRANE_TRANSPORT",6,"Down",0.315500197523869,0.986821151065458
"GOBP_POSITIVE_REGULATION_OF_SODIUM_ION_TRANSMEMBRANE_TRANSPORTER_ACTIVITY",6,"Down",0.315500197523869,0.986821151065458
"GOBP_CELLULAR_RESPONSE_TO_LEPTIN_STIMULUS",3,"Down",0.315776899920926,0.986821151065458
"GOBP_LEPTIN_MEDIATED_SIGNALING_PATHWAY",3,"Down",0.315776899920926,0.986821151065458
"GOBP_RESPONSE_TO_LEPTIN",3,"Down",0.315776899920926,0.986821151065458
"GOBP_CELLULAR_RESPONSE_TO_GROWTH_HORMONE_STIMULUS",6,"Down",0.315928448936425,0.986821151065458
"GOBP_REGULATION_OF_OSTEOCLAST_DIFFERENTIATION",7,"Down",0.315993553585774,0.986821151065458
"GOBP_LIPID_EXPORT_FROM_CELL",3,"Up",0.316344945905603,0.986821151065458
"GOBP_RESPONSE_TO_COLD",14,"Down",0.316428028888679,0.986821151065458
"GOBP_POSITIVE_REGULATION_OF_SMAD_PROTEIN_SIGNAL_TRANSDUCTION",3,"Down",0.316642000180808,0.986821151065458
"GOBP_REGULATION_OF_DENDRITE_EXTENSION",10,"Up",0.317523142726835,0.986821151065458
"GOBP_MACROPHAGE_ACTIVATION",12,"Up",0.317696920248653,0.986821151065458
"GOBP_RIBONUCLEOPROTEIN_COMPLEX_LOCALIZATION",4,"Up",0.318086006703819,0.986821151065458
"GOBP_CELLULAR_RESPONSE_TO_ETHER",3,"Up",0.318092550844527,0.986821151065458
"GOBP_CERAMIDE_BIOSYNTHETIC_PROCESS",9,"Down",0.318538345276043,0.986821151065458
"GOBP_POLY_A_PLUS_MRNA_EXPORT_FROM_NUCLEUS",11,"Up",0.318620939301897,0.986821151065458
"GOBP_WATER_SOLUBLE_VITAMIN_BIOSYNTHETIC_PROCESS",3,"Down",0.318767349955053,0.986821151065458
"GOBP_REGULATION_OF_WOUND_HEALING_SPREADING_OF_EPIDERMAL_CELLS",5,"Up",0.318805161858173,0.986821151065458
"GOBP_WOUND_HEALING_SPREADING_OF_EPIDERMAL_CELLS",5,"Up",0.318805161858173,0.986821151065458
"GOBP_NEGATIVE_REGULATION_OF_INTERLEUKIN_17_PRODUCTION",1,"Down",0.318866410004052,0.986821151065458
"GOBP_NEUTROPHIL_MEDIATED_CYTOTOXICITY",1,"Down",0.318866410004052,0.986821151065458
"GOBP_NEUTROPHIL_MEDIATED_KILLING_OF_GRAM_NEGATIVE_BACTERIUM",1,"Down",0.318866410004052,0.986821151065458
"GOBP_NEUTROPHIL_MEDIATED_KILLING_OF_SYMBIONT_CELL",1,"Down",0.318866410004052,0.986821151065458
"GOBP_POSITIVE_REGULATION_OF_EPIDERMIS_DEVELOPMENT",5,"Down",0.318929557840034,0.986821151065458
"GOBP_FIBRINOLYSIS",1,"Down",0.318968217500821,0.986821151065458
"GOBP_POSITIVE_REGULATION_OF_VASOCONSTRICTION",1,"Down",0.318968217500821,0.986821151065458
"GOBP_PROTEIN_ACTIVATION_CASCADE",1,"Down",0.318968217500821,0.986821151065458
"GOBP_REGULATION_OF_RHO_PROTEIN_SIGNAL_TRANSDUCTION",19,"Up",0.319295377729172,0.986821151065458
"GOBP_REGULATION_OF_INTRINSIC_APOPTOTIC_SIGNALING_PATHWAY",48,"Up",0.319324691590409,0.986821151065458
"GOBP_HIPPOCAMPUS_DEVELOPMENT",20,"Up",0.31953308815435,0.986821151065458
"GOBP_RELEASE_OF_SEQUESTERED_CALCIUM_ION_INTO_CYTOSOL_BY_ENDOPLASMIC_RETICULUM",7,"Up",0.319669964083989,0.986821151065458
"GOBP_CELLULAR_RESPONSE_TO_ALCOHOL",16,"Up",0.320232925798246,0.986821151065458
"GOBP_REGULATION_OF_RECEPTOR_MEDIATED_ENDOCYTOSIS",44,"Up",0.320436970813879,0.986821151065458
"GOBP_REGULATION_OF_PROTEIN_TYROSINE_PHOSPHATASE_ACTIVITY",2,"Down",0.320636075900449,0.986821151065458
"GOBP_PINOCYTOSIS",7,"Down",0.320849862820135,0.986821151065458
"GOBP_CRANIAL_GANGLION_DEVELOPMENT",2,"Down",0.320910553740386,0.986821151065458
"GOBP_NEPHRON_TUBULE_FORMATION",2,"Down",0.320910553740386,0.986821151065458
"GOBP_WOUND_HEALING",76,"Up",0.321134664447002,0.986821151065458
"GOBP_REGULATION_OF_ESTABLISHMENT_OF_PROTEIN_LOCALIZATION_TO_MITOCHONDRION",17,"Up",0.321158867964959,0.986821151065458
"GOBP_NUCLEOSIDE_MONOPHOSPHATE_CATABOLIC_PROCESS",3,"Up",0.321205618759281,0.986821151065458
"GOBP_PURINE_NUCLEOSIDE_MONOPHOSPHATE_CATABOLIC_PROCESS",3,"Up",0.321205618759281,0.986821151065458
"GOBP_RIBONUCLEOSIDE_MONOPHOSPHATE_CATABOLIC_PROCESS",3,"Up",0.321205618759281,0.986821151065458
"GOBP_REGULATION_OF_INTRACELLULAR_STEROID_HORMONE_RECEPTOR_SIGNALING_PATHWAY",27,"Up",0.321652397859806,0.986821151065458
"GOBP_PURINE_NUCLEOSIDE_MONOPHOSPHATE_BIOSYNTHETIC_PROCESS",11,"Up",0.321670401642121,0.986821151065458
"GOBP_ALDEHYDE_BIOSYNTHETIC_PROCESS",1,"Down",0.321778836544033,0.986821151065458
"GOBP_VITAMIN_B6_METABOLIC_PROCESS",1,"Down",0.321778836544033,0.986821151065458
"GOBP_MICROGLIAL_CELL_ACTIVATION",4,"Up",0.321804828714064,0.986821151065458
"GOBP_HISTONE_H3_K9_METHYLATION",6,"Up",0.321956917395607,0.986821151065458
"GOBP_NUCLEOSOME_ASSEMBLY",11,"Up",0.322026337494052,0.986821151065458
"GOBP_FATTY_ACYL_COA_METABOLIC_PROCESS",8,"Down",0.322307065910011,0.986821151065458
"GOBP_CELLULAR_RESPONSE_TO_UNFOLDED_PROTEIN",28,"Up",0.322453750249891,0.986821151065458
"GOBP_NEGATIVE_REGULATION_OF_G0_TO_G1_TRANSITION",2,"Up",0.322480838715298,0.986821151065458
"GOBP_RESPONSE_TO_THYROID_HORMONE",7,"Down",0.322633162758625,0.986821151065458
"GOBP_POSITIVE_REGULATION_OF_ISOTYPE_SWITCHING_TO_IGG_ISOTYPES",2,"Up",0.322756504311685,0.986821151065458
"GOBP_GLIAL_CELL_MIGRATION",13,"Down",0.322786343958345,0.986821151065458
"GOBP_RESPONSE_TO_AMPHETAMINE",6,"Up",0.322904068454499,0.986821151065458
"GOBP_AMINOGLYCAN_CATABOLIC_PROCESS",1,"Down",0.322979874818047,0.986821151065458
"GOBP_GLYCOSAMINOGLYCAN_CATABOLIC_PROCESS",1,"Down",0.322979874818047,0.986821151065458
"GOBP_HYALURONAN_CATABOLIC_PROCESS",1,"Down",0.322979874818047,0.986821151065458
"GOBP_MONOCYTE_AGGREGATION",1,"Down",0.322979874818047,0.986821151065458
"GOBP_NEGATIVE_REGULATION_OF_DNA_BINDING",9,"Down",0.323001627398249,0.986821151065458
"GOBP_REGULATION_OF_PROTEIN_K63_LINKED_UBIQUITINATION",6,"Up",0.323214591027624,0.986821151065458
"GOBP_REGULATION_OF_TOR_SIGNALING",38,"Down",0.323699350666285,0.986821151065458
"GOBP_NEGATIVE_REGULATION_OF_INTERFERON_BETA_PRODUCTION",3,"Down",0.323708300968721,0.986821151065458
"GOBP_BLASTOCYST_GROWTH",4,"Down",0.323823544246036,0.986821151065458
"GOBP_REGULATION_OF_MEMBRANE_PROTEIN_ECTODOMAIN_PROTEOLYSIS",3,"Down",0.323959921971559,0.986821151065458
"GOBP_DIAPHRAGM_DEVELOPMENT",2,"Up",0.324169018847076,0.986821151065458
"GOBP_REGULATION_OF_STRESS_GRANULE_ASSEMBLY",3,"Up",0.324226391510329,0.986821151065458
"GOBP_RESPONSE_TO_WOUNDING",101,"Up",0.32460792420863,0.986821151065458
"GOBP_AGGRESOME_ASSEMBLY",3,"Up",0.324672006212117,0.986821151065458
"GOBP_PREPULSE_INHIBITION",5,"Down",0.325013595020579,0.986821151065458
"GOBP_ISOCITRATE_METABOLIC_PROCESS",3,"Up",0.325157728731088,0.986821151065458
"GOBP_ACTIVATION_OF_GTPASE_ACTIVITY",37,"Up",0.325190215716032,0.986821151065458
"GOBP_FLAVONOID_METABOLIC_PROCESS",1,"Down",0.325306456505176,0.986821151065458
"GOBP_POSITIVE_REGULATION_OF_CHONDROCYTE_DIFFERENTIATION",1,"Down",0.325306456505176,0.986821151065458
"GOBP_POSITIVE_REGULATION_OF_HORMONE_BIOSYNTHETIC_PROCESS",1,"Down",0.325306456505176,0.986821151065458
"GOBP_POSITIVE_REGULATION_OF_HORMONE_METABOLIC_PROCESS",1,"Down",0.325306456505176,0.986821151065458
"GOBP_POSITIVE_REGULATION_OF_STEROID_HORMONE_BIOSYNTHETIC_PROCESS",1,"Down",0.325306456505176,0.986821151065458
"GOBP_REGULATION_OF_RECEPTOR_CATABOLIC_PROCESS",3,"Up",0.325657404184909,0.986821151065458
"GOBP_INORGANIC_ANION_TRANSMEMBRANE_TRANSPORT",10,"Down",0.325813993967066,0.986821151065458
"GOBP_CARDIOLIPIN_BIOSYNTHETIC_PROCESS",3,"Down",0.326837845210299,0.986821151065458
"GOBP_INTRACELLULAR_LIPID_TRANSPORT",15,"Up",0.326840803347786,0.986821151065458
"GOBP_POSITIVE_REGULATION_OF_CHOLESTEROL_BIOSYNTHETIC_PROCESS",3,"Down",0.327343849739049,0.986821151065458
"GOBP_POSITIVE_REGULATION_OF_CHOLESTEROL_METABOLIC_PROCESS",3,"Down",0.327343849739049,0.986821151065458
"GOBP_POSITIVE_REGULATION_OF_STEROID_BIOSYNTHETIC_PROCESS",3,"Down",0.327343849739049,0.986821151065458
"GOBP_POSITIVE_REGULATION_OF_STEROID_METABOLIC_PROCESS",3,"Down",0.327343849739049,0.986821151065458
"GOBP_FEMALE_GAMETE_GENERATION",24,"Up",0.327904044761526,0.986821151065458
"GOBP_CELL_CYCLE_PROCESS",308,"Up",0.328108888371829,0.986821151065458
"GOBP_CELL_PROLIFERATION_INVOLVED_IN_KIDNEY_DEVELOPMENT",2,"Down",0.32819909695059,0.986821151065458
"GOBP_CELL_PROLIFERATION_INVOLVED_IN_METANEPHROS_DEVELOPMENT",2,"Down",0.32819909695059,0.986821151065458
"GOBP_ASSOCIATIVE_LEARNING",20,"Up",0.328406775349304,0.986821151065458
"GOBP_AGING",61,"Down",0.32852438733678,0.986821151065458
"GOBP_POSITIVE_REGULATION_OF_VOLTAGE_GATED_CALCIUM_CHANNEL_ACTIVITY",6,"Down",0.328675332728705,0.986821151065458
"GOBP_TISSUE_MIGRATION",55,"Up",0.328765398711706,0.986821151065458
"GOBP_REGULATION_OF_MITOCHONDRIAL_MRNA_STABILITY",1,"Down",0.328773475812791,0.986821151065458
"GOBP_REGULATION_OF_NON_MOTILE_CILIUM_ASSEMBLY",2,"Up",0.328879968714083,0.986821151065458
"GOBP_PEPTIDYL_PROLINE_MODIFICATION",20,"Down",0.328959347958929,0.986821151065458
"GOBP_PROTEIN_LOCALIZATION_TO_CELL_CELL_JUNCTION",6,"Up",0.329161982714008,0.986821151065458
"GOBP_CELL_MIGRATION",262,"Up",0.32942708342688,0.986821151065458
"GOBP_NEGATIVE_REGULATION_OF_CELLULAR_EXTRAVASATION",2,"Up",0.32975429339721,0.986821151065458
"GOBP_SIGNAL_TRANSDUCTION_INVOLVED_IN_REGULATION_OF_GENE_EXPRESSION",2,"Down",0.329870837412829,0.986821151065458
"GOBP_NEURON_CELL_CELL_ADHESION",1,"Down",0.330295020945745,0.986821151065458
"GOBP_REGULATION_OF_SECRETION",147,"Up",0.330299004448922,0.986821151065458
"GOBP_CELLULAR_RESPONSE_TO_TEMPERATURE_STIMULUS",1,"Up",0.330307703037577,0.986821151065458
"GOBP_DIET_INDUCED_THERMOGENESIS",1,"Up",0.330307703037577,0.986821151065458
"GOBP_ESTABLISHMENT_OF_BLOOD_BRAIN_BARRIER",1,"Up",0.330307703037577,0.986821151065458
"GOBP_FEVER_GENERATION",1,"Up",0.330307703037577,0.986821151065458
"GOBP_NEGATIVE_REGULATION_OF_HEART_RATE",1,"Up",0.330307703037577,0.986821151065458
"GOBP_THERMOCEPTION",1,"Up",0.330307703037577,0.986821151065458
"GOBP_NEGATIVE_REGULATION_OF_PROTEIN_ACETYLATION",8,"Up",0.330309166400108,0.986821151065458
"GOBP_NEGATIVE_REGULATION_OF_ERBB_SIGNALING_PATHWAY",14,"Down",0.331011148808773,0.986821151065458
"GOBP_DEFENSE_RESPONSE_TO_SYMBIONT",64,"Up",0.331679074980426,0.986821151065458
"GOBP_TRNA_PROCESSING",29,"Down",0.331813552031426,0.986821151065458
"GOBP_ESTABLISHMENT_OF_MITOCHONDRION_LOCALIZATION",15,"Up",0.332229635070297,0.986821151065458
"GOBP_MRNA_METABOLIC_PROCESS",318,"Up",0.332245348881061,0.986821151065458
"GOBP_ACTIN_POLYMERIZATION_OR_DEPOLYMERIZATION",81,"Up",0.332373914789005,0.986821151065458
"GOBP_REGULATION_OF_CHROMOSOME_SEGREGATION",20,"Up",0.332398093950956,0.986821151065458
"GOBP_REGULATION_OF_PLASMA_LIPOPROTEIN_PARTICLE_LEVELS",9,"Down",0.332849299419048,0.986821151065458
"GOBP_CELLULAR_RESPONSE_TO_NUTRIENT",6,"Down",0.333251421037641,0.986821151065458
"GOBP_METAL_ION_EXPORT",15,"Up",0.333325038406151,0.986821151065458
"GOBP_RIBOSOME_BIOGENESIS",101,"Down",0.33342721319178,0.986821151065458
"GOBP_RNA_DESTABILIZATION",53,"Up",0.333459260896097,0.986821151065458
"GOBP_NEGATIVE_REGULATION_OF_INTRACELLULAR_ESTROGEN_RECEPTOR_SIGNALING_PATHWAY",7,"Up",0.333802524919986,0.986821151065458
"GOBP_POSITIVE_REGULATION_OF_PHOSPHOLIPASE_A2_ACTIVITY",1,"Up",0.333802594573241,0.986821151065458
"GOBP_REGULATION_OF_PHOSPHOLIPASE_A2_ACTIVITY",1,"Up",0.333802594573241,0.986821151065458
"GOBP_REGULATION_OF_EXIT_FROM_MITOSIS",6,"Up",0.334255618641338,0.986821151065458
"GOBP_REGULATION_OF_SUBSTRATE_ADHESION_DEPENDENT_CELL_SPREADING",18,"Down",0.334447635601957,0.986821151065458
"GOBP_HEART_PROCESS",47,"Up",0.334470932734083,0.986821151065458
"GOBP_NEGATIVE_REGULATION_OF_NUCLEOTIDE_METABOLIC_PROCESS",5,"Up",0.334564387980662,0.986821151065458
"GOBP_UTP_METABOLIC_PROCESS",3,"Down",0.334616839630672,0.986821151065458
"GOBP_HINDBRAIN_RADIAL_GLIA_GUIDED_CELL_MIGRATION",3,"Up",0.3349993306409,0.986821151065458
"GOBP_INTEGRIN_MEDIATED_SIGNALING_PATHWAY",16,"Up",0.335470142352493,0.986821151065458
"GOBP_PLASMA_MEMBRANE_REPAIR",12,"Up",0.335530159673675,0.986821151065458
"GOBP_MYD88_DEPENDENT_TOLL_LIKE_RECEPTOR_SIGNALING_PATHWAY",4,"Down",0.335678320288161,0.986821151065458
"GOBP_NEUROMUSCULAR_PROCESS",37,"Up",0.335962888581358,0.986821151065458
"GOBP_METHYLATION",84,"Down",0.336323242527098,0.986821151065458
"GOBP_NEGATIVE_REGULATION_OF_AMYLOID_PRECURSOR_PROTEIN_BIOSYNTHETIC_PROCESS",2,"Down",0.336338689191381,0.986821151065458
"GOBP_NEGATIVE_REGULATION_OF_GLYCOPROTEIN_METABOLIC_PROCESS",2,"Down",0.336338689191381,0.986821151065458
"GOBP_ORGAN_GROWTH",21,"Down",0.336576774018021,0.986821151065458
"GOBP_RIBOSOMAL_SMALL_SUBUNIT_BIOGENESIS",23,"Down",0.336723531435765,0.986821151065458
"GOBP_SUBSTRATE_DEPENDENT_CELL_MIGRATION_CELL_EXTENSION",5,"Up",0.336979703938948,0.986821151065458
"GOBP_ABSCISSION",3,"Up",0.337139728988022,0.986821151065458
"GOBP_NEGATIVE_REGULATION_OF_KERATINOCYTE_PROLIFERATION",3,"Down",0.337372040723272,0.986821151065458
"GOBP_COLLAGEN_CATABOLIC_PROCESS",2,"Up",0.337486271392762,0.986821151065458
"GOBP_REGULATION_OF_VASCULATURE_DEVELOPMENT",38,"Up",0.337616068723852,0.986821151065458
"GOBP_CONVERGENT_EXTENSION_INVOLVED_IN_AXIS_ELONGATION",1,"Up",0.337698500010512,0.986821151065458
"GOBP_CELL_PROLIFERATION_IN_HINDBRAIN",1,"Up",0.337781002156695,0.986821151065458
"GOBP_REGULATION_OF_CEREBELLAR_GRANULE_CELL_PRECURSOR_PROLIFERATION",1,"Up",0.337781002156695,0.986821151065458
"GOBP_NEGATIVE_REGULATION_OF_G_PROTEIN_COUPLED_RECEPTOR_SIGNALING_PATHWAY",13,"Up",0.337947856205358,0.986821151065458
"GOBP_PENTOSE_CATABOLIC_PROCESS",3,"Down",0.337965674774091,0.986821151065458
"GOBP_POSITIVE_REGULATION_OF_AMINO_ACID_TRANSPORT",8,"Down",0.338005278085934,0.986821151065458
"GOBP_ERYTHROCYTE_DEVELOPMENT",7,"Up",0.338501709131389,0.986821151065458
"GOBP_SMALL_MOLECULE_CATABOLIC_PROCESS",89,"Down",0.338523189374948,0.986821151065458
"GOBP_POSITIVE_REGULATION_OF_ENAMEL_MINERALIZATION",1,"Down",0.338914704864925,0.986821151065458
"GOBP_POSITIVE_REGULATION_OF_TOOTH_MINERALIZATION",1,"Down",0.338914704864925,0.986821151065458
"GOBP_REGULATION_OF_ENAMEL_MINERALIZATION",1,"Down",0.338914704864925,0.986821151065458
"GOBP_REGULATION_OF_TOOTH_MINERALIZATION",1,"Down",0.338914704864925,0.986821151065458
"GOBP_NON_MEMBRANE_BOUNDED_ORGANELLE_ASSEMBLY",129,"Up",0.338966022677787,0.986821151065458
"GOBP_GLYOXYLATE_METABOLIC_PROCESS",1,"Up",0.338999345363426,0.986821151065458
"GOBP_REGULATION_OF_HYDROLASE_ACTIVITY",235,"Up",0.339118923916471,0.986821151065458
"GOBP_GLYCOLYTIC_PROCESS_THROUGH_FRUCTOSE_6_PHOSPHATE",8,"Down",0.339500378940106,0.986821151065458
"GOBP_NADH_REGENERATION",8,"Down",0.339500378940106,0.986821151065458
"GOBP_REGULATION_OF_PROTEIN_EXPORT_FROM_NUCLEUS",12,"Up",0.339746136362732,0.986821151065458
"GOBP_REGULATION_OF_PLASMA_MEMBRANE_ORGANIZATION",7,"Up",0.339774473347686,0.986821151065458
"GOBP_BILE_ACID_AND_BILE_SALT_TRANSPORT",2,"Up",0.339879294101009,0.986821151065458
"GOBP_SMOOTH_MUSCLE_CONTRACTION",20,"Up",0.339879923297703,0.986821151065458
"GOBP_REGULATION_OF_B_CELL_ACTIVATION",11,"Down",0.340186114694979,0.986821151065458
"GOBP_NEGATIVE_REGULATION_OF_NUCLEASE_ACTIVITY",2,"Up",0.340272781850566,0.986821151065458
"GOBP_CELL_DIFFERENTIATION_INVOLVED_IN_KIDNEY_DEVELOPMENT",6,"Up",0.340457373953201,0.986821151065458
"GOBP_EPITHELIAL_CELL_DIFFERENTIATION_INVOLVED_IN_KIDNEY_DEVELOPMENT",6,"Up",0.340457373953201,0.986821151065458
"GOBP_RNA_SECONDARY_STRUCTURE_UNWINDING",5,"Down",0.340475509409258,0.986821151065458
"GOBP_HISTONE_H2A_K63_LINKED_UBIQUITINATION",2,"Up",0.340551129294232,0.986821151065458
"GOBP_RNA_SURVEILLANCE",5,"Up",0.340785139353106,0.986821151065458
"GOBP_UBIQUITIN_INDEPENDENT_PROTEIN_CATABOLIC_PROCESS_VIA_THE_MULTIVESICULAR_BODY_SORTING_PATHWAY",4,"Up",0.340888600539276,0.986821151065458
"GOBP_HYDROGEN_PEROXIDE_CATABOLIC_PROCESS",5,"Down",0.341009401586898,0.986821151065458
"GOBP_CELL_VOLUME_HOMEOSTASIS",5,"Down",0.341047772821223,0.986821151065458
"GOBP_NEGATIVE_REGULATION_OF_DEVELOPMENTAL_PROCESS",129,"Down",0.341194369896927,0.986821151065458
"GOBP_POSITIVE_REGULATION_OF_HEMATOPOIETIC_STEM_CELL_PROLIFERATION",1,"Up",0.34128274134592,0.986821151065458
"GOBP_NEUTRAL_AMINO_ACID_TRANSPORT",9,"Down",0.341421159182303,0.986821151065458
"GOBP_SA_NODE_CELL_TO_ATRIAL_CARDIAC_MUSCLE_CELL_COMMUNICATION",3,"Up",0.341435158579666,0.986821151065458
"GOBP_SA_NODE_CELL_TO_ATRIAL_CARDIAC_MUSCLE_CELL_SIGNALING",3,"Up",0.341435158579666,0.986821151065458
"GOBP_GLAND_DEVELOPMENT",72,"Down",0.341730234285764,0.986821151065458
"GOBP_LEUKOCYTE_CELL_CELL_ADHESION",45,"Down",0.341921801268737,0.986821151065458
"GOBP_REGULATION_OF_TRANS_SYNAPTIC_SIGNALING",120,"Up",0.341988789862599,0.986821151065458
"GOBP_REGULATION_OF_COAGULATION",9,"Down",0.342012920188624,0.986821151065458
"GOBP_SEQUESTERING_OF_CALCIUM_ION",25,"Up",0.342262221739455,0.986821151065458
"GOBP_CGMP_MEDIATED_SIGNALING",8,"Down",0.342262939185502,0.986821151065458
"GOBP_REGULATION_OF_NITRIC_OXIDE_METABOLIC_PROCESS",11,"Up",0.342342021276725,0.986821151065458
"GOBP_POSITIVE_REGULATION_OF_TELOMERE_MAINTENANCE_VIA_TELOMERE_LENGTHENING",22,"Up",0.343263562132701,0.986821151065458
"GOBP_NEGATIVE_REGULATION_OF_NUCLEAR_TRANSCRIBED_MRNA_CATABOLIC_PROCESS_NONSENSE_MEDIATED_DECAY",2,"Up",0.343918208545543,0.986821151065458
"GOBP_POSITIVE_REGULATION_OF_STEM_CELL_PROLIFERATION",3,"Up",0.344037894120137,0.986821151065458
"GOBP_REGULATION_OF_INTRACELLULAR_PROTEIN_TRANSPORT",76,"Up",0.344465745252565,0.986821151065458
"GOBP_NEGATIVE_REGULATION_OF_INTRINSIC_APOPTOTIC_SIGNALING_PATHWAY_BY_P53_CLASS_MEDIATOR",5,"Down",0.344530243863292,0.986821151065458
"GOBP_NEGATIVE_REGULATION_OF_SIGNAL_TRANSDUCTION_BY_P53_CLASS_MEDIATOR",5,"Down",0.344530243863292,0.986821151065458
"GOBP_REGULATION_OF_LIPID_BIOSYNTHETIC_PROCESS",35,"Down",0.344555310873545,0.986821151065458
"GOBP_NEGATIVE_REGULATION_OF_GLIAL_CELL_DIFFERENTIATION",3,"Down",0.344711429719042,0.986821151065458
"GOBP_RETINA_HOMEOSTASIS",6,"Up",0.344954672897386,0.986821151065458
"GOBP_AMMONIUM_TRANSMEMBRANE_TRANSPORT",2,"Up",0.344991032088048,0.986821151065458
"GOBP_ATP_BIOSYNTHETIC_PROCESS",12,"Up",0.345180177535034,0.986821151065458
"GOBP_AUTOPHAGY_OF_PEROXISOME",4,"Up",0.345210633793185,0.986821151065458
"GOBP_POSITIVE_REGULATION_OF_CHROMATIN_BINDING",2,"Up",0.345279001297806,0.986821151065458
"GOBP_MODULATION_OF_EXCITATORY_POSTSYNAPTIC_POTENTIAL",9,"Down",0.345353865843344,0.986821151065458
"GOBP_ATRIAL_CARDIAC_MUSCLE_CELL_TO_AV_NODE_CELL_SIGNALING",3,"Up",0.34535797161103,0.986821151065458
"GOBP_DOSAGE_COMPENSATION",8,"Down",0.345376721185073,0.986821151065458
"GOBP_IMPORT_INTO_NUCLEUS",64,"Up",0.345614650009124,0.986821151065458
"GOBP_NUCLEOTIDE_PHOSPHORYLATION",31,"Down",0.345666324556617,0.986821151065458
"GOBP_PROTEIN_LOCALIZATION_TO_CHROMOSOME_CENTROMERIC_REGION",5,"Up",0.345689744665105,0.986821151065458
"GOBP_CENTRAL_NERVOUS_SYSTEM_PROJECTION_NEURON_AXONOGENESIS",4,"Up",0.345956061291832,0.986821151065458
"GOBP_POSITIVE_REGULATION_OF_AMINE_TRANSPORT",11,"Down",0.346374778834523,0.986821151065458
"GOBP_RIBONUCLEOSIDE_TRIPHOSPHATE_METABOLIC_PROCESS",25,"Up",0.346449273060096,0.986821151065458
"GOBP_PEPTIDYL_LYSINE_HYDROXYLATION",2,"Up",0.346592437310573,0.986821151065458
"GOBP_PEPTIDYL_HISTIDINE_MODIFICATION",3,"Down",0.346782510642793,0.986821151065458
"GOBP_REGULATION_OF_NEURON_MIGRATION",11,"Up",0.347016092283083,0.986821151065458
"GOBP_REGULATED_EXOCYTOSIS",73,"Up",0.347069012753191,0.986821151065458
"GOBP_REGULATION_OF_CATION_CHANNEL_ACTIVITY",37,"Up",0.347413887204167,0.986821151065458
"GOBP_ESTABLISHMENT_OF_RNA_LOCALIZATION",74,"Up",0.347538587138609,0.986821151065458
"GOBP_NEGATIVE_REGULATION_OF_RECEPTOR_MEDIATED_ENDOCYTOSIS",13,"Down",0.347620207963951,0.986821151065458
"GOBP_POSITIVE_REGULATION_OF_RRNA_PROCESSING",2,"Down",0.348125777681795,0.986821151065458
"GOBP_MAMMARY_GLAND_DEVELOPMENT",24,"Up",0.348233853820964,0.986821151065458
"GOBP_METANEPHROS_DEVELOPMENT",11,"Down",0.348366545304526,0.986821151065458
"GOBP_ESTABLISHMENT_OR_MAINTENANCE_OF_TRANSMEMBRANE_ELECTROCHEMICAL_GRADIENT",2,"Down",0.34845650452804,0.986821151065458
"GOBP_OOCYTE_DIFFERENTIATION",12,"Up",0.348496548484456,0.986821151065458
"GOBP_CONVERGENT_EXTENSION",2,"Up",0.348573010512978,0.986821151065458
"GOBP_REGULATION_OF_P38MAPK_CASCADE",9,"Up",0.348588408801177,0.986821151065458
"GOBP_TISSUE_REMODELING",17,"Up",0.348656637852273,0.986821151065458
"GOBP_REGULATION_OF_ACTIN_FILAMENT_BUNDLE_ASSEMBLY",29,"Up",0.348700819146918,0.986821151065458
"GOBP_CELL_MIGRATION_IN_HINDBRAIN",4,"Up",0.348762386663635,0.986821151065458
"GOBP_CELLULAR_RESPONSE_TO_OXYGEN_RADICAL",4,"Down",0.348804980850097,0.986821151065458
"GOBP_RESPONSE_TO_OXYGEN_RADICAL",4,"Down",0.348804980850097,0.986821151065458
"GOBP_POSITIVE_REGULATION_OF_CATION_CHANNEL_ACTIVITY",15,"Up",0.348931181757753,0.986821151065458
"GOBP_POSITIVE_REGULATION_OF_EXOSOMAL_SECRETION",10,"Up",0.349135883596401,0.986821151065458
"GOBP_NERVOUS_SYSTEM_PROCESS_INVOLVED_IN_REGULATION_OF_SYSTEMIC_ARTERIAL_BLOOD_PRESSURE",2,"Up",0.349182637021873,0.986821151065458
"GOBP_NEGATIVE_REGULATION_OF_STRIATED_MUSCLE_CONTRACTION",2,"Up",0.349386197745508,0.986821151065458
"GOBP_PEPTIDYL_ARGININE_N_METHYLATION",7,"Down",0.349398325132757,0.986821151065458
"GOBP_TRNA_TRANSCRIPTION",2,"Down",0.349520614138599,0.986821151065458
"GOBP_NEGATIVE_REGULATION_OF_SYNAPTIC_TRANSMISSION",23,"Up",0.349693485109855,0.986821151065458
"GOBP_REGULATION_OF_RESPONSE_TO_BIOTIC_STIMULUS",74,"Up",0.349906814765084,0.986821151065458
"GOBP_INTERLEUKIN_2_MEDIATED_SIGNALING_PATHWAY",1,"Down",0.350079120274918,0.986821151065458
"GOBP_INTERLEUKIN_1_MEDIATED_SIGNALING_PATHWAY",7,"Down",0.350259127844837,0.986821151065458
"GOBP_POLARIZED_EPITHELIAL_CELL_DIFFERENTIATION",7,"Up",0.350700080554549,0.986821151065458
"GOBP_REGULATION_OF_VESICLE_MEDIATED_TRANSPORT",194,"Up",0.350922494839724,0.986821151065458
"GOBP_REGULATION_OF_ER_TO_GOLGI_VESICLE_MEDIATED_TRANSPORT",9,"Down",0.351235279605173,0.986821151065458
"GOBP_LAYER_FORMATION_IN_CEREBRAL_CORTEX",5,"Down",0.351520000694528,0.986821151065458
"GOBP_REGULATION_OF_EPIDERMIS_DEVELOPMENT",7,"Down",0.351570988406909,0.986821151065458
"GOBP_MAINTENANCE_OF_CENTROSOME_LOCATION",2,"Up",0.351656582327275,0.986821151065458
"GOBP_PEPTIDYL_SERINE_DEPHOSPHORYLATION",5,"Up",0.35169752096018,0.986821151065458
"GOBP_ORGANELLE_INHERITANCE",8,"Up",0.351711835035303,0.986821151065458
"GOBP_PROTEIN_DEUBIQUITINATION_INVOLVED_IN_UBIQUITIN_DEPENDENT_PROTEIN_CATABOLIC_PROCESS",1,"Up",0.352542279272395,0.986821151065458
"GOBP_PROTEIN_KINASE_C_ACTIVATING_G_PROTEIN_COUPLED_RECEPTOR_SIGNALING_PATHWAY",8,"Up",0.35289318415254,0.986821151065458
"GOBP_ESTABLISHMENT_OF_PLANAR_POLARITY_OF_EMBRYONIC_EPITHELIUM",3,"Up",0.352904775326284,0.986821151065458
"GOBP_POSITIVE_REGULATION_OF_MACROPHAGE_DERIVED_FOAM_CELL_DIFFERENTIATION",2,"Up",0.353214930331771,0.986821151065458
"GOBP_REGULATION_OF_MACROPHAGE_DERIVED_FOAM_CELL_DIFFERENTIATION",2,"Up",0.353214930331771,0.986821151065458
"GOBP_HUMORAL_IMMUNE_RESPONSE",10,"Down",0.35326056560289,0.986821151065458
"GOBP_RESPONSE_TO_GRANULOCYTE_MACROPHAGE_COLONY_STIMULATING_FACTOR",3,"Down",0.353524833551507,0.986821151065458
"GOBP_DETECTION_OF_VISIBLE_LIGHT",3,"Up",0.353807503599794,0.986821151065458
"GOBP_PHOTOTRANSDUCTION_VISIBLE_LIGHT",2,"Up",0.354031487180077,0.986821151065458
"GOBP_REGULATION_OF_RHODOPSIN_MEDIATED_SIGNALING_PATHWAY",2,"Up",0.354031487180077,0.986821151065458
"GOBP_RHODOPSIN_MEDIATED_SIGNALING_PATHWAY",2,"Up",0.354031487180077,0.986821151065458
"GOBP_REGULATION_OF_NEUROGENESIS",79,"Up",0.3541851187863,0.986821151065458
"GOBP_RESPONSE_TO_BMP",17,"Up",0.354342277219216,0.986821151065458
"GOBP_POSITIVE_REGULATION_OF_NLRP3_INFLAMMASOME_COMPLEX_ASSEMBLY",2,"Down",0.354773660341789,0.986821151065458
"GOBP_RNA_SPLICING_VIA_ENDONUCLEOLYTIC_CLEAVAGE_AND_LIGATION",2,"Up",0.354945495248033,0.986821151065458
"GOBP_REGULATION_OF_EPITHELIAL_CELL_APOPTOTIC_PROCESS",11,"Down",0.355104148644637,0.986821151065458
"GOBP_CELLULAR_RESPONSE_TO_AMMONIUM_ION",1,"Up",0.355171840157372,0.986821151065458
"GOBP_CELLULAR_RESPONSE_TO_GLUCAGON_STIMULUS",1,"Up",0.355171840157372,0.986821151065458
"GOBP_MIDGUT_DEVELOPMENT",1,"Up",0.355171840157372,0.986821151065458
"GOBP_RESPONSE_TO_AMMONIUM_ION",1,"Up",0.355171840157372,0.986821151065458
"GOBP_RESPONSE_TO_OLEIC_ACID",1,"Up",0.355171840157372,0.986821151065458
"GOBP_DNA_DAMAGE_INDUCED_PROTEIN_PHOSPHORYLATION",2,"Up",0.35566358562195,0.986821151065458
"GOBP_CELLULAR_RESPONSE_TO_KETONE",24,"Up",0.355702443730912,0.986821151065458
"GOBP_PEPTIDYL_GLUTAMIC_ACID_MODIFICATION",9,"Up",0.355839806641395,0.986821151065458
"GOBP_NEGATIVE_REGULATION_OF_PLASMA_MEMBRANE_BOUNDED_CELL_PROJECTION_ASSEMBLY",12,"Up",0.356157536049453,0.986821151065458
"GOBP_REGULATION_OF_CD4_POSITIVE_ALPHA_BETA_T_CELL_DIFFERENTIATION",4,"Down",0.35623963130056,0.986821151065458
"GOBP_PHOSPHATIDYLCHOLINE_BIOSYNTHETIC_PROCESS",8,"Down",0.35632733903859,0.986821151065458
"GOBP_NEGATIVE_REGULATION_OF_CATION_CHANNEL_ACTIVITY",7,"Up",0.356581340991805,0.986821151065458
"GOBP_NEGATIVE_REGULATION_OF_PROTEIN_EXPORT_FROM_NUCLEUS",3,"Up",0.35677615331441,0.986821151065458
"GOBP_NEGATIVE_REGULATION_OF_CELLULAR_MACROMOLECULE_BIOSYNTHETIC_PROCESS",114,"Up",0.356784605231989,0.986821151065458
"GOBP_REGULATION_OF_PHOSPHOLIPID_BIOSYNTHETIC_PROCESS",6,"Up",0.356891628224024,0.986821151065458
"GOBP_NEURON_MIGRATION",45,"Down",0.357119380206557,0.986821151065458
"GOBP_REGULATION_BY_VIRUS_OF_VIRAL_PROTEIN_LEVELS_IN_HOST_CELL",5,"Up",0.357587922329557,0.986821151065458
"GOBP_NEUROTRANSMITTER_RECEPTOR_TRANSPORT",10,"Down",0.357864236579797,0.986821151065458
"GOBP_GASTRIC_ACID_SECRETION",3,"Up",0.35801320013645,0.986821151065458
"GOBP_POSITIVE_REGULATION_OF_CALCIUM_ION_IMPORT",4,"Down",0.358042521918241,0.986821151065458
"GOBP_POSITIVE_REGULATION_OF_DIGESTIVE_SYSTEM_PROCESS",2,"Up",0.358226176748138,0.986821151065458
"GOBP_PRESYNAPTIC_DENSE_CORE_VESICLE_EXOCYTOSIS",2,"Up",0.358307672253011,0.986821151065458
"GOBP_ALPHA_AMINO_ACID_CATABOLIC_PROCESS",18,"Down",0.358309729638196,0.986821151065458
"GOBP_POSITIVE_REGULATION_OF_PLATELET_AGGREGATION",2,"Up",0.358329411689165,0.986821151065458
"GOBP_AUTOPHAGOSOME_MATURATION",30,"Up",0.358388798060602,0.986821151065458
"GOBP_REGULATION_OF_STEM_CELL_POPULATION_MAINTENANCE",5,"Up",0.358430906959045,0.986821151065458
"GOBP_MYELOID_CELL_DIFFERENTIATION",64,"Down",0.358667212828799,0.986821151065458
"GOBP_POSITIVE_REGULATION_OF_SMOOTH_MUSCLE_CELL_APOPTOTIC_PROCESS",2,"Up",0.358678038105709,0.986821151065458
"GOBP_ER_NUCLEUS_SIGNALING_PATHWAY",16,"Down",0.35895913761886,0.986821151065458
"GOBP_T_TUBULE_ORGANIZATION",4,"Up",0.359078073983228,0.986821151065458
"GOBP_POSITIVE_REGULATION_OF_AMYLOID_BETA_FORMATION",5,"Down",0.359223947544478,0.986821151065458
"GOBP_SENSORY_ORGAN_DEVELOPMENT",76,"Down",0.35925123704884,0.986821151065458
"GOBP_CELLULAR_RESPONSE_TO_LOW_DENSITY_LIPOPROTEIN_PARTICLE_STIMULUS",2,"Up",0.359599029082013,0.986821151065458
"GOBP_LYMPHOCYTE_APOPTOTIC_PROCESS",11,"Down",0.359610531449849,0.986821151065458
"GOBP_ANTIGEN_PROCESSING_AND_PRESENTATION_OF_EXOGENOUS_PEPTIDE_ANTIGEN_VIA_MHC_CLASS_I",2,"Down",0.35962282820549,0.986821151065458
"GOBP_POSITIVE_REGULATION_OF_EPITHELIAL_CELL_DIFFERENTIATION",4,"Down",0.359776515672298,0.986821151065458
"GOBP_REGULATION_OF_TOLL_LIKE_RECEPTOR_7_SIGNALING_PATHWAY",1,"Down",0.359793959411051,0.986821151065458
"GOBP_TOLL_LIKE_RECEPTOR_7_SIGNALING_PATHWAY",1,"Down",0.359793959411051,0.986821151065458
"GOBP_TOLL_LIKE_RECEPTOR_8_SIGNALING_PATHWAY",1,"Down",0.359793959411051,0.986821151065458
"GOBP_FERMENTATION",2,"Up",0.359942205490398,0.986821151065458
"GOBP_GLYCOLYTIC_FERMENTATION",2,"Up",0.359942205490398,0.986821151065458
"GOBP_NUCLEAR_TRANSCRIBED_MRNA_CATABOLIC_PROCESS_DEADENYLATION_INDEPENDENT_DECAY",4,"Up",0.359967971713467,0.986821151065458
"GOBP_ACTIVATION_OF_CYSTEINE_TYPE_ENDOPEPTIDASE_ACTIVITY_INVOLVED_IN_APOPTOTIC_PROCESS",18,"Down",0.360027775824668,0.986821151065458
"GOBP_REGULATION_OF_TYPE_B_PANCREATIC_CELL_PROLIFERATION",1,"Up",0.360141487685512,0.986821151065458
"GOBP_IRON_ION_TRANSPORT",14,"Down",0.360627603178349,0.986821151065458
"GOBP_POSITIVE_REGULATION_OF_PHOSPHATIDYLINOSITOL_3_KINASE_SIGNALING",9,"Down",0.360776021495026,0.986821151065458
"GOBP_MUSCLE_ATROPHY",3,"Down",0.360849801393197,0.986821151065458
"GOBP_POSITIVE_REGULATION_OF_TOLL_LIKE_RECEPTOR_3_SIGNALING_PATHWAY",2,"Down",0.360920555949847,0.986821151065458
"GOBP_NEGATIVE_REGULATION_OF_FIBROBLAST_APOPTOTIC_PROCESS",4,"Up",0.36131089673568,0.986821151065458
"GOBP_REGULATION_OF_HOMOPHILIC_CELL_ADHESION",1,"Up",0.361782752820859,0.986821151065458
"GOBP_MICROTUBULE_BUNDLE_FORMATION",25,"Up",0.361844742392947,0.986821151065458
"GOBP_POSITIVE_REGULATION_OF_INTERLEUKIN_8_PRODUCTION",5,"Down",0.362186257898963,0.986821151065458
"GOBP_PYRIMIDINE_RIBONUCLEOTIDE_CATABOLIC_PROCESS",1,"Up",0.362240837459043,0.986821151065458
"GOBP_GOLGI_TO_ENDOSOME_TRANSPORT",10,"Up",0.362503026157028,0.986821151065458
"GOBP_CYTOPLASMIC_TRANSLATIONAL_INITIATION",20,"Up",0.362567966155228,0.986821151065458
"GOBP_T_CELL_RECEPTOR_SIGNALING_PATHWAY",30,"Down",0.36261235523131,0.986821151065458
"GOBP_NEGATIVE_REGULATION_OF_RIBOSOME_BIOGENESIS",2,"Down",0.362624754638137,0.986821151065458
"GOBP_POSITIVE_REGULATION_OF_CELLULAR_PH_REDUCTION",1,"Up",0.363003344920301,0.986821151065458
"GOBP_REGULATION_OF_CELLULAR_PH_REDUCTION",1,"Up",0.363003344920301,0.986821151065458
"GOBP_PYRIMIDINE_CONTAINING_COMPOUND_CATABOLIC_PROCESS",7,"Down",0.363173941311209,0.986821151065458
"GOBP_POSITIVE_REGULATION_OF_PROTEIN_LOCALIZATION",148,"Up",0.363211302840072,0.986821151065458
"GOBP_ANTIFUNGAL_INNATE_IMMUNE_RESPONSE",1,"Up",0.363232430502925,0.986821151065458
"GOBP_REGULATION_OF_ANTIFUNGAL_INNATE_IMMUNE_RESPONSE",1,"Up",0.363232430502925,0.986821151065458
"GOBP_REGULATION_OF_DEFENSE_RESPONSE_TO_FUNGUS",1,"Up",0.363232430502925,0.986821151065458
"GOBP_ONE_CARBON_METABOLIC_PROCESS",6,"Down",0.363340588554208,0.986821151065458
"GOBP_L_AMINO_ACID_TRANSPORT",14,"Down",0.363421860430931,0.986821151065458
"GOBP_ESTABLISHMENT_OF_EPITHELIAL_CELL_APICAL_BASAL_POLARITY",4,"Up",0.363692184381116,0.986821151065458
"GOBP_REGULATION_OF_PROTEIN_CONTAINING_COMPLEX_DISASSEMBLY",52,"Up",0.363777878560728,0.986821151065458
"GOBP_AXONAL_FASCICULATION",5,"Up",0.363950624038184,0.986821151065458
"GOBP_REGULATION_OF_MAP_KINASE_ACTIVITY",40,"Down",0.364028940892354,0.986821151065458
"GOBP_NUCLEIC_ACID_PHOSPHODIESTER_BOND_HYDROLYSIS",69,"Down",0.364065096577897,0.986821151065458
"GOBP_NEGATIVE_REGULATION_OF_NEURON_MIGRATION",2,"Up",0.364191995921497,0.986821151065458
"GOBP_MACROMOLECULE_DEACYLATION",42,"Up",0.364297777318013,0.986821151065458
"GOBP_GRANZYME_MEDIATED_PROGRAMMED_CELL_DEATH_SIGNALING_PATHWAY",2,"Up",0.364407213382351,0.986821151065458
"GOBP_PROTEIN_IMPORT_INTO_MITOCHONDRIAL_MATRIX",5,"Down",0.364900098439853,0.986821151065458
"GOBP_AMINO_ACID_TRANSMEMBRANE_TRANSPORT",17,"Down",0.364960606534214,0.986821151065458
"GOBP_RESPONSE_TO_KETONE",38,"Up",0.3650724895229,0.986821151065458
"GOBP_LAMELLIPODIUM_ASSEMBLY",32,"Up",0.365150664787332,0.986821151065458
"GOBP_PORPHYRIN_CONTAINING_COMPOUND_METABOLIC_PROCESS",6,"Down",0.365491497296189,0.986821151065458
"GOBP_STRIATED_MUSCLE_CONTRACTION",40,"Up",0.365705769442248,0.986821151065458
"GOBP_GOLGI_TO_VACUOLE_TRANSPORT",14,"Up",0.366186117651978,0.986821151065458
"GOBP_NETRIN_ACTIVATED_SIGNALING_PATHWAY",1,"Up",0.366210119825398,0.986821151065458
"GOBP_CARDIAC_MUSCLE_CELL_DIFFERENTIATION",21,"Up",0.366210739137718,0.986821151065458
"GOBP_LEUKOCYTE_PROLIFERATION",36,"Down",0.366477939522857,0.986821151065458
"GOBP_REGULATION_OF_CHOLESTEROL_METABOLIC_PROCESS",9,"Down",0.366524778345117,0.986821151065458
"GOBP_REGULATION_OF_INTEGRIN_MEDIATED_SIGNALING_PATHWAY",3,"Up",0.366975925042681,0.986821151065458
"GOBP_POSITIVE_REGULATION_OF_HISTONE_UBIQUITINATION",1,"Down",0.367229441659423,0.986821151065458
"GOBP_RESPONSE_TO_HYDROSTATIC_PRESSURE",4,"Up",0.367528730674771,0.986821151065458
"GOBP_REGULATION_OF_CELLULAR_RESPONSE_TO_HYPOXIA",3,"Up",0.367637627214222,0.986821151065458
"GOBP_NEGATIVE_REGULATION_OF_FATTY_ACID_METABOLIC_PROCESS",5,"Up",0.367936763939742,0.986821151065458
"GOBP_COPPER_ION_HOMEOSTASIS",6,"Up",0.368088097376606,0.986821151065458
"GOBP_EMBRYONIC_ORGAN_DEVELOPMENT",53,"Down",0.368255376438158,0.986821151065458
"GOBP_REGULATION_OF_ESTABLISHMENT_OF_PLANAR_POLARITY",7,"Down",0.368671789313361,0.986821151065458
"GOBP_POSITIVE_REGULATION_OF_CALCIUM_ION_TRANSPORT_INTO_CYTOSOL",3,"Up",0.368737341820529,0.986821151065458
"GOBP_POSITIVE_REGULATION_OF_RELEASE_OF_SEQUESTERED_CALCIUM_ION_INTO_CYTOSOL",3,"Up",0.368737341820529,0.986821151065458
"GOBP_DETECTION_OF_TEMPERATURE_STIMULUS_INVOLVED_IN_SENSORY_PERCEPTION",5,"Up",0.368892122173014,0.986821151065458
"GOBP_DETECTION_OF_TEMPERATURE_STIMULUS_INVOLVED_IN_SENSORY_PERCEPTION_OF_PAIN",5,"Up",0.368892122173014,0.986821151065458
"GOBP_SENSORY_PERCEPTION_OF_TEMPERATURE_STIMULUS",5,"Up",0.368892122173014,0.986821151065458
"GOBP_CORTICOSTEROID_RECEPTOR_SIGNALING_PATHWAY",5,"Up",0.369131610487441,0.986821151065458
"GOBP_CARDIAC_CONDUCTION_SYSTEM_DEVELOPMENT",2,"Down",0.369164223405599,0.986821151065458
"GOBP_SUPPRESSION_OF_VIRAL_RELEASE_BY_HOST",6,"Up",0.369194791121255,0.986821151065458
"GOBP_PROTEIN_LOCALIZATION_TO_CHROMATIN",9,"Up",0.369214485503042,0.986821151065458
"GOBP_VIRAL_PROCESS",130,"Up",0.369720140223649,0.986821151065458
"GOBP_MITOTIC_INTRA_S_DNA_DAMAGE_CHECKPOINT_SIGNALING",2,"Down",0.36974313556176,0.986821151065458
"GOBP_HEPATICOBILIARY_SYSTEM_DEVELOPMENT",30,"Down",0.370045064761233,0.986821151065458
"GOBP_POSITIVE_REGULATION_OF_RENAL_SODIUM_EXCRETION",2,"Down",0.370134902351588,0.986821151065458
"GOBP_REGULATION_OF_EXCRETION",2,"Down",0.370134902351588,0.986821151065458
"GOBP_RENAL_SODIUM_EXCRETION",2,"Down",0.370134902351588,0.986821151065458
"GOBP_RENAL_TUBULAR_SECRETION",2,"Down",0.370134902351588,0.986821151065458
"GOBP_REGULATION_OF_SNRNA_TRANSCRIPTION_BY_RNA_POLYMERASE_II",3,"Up",0.37036022033302,0.986821151065458
"GOBP_POSITIVE_REGULATION_OF_MUSCLE_HYPERTROPHY",10,"Up",0.370449058177259,0.986821151065458
"GOBP_CARDIAC_MUSCLE_TISSUE_MORPHOGENESIS",4,"Up",0.37077687351455,0.986821151065458
"GOBP_MUSCLE_ORGAN_MORPHOGENESIS",4,"Up",0.37077687351455,0.986821151065458
"GOBP_FARNESYL_DIPHOSPHATE_METABOLIC_PROCESS",2,"Up",0.370839637829252,0.986821151065458
"GOBP_TERPENOID_BIOSYNTHETIC_PROCESS",2,"Up",0.370839637829252,0.986821151065458
"GOBP_HORMONE_METABOLIC_PROCESS",21,"Down",0.371116590442706,0.986821151065458
"GOBP_L_ALANINE_TRANSPORT",2,"Up",0.371582198168897,0.986821151065458
"GOBP_PATTERN_RECOGNITION_RECEPTOR_SIGNALING_PATHWAY",39,"Up",0.371646807693568,0.986821151065458
"GOBP_REGULATION_OF_ATP_BIOSYNTHETIC_PROCESS",6,"Up",0.371684634550031,0.986821151065458
"GOBP_PHOSPHATIDYLINOSITOL_BIOSYNTHETIC_PROCESS",49,"Up",0.372049067161366,0.986821151065458
"GOBP_REGULATION_OF_OSSIFICATION",11,"Down",0.372051356954891,0.986821151065458
"GOBP_HEAT_ACCLIMATION",2,"Down",0.372149726584646,0.986821151065458
"GOBP_POSITIVE_REGULATION_OF_TOLL_LIKE_RECEPTOR_2_SIGNALING_PATHWAY",1,"Up",0.372362650179625,0.986821151065458
"GOBP_REGULATION_OF_TOLL_LIKE_RECEPTOR_2_SIGNALING_PATHWAY",1,"Up",0.372362650179625,0.986821151065458
"GOBP_REGULATION_OF_PROTEIN_GLYCOSYLATION",4,"Down",0.372490956197777,0.986821151065458
"GOBP_NITROGEN_COMPOUND_TRANSPORT",690,"Up",0.372509618125193,0.986821151065458
"GOBP_TRABECULA_MORPHOGENESIS",3,"Down",0.372511307873809,0.986821151065458
"GOBP_NEGATIVE_REGULATION_OF_TRANSFORMING_GROWTH_FACTOR_BETA_RECEPTOR_SIGNALING_PATHWAY",8,"Down",0.372555894834819,0.986821151065458
"GOBP_INTERLEUKIN_8_PRODUCTION",6,"Down",0.373048979289121,0.986821151065458
"GOBP_ACTIVATION_OF_IMMUNE_RESPONSE",59,"Down",0.373143921601407,0.986821151065458
"GOBP_POSITIVE_REGULATION_OF_TRANSMEMBRANE_RECEPTOR_PROTEIN_SERINE_THREONINE_KINASE_SIGNALING_PATHWAY",15,"Down",0.373278765955593,0.986821151065458
"GOBP_ORGANIC_HYDROXY_COMPOUND_BIOSYNTHETIC_PROCESS",50,"Down",0.373402055533719,0.986821151065458
"GOBP_NEGATIVE_REGULATION_OF_NEUTROPHIL_ACTIVATION",1,"Up",0.373684475429362,0.986821151065458
"GOBP_NEGATIVE_REGULATION_OF_RESPIRATORY_BURST",1,"Up",0.373684475429362,0.986821151065458
"GOBP_REGULATION_OF_BLOOD_VESSEL_REMODELING",1,"Up",0.373684475429362,0.986821151065458
"GOBP_REGULATION_OF_NEUTROPHIL_ACTIVATION",1,"Up",0.373684475429362,0.986821151065458
"GOBP_REGULATION_OF_NEUTROPHIL_DEGRANULATION",1,"Up",0.373684475429362,0.986821151065458
"GOBP_NEGATIVE_REGULATION_OF_LAMELLIPODIUM_ORGANIZATION",1,"Up",0.374071668004317,0.986821151065458
"GOBP_REGULATION_OF_CELL_COMMUNICATION_BY_ELECTRICAL_COUPLING_INVOLVED_IN_CARDIAC_CONDUCTION",3,"Up",0.374205841919095,0.986821151065458
"GOBP_REGULATION_OF_SISTER_CHROMATID_COHESION",6,"Up",0.374329131748037,0.986821151065458
"GOBP_CELLULAR_PROTEIN_CATABOLIC_PROCESS",268,"Up",0.374344276384322,0.986821151065458
"GOBP_MATURATION_OF_SSU_RRNA_FROM_TRICISTRONIC_RRNA_TRANSCRIPT_SSU_RRNA_5_8S_RRNA_LSU_RRNA",5,"Down",0.374475252382424,0.986821151065458
"GOBP_PLASMA_LIPOPROTEIN_PARTICLE_CLEARANCE",6,"Down",0.374486527809313,0.986821151065458
"GOBP_ESTABLISHMENT_OF_PROTEIN_LOCALIZATION_TO_ORGANELLE",165,"Up",0.374533766694843,0.986821151065458
"GOBP_INTRINSIC_APOPTOTIC_SIGNALING_PATHWAY",80,"Up",0.3745762621687,0.986821151065458
"GOBP_REGULATION_OF_TRANSCRIPTION_OF_NUCLEOLAR_LARGE_RRNA_BY_RNA_POLYMERASE_I",5,"Up",0.374686738519396,0.986821151065458
"GOBP_POSITIVE_REGULATION_OF_SMOOTH_MUSCLE_CELL_PROLIFERATION",10,"Down",0.374736528882054,0.986821151065458
"GOBP_POSITIVE_REGULATION_OF_LIPOPOLYSACCHARIDE_MEDIATED_SIGNALING_PATHWAY",1,"Up",0.374771924848973,0.986821151065458
"GOBP_POSITIVE_REGULATION_OF_MACROPHAGE_DIFFERENTIATION",1,"Up",0.374771924848973,0.986821151065458
"GOBP_REGULATION_OF_LIPOPOLYSACCHARIDE_MEDIATED_SIGNALING_PATHWAY",1,"Up",0.374771924848973,0.986821151065458
"GOBP_REGULATION_OF_MACROPHAGE_DIFFERENTIATION",1,"Up",0.374771924848973,0.986821151065458
"GOBP_NEGATIVE_REGULATION_OF_MITOCHONDRIAL_MEMBRANE_PERMEABILITY_INVOLVED_IN_APOPTOTIC_PROCESS",1,"Up",0.375086447422622,0.986821151065458
"GOBP_MESENDODERM_DEVELOPMENT",1,"Down",0.375150068747734,0.986821151065458
"GOBP_REGULATION_OF_ALPHA_BETA_T_CELL_ACTIVATION",8,"Down",0.376287028221759,0.986821151065458
"GOBP_ROUNDABOUT_SIGNALING_PATHWAY",1,"Up",0.376292534186325,0.986821151065458
"GOBP_G0_TO_G1_TRANSITION",4,"Up",0.37654933349888,0.986821151065458
"GOBP_REGULATION_OF_G0_TO_G1_TRANSITION",4,"Up",0.37654933349888,0.986821151065458
"GOBP_NEGATIVE_REGULATION_OF_SYSTEMIC_ARTERIAL_BLOOD_PRESSURE",4,"Down",0.376622815569362,0.986821151065458
"GOBP_POSITIVE_REGULATION_OF_LEUKOCYTE_PROLIFERATION",13,"Down",0.376905678960781,0.986821151065458
"GOBP_DETECTION_OF_CALCIUM_ION",4,"Up",0.377561650820519,0.986821151065458
"GOBP_BIOLOGICAL_PROCESS_INVOLVED_IN_SYMBIOTIC_INTERACTION",65,"Up",0.378003681388849,0.986821151065458
"GOBP_POSITIVE_REGULATION_OF_PEPTIDASE_ACTIVITY",40,"Down",0.378160176181093,0.986821151065458
"GOBP_NEGATIVE_REGULATION_OF_TRANSMEMBRANE_RECEPTOR_PROTEIN_SERINE_THREONINE_KINASE_SIGNALING_PATHWAY",10,"Down",0.378356338765989,0.986821151065458
"GOBP_REGULATION_OF_CELL_DEATH",345,"Up",0.378369440174068,0.986821151065458
"GOBP_RNA_PHOSPHODIESTER_BOND_HYDROLYSIS_EXONUCLEOLYTIC",21,"Down",0.378395411454589,0.986821151065458
"GOBP_PLACENTA_BLOOD_VESSEL_DEVELOPMENT",5,"Down",0.378508200565742,0.986821151065458
"GOBP_LATE_ENDOSOME_TO_VACUOLE_TRANSPORT_VIA_MULTIVESICULAR_BODY_SORTING_PATHWAY",12,"Up",0.378617681791624,0.986821151065458
"GOBP_NEGATIVE_REGULATION_OF_AXONOGENESIS",11,"Down",0.378758476805237,0.986821151065458
"GOBP_RESPONSE_TO_INTERLEUKIN_15",2,"Down",0.378870466493126,0.986821151065458
"GOBP_BLOOD_VESSEL_MATURATION",1,"Up",0.379718240262394,0.986821151065458
"GOBP_G_QUADRUPLEX_DNA_UNWINDING",4,"Up",0.379954476461994,0.986821151065458
"GOBP_REGULATION_OF_INOSITOL_1_4_5_TRISPHOSPHATE_SENSITIVE_CALCIUM_RELEASE_CHANNEL_ACTIVITY",1,"Up",0.380141400193418,0.986821151065458
"GOBP_REGULATION_OF_LIPOPHAGY",1,"Up",0.380141400193418,0.986821151065458
"GOBP_POSITIVE_REGULATION_OF_MIRNA_MEDIATED_GENE_SILENCING_BY_INHIBITION_OF_TRANSLATION",6,"Up",0.380298493170827,0.986821151065458
"GOBP_GLIAL_CELL_APOPTOTIC_PROCESS",6,"Down",0.3803431502826,0.986821151065458
"GOBP_CELLULAR_RESPONSE_TO_GAMMA_RADIATION",7,"Down",0.380533707675849,0.986821151065458
"GOBP_MODIFICATION_DEPENDENT_MACROMOLECULE_CATABOLIC_PROCESS",236,"Up",0.380557238103981,0.986821151065458
"GOBP_NEGATIVE_REGULATION_OF_VASCULAR_ASSOCIATED_SMOOTH_MUSCLE_CELL_MIGRATION",2,"Up",0.380986431892733,0.986821151065458
"GOBP_MAINTENANCE_OF_APICAL_BASAL_CELL_POLARITY",4,"Up",0.381100802214805,0.986821151065458
"GOBP_DETECTION_OF_MECHANICAL_STIMULUS_INVOLVED_IN_SENSORY_PERCEPTION",6,"Down",0.381121397023016,0.986821151065458
"GOBP_POSITIVE_REGULATION_OF_PROTEIN_KINASE_ACTIVITY",85,"Down",0.381396233821531,0.986821151065458
"GOBP_PROSTATE_GLAND_DEVELOPMENT",9,"Down",0.38149444042264,0.986821151065458
"GOBP_OLEFINIC_COMPOUND_METABOLIC_PROCESS",16,"Down",0.382322731946732,0.986821151065458
"GOBP_CHEMOKINE_PRODUCTION",7,"Down",0.382417055010942,0.986821151065458
"GOBP_SENSORY_PERCEPTION_OF_CHEMICAL_STIMULUS",7,"Down",0.38244334640892,0.986821151065458
"GOBP_THYMUS_DEVELOPMENT",10,"Down",0.382505014478691,0.986821151065458
"GOBP_REGULATION_OF_MONONUCLEAR_CELL_MIGRATION",18,"Down",0.382737814014005,0.986821151065458
"GOBP_HEART_TRABECULA_MORPHOGENESIS",2,"Up",0.382769535635378,0.986821151065458
"GOBP_POSITIVE_REGULATION_OF_IMMUNE_EFFECTOR_PROCESS",31,"Up",0.382933558759029,0.986821151065458
"GOBP_POSITIVE_REGULATION_OF_PROTEIN_LOCALIZATION_TO_CELL_SURFACE",6,"Down",0.383013037242245,0.986821151065458
"GOBP_REGULATION_OF_VESICLE_TRANSPORT_ALONG_MICROTUBULE",4,"Up",0.383108763097211,0.986821151065458
"GOBP_CELLULAR_RESPONSE_TO_CHOLESTEROL",2,"Up",0.383141165907362,0.986821151065458
"GOBP_CELLULAR_RESPONSE_TO_STEROL",2,"Up",0.383141165907362,0.986821151065458
"GOBP_POSITIVE_REGULATION_OF_NUCLEOCYTOPLASMIC_TRANSPORT",22,"Up",0.383185352643137,0.986821151065458
"GOBP_REGULATION_OF_CELL_SUBSTRATE_ADHESION",47,"Up",0.383542311676699,0.986821151065458
"GOBP_COLUMNAR_CUBOIDAL_EPITHELIAL_CELL_DIFFERENTIATION",11,"Up",0.383680000119709,0.986821151065458
"GOBP_REGULATION_OF_ATTACHMENT_OF_SPINDLE_MICROTUBULES_TO_KINETOCHORE",5,"Up",0.3838750688986,0.986821151065458
"GOBP_PROTEIN_DE_ADP_RIBOSYLATION",2,"Down",0.38409892364477,0.986821151065458
"GOBP_NEGATIVE_REGULATION_OF_GLIAL_CELL_PROLIFERATION",3,"Down",0.384106865219535,0.986821151065458
"GOBP_NEGATIVE_REGULATION_OF_SCHWANN_CELL_PROLIFERATION",3,"Down",0.384106865219535,0.986821151065458
"GOBP_NEGATIVE_REGULATION_OF_ALPHA_BETA_T_CELL_DIFFERENTIATION",3,"Down",0.384214661523548,0.986821151065458
"GOBP_NEGATIVE_REGULATION_OF_CD4_POSITIVE_ALPHA_BETA_T_CELL_ACTIVATION",3,"Down",0.384214661523548,0.986821151065458
"GOBP_NEGATIVE_REGULATION_OF_CD4_POSITIVE_ALPHA_BETA_T_CELL_DIFFERENTIATION",3,"Down",0.384214661523548,0.986821151065458
"GOBP_NEGATIVE_REGULATION_OF_LYMPHOCYTE_DIFFERENTIATION",3,"Down",0.384214661523548,0.986821151065458
"GOBP_NEGATIVE_REGULATION_OF_T_CELL_DIFFERENTIATION",3,"Down",0.384214661523548,0.986821151065458
"GOBP_BONE_CELL_DEVELOPMENT",7,"Up",0.384337797901916,0.986821151065458
"GOBP_RESPONSE_TO_HEPATOCYTE_GROWTH_FACTOR",9,"Down",0.384366966121067,0.986821151065458
"GOBP_REGULATION_OF_RHO_DEPENDENT_PROTEIN_SERINE_THREONINE_KINASE_ACTIVITY",1,"Up",0.384694432085067,0.986821151065458
"GOBP_NEPHRON_MORPHOGENESIS",7,"Down",0.384716364900331,0.986821151065458
"GOBP_NUCLEOBASE_CONTAINING_SMALL_MOLECULE_METABOLIC_PROCESS",145,"Down",0.384720057671256,0.986821151065458
"GOBP_RESPONSE_TO_UV_A",3,"Up",0.385226313610591,0.986821151065458
"GOBP_CELLULAR_MACROMOLECULE_LOCALIZATION",611,"Up",0.385442925299983,0.986821151065458
"GOBP_BLASTOCYST_DEVELOPMENT",24,"Down",0.385616592459103,0.986821151065458
"GOBP_PROTEIN_POLYGLUTAMYLATION",5,"Up",0.385784155918179,0.986821151065458
"GOBP_SERINE_TRANSPORT",3,"Down",0.386311033428812,0.986821151065458
"GOBP_RECEPTOR_CATABOLIC_PROCESS",14,"Up",0.386603299195287,0.986821151065458
"GOBP_REGULATION_OF_CELLULAR_RESPIRATION",13,"Up",0.386902245781279,0.986821151065458
"GOBP_NEGATIVE_REGULATION_OF_PROTEIN_LOCALIZATION_TO_CELL_PERIPHERY",9,"Up",0.387041765883205,0.986821151065458
"GOBP_LYMPHOCYTE_MIGRATION_INTO_LYMPHOID_ORGANS",1,"Up",0.387255951259006,0.986821151065458
"GOBP_POSITIVE_REGULATION_OF_SYSTEMIC_ARTERIAL_BLOOD_PRESSURE",1,"Up",0.387255951259006,0.986821151065458
"GOBP_REGULATION_OF_CELL_CELL_ADHESION_MEDIATED_BY_INTEGRIN",1,"Up",0.387255951259006,0.986821151065458
"GOBP_EPITHELIAL_CELL_DEVELOPMENT",35,"Up",0.387310284262837,0.986821151065458
"GOBP_ACUTE_INFLAMMATORY_RESPONSE_TO_ANTIGENIC_STIMULUS",2,"Up",0.387462660872375,0.986821151065458
"GOBP_NUCLEAR_TRANSPORT",120,"Up",0.387699964046004,0.986821151065458
"GOBP_NEGATIVE_REGULATION_OF_EXOCYTOSIS",11,"Up",0.387902706564708,0.986821151065458
"GOBP_REGULATION_OF_INCLUSION_BODY_ASSEMBLY",6,"Down",0.387967881455689,0.986821151065458
"GOBP_NEGATIVE_REGULATION_OF_INTERLEUKIN_10_PRODUCTION",1,"Down",0.388346792018734,0.986821151065458
"GOBP_NEGATIVE_REGULATION_OF_INTERLEUKIN_13_PRODUCTION",1,"Down",0.388346792018734,0.986821151065458
"GOBP_NEGATIVE_REGULATION_OF_INTERLEUKIN_5_PRODUCTION",1,"Down",0.388346792018734,0.986821151065458
"GOBP_REGULATION_OF_TRANSLATIONAL_ELONGATION",7,"Down",0.388502294217821,0.986821151065458
"GOBP_REGULATION_OF_SMOOTH_MUSCLE_CELL_DIFFERENTIATION",4,"Down",0.388644576094812,0.986821151065458
"GOBP_NUCLEOSIDE_DIPHOSPHATE_METABOLIC_PROCESS",42,"Down",0.388770187584485,0.986821151065458
"GOBP_REGULATION_OF_EPITHELIAL_CELL_MIGRATION",43,"Up",0.389240094481335,0.986821151065458
"GOBP_BONE_REMODELING",11,"Up",0.389300465638738,0.986821151065458
"GOBP_MAST_CELL_DIFFERENTIATION",1,"Up",0.389500662201028,0.986821151065458
"GOBP_NATURAL_KILLER_CELL_CHEMOTAXIS",1,"Up",0.389500662201028,0.986821151065458
"GOBP_NEUTROPHIL_APOPTOTIC_PROCESS",1,"Up",0.389500662201028,0.986821151065458
"GOBP_POSITIVE_REGULATION_OF_MYELOID_CELL_APOPTOTIC_PROCESS",1,"Up",0.389500662201028,0.986821151065458
"GOBP_RESPIRATORY_BURST_INVOLVED_IN_DEFENSE_RESPONSE",1,"Up",0.389500662201028,0.986821151065458
"GOBP_NEGATIVE_REGULATION_OF_ATP_METABOLIC_PROCESS",7,"Up",0.389637275964179,0.986821151065458
"GOBP_SMALL_RNA_LOADING_ONTO_RISC",6,"Up",0.389743853474031,0.986821151065458
"GOBP_3_PHOSPHOADENOSINE_5_PHOSPHOSULFATE_BIOSYNTHETIC_PROCESS",3,"Down",0.389858987515678,0.986821151065458
"GOBP_CELL_CYCLE",443,"Up",0.390000540759547,0.986821151065458
"GOBP_POSITIVE_REGULATION_OF_MITOCHONDRIAL_OUTER_MEMBRANE_PERMEABILIZATION_INVOLVED_IN_APOPTOTIC_SIGNALING_PATHWAY",4,"Up",0.390143875362129,0.986821151065458
"GOBP_POSITIVE_REGULATION_OF_ASPARTIC_TYPE_PEPTIDASE_ACTIVITY",2,"Up",0.390263944124549,0.986821151065458
"GOBP_L_ASPARTATE_TRANSMEMBRANE_TRANSPORT",3,"Up",0.390393194912646,0.986821151065458
"GOBP_POSITIVE_REGULATION_BY_HOST_OF_VIRAL_PROCESS",9,"Up",0.39058149382303,0.986821151065458
"GOBP_AXONAL_TRANSPORT_OF_MITOCHONDRION",10,"Up",0.390656453832884,0.986821151065458
"GOBP_HISTONE_MONOUBIQUITINATION",6,"Down",0.390705041232481,0.986821151065458
"GOBP_RESPONSE_TO_SALT_STRESS",5,"Up",0.391007903110061,0.986821151065458
"GOBP_ZINC_ION_IMPORT_ACROSS_PLASMA_MEMBRANE",1,"Down",0.39120746453069,0.986821151065458
"GOBP_SARCOPLASMIC_RETICULUM_CALCIUM_ION_TRANSPORT",8,"Up",0.391208028283682,0.986821151065458
"GOBP_ISOTYPE_SWITCHING_TO_IGG_ISOTYPES",3,"Up",0.391345664996755,0.986821151065458
"GOBP_POSITIVE_REGULATION_OF_ANIMAL_ORGAN_MORPHOGENESIS",4,"Down",0.39144935796083,0.986821151065458
"GOBP_APICAL_JUNCTION_ASSEMBLY",9,"Up",0.391493721144999,0.986821151065458
"GOBP_NOTCH_SIGNALING_PATHWAY",24,"Down",0.391539899768137,0.986821151065458
"GOBP_PROTEIN_TRANSMEMBRANE_TRANSPORT",23,"Down",0.391548162768341,0.986821151065458
"GOBP_NEGATIVE_REGULATION_OF_BLOOD_VESSEL_ENDOTHELIAL_CELL_MIGRATION",8,"Down",0.391601451757552,0.986821151065458
"GOBP_RESPONSE_TO_STEROL_DEPLETION",6,"Down",0.391720631993786,0.986821151065458
"GOBP_POSITIVE_REGULATION_OF_HISTONE_MODIFICATION",27,"Up",0.391858228764851,0.986821151065458
"GOBP_ALCOHOL_BIOSYNTHETIC_PROCESS",32,"Down",0.391932206350736,0.986821151065458
"GOBP_TOLL_SIGNALING_PATHWAY",1,"Up",0.392077460581557,0.986821151065458
"GOBP_REGULATION_OF_EPIDERMAL_GROWTH_FACTOR_ACTIVATED_RECEPTOR_ACTIVITY",8,"Down",0.392386432885723,0.986821151065458
"GOBP_NEGATIVE_REGULATION_OF_EXCITATORY_POSTSYNAPTIC_POTENTIAL",4,"Down",0.392429775435961,0.986821151065458
"GOBP_EMBRYONIC_BRAIN_DEVELOPMENT",5,"Down",0.393426202709086,0.986821151065458
"GOBP_POSITIVE_REGULATION_OF_GTPASE_ACTIVITY",88,"Up",0.393450964195849,0.986821151065458
"GOBP_APOLIPOPROTEIN_A_I_MEDIATED_SIGNALING_PATHWAY",1,"Down",0.393686312430432,0.986821151065458
"GOBP_POSITIVE_REGULATION_OF_APOPTOTIC_CELL_CLEARANCE",1,"Down",0.393686312430432,0.986821151065458
"GOBP_REGULATION_OF_PROTEIN_SUMOYLATION",9,"Down",0.393805980896095,0.986821151065458
"GOBP_EXPORT_ACROSS_PLASMA_MEMBRANE",15,"Up",0.394507798609448,0.986821151065458
"GOBP_SYNAPTIC_VESICLE_TRANSPORT",24,"Up",0.394741753501496,0.986821151065458
"GOBP_POSITIVE_REGULATION_OF_STRIATED_MUSCLE_CELL_APOPTOTIC_PROCESS",6,"Up",0.394940308645047,0.986821151065458
"GOBP_POSITIVE_REGULATION_OF_BINDING",51,"Up",0.395380813164983,0.986821151065458
"GOBP_POSITIVE_REGULATION_OF_LYMPHOCYTE_DIFFERENTIATION",8,"Down",0.395524584934836,0.986821151065458
"GOBP_CARDIAC_MUSCLE_CELL_ACTION_POTENTIAL",21,"Up",0.395596729003813,0.986821151065458
"GOBP_REGULATION_OF_DNA_REPAIR",42,"Down",0.396007694423635,0.986821151065458
"GOBP_POSITIVE_REGULATION_OF_MITOCHONDRION_ORGANIZATION",19,"Up",0.396028637237928,0.986821151065458
"GOBP_CHROMATIN_ORGANIZATION",127,"Down",0.396081501112821,0.986821151065458
"GOBP_MOTOR_BEHAVIOR",3,"Up",0.396290368178956,0.986821151065458
"GOBP_TRANSMEMBRANE_RECEPTOR_PROTEIN_TYROSINE_KINASE_SIGNALING_PATHWAY",141,"Down",0.396497721493748,0.986821151065458
"GOBP_REGULATION_OF_CHOLESTEROL_EFFLUX",7,"Down",0.396784034260685,0.986821151065458
"GOBP_MONOCYTE_DIFFERENTIATION",6,"Up",0.397202887839536,0.986821151065458
"GOBP_POSITIVE_REGULATION_OF_SYNAPSE_MATURATION",2,"Up",0.397333733686197,0.986821151065458
"GOBP_CELLULAR_MODIFIED_AMINO_ACID_CATABOLIC_PROCESS",4,"Up",0.397424550747625,0.986821151065458
"GOBP_LIPID_LOCALIZATION",93,"Down",0.397475587101603,0.986821151065458
"GOBP_ACETYL_COA_METABOLIC_PROCESS",13,"Down",0.397502422201777,0.986821151065458
"GOBP_PEROXISOME_PROLIFERATOR_ACTIVATED_RECEPTOR_SIGNALING_PATHWAY",4,"Down",0.397532442985267,0.986821151065458
"GOBP_REGULATION_OF_G_PROTEIN_COUPLED_RECEPTOR_SIGNALING_PATHWAY",39,"Up",0.397805545193529,0.986821151065458
"GOBP_RECEPTOR_LOCALIZATION_TO_SYNAPSE",21,"Up",0.398019184558888,0.986821151065458
"GOBP_POSITIVE_REGULATION_OF_MITOPHAGY_IN_RESPONSE_TO_MITOCHONDRIAL_DEPOLARIZATION",5,"Up",0.398062256894888,0.986821151065458
"GOBP_REGULATION_OF_AUTOPHAGY_OF_MITOCHONDRION_IN_RESPONSE_TO_MITOCHONDRIAL_DEPOLARIZATION",5,"Up",0.398062256894888,0.986821151065458
"GOBP_EYELID_DEVELOPMENT_IN_CAMERA_TYPE_EYE",2,"Up",0.398089610262087,0.986821151065458
"GOBP_SENSORY_PERCEPTION_OF_BITTER_TASTE",1,"Up",0.39824296133899,0.986821151065458
"GOBP_SENSORY_PERCEPTION_OF_SWEET_TASTE",1,"Up",0.39824296133899,0.986821151065458
"GOBP_PIGMENT_GRANULE_LOCALIZATION",8,"Down",0.398353355330837,0.986821151065458
"GOBP_NEGATIVE_REGULATION_OF_CALCINEURIN_MEDIATED_SIGNALING",5,"Up",0.398630179874677,0.986821151065458
"GOBP_NEGATIVE_REGULATION_OF_CALCIUM_MEDIATED_SIGNALING",5,"Up",0.398630179874677,0.986821151065458
"GOBP_NUCLEOTIDE_EXCISION_REPAIR",16,"Down",0.398683077144599,0.986821151065458
"GOBP_RHYTHMIC_BEHAVIOR",7,"Up",0.398825090716774,0.986821151065458
"GOBP_PROTEIN_LOCALIZATION_TO_ADHERENS_JUNCTION",2,"Up",0.398967887884346,0.986821151065458
"GOBP_SPERM_FLAGELLUM_ASSEMBLY",3,"Down",0.399784485986813,0.986821151065458
"GOBP_EXECUTION_PHASE_OF_APOPTOSIS",13,"Up",0.400023374134905,0.986821151065458
"GOBP_ENDOPLASMIC_RETICULUM_TO_CYTOSOL_TRANSPORT",9,"Up",0.400582944950902,0.986821151065458
"GOBP_INTEGRIN_ACTIVATION",4,"Down",0.400600028739551,0.986821151065458
"GOBP_LIPID_BIOSYNTHETIC_PROCESS",159,"Down",0.40062995715068,0.986821151065458
"GOBP_ALDEHYDE_CATABOLIC_PROCESS",3,"Up",0.400741701778087,0.986821151065458
"GOBP_CAMERA_TYPE_EYE_DEVELOPMENT",45,"Down",0.400956375303757,0.986821151065458
"GOBP_CELLULAR_AMIDE_METABOLIC_PROCESS",365,"Up",0.401091987925102,0.986821151065458
"GOBP_RESPONSE_TO_GLUCAGON",4,"Down",0.401175831088844,0.986821151065458
"GOBP_PEPTIDYL_ARGININE_METHYLATION",8,"Down",0.401204844387501,0.986821151065458
"GOBP_LYSINE_CATABOLIC_PROCESS",1,"Down",0.401413140903819,0.986821151065458
"GOBP_LYSINE_METABOLIC_PROCESS",1,"Down",0.401413140903819,0.986821151065458
"GOBP_NEGATIVE_REGULATION_OF_CELL_AGING",3,"Down",0.401511559401772,0.986821151065458
"GOBP_NEGATIVE_REGULATION_OF_AXON_EXTENSION",7,"Down",0.402149049581726,0.986821151065458
"GOBP_CELLULAR_TRANSITION_METAL_ION_HOMEOSTASIS",21,"Down",0.402461290393003,0.986821151065458
"GOBP_PROSTATE_GLAND_GROWTH",4,"Down",0.402486098353229,0.986821151065458
"GOBP_NEGATIVE_REGULATION_OF_MEGAKARYOCYTE_DIFFERENTIATION",3,"Down",0.402489080709912,0.986821151065458
"GOBP_ESTABLISHMENT_OF_TISSUE_POLARITY",13,"Down",0.402534011193914,0.986821151065458
"GOBP_NEGATIVE_REGULATION_OF_RECEPTOR_SIGNALING_PATHWAY_VIA_JAK_STAT",4,"Up",0.402590426721615,0.986821151065458
"GOBP_NEGATIVE_REGULATION_OF_RECEPTOR_SIGNALING_PATHWAY_VIA_STAT",4,"Up",0.402590426721615,0.986821151065458
"GOBP_REGULATION_OF_PEPTIDYL_THREONINE_PHOSPHORYLATION",12,"Up",0.402636226627874,0.986821151065458
"GOBP_VALINE_METABOLIC_PROCESS",4,"Down",0.402817003492795,0.986821151065458
"GOBP_OPSONIZATION",1,"Up",0.403127877772197,0.986821151065458
"GOBP_PHAGOCYTOSIS_RECOGNITION",1,"Up",0.403127877772197,0.986821151065458
"GOBP_POSITIVE_REGULATION_OF_OPSONIZATION",1,"Up",0.403127877772197,0.986821151065458
"GOBP_REGULATION_OF_OPSONIZATION",1,"Up",0.403127877772197,0.986821151065458
"GOBP_SULFUR_AMINO_ACID_METABOLIC_PROCESS",6,"Down",0.403566863913406,0.986821151065458
"GOBP_CYTOPLASMIC_SEQUESTERING_OF_PROTEIN",9,"Up",0.403722917789011,0.986821151065458
"GOBP_FATTY_ACID_TRANSMEMBRANE_TRANSPORT",6,"Up",0.403876802486694,0.986821151065458
"GOBP_CILIUM_MOVEMENT",18,"Down",0.404028937332669,0.986821151065458
"GOBP_LUNG_SACCULE_DEVELOPMENT",2,"Down",0.404268055467034,0.986821151065458
"GOBP_POSITIVE_REGULATION_OF_MITOPHAGY",4,"Up",0.404367231408658,0.986821151065458
"GOBP_NEGATIVE_REGULATION_OF_DENDRITE_DEVELOPMENT",2,"Down",0.404443768368902,0.986821151065458
"GOBP_REGULATION_OF_CELLULAR_CARBOHYDRATE_CATABOLIC_PROCESS",5,"Down",0.40512471981037,0.986821151065458
"GOBP_INTERSTRAND_CROSS_LINK_REPAIR",4,"Down",0.405136709782725,0.986821151065458
"GOBP_DNA_TEMPLATED_TRANSCRIPTION_ELONGATION",32,"Down",0.405581333721052,0.986821151065458
"GOBP_REGULATION_OF_ISOTYPE_SWITCHING",4,"Up",0.405861738950793,0.986821151065458
"GOBP_REGULATION_OF_VITAMIN_D_RECEPTOR_SIGNALING_PATHWAY",2,"Up",0.406146874637321,0.986821151065458
"GOBP_VITAMIN_D_RECEPTOR_SIGNALING_PATHWAY",2,"Up",0.406146874637321,0.986821151065458
"GOBP_POSITIVE_REGULATION_OF_LYASE_ACTIVITY",5,"Up",0.406370739919275,0.986821151065458
"GOBP_RESPONSE_TO_AUDITORY_STIMULUS",4,"Up",0.406513695113771,0.986821151065458
"GOBP_FRUCTOSE_2_6_BISPHOSPHATE_METABOLIC_PROCESS",2,"Up",0.406513840143466,0.986821151065458
"GOBP_SYNAPTIC_VESICLE_UNCOATING",4,"Up",0.406530167883768,0.986821151065458
"GOBP_EATING_BEHAVIOR",4,"Up",0.406626644779317,0.986821151065458
"GOBP_ADP_METABOLIC_PROCESS",29,"Down",0.40679138860024,0.986821151065458
"GOBP_HETEROPHILIC_CELL_CELL_ADHESION_VIA_PLASMA_MEMBRANE_CELL_ADHESION_MOLECULES",5,"Down",0.40685751371847,0.986821151065458
"GOBP_RETICULOPHAGY",8,"Up",0.40687681455015,0.986821151065458
"GOBP_KIDNEY_MESENCHYME_DEVELOPMENT",4,"Down",0.406938205032259,0.986821151065458
"GOBP_METANEPHRIC_MESENCHYME_DEVELOPMENT",4,"Down",0.406938205032259,0.986821151065458
"GOBP_REGULATION_OF_IRON_ION_TRANSMEMBRANE_TRANSPORT",2,"Up",0.407032940925972,0.986821151065458
"GOBP_REGULATION_OF_IRON_ION_TRANSPORT",2,"Up",0.407032940925972,0.986821151065458
"GOBP_MUSCLE_CELL_PROLIFERATION",24,"Down",0.407120952264446,0.986821151065458
"GOBP_POSITIVE_REGULATION_OF_ISOTYPE_SWITCHING",3,"Up",0.407161427659151,0.986821151065458
"GOBP_RECEPTOR_METABOLIC_PROCESS",55,"Up",0.40728244018152,0.986821151065458
"GOBP_SKELETAL_MUSCLE_CONTRACTION",8,"Up",0.407333372444585,0.986821151065458
"GOBP_DOPAMINERGIC_NEURON_DIFFERENTIATION",4,"Down",0.407749689761752,0.986821151065458
"GOBP_ENDOTHELIN_RECEPTOR_SIGNALING_PATHWAY",3,"Down",0.408208042810312,0.986821151065458
"GOBP_PROTEIN_DNA_COVALENT_CROSS_LINKING_REPAIR",3,"Up",0.408349534891052,0.986821151065458
"GOBP_RETINAL_CONE_CELL_DIFFERENTIATION",1,"Up",0.409122445480668,0.986821151065458
"GOBP_ALDITOL_CATABOLIC_PROCESS",3,"Down",0.409132172502877,0.986821151065458
"GOBP_EMBRYONIC_PLACENTA_DEVELOPMENT",10,"Up",0.409320837611043,0.986821151065458
"GOBP_NEURON_DEATH",83,"Up",0.409899832599126,0.986821151065458
"GOBP_GLANDULAR_EPITHELIAL_CELL_DEVELOPMENT",6,"Up",0.409968906064971,0.986821151065458
"GOBP_SENSORY_PERCEPTION_OF_PAIN",22,"Up",0.410028757972819,0.986821151065458
"GOBP_MICROTUBULE_NUCLEATION",16,"Up",0.410045061772314,0.986821151065458
"GOBP_PROTEIN_LOCALIZATION_TO_EXTRACELLULAR_REGION",87,"Up",0.410512294000187,0.986821151065458
"GOBP_CELLULAR_RESPONSE_TO_BRAIN_DERIVED_NEUROTROPHIC_FACTOR_STIMULUS",5,"Up",0.410661416099027,0.986821151065458
"GOBP_DIGESTIVE_SYSTEM_DEVELOPMENT",14,"Down",0.410966485283006,0.986821151065458
"GOBP_PERICARDIUM_MORPHOGENESIS",1,"Up",0.411187020955565,0.986821151065458
"GOBP_CYTOKINETIC_PROCESS",19,"Up",0.411287670622531,0.986821151065458
"GOBP_PYRIMIDINE_NUCLEOTIDE_METABOLIC_PROCESS",13,"Down",0.411467685613552,0.986821151065458
"GOBP_ORGANOPHOSPHATE_ESTER_TRANSPORT",39,"Down",0.411745205292125,0.986821151065458
"GOBP_PROTEIN_NEDDYLATION",9,"Down",0.411804089672609,0.986821151065458
"GOBP_IMMUNE_RESPONSE_REGULATING_CELL_SURFACE_RECEPTOR_SIGNALING_PATHWAY",50,"Down",0.412344761077858,0.986821151065458
"GOBP_REGULATION_OF_SMOOTH_MUSCLE_CONTRACTION",12,"Up",0.412421538363561,0.986821151065458
"GOBP_REGULATION_OF_SYNAPTIC_TRANSMISSION_GABAERGIC",8,"Up",0.412425455738414,0.986821151065458
"GOBP_REGULATION_OF_GLUCAGON_SECRETION",2,"Up",0.41258608966805,0.986821151065458
"GOBP_RESPONSE_TO_ACTINOMYCIN_D",1,"Down",0.413020777749939,0.986821151065458
"GOBP_BONE_RESORPTION",10,"Up",0.413124352923456,0.986821151065458
"GOBP_ESCRT_COMPLEX_DISASSEMBLY",9,"Up",0.413171278014549,0.986821151065458
"GOBP_REGULATION_OF_ORGANIC_ACID_TRANSPORT",15,"Down",0.413248689343505,0.986821151065458
"GOBP_PYRIDINE_CONTAINING_COMPOUND_CATABOLIC_PROCESS",1,"Down",0.413288435355674,0.986821151065458
"GOBP_PYRIMIDINE_CONTAINING_COMPOUND_METABOLIC_PROCESS",22,"Down",0.413401026011937,0.986821151065458
"GOBP_TRANSLATIONAL_TERMINATION",10,"Down",0.413483956823233,0.986821151065458
"GOBP_SPERMATID_NUCLEUS_DIFFERENTIATION",3,"Up",0.413495162948586,0.986821151065458
"GOBP_NEUROTRANSMITTER_UPTAKE",8,"Up",0.413739323717999,0.986821151065458
"GOBP_PERIPHERAL_NERVOUS_SYSTEM_AXON_REGENERATION",3,"Up",0.413889781069569,0.986821151065458
"GOBP_NEGATIVE_REGULATION_OF_INFLAMMATORY_RESPONSE",13,"Down",0.413948805569778,0.986821151065458
"GOBP_XENOBIOTIC_TRANSPORT",6,"Down",0.414218341849308,0.986821151065458
"GOBP_SPLICEOSOMAL_SNRNP_ASSEMBLY",22,"Down",0.414335158939737,0.986821151065458
"GOBP_NEUTRAL_LIPID_METABOLIC_PROCESS",26,"Down",0.414418526388292,0.986821151065458
"GOBP_CELLULAR_RESPIRATION",68,"Down",0.414435242348979,0.986821151065458
"GOBP_REGULATION_OF_PATTERN_RECOGNITION_RECEPTOR_SIGNALING_PATHWAY",23,"Up",0.414452844162775,0.986821151065458
"GOBP_ALCOHOL_CATABOLIC_PROCESS",19,"Down",0.414506864145574,0.986821151065458
"GOBP_RESPONSE_TO_TOPOLOGICALLY_INCORRECT_PROTEIN",47,"Up",0.414536218839543,0.986821151065458
"GOBP_OUTER_DYNEIN_ARM_ASSEMBLY",1,"Up",0.414577178801682,0.986821151065458
"GOBP_RESPONSE_TO_RADIATION",96,"Down",0.41480977410592,0.986821151065458
"GOBP_CARDIAC_NEURAL_CREST_CELL_DIFFERENTIATION_INVOLVED_IN_HEART_DEVELOPMENT",2,"Up",0.414997467537998,0.986821151065458
"GOBP_MACROPHAGE_PROLIFERATION",2,"Up",0.414997467537998,0.986821151065458
"GOBP_POSITIVE_REGULATION_OF_MACROPHAGE_CHEMOTAXIS",2,"Up",0.414997467537998,0.986821151065458
"GOBP_POSITIVE_REGULATION_OF_MACROPHAGE_MIGRATION",2,"Up",0.414997467537998,0.986821151065458
"GOBP_REGULATION_OF_MACROPHAGE_PROLIFERATION",2,"Up",0.414997467537998,0.986821151065458
"GOBP_BROWN_FAT_CELL_DIFFERENTIATION",5,"Down",0.415140010323484,0.986821151065458
"GOBP_POSITIVE_REGULATION_OF_CELL_SIZE",3,"Up",0.415179274357688,0.986821151065458
"GOBP_REGULATION_OF_LYMPHOCYTE_ACTIVATION",49,"Down",0.415222684322037,0.986821151065458
"GOBP_POSITIVE_REGULATION_OF_VASCULAR_ENDOTHELIAL_CELL_PROLIFERATION",3,"Down",0.415813493981689,0.986821151065458
"GOBP_VASCULAR_ENDOTHELIAL_CELL_PROLIFERATION",3,"Down",0.415813493981689,0.986821151065458
"GOBP_SMOOTH_MUSCLE_CELL_MIGRATION",13,"Up",0.415845864122759,0.986821151065458
"GOBP_POSITIVE_REGULATION_OF_MUSCLE_ADAPTATION",2,"Up",0.415904170962828,0.986821151065458
"GOBP_REGULATION_OF_CYTOPLASMIC_TRANSLATIONAL_INITIATION",4,"Up",0.415923520275514,0.986821151065458
"GOBP_REGULATION_OF_MITOTIC_CENTROSOME_SEPARATION",4,"Up",0.415954019307029,0.986821151065458
"GOBP_BIOLOGICAL_PROCESS_INVOLVED_IN_INTERSPECIES_INTERACTION_BETWEEN_ORGANISMS",277,"Up",0.416362412329602,0.986821151065458
"GOBP_AMINO_ACID_TRANSPORT",31,"Down",0.416400479195726,0.986821151065458
"GOBP_MRNA_3_END_PROCESSING_BY_STEM_LOOP_BINDING_AND_CLEAVAGE",3,"Down",0.41646522475986,0.986821151065458
"GOBP_ODONTOGENESIS_OF_DENTIN_CONTAINING_TOOTH",8,"Down",0.416597546974445,0.986821151065458
"GOBP_RESPONSE_TO_AMYLOID_BETA",13,"Down",0.417463670812766,0.986821151065458
"GOBP_NEGATIVE_REGULATION_OF_PROTEIN_METABOLIC_PROCESS",308,"Up",0.417640337698369,0.986821151065458
"GOBP_CELLULAR_RESPONSE_TO_FATTY_ACID",5,"Up",0.417830129885792,0.986821151065458
"GOBP_CENTRAL_NERVOUS_SYSTEM_NEURON_AXONOGENESIS",9,"Up",0.417847917210851,0.986821151065458
"GOBP_OSTEOCLAST_DEVELOPMENT",2,"Up",0.417942542927034,0.986821151065458
"GOBP_CORONARY_VASCULATURE_DEVELOPMENT",6,"Down",0.418448181152687,0.986821151065458
"GOBP_ANAPHASE_PROMOTING_COMPLEX_DEPENDENT_CATABOLIC_PROCESS",3,"Up",0.418805886670894,0.986821151065458
"GOBP_POSITIVE_REGULATION_OF_CHROMOSOME_SEPARATION",3,"Up",0.418805886670894,0.986821151065458
"GOBP_POSITIVE_REGULATION_OF_METAPHASE_ANAPHASE_TRANSITION_OF_CELL_CYCLE",3,"Up",0.418805886670894,0.986821151065458
"GOBP_REGULATION_OF_ENDOPLASMIC_RETICULUM_STRESS_INDUCED_INTRINSIC_APOPTOTIC_SIGNALING_PATHWAY",6,"Up",0.418953435413141,0.986821151065458
"GOBP_GLUTAMATE_HOMEOSTASIS",1,"Down",0.419019589578788,0.986821151065458
"GOBP_N_TERMINAL_PROTEIN_LIPIDATION",4,"Up",0.419190197773395,0.986821151065458
"GOBP_NEGATIVE_REGULATION_OF_ESTABLISHMENT_OF_PROTEIN_LOCALIZATION",35,"Up",0.419228723668475,0.986821151065458
"GOBP_POSITIVE_REGULATION_OF_TRANSCRIPTION_BY_RNA_POLYMERASE_II",204,"Down",0.419283966067441,0.986821151065458
"GOBP_NEGATIVE_REGULATION_OF_NECROTIC_CELL_DEATH",5,"Down",0.41933466750358,0.986821151065458
"GOBP_MONOCARBOXYLIC_ACID_BIOSYNTHETIC_PROCESS",42,"Down",0.419373547410328,0.986821151065458
"GOBP_INDOLE_CONTAINING_COMPOUND_BIOSYNTHETIC_PROCESS",1,"Up",0.419775120754665,0.986821151065458
"GOBP_PRIMARY_AMINO_COMPOUND_BIOSYNTHETIC_PROCESS",1,"Up",0.419775120754665,0.986821151065458
"GOBP_POSITIVE_REGULATION_OF_CHROMOSOME_ORGANIZATION",38,"Up",0.419821902926575,0.986821151065458
"GOBP_DEOXYRIBONUCLEOSIDE_TRIPHOSPHATE_METABOLIC_PROCESS",5,"Down",0.420038726271351,0.986821151065458
"GOBP_GLANDULAR_EPITHELIAL_CELL_DIFFERENTIATION",7,"Up",0.420298586553134,0.986821151065458
"GOBP_VENTRICULAR_SYSTEM_DEVELOPMENT",13,"Down",0.420835400308928,0.986821151065458
"GOBP_PURINE_CONTAINING_COMPOUND_CATABOLIC_PROCESS",15,"Down",0.420976011769262,0.986821151065458
"GOBP_PURINE_NUCLEOTIDE_CATABOLIC_PROCESS",15,"Down",0.420976011769262,0.986821151065458
"GOBP_PROTEIN_K29_LINKED_DEUBIQUITINATION",1,"Up",0.421018799196246,0.986821151065458
"GOBP_REGULATION_OF_CELLULAR_MACROMOLECULE_BIOSYNTHETIC_PROCESS",266,"Up",0.421117543171327,0.986821151065458
"GOBP_ION_TRANSPORT",287,"Down",0.421194015576135,0.986821151065458
"GOBP_POSITIVE_REGULATION_OF_EARLY_ENDOSOME_TO_LATE_ENDOSOME_TRANSPORT",5,"Up",0.421339037584666,0.986821151065458
"GOBP_ACTIVATED_T_CELL_PROLIFERATION",7,"Down",0.421533878660442,0.986821151065458
"GOBP_FAT_CELL_PROLIFERATION",3,"Down",0.421612064995664,0.986821151065458
"GOBP_AV_NODE_CELL_TO_BUNDLE_OF_HIS_CELL_SIGNALING",3,"Up",0.421654339193898,0.986821151065458
"GOBP_SMALL_MOLECULE_METABOLIC_PROCESS",367,"Down",0.421745852199114,0.986821151065458
"GOBP_CELLULAR_ALDEHYDE_METABOLIC_PROCESS",11,"Up",0.421941118668061,0.986821151065458
"GOBP_FC_RECEPTOR_MEDIATED_STIMULATORY_SIGNALING_PATHWAY",7,"Up",0.421959262524918,0.986821151065458
"GOBP_REGULATION_OF_DEACETYLASE_ACTIVITY",2,"Up",0.422019259053546,0.986821151065458
"GOBP_REGULATION_OF_HISTONE_DEACETYLASE_ACTIVITY",2,"Up",0.422019259053546,0.986821151065458
"GOBP_UNSATURATED_FATTY_ACID_METABOLIC_PROCESS",17,"Down",0.4221361112463,0.986821151065458
"GOBP_LEYDIG_CELL_DIFFERENTIATION",5,"Up",0.422243885742534,0.986821151065458
"GOBP_HIPPO_SIGNALING",8,"Up",0.422403663480972,0.986821151065458
"GOBP_SNRNA_TRANSCRIPTION",7,"Down",0.422727017942826,0.986821151065458
"GOBP_REGULATION_OF_CALCIUM_ION_IMPORT",7,"Down",0.42279631538394,0.986821151065458
"GOBP_TELOMERE_MAINTENANCE",56,"Up",0.422889387888849,0.986821151065458
"GOBP_B_CELL_RECEPTOR_SIGNALING_PATHWAY",7,"Down",0.422905481493537,0.986821151065458
"GOBP_POSITIVE_REGULATION_OF_LEUKOCYTE_APOPTOTIC_PROCESS",3,"Up",0.422953125678726,0.986821151065458
"GOBP_HISTONE_MRNA_METABOLIC_PROCESS",11,"Up",0.422981109140241,0.986821151065458
"GOBP_MEMBRANE_REPOLARIZATION_DURING_VENTRICULAR_CARDIAC_MUSCLE_CELL_ACTION_POTENTIAL",1,"Down",0.423150454752931,0.986821151065458
"GOBP_REGULATION_OF_ANION_CHANNEL_ACTIVITY",1,"Up",0.423243511336132,0.986821151065458
"GOBP_DOPAMINE_SECRETION",12,"Down",0.423246877708816,0.986821151065458
"GOBP_PHOSPHATIDYLETHANOLAMINE_ACYL_CHAIN_REMODELING",1,"Up",0.423315520304945,0.986821151065458
"GOBP_REGULATION_OF_INTRINSIC_APOPTOTIC_SIGNALING_PATHWAY_IN_RESPONSE_TO_DNA_DAMAGE",10,"Up",0.423439361929542,0.986821151065458
"GOBP_UROGENITAL_SYSTEM_DEVELOPMENT",46,"Down",0.42370182644681,0.986821151065458
"GOBP_EXCITATORY_CHEMICAL_SYNAPTIC_TRANSMISSION",1,"Down",0.423796238773254,0.986821151065458
"GOBP_MITOCHONDRIAL_DEPOLARIZATION",4,"Up",0.423803670819328,0.986821151065458
"GOBP_NEUROTRANSMITTER_RECEPTOR_TRANSPORT_TO_PLASMA_MEMBRANE",8,"Down",0.423845400681882,0.986821151065458
"GOBP_POSITIVE_REGULATION_OF_PROTEIN_ACETYLATION",12,"Up",0.424202180457375,0.986821151065458
"GOBP_POSITIVE_REGULATION_OF_NEUROTRANSMITTER_SECRETION",7,"Down",0.424243894892464,0.986821151065458
"GOBP_COGNITION",75,"Up",0.424251297589528,0.986821151065458
"GOBP_POSITIVE_REGULATION_OF_VESICLE_FUSION",6,"Down",0.424647163616829,0.986821151065458
"GOBP_RESPONSE_TO_VITAMIN_E",2,"Up",0.424717533558359,0.986821151065458
"GOBP_REGULATION_OF_HIGH_VOLTAGE_GATED_CALCIUM_CHANNEL_ACTIVITY",3,"Down",0.424748730816434,0.986821151065458
"GOBP_INTRACELLULAR_PROTEIN_TRANSPORT",344,"Up",0.424886594826223,0.986821151065458
"GOBP_SMOOTH_MUSCLE_CELL_PROLIFERATION",22,"Down",0.424940766716275,0.986821151065458
"GOBP_LOCOMOTION",330,"Up",0.425006856500855,0.986821151065458
"GOBP_RESPONSE_TO_FATTY_ACID",8,"Up",0.425038254100592,0.986821151065458
"GOBP_POSITIVE_REGULATION_OF_FATTY_ACID_BETA_OXIDATION",4,"Up",0.425243528186296,0.986821151065458
"GOBP_POSITIVE_REGULATION_OF_FATTY_ACID_OXIDATION",4,"Up",0.425243528186296,0.986821151065458
"GOBP_ESTABLISHMENT_OF_PLANAR_POLARITY_INVOLVED_IN_NEURAL_TUBE_CLOSURE",2,"Up",0.425263384109493,0.986821151065458
"GOBP_PLANAR_CELL_POLARITY_PATHWAY_INVOLVED_IN_NEURAL_TUBE_CLOSURE",2,"Up",0.425263384109493,0.986821151065458
"GOBP_EMBRYONIC_CRANIAL_SKELETON_MORPHOGENESIS",7,"Down",0.425335512748191,0.986821151065458
"GOBP_GERM_CELL_PROLIFERATION",1,"Up",0.42546649821274,0.986821151065458
"GOBP_ESTABLISHMENT_OF_PIGMENT_GRANULE_LOCALIZATION",6,"Down",0.425501710711481,0.986821151065458
"GOBP_NEGATIVE_REGULATION_OF_PEPTIDYL_SERINE_PHOSPHORYLATION",8,"Up",0.425973116655567,0.986821151065458
"GOBP_POSITIVE_REGULATION_OF_EXCITATORY_POSTSYNAPTIC_POTENTIAL",6,"Down",0.426535107537554,0.986821151065458
"GOBP_MAMMARY_GLAND_EPITHELIAL_CELL_DIFFERENTIATION",3,"Down",0.426556666087895,0.986821151065458
"GOBP_NEGATIVE_REGULATION_OF_EPITHELIAL_CELL_APOPTOTIC_PROCESS",6,"Down",0.426745084301009,0.986821151065458
"GOBP_NUCLEOSIDE_MONOPHOSPHATE_BIOSYNTHETIC_PROCESS",17,"Up",0.426814074426115,0.986821151065458
"GOBP_RIBONUCLEOSIDE_MONOPHOSPHATE_BIOSYNTHETIC_PROCESS",17,"Up",0.426814074426115,0.986821151065458
"GOBP_INNER_MITOCHONDRIAL_MEMBRANE_ORGANIZATION",10,"Down",0.427067440028148,0.986821151065458
"GOBP_REGULATION_OF_SYNAPSE_MATURATION",3,"Up",0.427079644699162,0.986821151065458
"GOBP_TRANSITION_BETWEEN_FAST_AND_SLOW_FIBER",2,"Up",0.427177807266664,0.986821151065458
"GOBP_ADENYLATE_CYCLASE_ACTIVATING_G_PROTEIN_COUPLED_RECEPTOR_SIGNALING_PATHWAY",16,"Down",0.427350954167149,0.986821151065458
"GOBP_LEUKOCYTE_APOPTOTIC_PROCESS",17,"Down",0.427371858407024,0.986821151065458
"GOBP_REGULATION_OF_LAMELLIPODIUM_ASSEMBLY",17,"Up",0.427419339329795,0.986821151065458
"GOBP_CELLULAR_RESPONSE_TO_CHEMICAL_STRESS",88,"Up",0.427456975939237,0.986821151065458
"GOBP_MEMBRANE_REPOLARIZATION_DURING_ACTION_POTENTIAL",5,"Down",0.427563233016022,0.986821151065458
"GOBP_PROTEIN_LOCALIZATION_TO_NUCLEUS",117,"Up",0.428047948444142,0.986821151065458
"GOBP_REGULATION_OF_PROTEIN_TARGETING",26,"Up",0.428285521851962,0.986821151065458
"GOBP_MAPK_CASCADE",135,"Down",0.428376029369675,0.986821151065458
"GOBP_BILE_ACID_SECRETION",1,"Up",0.428568680152,0.986821151065458
"GOBP_BILE_ACID_SIGNALING_PATHWAY",1,"Up",0.428568680152,0.986821151065458
"GOBP_GLYCOSYLCERAMIDE_BIOSYNTHETIC_PROCESS",1,"Up",0.428568680152,0.986821151065458
"GOBP_NEGATIVE_REGULATION_OF_CERAMIDE_BIOSYNTHETIC_PROCESS",1,"Up",0.428568680152,0.986821151065458
"GOBP_NEGATIVE_REGULATION_OF_HEPATOCYTE_APOPTOTIC_PROCESS",1,"Up",0.428568680152,0.986821151065458
"GOBP_NEGATIVE_REGULATION_OF_SPHINGOLIPID_BIOSYNTHETIC_PROCESS",1,"Up",0.428568680152,0.986821151065458
"GOBP_REGULATION_OF_BILE_ACID_SECRETION",1,"Up",0.428568680152,0.986821151065458
"GOBP_REGULATION_OF_HEPATOCYTE_APOPTOTIC_PROCESS",1,"Up",0.428568680152,0.986821151065458
"GOBP_INNER_EAR_MORPHOGENESIS",8,"Down",0.428686409066915,0.986821151065458
"GOBP_RIBONUCLEOSIDE_TRIPHOSPHATE_BIOSYNTHETIC_PROCESS",19,"Up",0.428819734140594,0.986821151065458
"GOBP_MALE_SEX_DIFFERENTIATION",25,"Down",0.428903617793218,0.986821151065458
"GOBP_CENTRAL_NERVOUS_SYSTEM_MYELIN_MAINTENANCE",1,"Down",0.428919853063093,0.986821151065458
"GOBP_DENTATE_GYRUS_DEVELOPMENT",1,"Down",0.428919853063093,0.986821151065458
"GOBP_NEGATIVE_REGULATION_OF_CARDIAC_MUSCLE_CELL_PROLIFERATION",1,"Down",0.428919853063093,0.986821151065458
"GOBP_POSITIVE_REGULATION_OF_EXTRINSIC_APOPTOTIC_SIGNALING_PATHWAY_VIA_DEATH_DOMAIN_RECEPTORS",1,"Down",0.428919853063093,0.986821151065458
"GOBP_PRESYNAPTIC_MEMBRANE_ORGANIZATION",1,"Down",0.428919853063093,0.986821151065458
"GOBP_REGULATION_OF_CARDIAC_MUSCLE_CELL_PROLIFERATION",1,"Down",0.428919853063093,0.986821151065458
"GOBP_SYNAPTIC_VESICLE_MEMBRANE_ORGANIZATION",13,"Up",0.428921242154069,0.986821151065458
"GOBP_ESTABLISHMENT_OF_LYMPHOCYTE_POLARITY",3,"Down",0.428964833517498,0.986821151065458
"GOBP_NEGATIVE_REGULATION_OF_SMALL_MOLECULE_METABOLIC_PROCESS",16,"Up",0.428994928390502,0.986821151065458
"GOBP_NEGATIVE_REGULATION_OF_CARDIAC_MUSCLE_CONTRACTION",1,"Up",0.429217599037704,0.98689552211752
"GOBP_NEGATIVE_REGULATION_OF_INCLUSION_BODY_ASSEMBLY",4,"Down",0.429322427671581,0.98689552211752
"GOBP_ACTIVATION_OF_PHOSPHOLIPASE_D_ACTIVITY",1,"Up",0.429543320973654,0.9870639819075
"GOBP_PLATELET_DERIVED_GROWTH_FACTOR_RECEPTOR_ALPHA_SIGNALING_PATHWAY",3,"Down",0.429875946703584,0.987069406545821
"GOBP_POSITIVE_REGULATION_OF_RUFFLE_ASSEMBLY",5,"Up",0.429981645927927,0.987069406545821
"GOBP_POSITIVE_REGULATION_OF_GLIOGENESIS",11,"Up",0.429988512227901,0.987069406545821
"GOBP_POSITIVE_REGULATION_OF_UNSATURATED_FATTY_ACID_BIOSYNTHETIC_PROCESS",1,"Up",0.430778373980386,0.987744686236999
"GOBP_KERATINOCYTE_PROLIFERATION",5,"Down",0.430868736961741,0.987744686236999
"GOBP_REGULATION_OF_KERATINOCYTE_PROLIFERATION",5,"Down",0.430868736961741,0.987744686236999
"GOBP_TYPE_2_IMMUNE_RESPONSE",2,"Up",0.430918101710877,0.987744686236999
"GOBP_CARDIAC_VENTRICLE_MORPHOGENESIS",5,"Up",0.431180732384129,0.987744686236999
"GOBP_POSITIVE_REGULATION_OF_METALLOPEPTIDASE_ACTIVITY",2,"Up",0.431437903481159,0.987744686236999
"GOBP_EMBRYONIC_PLACENTA_MORPHOGENESIS",3,"Up",0.431780382186047,0.987744686236999
"GOBP_REGULATION_OF_MITOCHONDRIAL_OUTER_MEMBRANE_PERMEABILIZATION_INVOLVED_IN_APOPTOTIC_SIGNALING_PATHWAY",6,"Up",0.431831509565729,0.987744686236999
"GOBP_ENDOCRINE_HORMONE_SECRETION",4,"Up",0.432386024325953,0.987744686236999
"GOBP_DEFENSE_RESPONSE_TO_FUNGUS",3,"Down",0.432883956082555,0.987744686236999
"GOBP_POSITIVE_REGULATION_OF_ACTIN_FILAMENT_DEPOLYMERIZATION",7,"Up",0.432891117547919,0.987744686236999
"GOBP_NEGATIVE_REGULATION_OF_TRANSLATIONAL_ELONGATION",3,"Down",0.432973339829597,0.987744686236999
"GOBP_REGULATION_OF_MITOTIC_SISTER_CHROMATID_SEGREGATION",9,"Up",0.433172124782859,0.987744686236999
"GOBP_CENTRAL_NERVOUS_SYSTEM_NEURON_DIFFERENTIATION",35,"Up",0.433287205638718,0.987744686236999
"GOBP_REGULATION_OF_KETONE_BIOSYNTHETIC_PROCESS",2,"Down",0.433297736368376,0.987744686236999
"GOBP_TRANSCYTOSIS",6,"Down",0.43335979198903,0.987744686236999
"GOBP_REGULATION_OF_METALLOENDOPEPTIDASE_ACTIVITY",2,"Up",0.433388623873922,0.987744686236999
"GOBP_NOSE_DEVELOPMENT",3,"Down",0.433754907498656,0.987744686236999
"GOBP_PML_BODY_ORGANIZATION",4,"Up",0.433892374229071,0.987744686236999
"GOBP_GOLGI_VESICLE_BUDDING",5,"Up",0.433948611774674,0.987744686236999
"GOBP_CRANIOFACIAL_SUTURE_MORPHOGENESIS",1,"Down",0.434172976783987,0.987744686236999
"GOBP_HEAT_GENERATION",2,"Down",0.434285655800291,0.987744686236999
"GOBP_REGULATION_OF_T_CELL_CHEMOTAXIS",3,"Up",0.434632429508759,0.987744686236999
"GOBP_R_LOOP_DISASSEMBLY",2,"Down",0.434957834977604,0.987744686236999
"GOBP_DETECTION_OF_LIGHT_STIMULUS",5,"Up",0.435062892891052,0.987744686236999
"GOBP_GRANULOCYTE_MIGRATION",15,"Down",0.435492370425142,0.987744686236999
"GOBP_POSITIVE_REGULATION_OF_CALCIUM_MEDIATED_SIGNALING",4,"Up",0.435531118436111,0.987744686236999
"GOBP_REGULATION_OF_TRANSCRIPTION_ELONGATION_FROM_RNA_POLYMERASE_II_PROMOTER",15,"Down",0.43567288957066,0.987744686236999
"GOBP_RESPONSE_TO_OXYGEN_GLUCOSE_DEPRIVATION",4,"Up",0.43573222487519,0.987744686236999
"GOBP_POSITIVE_REGULATION_OF_CILIUM_MOVEMENT",1,"Down",0.435797907358009,0.987744686236999
"GOBP_REGULATION_OF_FLAGELLATED_SPERM_MOTILITY",1,"Down",0.435797907358009,0.987744686236999
"GOBP_SEMINIFEROUS_TUBULE_DEVELOPMENT",5,"Down",0.436063297773862,0.987744686236999
"GOBP_CELLULAR_RESPONSE_TO_WATER_STIMULUS",2,"Up",0.436114404694161,0.987744686236999
"GOBP_ORGANIC_HYDROXY_COMPOUND_METABOLIC_PROCESS",104,"Down",0.436182473338857,0.987744686236999
"GOBP_NEGATIVE_REGULATION_OF_BONE_REMODELING",3,"Up",0.436250854536178,0.987744686236999
"GOBP_POSITIVE_REGULATION_OF_WOUND_HEALING",7,"Up",0.436266254930468,0.987744686236999
"GOBP_NEGATIVE_REGULATION_OF_CELL_CYCLE_PHASE_TRANSITION",52,"Down",0.436568165003525,0.987744686236999
"GOBP_CELLULAR_MACROMOLECULE_BIOSYNTHETIC_PROCESS",438,"Up",0.437693369036308,0.987744686236999
"GOBP_HISTONE_DEACETYLATION",29,"Up",0.437755619478581,0.987744686236999
"GOBP_POTASSIUM_ION_EXPORT_ACROSS_PLASMA_MEMBRANE",4,"Down",0.437830324972026,0.987744686236999
"GOBP_MACROPHAGE_ACTIVATION_INVOLVED_IN_IMMUNE_RESPONSE",2,"Up",0.43808573335868,0.987744686236999
"GOBP_CELLULAR_RESPONSE_TO_TOPOLOGICALLY_INCORRECT_PROTEIN",35,"Up",0.43840418205058,0.987744686236999
"GOBP_NEGATIVE_REGULATION_OF_MRNA_SPLICING_VIA_SPLICEOSOME",10,"Up",0.438404917511447,0.987744686236999
"GOBP_REGULATION_OF_CYTOPLASMIC_MRNA_PROCESSING_BODY_ASSEMBLY",4,"Down",0.438647155205226,0.987744686236999
"GOBP_NEGATIVE_REGULATION_OF_DNA_REPAIR",6,"Up",0.438842217948298,0.987744686236999
"GOBP_MITOTIC_RECOMBINATION",3,"Down",0.438846349720284,0.987744686236999
"GOBP_BERGMANN_GLIAL_CELL_DIFFERENTIATION",4,"Up",0.438899476094835,0.987744686236999
"GOBP_POSITIVE_REGULATION_OF_MITOTIC_CELL_CYCLE_SPINDLE_ASSEMBLY_CHECKPOINT",3,"Up",0.439800796481163,0.987744686236999
"GOBP_REGULATION_OF_NUCLEAR_TRANSCRIBED_MRNA_CATABOLIC_PROCESS_NONSENSE_MEDIATED_DECAY",4,"Up",0.439985904346163,0.987744686236999
"GOBP_ORGANELLE_MEMBRANE_FUSION",55,"Up",0.440186868727499,0.987744686236999
"GOBP_CATECHOL_CONTAINING_COMPOUND_CATABOLIC_PROCESS",2,"Up",0.44019557250122,0.987744686236999
"GOBP_PHENOL_CONTAINING_COMPOUND_CATABOLIC_PROCESS",2,"Up",0.44019557250122,0.987744686236999
"GOBP_ESTROGEN_METABOLIC_PROCESS",3,"Down",0.44044738111097,0.987744686236999
"GOBP_REGULATION_OF_PHOSPHOLIPID_CATABOLIC_PROCESS",2,"Up",0.440452238741338,0.987744686236999
"GOBP_ALPHA_BETA_T_CELL_ACTIVATION",15,"Down",0.440658905304868,0.987744686236999
"GOBP_MINUS_END_DIRECTED_ORGANELLE_TRANSPORT_ALONG_MICROTUBULE",3,"Up",0.440715872379129,0.987744686236999
"GOBP_AMINOGLYCAN_METABOLIC_PROCESS",6,"Down",0.441093465336182,0.987744686236999
"GOBP_POSITIVE_REGULATION_OF_CENTRIOLE_ELONGATION",1,"Up",0.441231847049772,0.987744686236999
"GOBP_RESPONSE_TO_VIRUS",90,"Up",0.44143772875716,0.987744686236999
"GOBP_BRANCH_ELONGATION_INVOLVED_IN_URETERIC_BUD_BRANCHING",1,"Down",0.441541322394828,0.987744686236999
"GOBP_MESONEPHRIC_TUBULE_FORMATION",1,"Down",0.441541322394828,0.987744686236999
"GOBP_NEGATIVE_REGULATION_OF_SKELETAL_MUSCLE_CELL_DIFFERENTIATION",1,"Down",0.441541322394828,0.987744686236999
"GOBP_REGULATION_OF_MESONEPHROS_DEVELOPMENT",1,"Down",0.441541322394828,0.987744686236999
"GOBP_REGULATION_OF_SYNAPTIC_ASSEMBLY_AT_NEUROMUSCULAR_JUNCTION",1,"Down",0.441541322394828,0.987744686236999
"GOBP_SKELETAL_MUSCLE_FIBER_DIFFERENTIATION",1,"Down",0.441541322394828,0.987744686236999
"GOBP_SKELETAL_MUSCLE_SATELLITE_CELL_DIFFERENTIATION",1,"Down",0.441541322394828,0.987744686236999
"GOBP_SYNAPTIC_ASSEMBLY_AT_NEUROMUSCULAR_JUNCTION",1,"Down",0.441541322394828,0.987744686236999
"GOBP_TRIGEMINAL_GANGLION_DEVELOPMENT",1,"Down",0.441541322394828,0.987744686236999
"GOBP_URETERIC_BUD_FORMATION",1,"Down",0.441541322394828,0.987744686236999
"GOBP_REGULATION_OF_CARDIAC_MUSCLE_CONTRACTION",15,"Up",0.441610476326909,0.987744686236999
"GOBP_ALCOHOL_METABOLIC_PROCESS",76,"Down",0.441687003002913,0.987744686236999
"GOBP_REGULATION_OF_EXOCYTOSIS",72,"Up",0.441805556085107,0.987744686236999
"GOBP_SCHWANN_CELL_DEVELOPMENT",12,"Up",0.441914843189895,0.987744686236999
"GOBP_SCHWANN_CELL_DIFFERENTIATION",12,"Up",0.441914843189895,0.987744686236999
"GOBP_REGULATION_OF_PROTEIN_TARGETING_TO_MEMBRANE",12,"Up",0.44212841790112,0.987744686236999
"GOBP_G_PROTEIN_COUPLED_RECEPTOR_SIGNALING_PATHWAY",96,"Down",0.442195569630357,0.987744686236999
"GOBP_VIRAL_GENOME_REPLICATION",49,"Up",0.442520812627674,0.987744686236999
"GOBP_RESPONSE_TO_ISCHEMIA",15,"Down",0.442585728822859,0.987744686236999
"GOBP_RESPONSE_TO_ANGIOTENSIN",5,"Down",0.442641284584528,0.987744686236999
"GOBP_POSITIVE_REGULATION_OF_T_CELL_CYTOKINE_PRODUCTION",2,"Up",0.442764916499235,0.987744686236999
"GOBP_T_CELL_CYTOKINE_PRODUCTION",2,"Up",0.442764916499235,0.987744686236999
"GOBP_LEFT_RIGHT_AXIS_SPECIFICATION",2,"Down",0.44284208322468,0.987744686236999
"GOBP_REGULATION_OF_ALPHA_BETA_T_CELL_DIFFERENTIATION",5,"Down",0.443431538909057,0.987744686236999
"GOBP_PROTEIN_IMPORT_INTO_PEROXISOME_MATRIX",6,"Up",0.443497031418018,0.987744686236999
"GOBP_NEGATIVE_REGULATION_OF_CELLULAR_RESPONSE_TO_HYPOXIA",1,"Up",0.44363219582341,0.987744686236999
"GOBP_NEGATIVE_REGULATION_OF_HYPOXIA_INDUCED_INTRINSIC_APOPTOTIC_SIGNALING_PATHWAY",1,"Up",0.44363219582341,0.987744686236999
"GOBP_ION_TRANSMEMBRANE_TRANSPORT",208,"Down",0.443825624650103,0.987744686236999
"GOBP_SCF_DEPENDENT_PROTEASOMAL_UBIQUITIN_DEPENDENT_PROTEIN_CATABOLIC_PROCESS",11,"Down",0.443829451602305,0.987744686236999
"GOBP_SYNAPTIC_VESICLE_CLUSTERING",9,"Down",0.444612826256183,0.987744686236999
"GOBP_NEGATIVE_REGULATION_OF_NITRIC_OXIDE_SYNTHASE_ACTIVITY",2,"Up",0.444755203090872,0.987744686236999
"GOBP_NEGATIVE_REGULATION_OF_MOLECULAR_FUNCTION",275,"Up",0.444879217473041,0.987744686236999
"GOBP_NEGATIVE_REGULATION_OF_SMOOTH_MUSCLE_CELL_APOPTOTIC_PROCESS",1,"Up",0.44494218814538,0.987744686236999
"GOBP_MONOSACCHARIDE_METABOLIC_PROCESS",55,"Down",0.444965376220026,0.987744686236999
"GOBP_NEGATIVE_REGULATION_OF_CELL_SUBSTRATE_ADHESION",14,"Up",0.444983284236914,0.987744686236999
"GOBP_POSITIVE_REGULATION_OF_VITAMIN_D_RECEPTOR_SIGNALING_PATHWAY",1,"Up",0.446081095834673,0.987744686236999
"GOBP_NEGATIVE_REGULATION_OF_DOUBLE_STRAND_BREAK_REPAIR_VIA_HOMOLOGOUS_RECOMBINATION",1,"Down",0.446331943467625,0.987744686236999
"GOBP_CHROMOSOME_MOVEMENT_TOWARDS_SPINDLE_POLE",4,"Down",0.446976657020265,0.987744686236999
"GOBP_G_PROTEIN_COUPLED_RECEPTOR_INTERNALIZATION",2,"Down",0.447057800062235,0.987744686236999
"GOBP_NON_CANONICAL_WNT_SIGNALING_PATHWAY_VIA_MAPK_CASCADE",1,"Up",0.447421843613535,0.987744686236999
"GOBP_MEMORY",28,"Up",0.447748188693959,0.987744686236999
"GOBP_REGULATION_OF_XENOPHAGY",4,"Up",0.447756836717639,0.987744686236999
"GOBP_ERROR_FREE_TRANSLESION_SYNTHESIS",1,"Down",0.447988841769114,0.987744686236999
"GOBP_DETECTION_OF_TEMPERATURE_STIMULUS",6,"Up",0.448052571084701,0.987744686236999
"GOBP_NEGATIVE_REGULATION_OF_FATTY_ACID_BIOSYNTHETIC_PROCESS",3,"Up",0.448076822250876,0.987744686236999
"GOBP_T_HELPER_1_CELL_DIFFERENTIATION",4,"Down",0.448094771977712,0.987744686236999
"GOBP_T_HELPER_1_TYPE_IMMUNE_RESPONSE",4,"Down",0.448094771977712,0.987744686236999
"GOBP_MITOCHONDRIAL_RNA_PROCESSING",6,"Down",0.448311451195017,0.987744686236999
"GOBP_RETINAL_CELL_APOPTOTIC_PROCESS",1,"Down",0.448418539718021,0.987744686236999
"GOBP_RETINAL_GANGLION_CELL_AXON_GUIDANCE",4,"Up",0.448719168005498,0.987744686236999
"GOBP_IMMUNE_RESPONSE_TO_TUMOR_CELL",3,"Down",0.448778896913086,0.987744686236999
"GOBP_REGULATION_OF_RESPONSE_TO_TUMOR_CELL",3,"Down",0.448778896913086,0.987744686236999
"GOBP_POSITIVE_REGULATION_OF_DEVELOPMENTAL_GROWTH",43,"Up",0.448890143056648,0.987744686236999
"GOBP_NEGATIVE_REGULATION_OF_PROTEASOMAL_PROTEIN_CATABOLIC_PROCESS",24,"Up",0.448955591239794,0.987744686236999
"GOBP_NEGATIVE_REGULATION_OF_INTERLEUKIN_12_PRODUCTION",3,"Down",0.448964275557549,0.987744686236999
"GOBP_REGULATION_OF_CHROMATIN_ASSEMBLY_OR_DISASSEMBLY",12,"Down",0.449433160310814,0.987744686236999
"GOBP_DOUBLE_STRAND_BREAK_REPAIR_VIA_CLASSICAL_NONHOMOLOGOUS_END_JOINING",2,"Down",0.449769477888037,0.987744686236999
"GOBP_CELLULAR_RESPONSE_TO_ATP",3,"Down",0.450003921089848,0.987744686236999
"GOBP_CELLULAR_RESPONSE_TO_IRON_ION",1,"Up",0.450010122573342,0.987744686236999
"GOBP_COPPER_ION_TRANSMEMBRANE_TRANSPORT",1,"Up",0.450010122573342,0.987744686236999
"GOBP_ELASTIC_FIBER_ASSEMBLY",1,"Up",0.450010122573342,0.987744686236999
"GOBP_ELASTIN_METABOLIC_PROCESS",1,"Up",0.450010122573342,0.987744686236999
"GOBP_INDOLALKYLAMINE_METABOLIC_PROCESS",1,"Up",0.450010122573342,0.987744686236999
"GOBP_NOREPINEPHRINE_METABOLIC_PROCESS",1,"Up",0.450010122573342,0.987744686236999
"GOBP_NEUROMUSCULAR_PROCESS_CONTROLLING_POSTURE",5,"Up",0.450167444174459,0.987744686236999
"GOBP_N_ACETYLNEURAMINATE_METABOLIC_PROCESS",2,"Up",0.450311764300917,0.987744686236999
"GOBP_STEM_CELL_PROLIFERATION",9,"Up",0.450343702159505,0.987744686236999
"GOBP_TROPHOBLAST_CELL_MIGRATION",1,"Up",0.450459751022336,0.987744686236999
"GOBP_NUCLEOTIDE_SUGAR_METABOLIC_PROCESS",9,"Down",0.450572127173822,0.987744686236999
"GOBP_REGULATION_OF_STEROID_HORMONE_BIOSYNTHETIC_PROCESS",3,"Down",0.450604047487732,0.987744686236999
"GOBP_FAT_CELL_DIFFERENTIATION",29,"Down",0.450665327256522,0.987744686236999
"GOBP_MITOCHONDRIAL_TRANSPORT",57,"Down",0.450703391940515,0.987744686236999
"GOBP_REGULATION_OF_NUCLEOTIDE_BIOSYNTHETIC_PROCESS",8,"Up",0.450799359537951,0.987744686236999
"GOBP_REGULATION_OF_MACROPHAGE_CHEMOTAXIS",5,"Up",0.450918157703555,0.987744686236999
"GOBP_NEGATIVE_REGULATION_OF_STRIATED_MUSCLE_CELL_DIFFERENTIATION",7,"Down",0.451183488573286,0.987744686236999
"GOBP_REELIN_MEDIATED_SIGNALING_PATHWAY",4,"Down",0.451429933254489,0.987744686236999
"GOBP_RETINAL_METABOLIC_PROCESS",1,"Up",0.45150464381773,0.987744686236999
"GOBP_SPHINGOLIPID_BIOSYNTHETIC_PROCESS",16,"Down",0.451775226467365,0.987744686236999
"GOBP_SPINDLE_ASSEMBLY",43,"Up",0.452175596560794,0.987744686236999
"GOBP_LEUKOCYTE_ADHESION_TO_ARTERIAL_ENDOTHELIAL_CELL",1,"Down",0.452299429163587,0.987744686236999
"GOBP_REGULATION_OF_LEUKOCYTE_ADHESION_TO_ARTERIAL_ENDOTHELIAL_CELL",1,"Down",0.452299429163587,0.987744686236999
"GOBP_SEBACEOUS_GLAND_DEVELOPMENT",1,"Down",0.452299429163587,0.987744686236999
"GOBP_NEGATIVE_REGULATION_OF_CREB_TRANSCRIPTION_FACTOR_ACTIVITY",1,"Down",0.452306323982475,0.987744686236999
"GOBP_BARBED_END_ACTIN_FILAMENT_CAPPING",15,"Up",0.452526554172232,0.987744686236999
"GOBP_REGULATION_OF_HEMATOPOIETIC_STEM_CELL_DIFFERENTIATION",4,"Up",0.452555664585203,0.987744686236999
"GOBP_NEGATIVE_REGULATION_OF_MITOTIC_CELL_CYCLE",43,"Down",0.452819206251325,0.987744686236999
"GOBP_HOMOCYSTEINE_METABOLIC_PROCESS",1,"Down",0.453053695080991,0.987744686236999
"GOBP_SULFUR_AMINO_ACID_CATABOLIC_PROCESS",1,"Down",0.453053695080991,0.987744686236999
"GOBP_POSITIVE_REGULATION_OF_CELL_CELL_ADHESION_MEDIATED_BY_CADHERIN",2,"Up",0.453076997888718,0.987744686236999
"GOBP_NEGATIVE_REGULATION_OF_CARBOHYDRATE_METABOLIC_PROCESS",9,"Up",0.453123506259778,0.987744686236999
"GOBP_NEGATIVE_REGULATION_OF_GLIOGENESIS",7,"Down",0.453207410585937,0.987744686236999
"GOBP_NEGATIVE_REGULATION_OF_LEUKOCYTE_DEGRANULATION",2,"Up",0.453231885461479,0.987744686236999
"GOBP_NEGATIVE_REGULATION_OF_MYELOID_LEUKOCYTE_MEDIATED_IMMUNITY",2,"Up",0.453231885461479,0.987744686236999
"GOBP_POSITIVE_REGULATION_OF_RECEPTOR_BINDING",2,"Down",0.453600121895068,0.987744686236999
"GOBP_ASPARTATE_TRANSMEMBRANE_TRANSPORT",2,"Up",0.453710144363923,0.987744686236999
"GOBP_REGULATION_OF_ADHERENS_JUNCTION_ORGANIZATION",3,"Up",0.454407673845991,0.987744686236999
"GOBP_NEGATIVE_REGULATION_OF_METALLOENDOPEPTIDASE_ACTIVITY",1,"Up",0.454657944563269,0.987744686236999
"GOBP_NEGATIVE_REGULATION_OF_METALLOPEPTIDASE_ACTIVITY",1,"Up",0.454657944563269,0.987744686236999
"GOBP_POLYAMINE_TRANSPORT",2,"Up",0.4547525466051,0.987744686236999
"GOBP_MITOCHONDRIAL_RNA_CATABOLIC_PROCESS",2,"Up",0.454857730298726,0.987744686236999
"GOBP_REGULATION_OF_MITOCHONDRIAL_RNA_CATABOLIC_PROCESS",2,"Up",0.454857730298726,0.987744686236999
"GOBP_REGULATION_OF_SPONTANEOUS_SYNAPTIC_TRANSMISSION",2,"Up",0.454865348590524,0.987744686236999
"GOBP_STEROID_HORMONE_BIOSYNTHETIC_PROCESS",4,"Down",0.454940512178778,0.987744686236999
"GOBP_REGULATION_OF_MEMBRANE_REPOLARIZATION",7,"Up",0.455155972454458,0.987744686236999
"GOBP_MICROVILLUS_ASSEMBLY",6,"Up",0.455179161342554,0.987744686236999
"GOBP_INTESTINAL_HEXOSE_ABSORPTION",1,"Up",0.455291980089832,0.987744686236999
"GOBP_REGULATION_OF_ENDOPLASMIC_RETICULUM_UNFOLDED_PROTEIN_RESPONSE",10,"Up",0.45544156959426,0.987744686236999
"GOBP_FOLATE_TRANSMEMBRANE_TRANSPORT",1,"Up",0.455635516344261,0.987744686236999
"GOBP_GUANINE_NUCLEOTIDE_TRANSPORT",1,"Up",0.455635516344261,0.987744686236999
"GOBP_TRIPEPTIDE_TRANSMEMBRANE_TRANSPORT",1,"Up",0.455635516344261,0.987744686236999
"GOBP_TRIPEPTIDE_TRANSPORT",1,"Up",0.455635516344261,0.987744686236999
"GOBP_STEM_CELL_DIFFERENTIATION",30,"Up",0.455719293168732,0.987744686236999
"GOBP_REGULATION_OF_CHROMOSOME_CONDENSATION",1,"Up",0.455726188241056,0.987744686236999
"GOBP_POSITIVE_REGULATION_OF_CELL_DEVELOPMENT",73,"Up",0.455836713283592,0.987744686236999
"GOBP_NADH_OXIDATION",1,"Down",0.456416059551697,0.987771294664699
"GOBP_REGULATION_OF_DEVELOPMENTAL_GROWTH",73,"Up",0.456423653766375,0.987771294664699
"GOBP_COLLECTING_DUCT_DEVELOPMENT",1,"Up",0.456677526657005,0.987771294664699
"GOBP_METANEPHRIC_COLLECTING_DUCT_DEVELOPMENT",1,"Up",0.456677526657005,0.987771294664699
"GOBP_REGULATION_OF_REPRODUCTIVE_PROCESS",14,"Up",0.45680677192352,0.987771294664699
"GOBP_REGULATION_OF_ANIMAL_ORGAN_MORPHOGENESIS",13,"Down",0.456876141600004,0.987771294664699
"GOBP_NEGATIVE_REGULATION_OF_PROTEIN_LOCALIZATION",60,"Up",0.457475100979726,0.987771294664699
"GOBP_CERAMIDE_TRANSPORT",6,"Down",0.45747728106611,0.987771294664699
"GOBP_SPONTANEOUS_NEUROTRANSMITTER_SECRETION",3,"Down",0.457571187585109,0.987771294664699
"GOBP_ENDOCRINE_PROCESS",5,"Up",0.457621246856694,0.987771294664699
"GOBP_P38MAPK_CASCADE",13,"Up",0.457634125474318,0.987771294664699
"GOBP_GAS_HOMEOSTASIS",4,"Up",0.457892294326785,0.987771294664699
"GOBP_SPLEEN_DEVELOPMENT",4,"Down",0.45790602943055,0.987771294664699
"GOBP_POSITIVE_REGULATION_OF_MITOCHONDRIAL_DEPOLARIZATION",2,"Up",0.457917005153367,0.987771294664699
"GOBP_CALCIUM_IMPORT_INTO_THE_MITOCHONDRION",2,"Up",0.458444272331802,0.988107996964705
"GOBP_POSITIVE_REGULATION_OF_PROTEIN_TYROSINE_KINASE_ACTIVITY",4,"Down",0.458464222038923,0.988107996964705
"GOBP_EXTRINSIC_APOPTOTIC_SIGNALING_PATHWAY",41,"Down",0.458846653005863,0.988107996964705
"GOBP_REGULATION_OF_LYMPHOCYTE_APOPTOTIC_PROCESS",6,"Down",0.458932344414864,0.988107996964705
"GOBP_CARBOXYLIC_ACID_TRANSPORT",40,"Down",0.45934406966854,0.988107996964705
"GOBP_CELLULAR_RESPONSE_TO_IONIZING_RADIATION",16,"Down",0.459629184788569,0.988107996964705
"GOBP_SATELLITE_CELL_ACTIVATION_INVOLVED_IN_SKELETAL_MUSCLE_REGENERATION",1,"Down",0.460280272816662,0.988107996964705
"GOBP_SKELETAL_MUSCLE_SATELLITE_CELL_ACTIVATION",1,"Down",0.460280272816662,0.988107996964705
"GOBP_ACTION_POTENTIAL",36,"Up",0.460589684615834,0.988107996964705
"GOBP_REGULATION_OF_PROTEIN_POLYUBIQUITINATION",8,"Up",0.460641517943137,0.988107996964705
"GOBP_ADENOSINE_METABOLIC_PROCESS",1,"Up",0.46079015071425,0.988107996964705
"GOBP_IMP_CATABOLIC_PROCESS",1,"Up",0.46079015071425,0.988107996964705
"GOBP_INTESTINAL_ABSORPTION",2,"Up",0.460791174027285,0.988107996964705
"GOBP_REGULATION_OF_PROTEIN_AUTOPHOSPHORYLATION",9,"Up",0.461188812999449,0.988107996964705
"GOBP_NEGATIVE_REGULATION_OF_HISTONE_DEACETYLATION",1,"Up",0.461351685500311,0.988107996964705
"GOBP_POSITIVE_REGULATION_OF_HISTONE_H3_K9_ACETYLATION",1,"Up",0.461351685500311,0.988107996964705
"GOBP_POSITIVE_REGULATION_OF_INTERLEUKIN_13_PRODUCTION",1,"Up",0.461351685500311,0.988107996964705
"GOBP_RESPONSE_TO_PHORBOL_13_ACETATE_12_MYRISTATE",1,"Up",0.461351685500311,0.988107996964705
"GOBP_SPHINGOSINE_BIOSYNTHETIC_PROCESS",1,"Up",0.461351685500311,0.988107996964705
"GOBP_MATERNAL_PROCESS_INVOLVED_IN_FEMALE_PREGNANCY",10,"Down",0.461435975291511,0.988107996964705
"GOBP_RESPONSE_TO_L_ASCORBIC_ACID",1,"Up",0.461472502264529,0.988107996964705
"GOBP_RESPONSE_TO_OZONE",1,"Up",0.461472502264529,0.988107996964705
"GOBP_CELL_CELL_ADHESION_INVOLVED_IN_GASTRULATION",2,"Up",0.461565964743696,0.988107996964705
"GOBP_ESTABLISHMENT_OF_PROTEIN_LOCALIZATION_TO_MEMBRANE",106,"Up",0.461975507501469,0.988107996964705
"GOBP_GENITALIA_MORPHOGENESIS",3,"Down",0.462134332201992,0.988107996964705
"GOBP_REGULATION_OF_MRNA_EXPORT_FROM_NUCLEUS",3,"Up",0.462270206722512,0.988107996964705
"GOBP_NEGATIVE_REGULATION_OF_CELL_POPULATION_PROLIFERATION",115,"Down",0.462391390504512,0.988107996964705
"GOBP_NEUROEPITHELIAL_CELL_DIFFERENTIATION",2,"Up",0.462405369150952,0.988107996964705
"GOBP_ODONTOBLAST_DIFFERENTIATION",2,"Up",0.462405369150952,0.988107996964705
"GOBP_QUINONE_METABOLIC_PROCESS",6,"Down",0.462527857783369,0.988107996964705
"GOBP_ENDONUCLEOLYTIC_CLEAVAGE_IN_ITS1_TO_SEPARATE_SSU_RRNA_FROM_5_8S_RRNA_AND_LSU_RRNA_FROM_TRICISTRONIC_RRNA_TRANSCRIPT_SSU_RRNA_5_8S_RRNA_LSU_RRNA",1,"Up",0.462897491415614,0.988107996964705
"GOBP_GLUTAMINE_METABOLIC_PROCESS",9,"Up",0.463118436166217,0.988107996964705
"GOBP_NEGATIVE_REGULATION_OF_CELL_GROWTH_INVOLVED_IN_CARDIAC_MUSCLE_CELL_DEVELOPMENT",3,"Down",0.463162702160884,0.988107996964705
"GOBP_REGULATION_OF_CELL_GROWTH_INVOLVED_IN_CARDIAC_MUSCLE_CELL_DEVELOPMENT",3,"Down",0.463162702160884,0.988107996964705
"GOBP_RESPONSE_TO_CELL_CYCLE_CHECKPOINT_SIGNALING",1,"Up",0.463427336343482,0.988107996964705
"GOBP_SUBSTRATE_DEPENDENT_CELL_MIGRATION",7,"Up",0.463565998306962,0.988107996964705
"GOBP_RESPONSE_TO_CHOLESTEROL",4,"Down",0.463871238770476,0.988107996964705
"GOBP_RESPONSE_TO_STEROL",4,"Down",0.463871238770476,0.988107996964705
"GOBP_RESPONSE_TO_LIGHT_INTENSITY",3,"Down",0.464541082880468,0.988107996964705
"GOBP_NEGATIVE_REGULATION_OF_LEUKOCYTE_CHEMOTAXIS",1,"Down",0.46465603447911,0.988107996964705
"GOBP_NEGATIVE_REGULATION_OF_MACROPHAGE_CHEMOTAXIS",1,"Down",0.46465603447911,0.988107996964705
"GOBP_ACTIN_CROSSLINK_FORMATION",6,"Up",0.464719687656049,0.988107996964705
"GOBP_HISTONE_H4_K16_ACETYLATION",3,"Down",0.464747137359991,0.988107996964705
"GOBP_SHORT_TERM_MEMORY",2,"Up",0.464764530459801,0.988107996964705
"GOBP_PROTEIN_CATABOLIC_PROCESS",312,"Up",0.465175976298999,0.988107996964705
"GOBP_NEGATIVE_REGULATION_OF_CHOLESTEROL_STORAGE",1,"Down",0.46517940072912,0.988107996964705
"GOBP_CELL_CYCLE_G2_M_PHASE_TRANSITION",33,"Up",0.465282561166219,0.988107996964705
"GOBP_PROTEIN_METHYLATION",47,"Down",0.46528798254684,0.988107996964705
"GOBP_NEURONAL_ION_CHANNEL_CLUSTERING",3,"Up",0.46531360586838,0.988107996964705
"GOBP_RESPONSE_TO_PROGESTERONE",4,"Up",0.465984767751081,0.988659591947553
"GOBP_REGULATION_OF_PROTEIN_COMPLEX_STABILITY",3,"Up",0.466218181778006,0.988659591947553
"GOBP_POSITIVE_REGULATION_OF_DNA_BINDING",13,"Up",0.466454146096328,0.988659591947553
"GOBP_HOMEOSTASIS_OF_NUMBER_OF_CELLS",46,"Up",0.466964799309046,0.988659591947553
"GOBP_POSITIVE_REGULATION_OF_PROTEIN_METABOLIC_PROCESS",371,"Down",0.466995254235397,0.988659591947553
"GOBP_NEGATIVE_REGULATION_OF_CILIUM_ASSEMBLY",5,"Up",0.467081482210246,0.988659591947553
"GOBP_NEGATIVE_REGULATION_OF_PROTEIN_IMPORT_INTO_NUCLEUS",5,"Down",0.467169922578488,0.988659591947553
"GOBP_PHOTOTRANSDUCTION",4,"Up",0.467402921855298,0.988659591947553
"GOBP_PHAGOSOME_LYSOSOME_FUSION",2,"Up",0.467526235945738,0.988659591947553
"GOBP_RECEPTOR_SIGNALING_PATHWAY_VIA_STAT",22,"Down",0.467729636150921,0.988659591947553
"GOBP_POSITIVE_REGULATION_OF_ATP_BIOSYNTHETIC_PROCESS",4,"Up",0.467897918296087,0.988659591947553
"GOBP_POSITIVE_REGULATION_OF_NUCLEOTIDE_BIOSYNTHETIC_PROCESS",4,"Up",0.467897918296087,0.988659591947553
"GOBP_POSITIVE_REGULATION_OF_DNA_DAMAGE_RESPONSE_SIGNAL_TRANSDUCTION_BY_P53_CLASS_MEDIATOR",4,"Up",0.468103417182348,0.988659591947553
"GOBP_POSITIVE_REGULATION_OF_MITOTIC_NUCLEAR_DIVISION",7,"Down",0.468556478183301,0.988659591947553
"GOBP_GLOMERULAR_EPITHELIAL_CELL_DIFFERENTIATION",3,"Up",0.468666751017546,0.988659591947553
"GOBP_GLOMERULAR_EPITHELIUM_DEVELOPMENT",3,"Up",0.468666751017546,0.988659591947553
"GOBP_REGULATION_OF_RECEPTOR_BINDING",3,"Down",0.468676639942599,0.988659591947553
"GOBP_FAT_SOLUBLE_VITAMIN_METABOLIC_PROCESS",4,"Down",0.469061942046387,0.988659591947553
"GOBP_POSITIVE_REGULATION_OF_AMYLOID_PRECURSOR_PROTEIN_CATABOLIC_PROCESS",6,"Down",0.469087800543844,0.988659591947553
"GOBP_EXTRACELLULAR_EXOSOME_ASSEMBLY",4,"Up",0.469118248672566,0.988659591947553
"GOBP_NEGATIVE_REGULATION_OF_NIK_NF_KAPPAB_SIGNALING",8,"Down",0.469136497241416,0.988659591947553
"GOBP_NEGATIVE_REGULATION_OF_GLIAL_CELL_APOPTOTIC_PROCESS",2,"Up",0.469570904591806,0.988659591947553
"GOBP_SEQUESTERING_OF_METAL_ION",4,"Down",0.470101680981097,0.988659591947553
"GOBP_SOMATIC_STEM_CELL_POPULATION_MAINTENANCE",6,"Down",0.470138708581908,0.988659591947553
"GOBP_NEGATIVE_REGULATION_OF_NERVOUS_SYSTEM_DEVELOPMENT",26,"Down",0.47015570363595,0.988659591947553
"GOBP_RESPONSE_TO_UV",45,"Down",0.470369345803751,0.988659591947553
"GOBP_CELLULAR_CARBOHYDRATE_METABOLIC_PROCESS",72,"Up",0.470801280894739,0.988659591947553
"GOBP_L_PROLINE_BIOSYNTHETIC_PROCESS",1,"Down",0.470908031804736,0.988659591947553
"GOBP_PROLINE_METABOLIC_PROCESS",1,"Down",0.470908031804736,0.988659591947553
"GOBP_REGULATION_OF_LONG_TERM_SYNAPTIC_POTENTIATION",13,"Up",0.4709918797764,0.988659591947553
"GOBP_REGULATION_OF_CD4_POSITIVE_ALPHA_BETA_T_CELL_ACTIVATION",5,"Down",0.471793395273538,0.988659591947553
"GOBP_REGULATION_OF_ENDOSOME_TO_PLASMA_MEMBRANE_PROTEIN_TRANSPORT",4,"Up",0.472098281389115,0.988659591947553
"GOBP_NEGATIVE_REGULATION_OF_TELOMERE_MAINTENANCE",14,"Up",0.472271032929533,0.988659591947553
"GOBP_GROWTH_HORMONE_SECRETION",3,"Down",0.472334752167574,0.988659591947553
"GOBP_OBSERVATIONAL_LEARNING",3,"Up",0.472456747217663,0.988659591947553
"GOBP_MUCOCILIARY_CLEARANCE",1,"Up",0.47255134549798,0.988659591947553
"GOBP_VIRAL_RNA_GENOME_REPLICATION",13,"Up",0.472570824841286,0.988659591947553
"GOBP_POSITIVE_REGULATION_OF_PROTEIN_LOCALIZATION_TO_MEMBRANE",38,"Up",0.472794220897037,0.988659591947553
"GOBP_NEGATIVE_REGULATION_OF_MULTICELLULAR_ORGANISMAL_PROCESS",138,"Down",0.473967486687122,0.988659591947553
"GOBP_REGULATION_OF_EXTRACELLULAR_MATRIX_ORGANIZATION",5,"Up",0.474201534281006,0.988659591947553
"GOBP_NITROGEN_UTILIZATION",1,"Up",0.474221011756279,0.988659591947553
"GOBP_INNATE_IMMUNE_RESPONSE_ACTIVATING_SIGNAL_TRANSDUCTION",4,"Up",0.474595499938684,0.988659591947553
"GOBP_RESPONSE_TO_LECTIN",4,"Up",0.474595499938684,0.988659591947553
"GOBP_REGULATION_OF_POTASSIUM_ION_TRANSMEMBRANE_TRANSPORTER_ACTIVITY",16,"Up",0.474661214063702,0.988659591947553
"GOBP_MAINTENANCE_OF_POSTSYNAPTIC_SPECIALIZATION_STRUCTURE",2,"Down",0.474871672265243,0.988659591947553
"GOBP_POSITIVE_REGULATION_OF_HEART_RATE",4,"Up",0.475148841070104,0.988659591947553
"GOBP_MONOVALENT_INORGANIC_ANION_HOMEOSTASIS",2,"Up",0.475429994912679,0.988659591947553
"GOBP_MICROTUBULE_ANCHORING_AT_CENTROSOME",7,"Up",0.475454951458753,0.988659591947553
"GOBP_POSITIVE_REGULATION_OF_HOMOTYPIC_CELL_CELL_ADHESION",4,"Up",0.475585661974598,0.988659591947553
"GOBP_LUNG_MORPHOGENESIS",5,"Up",0.475590735637951,0.988659591947553
"GOBP_NEGATIVE_REGULATION_OF_INTERLEUKIN_6_PRODUCTION",6,"Down",0.475625551268345,0.988659591947553
"GOBP_REGULATION_OF_ARTERY_MORPHOGENESIS",2,"Down",0.475626076781181,0.988659591947553
"GOBP_XMP_METABOLIC_PROCESS",5,"Up",0.47563985750339,0.988659591947553
"GOBP_POSITIVE_REGULATION_OF_MRNA_METABOLIC_PROCESS",72,"Up",0.475845889969211,0.988659591947553
"GOBP_NEGATIVE_REGULATION_OF_ASTROCYTE_DIFFERENTIATION",2,"Down",0.476602754350901,0.988659591947553
"GOBP_LIPOPROTEIN_CATABOLIC_PROCESS",6,"Down",0.477034206290727,0.988659591947553
"GOBP_CARDIAC_MUSCLE_CONTRACTION",29,"Up",0.477049039799971,0.988659591947553
"GOBP_COPII_COATED_VESICLE_CARGO_LOADING",6,"Up",0.477295166483397,0.988659591947553
"GOBP_POSITIVE_REGULATION_OF_FATTY_ACID_BIOSYNTHETIC_PROCESS",2,"Down",0.477339867254017,0.988659591947553
"GOBP_HOMOLOGOUS_RECOMBINATION",3,"Up",0.477550095328624,0.988659591947553
"GOBP_TROPHECTODERMAL_CELL_DIFFERENTIATION",6,"Up",0.4776674009251,0.988659591947553
"GOBP_ORGANELLE_FISSION",109,"Up",0.477882361731662,0.988659591947553
"GOBP_POSITIVE_REGULATION_OF_TAU_PROTEIN_KINASE_ACTIVITY",2,"Up",0.477995061647367,0.988659591947553
"GOBP_REGULATION_OF_TAU_PROTEIN_KINASE_ACTIVITY",2,"Up",0.477995061647367,0.988659591947553
"GOBP_POSTREPLICATION_REPAIR",6,"Up",0.478894097066199,0.988659591947553
"GOBP_BLOOD_VESSEL_REMODELING",3,"Down",0.479160821127617,0.988659591947553
"GOBP_LYTIC_VACUOLE_ORGANIZATION",25,"Down",0.479340975679706,0.988659591947553
"GOBP_POSITIVE_REGULATION_OF_CELLULAR_BIOSYNTHETIC_PROCESS",425,"Down",0.479489421551231,0.988659591947553
"GOBP_MODULATION_OF_AGE_RELATED_BEHAVIORAL_DECLINE",3,"Down",0.479615231425958,0.988659591947553
"GOBP_POSITIVE_REGULATION_OF_CHEMOKINE_PRODUCTION",5,"Down",0.479659200698805,0.988659591947553
"GOBP_GENERATION_OF_PRECURSOR_METABOLITES_AND_ENERGY",140,"Down",0.479951917138146,0.988659591947553
"GOBP_EARLY_ENDOSOME_TO_GOLGI_TRANSPORT",6,"Up",0.479980473252099,0.988659591947553
"GOBP_GOLGI_RIBBON_FORMATION",9,"Down",0.480243287360054,0.988659591947553
"GOBP_NEGATIVE_REGULATION_OF_DIGESTIVE_SYSTEM_PROCESS",2,"Up",0.48036347870984,0.988659591947553
"GOBP_REGULATION_OF_PANCREATIC_JUICE_SECRETION",2,"Up",0.48036347870984,0.988659591947553
"GOBP_NEGATIVE_REGULATION_OF_PLATELET_ACTIVATION",5,"Down",0.480450496977082,0.988659591947553
"GOBP_SPERM_CAPACITATION",3,"Up",0.480752076776296,0.988659591947553
"GOBP_AMINO_ACID_NEUROTRANSMITTER_REUPTAKE",1,"Up",0.481270794114945,0.988659591947553
"GOBP_GERM_CELL_MIGRATION",1,"Up",0.481270794114945,0.988659591947553
"GOBP_GLUTAMATE_REUPTAKE",1,"Up",0.481270794114945,0.988659591947553
"GOBP_MESODERMAL_CELL_DIFFERENTIATION",1,"Up",0.481270794114945,0.988659591947553
"GOBP_POSITIVE_REGULATION_OF_NEUROTRANSMITTER_UPTAKE",1,"Up",0.481270794114945,0.988659591947553
"GOBP_REGULATION_OF_INWARD_RECTIFIER_POTASSIUM_CHANNEL_ACTIVITY",1,"Up",0.481270794114945,0.988659591947553
"GOBP_DSRNA_PROCESSING",23,"Up",0.481671649750955,0.988659591947553
"GOBP_CATECHOL_CONTAINING_COMPOUND_METABOLIC_PROCESS",10,"Down",0.481673738759156,0.988659591947553
"GOBP_PROTEIN_LOCALIZATION_TO_CYTOPLASMIC_STRESS_GRANULE",6,"Up",0.481683876940137,0.988659591947553
"GOBP_PROTEIN_HOMOOLIGOMERIZATION",48,"Down",0.481801559274083,0.988659591947553
"GOBP_REGULATION_OF_EPITHELIAL_CELL_DIFFERENTIATION",15,"Down",0.481923705062895,0.988659591947553
"GOBP_MHC_CLASS_II_BIOSYNTHETIC_PROCESS",3,"Up",0.482062613377273,0.988659591947553
"GOBP_NEGATIVE_REGULATION_OF_MHC_CLASS_II_BIOSYNTHETIC_PROCESS",3,"Up",0.482062613377273,0.988659591947553
"GOBP_POSITIVE_REGULATION_OF_CELL_CYCLE_G2_M_PHASE_TRANSITION",9,"Up",0.482107275847943,0.988659591947553
"GOBP_POSITIVE_REGULATION_OF_PROTEIN_MONOUBIQUITINATION",1,"Up",0.482211508712382,0.988659591947553
"GOBP_REGULATION_OF_PROTEIN_K48_LINKED_UBIQUITINATION",1,"Up",0.482211508712382,0.988659591947553
"GOBP_LYMPHOCYTE_HOMEOSTASIS",11,"Up",0.482259804279394,0.988659591947553
"GOBP_REGULATION_OF_NUCLEASE_ACTIVITY",7,"Up",0.482294796531311,0.988659591947553
"GOBP_ESTABLISHMENT_OF_CENTROSOME_LOCALIZATION",2,"Up",0.482371703956117,0.988659591947553
"GOBP_POSITIVE_REGULATION_OF_CYCLASE_ACTIVITY",4,"Up",0.482574461676845,0.988659591947553
"GOBP_PROTEIN_TARGETING_TO_PEROXISOME",9,"Up",0.482583607162908,0.988659591947553
"GOBP_NEGATIVE_REGULATION_OF_TELOMERE_CAPPING",4,"Down",0.482687538506889,0.988659591947553
"GOBP_HISTONE_H2A_MONOUBIQUITINATION",3,"Up",0.482855218483669,0.988659591947553
"GOBP_NEGATIVE_REGULATION_OF_CYSTEINE_TYPE_ENDOPEPTIDASE_ACTIVITY_INVOLVED_IN_APOPTOTIC_SIGNALING_PATHWAY",2,"Up",0.48293280311955,0.988659591947553
"GOBP_REGULATION_OF_CYSTEINE_TYPE_ENDOPEPTIDASE_ACTIVITY_INVOLVED_IN_APOPTOTIC_SIGNALING_PATHWAY",2,"Up",0.48293280311955,0.988659591947553
"GOBP_REGULATION_OF_VESICLE_SIZE",2,"Up",0.48304224858252,0.988659591947553
"GOBP_REGULATION_OF_HEART_GROWTH",5,"Down",0.483310787146198,0.988659591947553
"GOBP_POSITIVE_REGULATION_OF_THE_FORCE_OF_HEART_CONTRACTION",3,"Up",0.483918065429216,0.988659591947553
"GOBP_POSITIVE_REGULATION_OF_INTRINSIC_APOPTOTIC_SIGNALING_PATHWAY_BY_P53_CLASS_MEDIATOR",3,"Up",0.484373720458249,0.988659591947553
"GOBP_REGULATION_OF_SYNAPSE_STRUCTURAL_PLASTICITY",3,"Up",0.48447327933898,0.988659591947553
"GOBP_RIBOFLAVIN_METABOLIC_PROCESS",2,"Down",0.484498078439958,0.988659591947553
"GOBP_VIRAL_PROTEIN_PROCESSING",6,"Down",0.484978803198323,0.988659591947553
"GOBP_EMBRYONIC_MORPHOGENESIS",85,"Up",0.485163038914992,0.988659591947553
"GOBP_ASPARTATE_FAMILY_AMINO_ACID_BIOSYNTHETIC_PROCESS",5,"Down",0.48534250163342,0.988659591947553
"GOBP_HEART_FORMATION",2,"Down",0.48573346996605,0.988659591947553
"GOBP_RNA_INTERFERENCE",9,"Up",0.485847758791883,0.988659591947553
"GOBP_CORNIFICATION",1,"Down",0.485882960311628,0.988659591947553
"GOBP_RESPONSE_TO_MAGNESIUM_ION",4,"Down",0.485977662467389,0.988659591947553
"GOBP_METAL_ION_HOMEOSTASIS",103,"Up",0.486260665453179,0.988659591947553
"GOBP_MITOCHONDRIAL_PROTEIN_PROCESSING",2,"Up",0.486285611473573,0.988659591947553
"GOBP_CELLULAR_PROCESS_INVOLVED_IN_REPRODUCTION_IN_MULTICELLULAR_ORGANISM",58,"Up",0.486383045499648,0.988659591947553
"GOBP_POSITIVE_REGULATION_OF_EPIDERMAL_CELL_DIFFERENTIATION",3,"Down",0.486444791468726,0.988659591947553
"GOBP_POSITIVE_REGULATION_OF_KERATINOCYTE_DIFFERENTIATION",3,"Down",0.486444791468726,0.988659591947553
"GOBP_METANEPHROS_MORPHOGENESIS",5,"Down",0.486552668122884,0.988659591947553
"GOBP_SMAD_PROTEIN_COMPLEX_ASSEMBLY",3,"Down",0.486820686898488,0.988659591947553
"GOBP_REGULATION_OF_FEEDING_BEHAVIOR",4,"Up",0.486909215553998,0.988659591947553
"GOBP_REGULATION_OF_METAPHASE_PLATE_CONGRESSION",5,"Up",0.487018264477535,0.988659591947553
"GOBP_NADH_METABOLIC_PROCESS",16,"Down",0.487227522874777,0.988659591947553
"GOBP_REGULATION_OF_CELL_AGING",9,"Down",0.487319355986747,0.988659591947553
"GOBP_HISTAMINE_PRODUCTION_INVOLVED_IN_INFLAMMATORY_RESPONSE",4,"Down",0.48735734994092,0.988659591947553
"GOBP_HISTAMINE_SECRETION",4,"Down",0.48735734994092,0.988659591947553
"GOBP_HISTAMINE_TRANSPORT",4,"Down",0.48735734994092,0.988659591947553
"GOBP_REGULATION_OF_HISTAMINE_SECRETION_BY_MAST_CELL",4,"Down",0.48735734994092,0.988659591947553
"GOBP_CELLULAR_RESPONSE_TO_DEXAMETHASONE_STIMULUS",8,"Up",0.487600771171054,0.988659591947553
"GOBP_OOGENESIS",19,"Up",0.48766742354542,0.988659591947553
"GOBP_CELLULAR_RESPONSE_TO_SALT",1,"Up",0.487799701911961,0.988659591947553
"GOBP_CELLULAR_RESPONSE_TO_SODIUM_ARSENITE",1,"Up",0.487799701911961,0.988659591947553
"GOBP_REGULATION_OF_HISTONE_DEACETYLATION",7,"Up",0.488048645306586,0.988659591947553
"GOBP_CELLULAR_RESPONSE_TO_VASCULAR_ENDOTHELIAL_GROWTH_FACTOR_STIMULUS",9,"Down",0.488086520618184,0.988659591947553
"GOBP_CYTOPLASMIC_SEQUESTERING_OF_NF_KAPPAB",4,"Up",0.488111673943572,0.988659591947553
"GOBP_REGULATION_OF_ORGAN_GROWTH",9,"Down",0.488493821676041,0.988659591947553
"GOBP_INTRACELLULAR_STEROL_TRANSPORT",10,"Up",0.489136762604701,0.988659591947553
"GOBP_NEUROBLAST_PROLIFERATION",10,"Up",0.489294306890564,0.988659591947553
"GOBP_PHOSPHORYLATION_OF_RNA_POLYMERASE_II_C_TERMINAL_DOMAIN",9,"Down",0.489346265862138,0.988659591947553
"GOBP_NUCLEAR_MEMBRANE_ORGANIZATION",24,"Up",0.489412083814907,0.988659591947553
"GOBP_PHAGOLYSOSOME_ASSEMBLY",4,"Up",0.489490457346903,0.988659591947553
"GOBP_PHAGOSOME_MATURATION",4,"Up",0.489490457346903,0.988659591947553
"GOBP_PTERIDINE_CONTAINING_COMPOUND_BIOSYNTHETIC_PROCESS",4,"Up",0.48990144163036,0.988659591947553
"GOBP_RESPONSE_TO_IMMOBILIZATION_STRESS",6,"Down",0.48994490376841,0.988659591947553
"GOBP_IMMUNOGLOBULIN_PRODUCTION_INVOLVED_IN_IMMUNOGLOBULIN_MEDIATED_IMMUNE_RESPONSE",8,"Up",0.490027611577701,0.988659591947553
"GOBP_SOMATIC_DIVERSIFICATION_OF_IMMUNOGLOBULINS_INVOLVED_IN_IMMUNE_RESPONSE",8,"Up",0.490027611577701,0.988659591947553
"GOBP_PROTEIN_INSERTION_INTO_MEMBRANE",17,"Down",0.490205827658377,0.988659591947553
"GOBP_PEPTIDYL_CYSTEINE_MODIFICATION",16,"Up",0.490402123939847,0.988659591947553
"GOBP_RESPONSE_TO_STAUROSPORINE",1,"Up",0.490470219770681,0.988659591947553
"GOBP_INTERFERON_ALPHA_PRODUCTION",9,"Up",0.491083750957545,0.988659591947553
"GOBP_POSITIVE_REGULATION_OF_INTERFERON_ALPHA_PRODUCTION",9,"Up",0.491083750957545,0.988659591947553
"GOBP_CELL_JUNCTION_ASSEMBLY",89,"Up",0.491329448252822,0.988659591947553
"GOBP_ENDOSOME_TO_PLASMA_MEMBRANE_PROTEIN_TRANSPORT",8,"Down",0.491351924936103,0.988659591947553
"GOBP_INTRACELLULAR_TRANSPORT_OF_VIRUS",4,"Up",0.491543262077207,0.988659591947553
"GOBP_SRP_DEPENDENT_COTRANSLATIONAL_PROTEIN_TARGETING_TO_MEMBRANE_TRANSLOCATION",2,"Down",0.491871088384424,0.988659591947553
"GOBP_RESPONSE_TO_OXYGEN_CONTAINING_COMPOUND",337,"Down",0.4918736504466,0.988659591947553
"GOBP_REGULATION_OF_SNARE_COMPLEX_ASSEMBLY",5,"Down",0.492149015645052,0.988659591947553
"GOBP_PROTEIN_IMPORT",83,"Up",0.492192401711188,0.988659591947553
"GOBP_POSITIVE_REGULATION_OF_INTERLEUKIN_1_PRODUCTION",8,"Down",0.492305254345659,0.988659591947553
"GOBP_ASPARTATE_FAMILY_AMINO_ACID_METABOLIC_PROCESS",12,"Down",0.492395213259632,0.988659591947553
"GOBP_MITOCHONDRIAL_PROTON_TRANSPORTING_ATP_SYNTHASE_COMPLEX_ASSEMBLY",1,"Up",0.492474383052751,0.988659591947553
"GOBP_DNA_UNWINDING_INVOLVED_IN_DNA_REPLICATION",4,"Up",0.493055566643584,0.988659591947553
"GOBP_NEGATIVE_REGULATION_OF_JUN_KINASE_ACTIVITY",2,"Down",0.493213292646931,0.988659591947553
"GOBP_REGULATION_OF_ASTROCYTE_DIFFERENTIATION",5,"Down",0.493371960842126,0.988659591947553
"GOBP_NEGATIVE_REGULATION_OF_SMOOTH_MUSCLE_CELL_DIFFERENTIATION",3,"Up",0.493894334845077,0.988659591947553
"GOBP_MICROTUBULE_ANCHORING_AT_MICROTUBULE_ORGANIZING_CENTER",9,"Up",0.494104407629949,0.988659591947553
"GOBP_HETEROCHROMATIN_ORGANIZATION",24,"Up",0.494390415664425,0.988659591947553
"GOBP_REGULATION_OF_PROTEIN_DEUBIQUITINATION",8,"Up",0.494427068661478,0.988659591947553
"GOBP_GLUCOCORTICOID_METABOLIC_PROCESS",4,"Up",0.494489691862956,0.988659591947553
"GOBP_PROSTHETIC_GROUP_METABOLIC_PROCESS",1,"Up",0.494492153665121,0.988659591947553
"GOBP_RECEPTOR_DIFFUSION_TRAPPING",1,"Up",0.494492153665121,0.988659591947553
"GOBP_PROTEIN_HOMOTETRAMERIZATION",19,"Down",0.494512951879921,0.988659591947553
"GOBP_DEOXYRIBONUCLEOSIDE_TRIPHOSPHATE_CATABOLIC_PROCESS",2,"Up",0.494514876770231,0.988659591947553
"GOBP_NUCLEOSIDE_TRIPHOSPHATE_CATABOLIC_PROCESS",2,"Up",0.494514876770231,0.988659591947553
"GOBP_PURINE_NUCLEOSIDE_TRIPHOSPHATE_CATABOLIC_PROCESS",2,"Up",0.494514876770231,0.988659591947553
"GOBP_RECEPTOR_CLUSTERING",11,"Down",0.494786553689715,0.988659591947553
"GOBP_OLIGOSACCHARIDE_METABOLIC_PROCESS",3,"Up",0.494807172801326,0.988659591947553
"GOBP_DNA_INTEGRITY_CHECKPOINT_SIGNALING",32,"Down",0.495077716875784,0.988659591947553
"GOBP_GLYCOSYLATION",29,"Down",0.495833562485209,0.988659591947553
"GOBP_RADIAL_GLIAL_CELL_DIFFERENTIATION",2,"Down",0.496022430281783,0.988659591947553
"GOBP_T_CELL_DIFFERENTIATION",31,"Down",0.496229916213534,0.988659591947553
"GOBP_NEGATIVE_REGULATION_OF_TRANSCRIPTION_FROM_RNA_POLYMERASE_II_PROMOTER_IN_RESPONSE_TO_STRESS",5,"Up",0.496277013771846,0.988659591947553
"GOBP_PROTEIN_LOCALIZATION_TO_MEMBRANE_RAFT",4,"Down",0.496415624894011,0.988659591947553
"GOBP_REGULATION_OF_AMINO_ACID_TRANSPORT",10,"Down",0.496764807499409,0.988659591947553
"GOBP_AUDITORY_RECEPTOR_CELL_DEVELOPMENT",4,"Up",0.496817995553426,0.988659591947553
"GOBP_INNER_EAR_AUDITORY_RECEPTOR_CELL_DIFFERENTIATION",4,"Up",0.496817995553426,0.988659591947553
"GOBP_EXPLORATION_BEHAVIOR",7,"Up",0.496838411309431,0.988659591947553
"GOBP_ANTRAL_OVARIAN_FOLLICLE_GROWTH",2,"Up",0.496862474689112,0.988659591947553
"GOBP_OVULATION",2,"Up",0.496862474689112,0.988659591947553
"GOBP_SENSORY_PERCEPTION_OF_SOUR_TASTE",1,"Up",0.497172499399357,0.988659591947553
"GOBP_POSITIVE_REGULATION_OF_TYPE_I_INTERFERON_MEDIATED_SIGNALING_PATHWAY",5,"Up",0.497592698042467,0.988659591947553
"GOBP_CELLULAR_OXIDANT_DETOXIFICATION",15,"Down",0.49759287100376,0.988659591947553
"GOBP_PROTEIN_MODIFICATION_BY_SMALL_PROTEIN_REMOVAL",62,"Up",0.497600043355983,0.988659591947553
"GOBP_CATION_TRANSPORT",237,"Down",0.497780525496982,0.988659591947553
"GOBP_POSITIVE_REGULATION_OF_MITOCHONDRIAL_CALCIUM_ION_CONCENTRATION",3,"Up",0.498187632277884,0.988659591947553
"GOBP_FAT_SOLUBLE_VITAMIN_BIOSYNTHETIC_PROCESS",2,"Down",0.498261873290149,0.988659591947553
"GOBP_MYOBLAST_MIGRATION",2,"Down",0.498759362713921,0.988659591947553
"GOBP_REGULATION_OF_SPROUTING_ANGIOGENESIS",5,"Up",0.498944376380406,0.988659591947553
"GOBP_POSITIVE_REGULATION_OF_STEROL_TRANSPORT",6,"Down",0.498969404860602,0.988659591947553
"GOBP_PROTEIN_FOLDING_IN_ENDOPLASMIC_RETICULUM",2,"Up",0.499169046733552,0.988659591947553
"GOBP_COBALAMIN_METABOLIC_PROCESS",3,"Down",0.499194781668363,0.988659591947553
"GOBP_POSITIVE_REGULATION_OF_MIRNA_CATABOLIC_PROCESS",2,"Up",0.499235834930282,0.988659591947553
"GOBP_REGULATION_OF_MIRNA_CATABOLIC_PROCESS",2,"Up",0.499235834930282,0.988659591947553
"GOBP_THYROID_HORMONE_TRANSPORT",1,"Down",0.499344567338854,0.988659591947553
"GOBP_SKELETAL_MYOFIBRIL_ASSEMBLY",2,"Up",0.499514624604786,0.988659591947553
"GOBP_CELL_COMMUNICATION_INVOLVED_IN_CARDIAC_CONDUCTION",14,"Up",0.499630106631706,0.988659591947553
"GOBP_PYRIMIDINE_CONTAINING_COMPOUND_TRANSMEMBRANE_TRANSPORT",2,"Down",0.499671307504056,0.988659591947553
"GOBP_REGULATION_OF_PLATELET_ACTIVATION",10,"Up",0.500003013192836,0.988659591947553
"GOBP_PURINE_DEOXYRIBONUCLEOTIDE_BIOSYNTHETIC_PROCESS",2,"Down",0.500133445040361,0.988659591947553
"GOBP_AMINE_BIOSYNTHETIC_PROCESS",4,"Down",0.500216366350924,0.988659591947553
"GOBP_CATECHOL_CONTAINING_COMPOUND_BIOSYNTHETIC_PROCESS",4,"Down",0.500216366350924,0.988659591947553
"GOBP_DOPAMINE_BIOSYNTHETIC_PROCESS",4,"Down",0.500216366350924,0.988659591947553
"GOBP_REGULATION_OF_MRNA_3_END_PROCESSING",17,"Down",0.500231970373441,0.988659591947553
"GOBP_MODULATION_BY_HOST_OF_VIRAL_PROCESS",14,"Up",0.500760848040604,0.988659591947553
"GOBP_MITOCHONDRIAL_FUSION",10,"Down",0.500784108120349,0.988659591947553
"GOBP_MAINTENANCE_OF_CELL_NUMBER",29,"Down",0.500883119097563,0.988659591947553
"GOBP_REGULATION_OF_CELL_MORPHOGENESIS",94,"Up",0.501177162499415,0.988659591947553
"GOBP_PYRIMIDINE_NUCLEOSIDE_TRIPHOSPHATE_BIOSYNTHETIC_PROCESS",6,"Down",0.501232174189665,0.988659591947553
"GOBP_NEGATIVE_REGULATION_OF_CELL_GROWTH",35,"Down",0.501257577622324,0.988659591947553
"GOBP_CELLULAR_RESPONSE_TO_PH",7,"Up",0.501404288505067,0.988659591947553
"GOBP_RESPONSE_TO_ACIDIC_PH",7,"Up",0.501404288505067,0.988659591947553
"GOBP_POSITIVE_REGULATION_OF_NEURON_DEATH",24,"Down",0.501625731390638,0.988659591947553
"GOBP_POSITIVE_REGULATION_OF_MRNA_3_END_PROCESSING",7,"Down",0.502077625588893,0.988659591947553
"GOBP_DNA_TEMPLATED_TRANSCRIPTION_TERMINATION",6,"Down",0.502113496514621,0.988659591947553
"GOBP_CENTROSOME_SEPARATION",7,"Up",0.50213920623547,0.988659591947553
"GOBP_POSITIVE_REGULATION_OF_MIRNA_METABOLIC_PROCESS",4,"Down",0.50220400350061,0.988659591947553
"GOBP_REGULATION_OF_FATTY_ACID_BETA_OXIDATION",5,"Up",0.502292906313502,0.988659591947553
"GOBP_MEIOTIC_CELL_CYCLE_PROCESS",19,"Up",0.50259371749558,0.988659591947553
"GOBP_REGULATION_OF_LEUKOCYTE_MEDIATED_IMMUNITY",29,"Up",0.502846751584247,0.988659591947553
"GOBP_POSITIVE_REGULATION_OF_ANTIGEN_RECEPTOR_MEDIATED_SIGNALING_PATHWAY",6,"Down",0.502906118936519,0.988659591947553
"GOBP_OVULATION_CYCLE",11,"Up",0.502973667249804,0.988659591947553
"GOBP_L_ALPHA_AMINO_ACID_TRANSMEMBRANE_TRANSPORT",13,"Down",0.503011314283494,0.988659591947553
"GOBP_MEMBRANE_REPOLARIZATION_DURING_CARDIAC_MUSCLE_CELL_ACTION_POTENTIAL",4,"Down",0.503079706720731,0.988659591947553
"GOBP_NEGATIVE_REGULATION_OF_CATALYTIC_ACTIVITY",195,"Up",0.503112275155874,0.988659591947553
"GOBP_NEGATIVE_REGULATION_OF_MEMBRANE_PERMEABILITY",2,"Up",0.503697145102833,0.988659591947553
"GOBP_NEGATIVE_REGULATION_OF_MITOCHONDRIAL_MEMBRANE_PERMEABILITY",2,"Up",0.503697145102833,0.988659591947553
"GOBP_REGULATION_OF_PROTEIN_PHOSPHORYLATION",246,"Down",0.503960870030094,0.988659591947553
"GOBP_URONIC_ACID_METABOLIC_PROCESS",3,"Up",0.504079696136436,0.988659591947553
"GOBP_PERK_MEDIATED_UNFOLDED_PROTEIN_RESPONSE",6,"Down",0.50453618845814,0.988659591947553
"GOBP_SRP_DEPENDENT_COTRANSLATIONAL_PROTEIN_TARGETING_TO_MEMBRANE_SIGNAL_SEQUENCE_RECOGNITION",1,"Down",0.504585513222655,0.988659591947553
"GOBP_POSITIVE_REGULATION_OF_ARP2_3_COMPLEX_MEDIATED_ACTIN_NUCLEATION",7,"Up",0.504632755441787,0.988659591947553
"GOBP_REGULATION_OF_VIRAL_PROCESS",43,"Up",0.504804630725634,0.988659591947553
"GOBP_POSITIVE_REGULATION_OF_HIPPO_SIGNALING",2,"Up",0.50497752338972,0.988659591947553
"GOBP_EMBRYONIC_DIGESTIVE_TRACT_MORPHOGENESIS",1,"Down",0.505066514694925,0.988659591947553
"GOBP_EMBRYONIC_VISCEROCRANIUM_MORPHOGENESIS",1,"Down",0.505066514694925,0.988659591947553
"GOBP_UTERUS_DEVELOPMENT",1,"Down",0.505066514694925,0.988659591947553
"GOBP_UTERUS_MORPHOGENESIS",1,"Down",0.505066514694925,0.988659591947553
"GOBP_POSITIVE_REGULATION_OF_CELL_KILLING",6,"Up",0.505100625816436,0.988659591947553
"GOBP_DISACCHARIDE_METABOLIC_PROCESS",2,"Up",0.505224267131328,0.988659591947553
"GOBP_RIBONUCLEOPROTEIN_COMPLEX_BIOGENESIS",178,"Down",0.505423631005103,0.988659591947553
"GOBP_REGULATION_OF_ATP_METABOLIC_PROCESS",21,"Up",0.505579549875699,0.988659591947553
"GOBP_NEGATIVE_REGULATION_OF_MUSCLE_HYPERTROPHY",6,"Up",0.505712564202161,0.988659591947553
"GOBP_POSITIVE_REGULATION_OF_TOLL_LIKE_RECEPTOR_SIGNALING_PATHWAY",6,"Down",0.506000735055716,0.988659591947553
"GOBP_HEART_VALVE_DEVELOPMENT",6,"Down",0.506002194970519,0.988659591947553
"GOBP_METENCEPHALON_DEVELOPMENT",28,"Down",0.506267149254894,0.988659591947553
"GOBP_HEME_TRANSPORT",4,"Down",0.506439944054694,0.988659591947553
"GOBP_IRON_COORDINATION_ENTITY_TRANSPORT",4,"Down",0.506439944054694,0.988659591947553
"GOBP_CELLULAR_RESPONSE_TO_INTERFERON_GAMMA",19,"Up",0.506682408638264,0.988659591947553
"GOBP_INTEGRATED_STRESS_RESPONSE_SIGNALING",8,"Down",0.506882455089577,0.988659591947553
"GOBP_CELLULAR_RESPONSE_TO_RETINOIC_ACID",11,"Down",0.507361878716425,0.988659591947553
"GOBP_RETINA_MORPHOGENESIS_IN_CAMERA_TYPE_EYE",4,"Up",0.507691032821425,0.988659591947553
"GOBP_CARDIAC_MUSCLE_CELL_ACTION_POTENTIAL_INVOLVED_IN_CONTRACTION",10,"Up",0.507738841631075,0.988659591947553
"GOBP_SNORNA_LOCALIZATION",3,"Up",0.507774256255793,0.988659591947553
"GOBP_PHOSPHOLIPID_METABOLIC_PROCESS",113,"Down",0.507849522832382,0.988659591947553
"GOBP_CELLULAR_HYPOTONIC_RESPONSE",4,"Up",0.507880568559751,0.988659591947553
"GOBP_HYPOTONIC_RESPONSE",4,"Up",0.507880568559751,0.988659591947553
"GOBP_POSITIVE_REGULATION_OF_BLOOD_PRESSURE",3,"Up",0.507986665029991,0.988659591947553
"GOBP_NEGATIVE_REGULATION_OF_MACROPHAGE_ACTIVATION",2,"Down",0.508008998373084,0.988659591947553
"GOBP_REGULATION_OF_SEQUESTERING_OF_TRIGLYCERIDE",3,"Down",0.508131114056439,0.988659591947553
"GOBP_SEQUESTERING_OF_TRIGLYCERIDE",3,"Down",0.508131114056439,0.988659591947553
"GOBP_CELLULAR_RESPONSE_TO_INTERFERON_BETA",5,"Down",0.50852748144028,0.988659591947553
"GOBP_RESPONSE_TO_INTERFERON_BETA",5,"Down",0.50852748144028,0.988659591947553
"GOBP_NEUTROPHIL_HOMEOSTASIS",2,"Down",0.508888021025506,0.988659591947553
"GOBP_PROTEIN_HYDROXYLATION",4,"Down",0.50908890291219,0.988659591947553
"GOBP_ORGANOPHOSPHATE_METABOLIC_PROCESS",246,"Down",0.509252644734919,0.988659591947553
"GOBP_REGULATION_OF_POSTSYNAPTIC_CYTOSOLIC_CALCIUM_ION_CONCENTRATION",2,"Up",0.509312309695451,0.988659591947553
"GOBP_LOW_DENSITY_LIPOPROTEIN_RECEPTOR_PARTICLE_METABOLIC_PROCESS",1,"Up",0.50954304369672,0.988659591947553
"GOBP_POSITIVE_REGULATION_OF_LIPOPROTEIN_PARTICLE_CLEARANCE",1,"Up",0.50954304369672,0.988659591947553
"GOBP_RECEPTOR_MEDIATED_ENDOCYTOSIS_INVOLVED_IN_CHOLESTEROL_TRANSPORT",1,"Up",0.50954304369672,0.988659591947553
"GOBP_REGULATION_OF_RECEPTOR_MEDIATED_ENDOCYTOSIS_INVOLVED_IN_CHOLESTEROL_TRANSPORT",1,"Up",0.50954304369672,0.988659591947553
"GOBP_PROTEIN_LOCALIZATION_TO_MICROTUBULE_ORGANIZING_CENTER",16,"Up",0.509614771241448,0.988659591947553
"GOBP_CELL_CYCLE_G1_S_PHASE_TRANSITION",62,"Down",0.509888782371355,0.988659591947553
"GOBP_COMPLEMENT_DEPENDENT_CYTOTOXICITY",1,"Up",0.509967990101986,0.988659591947553
"GOBP_REGULATION_OF_COMPLEMENT_DEPENDENT_CYTOTOXICITY",1,"Up",0.509967990101986,0.988659591947553
"GOBP_REGULATION_OF_TRANSFORMING_GROWTH_FACTOR_BETA_ACTIVATION",1,"Up",0.509967990101986,0.988659591947553
"GOBP_TRANSFORMING_GROWTH_FACTOR_BETA_ACTIVATION",1,"Up",0.509967990101986,0.988659591947553
"GOBP_POSITIVE_REGULATION_OF_VASCULAR_ASSOCIATED_SMOOTH_MUSCLE_CELL_PROLIFERATION",3,"Down",0.510321238090905,0.988659591947553
"GOBP_TRANS_SYNAPTIC_SIGNALING_BY_TRANS_SYNAPTIC_COMPLEX",2,"Up",0.510439874191189,0.988659591947553
"GOBP_RESPONSE_TO_TOXIC_SUBSTANCE",34,"Up",0.510628737187332,0.988659591947553
"GOBP_STEROID_BIOSYNTHETIC_PROCESS",34,"Down",0.510706495124336,0.988659591947553
"GOBP_GERM_CELL_DEVELOPMENT",48,"Up",0.511309219815662,0.988659591947553
"GOBP_RESPONSE_TO_ORGANIC_CYCLIC_COMPOUND",188,"Up",0.511584415241721,0.988659591947553
"GOBP_NEGATIVE_REGULATION_OF_AMYLOID_FIBRIL_FORMATION",5,"Up",0.511744470504264,0.988659591947553
"GOBP_RESPONSE_TO_HEAT",42,"Up",0.511780478084553,0.988659591947553
"GOBP_CHAPERONE_COFACTOR_DEPENDENT_PROTEIN_REFOLDING",11,"Up",0.511929635157885,0.988659591947553
"GOBP_GLUCOSYLCERAMIDE_METABOLIC_PROCESS",2,"Up",0.512031890520672,0.988659591947553
"GOBP_GLYCOSYLCERAMIDE_METABOLIC_PROCESS",2,"Up",0.512031890520672,0.988659591947553
"GOBP_RECEPTOR_INTERNALIZATION",32,"Up",0.512308221992286,0.988659591947553
"GOBP_EMBRYONIC_HEART_TUBE_MORPHOGENESIS",7,"Down",0.51232781824229,0.988659591947553
"GOBP_RESPONSE_TO_ENDOPLASMIC_RETICULUM_STRESS",78,"Up",0.512768598317353,0.988659591947553
"GOBP_MULTIVESICULAR_BODY_SORTING_PATHWAY",24,"Up",0.513297005045927,0.988659591947553
"GOBP_REGULATION_OF_PROTEASOMAL_PROTEIN_CATABOLIC_PROCESS",75,"Up",0.513334187825284,0.988659591947553
"GOBP_NEGATIVE_REGULATION_OF_ALCOHOL_BIOSYNTHETIC_PROCESS",3,"Down",0.513642802179719,0.988659591947553
"GOBP_CYCLIC_NUCLEOTIDE_METABOLIC_PROCESS",6,"Down",0.513807878105069,0.988659591947553
"GOBP_REGULATION_OF_CALCIUM_ION_TRANSMEMBRANE_TRANSPORT",41,"Up",0.513837980235627,0.988659591947553
"GOBP_MRNA_TRANSCRIPTION",11,"Down",0.514120059729521,0.988659591947553
"GOBP_REGULATION_OF_DEFENSE_RESPONSE_TO_BACTERIUM",2,"Up",0.51439708321754,0.988659591947553
"GOBP_REGULATION_OF_STEM_CELL_PROLIFERATION",6,"Up",0.514613885120095,0.988659591947553
"GOBP_REGULATION_OF_TRANSPORTER_ACTIVITY",70,"Up",0.514630823458806,0.988659591947553
"GOBP_MEDIUM_CHAIN_FATTY_ACID_METABOLIC_PROCESS",5,"Up",0.514660284265785,0.988659591947553
"GOBP_SEQUESTERING_OF_ZINC_ION",2,"Down",0.514813327033229,0.988659591947553
"GOBP_SMALL_GTPASE_MEDIATED_SIGNAL_TRANSDUCTION",157,"Up",0.514833204080744,0.988659591947553
"GOBP_PLACENTA_DEVELOPMENT",23,"Up",0.514966169739114,0.988659591947553
"GOBP_POSITIVE_REGULATION_OF_TRANSCRIPTION_REGULATORY_REGION_DNA_BINDING",6,"Up",0.515011155264271,0.988659591947553
"GOBP_DEOXYRIBONUCLEOSIDE_MONOPHOSPHATE_METABOLIC_PROCESS",2,"Down",0.515085091311776,0.988659591947553
"GOBP_PURINE_DEOXYRIBONUCLEOSIDE_MONOPHOSPHATE_METABOLIC_PROCESS",2,"Down",0.515085091311776,0.988659591947553
"GOBP_NEGATIVE_REGULATION_OF_ATP_DEPENDENT_ACTIVITY",3,"Up",0.51513724535287,0.988659591947553
"GOBP_POSITIVE_REGULATION_OF_INSULIN_LIKE_GROWTH_FACTOR_RECEPTOR_SIGNALING_PATHWAY",2,"Down",0.515389065714129,0.988659591947553
"GOBP_ENDOTHELIAL_CELL_DEVELOPMENT",15,"Up",0.515511972672736,0.988659591947553
"GOBP_TRANSLATIONAL_READTHROUGH",1,"Down",0.515902671855761,0.988659591947553
"GOBP_CARBOHYDRATE_CATABOLIC_PROCESS",41,"Down",0.516142877085337,0.988659591947553
"GOBP_SENSORY_ORGAN_MORPHOGENESIS",30,"Down",0.516225106520828,0.988659591947553
"GOBP_MODULATION_BY_HOST_OF_SYMBIONT_PROCESS",22,"Up",0.516365535447994,0.988659591947553
"GOBP_REGULATION_OF_NEURAL_PRECURSOR_CELL_PROLIFERATION",11,"Up",0.516412245705979,0.988659591947553
"GOBP_REGULATION_OF_PROTEIN_SERINE_THREONINE_KINASE_ACTIVITY",84,"Down",0.516413035118666,0.988659591947553
"GOBP_POSITIVE_REGULATION_OF_SMOOTH_MUSCLE_CONTRACTION",2,"Down",0.516637389097582,0.988659591947553
"GOBP_REGULATION_OF_RESPONSE_TO_ENDOPLASMIC_RETICULUM_STRESS",20,"Up",0.516746274819325,0.988659591947553
"GOBP_REGULATION_OF_MYOTUBE_DIFFERENTIATION",6,"Down",0.516895094455039,0.988659591947553
"GOBP_PROTEASOMAL_PROTEIN_CATABOLIC_PROCESS",170,"Up",0.517154409633858,0.988659591947553
"GOBP_NERVE_DEVELOPMENT",10,"Up",0.517206916950742,0.988659591947553
"GOBP_NEGATIVE_REGULATION_OF_RESPONSE_TO_WOUNDING",12,"Down",0.517342957478799,0.988659591947553
"GOBP_NEGATIVE_REGULATION_OF_PEPTIDASE_ACTIVITY",38,"Up",0.517693846117422,0.988659591947553
"GOBP_POSITIVE_REGULATION_OF_NEUROBLAST_PROLIFERATION",2,"Down",0.517935964345344,0.988659591947553
"GOBP_KIDNEY_MORPHOGENESIS",8,"Down",0.518031432249781,0.988659591947553
"GOBP_CATECHOLAMINE_UPTAKE",3,"Up",0.518144414861995,0.988659591947553
"GOBP_NEGATIVE_REGULATION_OF_CELLULAR_RESPIRATION",2,"Up",0.51831838448886,0.988659591947553
"GOBP_SUBSTANTIA_NIGRA_DEVELOPMENT",19,"Up",0.51876162940721,0.988659591947553
"GOBP_RIBOSOMAL_LARGE_SUBUNIT_ASSEMBLY",12,"Up",0.519446773452578,0.988659591947553
"GOBP_NEGATIVE_REGULATION_OF_SEQUESTERING_OF_TRIGLYCERIDE",1,"Up",0.519588293923786,0.988659591947553
"GOBP_MAINTENANCE_OF_PROTEIN_LOCALIZATION_IN_ENDOPLASMIC_RETICULUM",3,"Down",0.519810911760518,0.988659591947553
"GOBP_NAD_METABOLIC_PROCESS",11,"Down",0.519837051355098,0.988659591947553
"GOBP_PERIPHERAL_NERVOUS_SYSTEM_NEURON_DIFFERENTIATION",3,"Up",0.520231383825736,0.988659591947553
"GOBP_EPITHELIAL_CELL_PROLIFERATION_INVOLVED_IN_PROSTATE_GLAND_DEVELOPMENT",4,"Down",0.520326654836318,0.988659591947553
"GOBP_BILE_ACID_METABOLIC_PROCESS",9,"Down",0.520328300112835,0.988659591947553
"GOBP_NEPHRON_TUBULE_EPITHELIAL_CELL_DIFFERENTIATION",3,"Up",0.520545187955533,0.988659591947553
"GOBP_SEGMENTATION",9,"Up",0.520700510307776,0.988659591947553
"GOBP_CALCIUM_ION_TRANSMEMBRANE_TRANSPORT_VIA_HIGH_VOLTAGE_GATED_CALCIUM_CHANNEL",6,"Up",0.520809994579422,0.988659591947553
"GOBP_CAMP_METABOLIC_PROCESS",4,"Down",0.520939892505557,0.988659591947553
"GOBP_EPIGENETIC_MAINTENANCE_OF_CHROMATIN_IN_TRANSCRIPTION_COMPETENT_CONFORMATION",5,"Up",0.520942911630508,0.988659591947553
"GOBP_MRNA_ALTERNATIVE_POLYADENYLATION",5,"Down",0.520980210859368,0.988659591947553
"GOBP_PYRIMIDINE_NUCLEOSIDE_TRIPHOSPHATE_METABOLIC_PROCESS",8,"Down",0.521062889596091,0.988659591947553
"GOBP_REGULATION_OF_NIK_NF_KAPPAB_SIGNALING",20,"Down",0.521100272595509,0.988659591947553
"GOBP_GMP_METABOLIC_PROCESS",13,"Up",0.521266454771984,0.988659591947553
"GOBP_ANAGEN",1,"Down",0.52158821039129,0.988659591947553
"GOBP_BIOLOGICAL_PHASE",1,"Down",0.52158821039129,0.988659591947553
"GOBP_CANONICAL_WNT_SIGNALING_PATHWAY_INVOLVED_IN_HEART_DEVELOPMENT",1,"Down",0.52158821039129,0.988659591947553
"GOBP_CANONICAL_WNT_SIGNALING_PATHWAY_INVOLVED_IN_REGULATION_OF_CELL_PROLIFERATION",1,"Down",0.52158821039129,0.988659591947553
"GOBP_CARDIOBLAST_PROLIFERATION",1,"Down",0.52158821039129,0.988659591947553
"GOBP_CELL_FATE_DETERMINATION",1,"Down",0.52158821039129,0.988659591947553
"GOBP_CELL_SURFACE_RECEPTOR_SIGNALING_PATHWAY_INVOLVED_IN_HEART_DEVELOPMENT",1,"Down",0.52158821039129,0.988659591947553
"GOBP_CELLULAR_RESPONSE_TO_INDOLE_3_METHANOL",1,"Down",0.52158821039129,0.988659591947553
"GOBP_DETERMINATION_OF_DORSAL_VENTRAL_ASYMMETRY",1,"Down",0.52158821039129,0.988659591947553
"GOBP_EMBRYONIC_SKELETAL_JOINT_DEVELOPMENT",1,"Down",0.52158821039129,0.988659591947553
"GOBP_EMBRYONIC_SKELETAL_JOINT_MORPHOGENESIS",1,"Down",0.52158821039129,0.988659591947553
"GOBP_GLIAL_CELL_FATE_COMMITMENT",1,"Down",0.52158821039129,0.988659591947553
"GOBP_HAIR_CYCLE_PHASE",1,"Down",0.52158821039129,0.988659591947553
"GOBP_LIMB_JOINT_MORPHOGENESIS",1,"Down",0.52158821039129,0.988659591947553
"GOBP_LUNG_ASSOCIATED_MESENCHYME_DEVELOPMENT",1,"Down",0.52158821039129,0.988659591947553
"GOBP_MESENCHYMAL_CELL_PROLIFERATION_INVOLVED_IN_LUNG_DEVELOPMENT",1,"Down",0.52158821039129,0.988659591947553
"GOBP_OVIDUCT_DEVELOPMENT",1,"Down",0.52158821039129,0.988659591947553
"GOBP_POSITIVE_REGULATION_OF_ENDOTHELIAL_CELL_DIFFERENTIATION",1,"Down",0.52158821039129,0.988659591947553
"GOBP_REGULATION_OF_BRANCHING_INVOLVED_IN_LUNG_MORPHOGENESIS",1,"Down",0.52158821039129,0.988659591947553
"GOBP_REGULATION_OF_SECONDARY_HEART_FIELD_CARDIOBLAST_PROLIFERATION",1,"Down",0.52158821039129,0.988659591947553
"GOBP_RESPONSE_TO_INDOLE_3_METHANOL",1,"Down",0.52158821039129,0.988659591947553
"GOBP_SYMPATHETIC_GANGLION_DEVELOPMENT",1,"Down",0.52158821039129,0.988659591947553
"GOBP_WNT_SIGNALING_PATHWAY_INVOLVED_IN_HEART_DEVELOPMENT",1,"Down",0.52158821039129,0.988659591947553
"GOBP_CELLULAR_LIPID_CATABOLIC_PROCESS",45,"Up",0.521889736426243,0.988659591947553
"GOBP_REGULATION_OF_BIOLOGICAL_PROCESS_INVOLVED_IN_SYMBIOTIC_INTERACTION",6,"Up",0.521955569861678,0.988659591947553
"GOBP_NEURON_RECOGNITION",11,"Up",0.5220335351466,0.988659591947553
"GOBP_REGULATION_OF_SIGNAL_TRANSDUCTION_BY_P53_CLASS_MEDIATOR",30,"Down",0.522051296420938,0.988659591947553
"GOBP_INTRINSIC_APOPTOTIC_SIGNALING_PATHWAY_IN_RESPONSE_TO_HYPOXIA",3,"Up",0.522459122377043,0.989143346632807
"GOBP_REGULATION_OF_PROTEIN_KINASE_ACTIVITY",155,"Down",0.522602578683073,0.989143346632807
"GOBP_CELLULAR_RESPONSE_TO_SALT_STRESS",4,"Up",0.522970403832649,0.989370370769185
"GOBP_RESPONSE_TO_ACID_CHEMICAL",38,"Down",0.523129392210506,0.989370370769185
"GOBP_ALTERNATIVE_MRNA_SPLICING_VIA_SPLICEOSOME",38,"Up",0.523166387175092,0.989370370769185
"GOBP_NEGATIVE_REGULATION_OF_MULTICELLULAR_ORGANISM_GROWTH",1,"Up",0.523597850485404,0.989631430439765
"GOBP_VESICLE_TARGETING_TO_FROM_OR_WITHIN_GOLGI",9,"Up",0.524192930199036,0.989631430439765
"GOBP_MATURE_B_CELL_DIFFERENTIATION",3,"Down",0.524227402090215,0.989631430439765
"GOBP_RECEPTOR_RECYCLING",15,"Up",0.524345457587469,0.989631430439765
"GOBP_REGULATION_OF_MRNA_PROCESSING",78,"Up",0.524473371840394,0.989631430439765
"GOBP_NEGATIVE_REGULATION_OF_STEROL_TRANSPORT",2,"Up",0.525172234315256,0.989631430439765
"GOBP_NUCLEAR_TRANSCRIBED_MRNA_CATABOLIC_PROCESS_DEADENYLATION_DEPENDENT_DECAY",35,"Up",0.525208130599034,0.989631430439765
"GOBP_REGULATION_OF_CELLULAR_RESPONSE_TO_INSULIN_STIMULUS",23,"Up",0.525289270871563,0.989631430439765
"GOBP_RESPONSE_TO_TUMOR_CELL",4,"Down",0.52556033448233,0.989631430439765
"GOBP_COLUMNAR_CUBOIDAL_EPITHELIAL_CELL_DEVELOPMENT",8,"Up",0.525734413208023,0.989631430439765
"GOBP_NEGATIVE_REGULATION_OF_CYTOKINE_PRODUCTION",34,"Down",0.525837273036889,0.989631430439765
"GOBP_SIGNAL_TRANSDUCTION_IN_RESPONSE_TO_DNA_DAMAGE",41,"Down",0.525967964945356,0.989631430439765
"GOBP_APOPTOTIC_CHROMOSOME_CONDENSATION",1,"Up",0.525998726222489,0.989631430439765
"GOBP_POSITIVE_REGULATION_OF_MONOCYTE_DIFFERENTIATION",1,"Up",0.525998726222489,0.989631430439765
"GOBP_REGULATION_OF_MONOCYTE_DIFFERENTIATION",1,"Up",0.525998726222489,0.989631430439765
"GOBP_NEGATIVE_REGULATION_OF_WOUND_HEALING",10,"Down",0.526059626589087,0.989631430439765
"GOBP_CELL_DIFFERENTIATION_INVOLVED_IN_EMBRYONIC_PLACENTA_DEVELOPMENT",1,"Up",0.526372827892515,0.989631430439765
"GOBP_TROPHOBLAST_GIANT_CELL_DIFFERENTIATION",1,"Up",0.526372827892515,0.989631430439765
"GOBP_NUCLEOSIDE_PHOSPHATE_BIOSYNTHETIC_PROCESS",66,"Down",0.526387692921314,0.989631430439765
"GOBP_AMINO_ACID_SALVAGE",1,"Down",0.526412292219866,0.989631430439765
"GOBP_L_METHIONINE_SALVAGE_FROM_METHYLTHIOADENOSINE",1,"Down",0.526412292219866,0.989631430439765
"GOBP_PROTEIN_AUTOPHOSPHORYLATION",49,"Up",0.527052603807963,0.990051750422304
"GOBP_CEREBROSPINAL_FLUID_CIRCULATION",1,"Down",0.527100743534873,0.990051750422304
"GOBP_DEVELOPMENTAL_MATURATION",52,"Up",0.527305666345768,0.990051750422304
"GOBP_NEGATIVE_REGULATION_OF_INTERLEUKIN_1_BETA_PRODUCTION",4,"Up",0.527376152984036,0.990051750422304
"GOBP_NEGATIVE_REGULATION_OF_INTERLEUKIN_1_PRODUCTION",4,"Up",0.527376152984036,0.990051750422304
"GOBP_REGULATION_OF_CELL_JUNCTION_ASSEMBLY",47,"Down",0.527965074323617,0.990105178309421
"GOBP_NEGATIVE_REGULATION_OF_CHROMATIN_ORGANIZATION",1,"Down",0.528205486882875,0.990105178309421
"GOBP_OXIDATIVE_DEMETHYLATION",2,"Up",0.52822933131193,0.990105178309421
"GOBP_OXIDATIVE_DNA_DEMETHYLATION",2,"Up",0.52822933131193,0.990105178309421
"GOBP_OXIDATIVE_RNA_DEMETHYLATION",2,"Up",0.52822933131193,0.990105178309421
"GOBP_VESICLE_MEDIATED_CHOLESTEROL_TRANSPORT",2,"Up",0.528335687946883,0.990105178309421
"GOBP_POSITIVE_REGULATION_OF_INTRACELLULAR_TRANSPORT",75,"Up",0.528441061968943,0.990105178309421
"GOBP_NEGATIVE_REGULATION_OF_CYTOSOLIC_CALCIUM_ION_CONCENTRATION",2,"Up",0.529035166973274,0.990528216834344
"GOBP_SYNAPTIC_VESICLE_LOCALIZATION",31,"Up",0.529097927744409,0.990528216834344
"GOBP_REGULATION_OF_CHOLESTEROL_BIOSYNTHETIC_PROCESS",5,"Down",0.529233712644336,0.990528216834344
"GOBP_PROTEIN_LOCALIZATION_TO_CHROMOSOME_TELOMERIC_REGION",13,"Up",0.529691458270738,0.990528216834344
"GOBP_REGULATION_OF_MITOCHONDRIAL_ELECTRON_TRANSPORT_NADH_TO_UBIQUINONE",3,"Up",0.529855099702713,0.990528216834344
"GOBP_NEGATIVE_REGULATION_OF_AMINE_TRANSPORT",5,"Down",0.529873527482352,0.990528216834344
"GOBP_MITOTIC_CELL_CYCLE_PROCESS",199,"Up",0.530022056947651,0.990528216834344
"GOBP_TELOMERE_MAINTENANCE_VIA_TELOMERE_LENGTHENING",41,"Up",0.530303332741661,0.990528216834344
"GOBP_HYPOXIA_INDUCIBLE_FACTOR_1ALPHA_SIGNALING_PATHWAY",2,"Up",0.530461809398365,0.990528216834344
"GOBP_NEGATIVE_REGULATION_OF_INFLAMMATORY_RESPONSE_TO_ANTIGENIC_STIMULUS",3,"Up",0.53050070482528,0.990528216834344
"GOBP_P_BODY_ASSEMBLY",13,"Up",0.531493041906836,0.990528216834344
"GOBP_SERTOLI_CELL_DIFFERENTIATION",3,"Up",0.53231117374234,0.990528216834344
"GOBP_POSITIVE_REGULATION_OF_NERVOUS_SYSTEM_DEVELOPMENT",64,"Up",0.532541375979494,0.990528216834344
"GOBP_POSITIVE_REGULATION_OF_DEOXYRIBONUCLEASE_ACTIVITY",3,"Up",0.532557149369793,0.990528216834344
"GOBP_POSITIVE_REGULATION_OF_NUCLEASE_ACTIVITY",3,"Up",0.532557149369793,0.990528216834344
"GOBP_MRNA_CIS_SPLICING_VIA_SPLICEOSOME",16,"Up",0.532560711684294,0.990528216834344
"GOBP_AXIS_SPECIFICATION",13,"Down",0.532696076645597,0.990528216834344
"GOBP_POSITIVE_REGULATION_OF_TRANSCRIPTION_ELONGATION_FROM_RNA_POLYMERASE_II_PROMOTER",9,"Down",0.532795785815638,0.990528216834344
"GOBP_NEGATIVE_REGULATION_OF_MYELINATION",5,"Down",0.533244966054582,0.990528216834344
"GOBP_NEGATIVE_REGULATION_OF_NERVOUS_SYSTEM_PROCESS",5,"Down",0.533244966054582,0.990528216834344
"GOBP_MAST_CELL_MIGRATION",2,"Down",0.533277140590368,0.990528216834344
"GOBP_REGULATION_OF_CYTOPLASMIC_TRANSLATION",22,"Up",0.53366267640175,0.990528216834344
"GOBP_POSITIVE_REGULATION_OF_PROTEIN_EXPORT_FROM_NUCLEUS",8,"Up",0.533753269797361,0.990528216834344
"GOBP_APOPTOTIC_PROCESS_INVOLVED_IN_DEVELOPMENT",2,"Down",0.53375666791781,0.990528216834344
"GOBP_REGULATION_OF_STRESS_ACTIVATED_PROTEIN_KINASE_SIGNALING_CASCADE",36,"Up",0.533821430077257,0.990528216834344
"GOBP_NEGATIVE_REGULATION_OF_GROWTH",38,"Down",0.533835568155982,0.990528216834344
"GOBP_NEUROTRANSMITTER_RECEPTOR_INTERNALIZATION",5,"Up",0.534038583573284,0.990528216834344
"GOBP_NUCLEOSIDE_BISPHOSPHATE_BIOSYNTHETIC_PROCESS",22,"Down",0.534164994984161,0.990528216834344
"GOBP_FOAM_CELL_DIFFERENTIATION",4,"Down",0.534433926176081,0.990528216834344
"GOBP_MATERNAL_PLACENTA_DEVELOPMENT",6,"Down",0.534596939305303,0.990528216834344
"GOBP_POSITIVE_REGULATION_OF_GLYCOGEN_STARCH_SYNTHASE_ACTIVITY",2,"Down",0.534598369296927,0.990528216834344
"GOBP_CELLULAR_RESPONSE_TO_OXIDISED_LOW_DENSITY_LIPOPROTEIN_PARTICLE_STIMULUS",2,"Up",0.5348991135261,0.990528216834344
"GOBP_REGULATION_OF_GENETIC_IMPRINTING",2,"Up",0.534901487230905,0.990528216834344
"GOBP_POSITIVE_REGULATION_OF_VIRAL_PROCESS",22,"Up",0.535517941152424,0.990528216834344
"GOBP_CELLULAR_RESPONSE_TO_INORGANIC_SUBSTANCE",52,"Down",0.535671982975969,0.990528216834344
"GOBP_ASTRAL_MICROTUBULE_ORGANIZATION",3,"Up",0.535799937079467,0.990528216834344
"GOBP_RAC_PROTEIN_SIGNAL_TRANSDUCTION",17,"Up",0.535929429929266,0.990528216834344
"GOBP_PROTEIN_COMPLEX_OLIGOMERIZATION",62,"Down",0.535954451458875,0.990528216834344
"GOBP_DOPAMINE_METABOLIC_PROCESS",9,"Down",0.536429734347809,0.990528216834344
"GOBP_CELLULAR_COMPONENT_DISASSEMBLY_INVOLVED_IN_EXECUTION_PHASE_OF_APOPTOSIS",6,"Up",0.536658137327916,0.990528216834344
"GOBP_NEGATIVE_REGULATION_OF_TYPE_I_INTERFERON_PRODUCTION",8,"Down",0.536760906331686,0.990528216834344
"GOBP_NEGATIVE_REGULATION_OF_PROTEIN_EXIT_FROM_ENDOPLASMIC_RETICULUM",1,"Up",0.536882347834757,0.990528216834344
"GOBP_DNA_METHYLATION_OR_DEMETHYLATION",23,"Up",0.537008183186525,0.990528216834344
"GOBP_DETOXIFICATION_OF_NITROGEN_COMPOUND",2,"Up",0.537116493827346,0.990528216834344
"GOBP_MAINTENANCE_OF_LOCATION_IN_CELL",60,"Up",0.537127225519941,0.990528216834344
"GOBP_LEUKOCYTE_DIFFERENTIATION",66,"Down",0.537235666961187,0.990528216834344
"GOBP_REGULATION_OF_TRANSLATION_AT_SYNAPSE_MODULATING_SYNAPTIC_TRANSMISSION",4,"Up",0.537673849313841,0.990528216834344
"GOBP_REGULATION_OF_VASCULAR_ENDOTHELIAL_GROWTH_FACTOR_RECEPTOR_SIGNALING_PATHWAY",8,"Up",0.537795437204287,0.990528216834344
"GOBP_PIGMENT_METABOLIC_PROCESS",14,"Down",0.53809416303301,0.990528216834344
"GOBP_REGULATION_OF_ATP_DEPENDENT_ACTIVITY",23,"Down",0.538324771965239,0.990528216834344
"GOBP_POSITIVE_REGULATION_OF_RECEPTOR_INTERNALIZATION",9,"Up",0.538577102720295,0.990528216834344
"GOBP_REGULATION_OF_HISTONE_METHYLATION",19,"Up",0.538803449347778,0.990528216834344
"GOBP_LONG_CHAIN_FATTY_ACID_CATABOLIC_PROCESS",1,"Up",0.538923956810513,0.990528216834344
"GOBP_DNA_DOUBLE_STRAND_BREAK_PROCESSING",4,"Up",0.539036819720738,0.990528216834344
"GOBP_MRNA_TRANSPORT",59,"Up",0.539038483398074,0.990528216834344
"GOBP_RESPONSE_TO_NITROSATIVE_STRESS",4,"Up",0.539076815302476,0.990528216834344
"GOBP_PROTEIN_LOCALIZATION_TO_PERINUCLEAR_REGION_OF_CYTOPLASM",6,"Up",0.539214503595434,0.990528216834344
"GOBP_SMOOTH_MUSCLE_CELL_DIFFERENTIATION",7,"Down",0.539379661943664,0.990528216834344
"GOBP_ENSHEATHMENT_OF_NEURONS",35,"Up",0.539693448105195,0.990528216834344
"GOBP_HIGH_DENSITY_LIPOPROTEIN_PARTICLE_ASSEMBLY",2,"Down",0.539726435940615,0.990528216834344
"GOBP_VESICLE_TETHERING",3,"Down",0.539950706886961,0.990528216834344
"GOBP_ACTIN_MEDIATED_CELL_CONTRACTION",24,"Up",0.540048255696379,0.990528216834344
"GOBP_VIRAL_LIFE_CYCLE",93,"Up",0.541279746316526,0.990528216834344
"GOBP_POSITIVE_REGULATION_OF_MAP_KINASE_ACTIVITY",21,"Up",0.541284257973513,0.990528216834344
"GOBP_MAINTENANCE_OF_LENS_TRANSPARENCY",2,"Up",0.541427281702405,0.990528216834344
"GOBP_POSITIVE_REGULATION_OF_ACTIN_NUCLEATION",8,"Up",0.54161277845152,0.990528216834344
"GOBP_PROTEIN_KINASE_B_SIGNALING",35,"Up",0.54168040252143,0.990528216834344
"GOBP_GENITALIA_DEVELOPMENT",4,"Down",0.541764205763343,0.990528216834344
"GOBP_HINDBRAIN_DEVELOPMENT",32,"Down",0.542393090039416,0.990528216834344
"GOBP_DICARBOXYLIC_ACID_CATABOLIC_PROCESS",4,"Up",0.542491275446151,0.990528216834344
"GOBP_GLUTAMATE_CATABOLIC_PROCESS",4,"Up",0.542491275446151,0.990528216834344
"GOBP_INTRACELLULAR_PROTEIN_TRANSMEMBRANE_TRANSPORT",21,"Down",0.542603935157568,0.990528216834344
"GOBP_DETECTION_OF_MUSCLE_STRETCH",2,"Down",0.542797909194157,0.990528216834344
"GOBP_POSITIVE_REGULATION_OF_POTASSIUM_ION_TRANSPORT",10,"Down",0.542810145565668,0.990528216834344
"GOBP_REGULATION_OF_CELL_KILLING",9,"Up",0.542884540323239,0.990528216834344
"GOBP_NEUTROPHIL_MIGRATION",12,"Down",0.542968612729164,0.990528216834344
"GOBP_T_CELL_ACTIVATION",62,"Down",0.543529239687983,0.990528216834344
"GOBP_ADRENAL_GLAND_DEVELOPMENT",2,"Down",0.54357491097652,0.990528216834344
"GOBP_N_TERMINAL_PROTEIN_AMINO_ACID_ACETYLATION",9,"Up",0.543938327597113,0.990528216834344
"GOBP_ORGANIC_ACID_BIOSYNTHETIC_PROCESS",63,"Down",0.544042767573267,0.990528216834344
"GOBP_PENTOSE_METABOLIC_PROCESS",4,"Down",0.544125259835312,0.990528216834344
"GOBP_POSITIVE_REGULATION_OF_COMPLEMENT_ACTIVATION",1,"Down",0.544362722501834,0.990528216834344
"GOBP_REGULATION_OF_GLUCOCORTICOID_RECEPTOR_SIGNALING_PATHWAY",1,"Down",0.544362722501834,0.990528216834344
"GOBP_SYNAPTIC_TRANSMISSION_GLUTAMATERGIC",21,"Down",0.544531766111203,0.990528216834344
"GOBP_NEGATIVE_REGULATION_OF_NEURON_PROJECTION_REGENERATION",3,"Down",0.544580141268366,0.990528216834344
"GOBP_EAR_MORPHOGENESIS",13,"Down",0.544702844095286,0.990528216834344
"GOBP_REGULATION_OF_FC_RECEPTOR_MEDIATED_STIMULATORY_SIGNALING_PATHWAY",3,"Up",0.544881131659275,0.990528216834344
"GOBP_CELLULAR_RESPONSE_TO_OSMOTIC_STRESS",11,"Up",0.545075561105116,0.990528216834344
"GOBP_MONONUCLEAR_CELL_DIFFERENTIATION",53,"Down",0.545278644696522,0.990528216834344
"GOBP_SPONTANEOUS_SYNAPTIC_TRANSMISSION",5,"Down",0.546441180177314,0.990528216834344
"GOBP_NEGATIVE_REGULATION_OF_DENDRITIC_SPINE_DEVELOPMENT",7,"Up",0.546683641034954,0.990528216834344
"GOBP_POSITIVE_REGULATION_OF_REACTIVE_OXYGEN_SPECIES_METABOLIC_PROCESS",12,"Down",0.546684529252966,0.990528216834344
"GOBP_MAMMARY_GLAND_MORPHOGENESIS",6,"Up",0.547043816435476,0.990528216834344
"GOBP_GLYCINE_METABOLIC_PROCESS",3,"Down",0.547192127493592,0.990528216834344
"GOBP_PROTEIN_POLY_ADP_RIBOSYLATION",2,"Up",0.547349284042102,0.990528216834344
"GOBP_MRNA_3_SPLICE_SITE_RECOGNITION",6,"Up",0.547503807987633,0.990528216834344
"GOBP_AMYLOID_BETA_FORMATION",14,"Down",0.547623349273169,0.990528216834344
"GOBP_HEMATOPOIETIC_PROGENITOR_CELL_DIFFERENTIATION",25,"Up",0.547707356132468,0.990528216834344
"GOBP_POSITIVE_REGULATION_OF_CREB_TRANSCRIPTION_FACTOR_ACTIVITY",6,"Down",0.547811345759412,0.990528216834344
"GOBP_REGULATION_OF_TRANSLATIONAL_FIDELITY",4,"Down",0.547884935319683,0.990528216834344
"GOBP_POSITIVE_REGULATION_OF_PROTEASOMAL_UBIQUITIN_DEPENDENT_PROTEIN_CATABOLIC_PROCESS",33,"Down",0.547979793310724,0.990528216834344
"GOBP_CELLULAR_RESPONSE_TO_RADIATION",46,"Down",0.548028661497716,0.990528216834344
"GOBP_POSITIVE_REGULATION_OF_INTERLEUKIN_17_PRODUCTION",3,"Down",0.548258232515256,0.990528216834344
"GOBP_NEGATIVE_REGULATION_OF_NEUROTRANSMITTER_SECRETION",5,"Up",0.548287163727662,0.990528216834344
"GOBP_REGULATION_OF_HIPPO_SIGNALING",5,"Up",0.548417224454879,0.990528216834344
"GOBP_EPITHELIAL_TUBE_MORPHOGENESIS",44,"Up",0.549042672000597,0.990528216834344
"GOBP_NEGATIVE_REGULATION_OF_BMP_SIGNALING_PATHWAY",3,"Up",0.549437808331439,0.990528216834344
"GOBP_POSITIVE_REGULATION_OF_NEURAL_PRECURSOR_CELL_PROLIFERATION",4,"Down",0.549769090831072,0.990528216834344
"GOBP_SENSORY_SYSTEM_DEVELOPMENT",54,"Down",0.549870176573282,0.990528216834344
"GOBP_MACROPHAGE_DIFFERENTIATION",3,"Up",0.54997333332752,0.990528216834344
"GOBP_REGULATION_OF_GLIAL_CELL_DIFFERENTIATION",13,"Down",0.549978755801728,0.990528216834344
"GOBP_NEGATIVE_REGULATION_OF_CHOLESTEROL_EFFLUX",1,"Up",0.550114755271449,0.990528216834344
"GOBP_POSITIVE_REGULATION_OF_CHOLESTEROL_STORAGE",1,"Up",0.550114755271449,0.990528216834344
"GOBP_REGULATION_OF_SYNAPTIC_TRANSMISSION_GLUTAMATERGIC",15,"Down",0.55064721661815,0.990528216834344
"GOBP_ACROSOME_REACTION",9,"Down",0.550826433049289,0.990528216834344
"GOBP_REGULATION_OF_LYSOSOMAL_LUMEN_PH",5,"Down",0.550855897893874,0.990528216834344
"GOBP_REGULATION_OF_ENTRY_OF_BACTERIUM_INTO_HOST_CELL",2,"Up",0.550934318460615,0.990528216834344
"GOBP_BRAIN_DERIVED_NEUROTROPHIC_FACTOR_RECEPTOR_SIGNALING_PATHWAY",1,"Up",0.55138897321915,0.990528216834344
"GOBP_DENDRITIC_CELL_APOPTOTIC_PROCESS",1,"Up",0.55138897321915,0.990528216834344
"GOBP_NEGATIVE_REGULATION_OF_SECONDARY_METABOLITE_BIOSYNTHETIC_PROCESS",1,"Up",0.55138897321915,0.990528216834344
"GOBP_POSITIVE_REGULATION_OF_CAMP_MEDIATED_SIGNALING",1,"Up",0.55138897321915,0.990528216834344
"GOBP_POSITIVE_REGULATION_OF_PROTEIN_AUTOPHOSPHORYLATION",5,"Up",0.551396158847066,0.990528216834344
"GOBP_REGULATION_OF_DNA_TEMPLATED_TRANSCRIPTION_IN_RESPONSE_TO_STRESS",14,"Down",0.551829627377288,0.990528216834344
"GOBP_MAMMARY_GLAND_INVOLUTION",1,"Up",0.551852163574206,0.990528216834344
"GOBP_SELF_PROTEOLYSIS",1,"Up",0.551852163574206,0.990528216834344
"GOBP_CAMERA_TYPE_EYE_PHOTORECEPTOR_CELL_DIFFERENTIATION",3,"Up",0.552221582330674,0.990528216834344
"GOBP_REGULATION_OF_DOPAMINERGIC_NEURON_DIFFERENTIATION",3,"Down",0.552534537521547,0.990528216834344
"GOBP_DEVELOPMENT_OF_PRIMARY_FEMALE_SEXUAL_CHARACTERISTICS",15,"Up",0.553187028367658,0.990528216834344
"GOBP_FEMALE_SEX_DIFFERENTIATION",15,"Up",0.553187028367658,0.990528216834344
"GOBP_3_UTR_MEDIATED_MRNA_DESTABILIZATION",7,"Up",0.553672328114974,0.990528216834344
"GOBP_REGULATION_OF_POSTSYNAPTIC_MEMBRANE_POTENTIAL",24,"Down",0.553740323701945,0.990528216834344
"GOBP_PROTEIN_RETENTION_IN_ER_LUMEN",2,"Down",0.553840972527661,0.990528216834344
"GOBP_NEGATIVE_REGULATION_OF_TRANSLATIONAL_INITIATION",9,"Up",0.553902310058022,0.990528216834344
"GOBP_AZOLE_TRANSMEMBRANE_TRANSPORT",1,"Down",0.554039277051851,0.990528216834344
"GOBP_THIAMINE_CONTAINING_COMPOUND_METABOLIC_PROCESS",1,"Down",0.554039277051851,0.990528216834344
"GOBP_THIAMINE_TRANSPORT",1,"Down",0.554039277051851,0.990528216834344
"GOBP_HEART_DEVELOPMENT",102,"Down",0.554668589334797,0.990528216834344
"GOBP_DNA_DEPENDENT_DNA_REPLICATION",30,"Down",0.554799034870303,0.990528216834344
"GOBP_NEUROTRANSMITTER_METABOLIC_PROCESS",5,"Down",0.554886186112289,0.990528216834344
"GOBP_REGULATION_OF_T_CELL_MEDIATED_IMMUNITY",6,"Up",0.554965935743102,0.990528216834344
"GOBP_HEAD_MORPHOGENESIS",6,"Down",0.555112483675415,0.990528216834344
"GOBP_STRIATED_MUSCLE_CELL_DIFFERENTIATION",56,"Down",0.555224104408038,0.990528216834344
"GOBP_PURINE_CONTAINING_COMPOUND_METABOLIC_PROCESS",111,"Down",0.555235854030526,0.990528216834344
"GOBP_MITOCHONDRIAL_TRNA_PROCESSING",4,"Down",0.55523609635117,0.990528216834344
"GOBP_FRUCTOSE_6_PHOSPHATE_METABOLIC_PROCESS",6,"Down",0.555279421907992,0.990528216834344
"GOBP_ECTODERMAL_PLACODE_DEVELOPMENT",3,"Down",0.555326603671057,0.990528216834344
"GOBP_FUNGIFORM_PAPILLA_DEVELOPMENT",3,"Down",0.555326603671057,0.990528216834344
"GOBP_FUNGIFORM_PAPILLA_MORPHOGENESIS",3,"Down",0.555326603671057,0.990528216834344
"GOBP_TONGUE_DEVELOPMENT",3,"Down",0.555326603671057,0.990528216834344
"GOBP_TONGUE_MORPHOGENESIS",3,"Down",0.555326603671057,0.990528216834344
"GOBP_NEGATIVE_REGULATION_OF_SPROUTING_ANGIOGENESIS",2,"Up",0.555492764310233,0.990528216834344
"GOBP_REGULATION_OF_STORE_OPERATED_CALCIUM_ENTRY",4,"Down",0.555809323217497,0.990528216834344
"GOBP_MORPHOGENESIS_OF_AN_EPITHELIUM",81,"Up",0.555882177377733,0.990528216834344
"GOBP_HISTONE_DEPHOSPHORYLATION",3,"Down",0.555898553991476,0.990528216834344
"GOBP_OXYGEN_HOMEOSTASIS",2,"Up",0.556306367423526,0.990528216834344
"GOBP_ESTABLISHMENT_OF_ENDOTHELIAL_BARRIER",13,"Up",0.556402192681475,0.990528216834344
"GOBP_REGULATION_OF_B_CELL_APOPTOTIC_PROCESS",4,"Down",0.556427284956388,0.990528216834344
"GOBP_GOLGI_LOCALIZATION",9,"Up",0.556864895291982,0.990528216834344
"GOBP_REGULATION_OF_CLATHRIN_DEPENDENT_ENDOCYTOSIS",11,"Up",0.557248433393901,0.990528216834344
"GOBP_RESPONSE_TO_ALDOSTERONE",2,"Down",0.557552264408269,0.990528216834344
"GOBP_NEGATIVE_REGULATION_OF_CATABOLIC_PROCESS",116,"Up",0.557576338892069,0.990528216834344
"GOBP_MEIOTIC_SPINDLE_ORGANIZATION",3,"Up",0.557710876015956,0.990528216834344
"GOBP_INTERLEUKIN_5_PRODUCTION",2,"Down",0.557862532446938,0.990528216834344
"GOBP_NUCLEOBASE_CONTAINING_COMPOUND_TRANSPORT",84,"Up",0.558116862081741,0.990528216834344
"GOBP_POSITIVE_REGULATION_OF_LIPID_LOCALIZATION",17,"Down",0.558221749761889,0.990528216834344
"GOBP_NEGATIVE_REGULATION_OF_ENDOPLASMIC_RETICULUM_UNFOLDED_PROTEIN_RESPONSE",8,"Up",0.558281052641309,0.990528216834344
"GOBP_CEREBELLAR_PURKINJE_CELL_LAYER_FORMATION",5,"Up",0.558359071564935,0.990528216834344
"GOBP_CEREBELLAR_PURKINJE_CELL_LAYER_MORPHOGENESIS",5,"Up",0.558359071564935,0.990528216834344
"GOBP_MESODERM_DEVELOPMENT",14,"Down",0.558837462128752,0.990528216834344
"GOBP_PROGRAMMED_CELL_DEATH",417,"Up",0.559063075617813,0.990528216834344
"GOBP_AMYLOID_BETA_METABOLIC_PROCESS",17,"Down",0.559108922566899,0.990528216834344
"GOBP_CAMP_BIOSYNTHETIC_PROCESS",1,"Up",0.559229625696212,0.990528216834344
"GOBP_RESCUE_OF_STALLED_RIBOSOME",3,"Up",0.55926091353195,0.990528216834344
"GOBP_ACTIN_MYOSIN_FILAMENT_SLIDING",3,"Up",0.559577820162955,0.990528216834344
"GOBP_PEPTIDE_CATABOLIC_PROCESS",4,"Up",0.559877261620189,0.990528216834344
"GOBP_NUCLEOTIDE_EXCISION_REPAIR_DNA_GAP_FILLING",2,"Down",0.559896212944548,0.990528216834344
"GOBP_HISTONE_H3_K4_DIMETHYLATION",1,"Down",0.559939643959601,0.990528216834344
"GOBP_HISTONE_H3_K4_MONOMETHYLATION",1,"Down",0.559939643959601,0.990528216834344
"GOBP_SISTER_CHROMATID_COHESION",10,"Up",0.559955753924767,0.990528216834344
"GOBP_MITOCHONDRIAL_FRAGMENTATION_INVOLVED_IN_APOPTOTIC_PROCESS",6,"Down",0.5599560954181,0.990528216834344
"GOBP_POSITIVE_REGULATION_OF_DENDRITE_MORPHOGENESIS",15,"Up",0.559979504358094,0.990528216834344
"GOBP_ODONTOGENESIS",10,"Down",0.560069658444365,0.990528216834344
"GOBP_MITOCHONDRIAL_RNA_MODIFICATION",2,"Down",0.560194071244376,0.990528216834344
"GOBP_TRNA_THREONYLCARBAMOYLADENOSINE_METABOLIC_PROCESS",2,"Down",0.560194071244376,0.990528216834344
"GOBP_CELLULAR_RESPONSE_TO_THYROID_HORMONE_STIMULUS",5,"Down",0.560632056507749,0.990528216834344
"GOBP_ENERGY_RESERVE_METABOLIC_PROCESS",26,"Up",0.560933232669972,0.990528216834344
"GOBP_VIRAL_TRANSCRIPTION",17,"Up",0.561070533977858,0.990528216834344
"GOBP_POSITIVE_REGULATION_OF_HISTONE_H3_K4_METHYLATION",8,"Up",0.56115031764994,0.990528216834344
"GOBP_REGULATION_OF_HISTONE_H3_K4_METHYLATION",8,"Up",0.56115031764994,0.990528216834344
"GOBP_POSITIVE_REGULATION_OF_CELL_POPULATION_PROLIFERATION",126,"Down",0.561829137557667,0.990528216834344
"GOBP_VASCULAR_ENDOTHELIAL_GROWTH_FACTOR_RECEPTOR_SIGNALING_PATHWAY",11,"Up",0.562414098420017,0.990528216834344
"GOBP_ENZYME_LINKED_RECEPTOR_PROTEIN_SIGNALING_PATHWAY",189,"Down",0.562545127490671,0.990528216834344
"GOBP_REGULATION_OF_NUCLEOBASE_CONTAINING_COMPOUND_TRANSPORT",7,"Up",0.562701852323701,0.990528216834344
"GOBP_REGULATION_OF_RNA_EXPORT_FROM_NUCLEUS",7,"Up",0.562701852323701,0.990528216834344
"GOBP_INSULIN_SECRETION",45,"Up",0.5628439083826,0.990528216834344
"GOBP_POSITIVE_REGULATION_OF_LAMELLIPODIUM_ORGANIZATION",18,"Up",0.562935997801163,0.990528216834344
"GOBP_PEPTIDYL_AMINO_ACID_MODIFICATION",296,"Down",0.562988968174606,0.990528216834344
"GOBP_MITOTIC_NUCLEAR_DIVISION",80,"Up",0.563194283528813,0.990528216834344
"GOBP_NEGATIVE_REGULATION_OF_IMMUNE_RESPONSE",19,"Up",0.563458144344883,0.990528216834344
"GOBP_MODULATION_BY_HOST_OF_VIRAL_GENOME_REPLICATION",10,"Up",0.563521302449077,0.990528216834344
"GOBP_AUDITORY_RECEPTOR_CELL_MORPHOGENESIS",2,"Up",0.563971650583964,0.990528216834344
"GOBP_POSITIVE_REGULATION_OF_NITRIC_OXIDE_SYNTHASE_BIOSYNTHETIC_PROCESS",2,"Up",0.564268932931424,0.990528216834344
"GOBP_BASE_EXCISION_REPAIR",11,"Up",0.564570754610103,0.990528216834344
"GOBP_LATERAL_VENTRICLE_DEVELOPMENT",5,"Up",0.565267207028162,0.990528216834344
"GOBP_POSITIVE_REGULATION_OF_ION_TRANSPORT",59,"Down",0.565393776764134,0.990528216834344
"GOBP_GLUTATHIONE_CATABOLIC_PROCESS",1,"Up",0.56543083886528,0.990528216834344
"GOBP_LEUKOTRIENE_BIOSYNTHETIC_PROCESS",1,"Up",0.56543083886528,0.990528216834344
"GOBP_LEUKOTRIENE_D4_METABOLIC_PROCESS",1,"Up",0.56543083886528,0.990528216834344
"GOBP_LEUKOTRIENE_METABOLIC_PROCESS",1,"Up",0.56543083886528,0.990528216834344
"GOBP_NEGATIVE_REGULATION_OF_UBIQUITIN_PROTEIN_TRANSFERASE_ACTIVITY",9,"Down",0.565578383943671,0.990528216834344
"GOBP_POSTSYNAPTIC_NEUROTRANSMITTER_RECEPTOR_INTERNALIZATION",4,"Up",0.565604930227482,0.990528216834344
"GOBP_ESTABLISHMENT_OF_GOLGI_LOCALIZATION",5,"Up",0.565801164955102,0.990528216834344
"GOBP_REGULATION_OF_RETROGRADE_PROTEIN_TRANSPORT_ER_TO_CYTOSOL",3,"Up",0.565877360247124,0.990528216834344
"GOBP_RETROGRADE_TRANS_SYNAPTIC_SIGNALING_BY_LIPID",3,"Down",0.566038036588477,0.990528216834344
"GOBP_TRANS_SYNAPTIC_SIGNALING_BY_LIPID",3,"Down",0.566038036588477,0.990528216834344
"GOBP_POSITIVE_REGULATION_OF_PROTEIN_DEPOLYMERIZATION",10,"Up",0.56644994303228,0.990528216834344
"GOBP_CELL_AGING",26,"Down",0.566490326379166,0.990528216834344
"GOBP_HISTONE_H3_K9_ACETYLATION",3,"Up",0.566890841100545,0.990528216834344
"GOBP_REGULATION_OF_SYNAPTIC_VESICLE_RECYCLING",10,"Up",0.567190423754336,0.990528216834344
"GOBP_REGULATION_OF_GRANULOCYTE_CHEMOTAXIS",7,"Up",0.567208773084497,0.990528216834344
"GOBP_POSITIVE_REGULATION_OF_PROTEIN_LOCALIZATION_TO_CELL_PERIPHERY",25,"Up",0.56721600188693,0.990528216834344
"GOBP_PHOSPHATIDYLINOSITOL_DEPHOSPHORYLATION",16,"Up",0.567368502598293,0.990528216834344
"GOBP_PHOSPHOLIPID_DEPHOSPHORYLATION",16,"Up",0.567368502598293,0.990528216834344
"GOBP_REGULATION_OF_DEFENSE_RESPONSE_TO_VIRUS_BY_HOST",7,"Up",0.567370049318344,0.990528216834344
"GOBP_RESPONSE_TO_ZINC_ION",8,"Down",0.567390916501123,0.990528216834344
"GOBP_NEGATIVE_REGULATION_OF_NUCLEAR_DIVISION",9,"Up",0.567437173804824,0.990528216834344
"GOBP_POSITIVE_REGULATION_OF_NATURAL_KILLER_CELL_ACTIVATION",3,"Down",0.567707317985866,0.990528216834344
"GOBP_NEGATIVE_REGULATION_OF_OSTEOBLAST_PROLIFERATION",1,"Up",0.567727472614664,0.990528216834344
"GOBP_OSTEOBLAST_PROLIFERATION",1,"Up",0.567727472614664,0.990528216834344
"GOBP_REGULATION_OF_OSTEOBLAST_PROLIFERATION",1,"Up",0.567727472614664,0.990528216834344
"GOBP_PEPTIDYL_ARGININE_MODIFICATION",10,"Down",0.567970350070437,0.990528216834344
"GOBP_REGULATION_OF_GLUCONEOGENESIS",8,"Down",0.568022510304634,0.990528216834344
"GOBP_PROTEASOME_MEDIATED_UBIQUITIN_DEPENDENT_PROTEIN_CATABOLIC_PROCESS",145,"Up",0.568501434741399,0.990528216834344
"GOBP_RESPONSE_TO_LIGHT_STIMULUS",72,"Down",0.568700070530436,0.990528216834344
"GOBP_TOR_SIGNALING",47,"Down",0.56896867731045,0.990528216834344
"GOBP_SNO_S_RNA_PROCESSING",6,"Up",0.569281670238362,0.990528216834344
"GOBP_REGULATION_OF_MITOCHONDRIAL_FISSION",10,"Up",0.569395068574904,0.990528216834344
"GOBP_REGULATION_OF_PRODUCTION_OF_MOLECULAR_MEDIATOR_OF_IMMUNE_RESPONSE",19,"Down",0.569512034759948,0.990528216834344
"GOBP_FOREBRAIN_CELL_MIGRATION",15,"Down",0.569586200269034,0.990528216834344
"GOBP_POSITIVE_REGULATION_OF_BONE_RESORPTION",2,"Up",0.569728850757336,0.990528216834344
"GOBP_IMMATURE_B_CELL_DIFFERENTIATION",2,"Up",0.569957215716747,0.990528216834344
"GOBP_CELLULAR_RESPONSE_TO_MINERALOCORTICOID_STIMULUS",4,"Up",0.570262941154432,0.990528216834344
"GOBP_RESPONSE_TO_WATER",5,"Up",0.570287382645076,0.990528216834344
"GOBP_REGULATION_OF_PROTEIN_ADP_RIBOSYLATION",3,"Up",0.570483614839514,0.990528216834344
"GOBP_GAMMA_AMINOBUTYRIC_ACID_SECRETION",4,"Down",0.570743734697416,0.990528216834344
"GOBP_GAMMA_AMINOBUTYRIC_ACID_TRANSPORT",4,"Down",0.570743734697416,0.990528216834344
"GOBP_PHOSPHOLIPID_CATABOLIC_PROCESS",12,"Up",0.571258842316708,0.990528216834344
"GOBP_POSITIVE_REGULATION_OF_MYOTUBE_DIFFERENTIATION",1,"Up",0.571592856495315,0.990528216834344
"GOBP_TANGENTIAL_MIGRATION_FROM_THE_SUBVENTRICULAR_ZONE_TO_THE_OLFACTORY_BULB",1,"Down",0.571818579908907,0.990528216834344
"GOBP_CELLULAR_RESPONSE_TO_MAGNESIUM_ION",3,"Down",0.572090706186384,0.990528216834344
"GOBP_PROTEIN_LOCALIZATION_TO_CYTOSKELETON",28,"Up",0.572107928820825,0.990528216834344
"GOBP_RESPONSE_TO_NITROGEN_COMPOUND",278,"Down",0.572135753567562,0.990528216834344
"GOBP_NEGATIVE_REGULATION_OF_NITRIC_OXIDE_METABOLIC_PROCESS",4,"Up",0.572211370261408,0.990528216834344
"GOBP_NEUROTRANSMITTER_CATABOLIC_PROCESS",3,"Down",0.572223937543617,0.990528216834344
"GOBP_REGULATION_OF_TRANSCRIPTION_INVOLVED_IN_G1_S_TRANSITION_OF_MITOTIC_CELL_CYCLE",5,"Down",0.572245514583784,0.990528216834344
"GOBP_PEPTIDE_TRANSPORT",53,"Up",0.57227416141465,0.990528216834344
"GOBP_REGULATION_OF_CATION_TRANSMEMBRANE_TRANSPORT",80,"Up",0.572407176886506,0.990528216834344
"GOBP_REGULATION_OF_MORPHOGENESIS_OF_A_BRANCHING_STRUCTURE",6,"Up",0.572488511598991,0.990528216834344
"GOBP_GLUCOSE_IMPORT",17,"Up",0.572630927421953,0.990528216834344
"GOBP_URETERIC_BUD_ELONGATION",2,"Down",0.572752021079384,0.990528216834344
"GOBP_INTERLEUKIN_27_MEDIATED_SIGNALING_PATHWAY",1,"Up",0.573234920658027,0.990528216834344
"GOBP_MESENCHYMAL_CELL_DIFFERENTIATION_INVOLVED_IN_KIDNEY_DEVELOPMENT",1,"Up",0.573234920658027,0.990528216834344
"GOBP_METANEPHRIC_MESENCHYMAL_CELL_DIFFERENTIATION",1,"Up",0.573234920658027,0.990528216834344
"GOBP_METANEPHRIC_NEPHRON_TUBULE_EPITHELIAL_CELL_DIFFERENTIATION",1,"Up",0.573234920658027,0.990528216834344
"GOBP_NEGATIVE_REGULATION_OF_KIDNEY_DEVELOPMENT",1,"Up",0.573234920658027,0.990528216834344
"GOBP_POSITIVE_REGULATION_OF_EPITHELIAL_TO_MESENCHYMAL_TRANSITION",7,"Down",0.573390334376512,0.990528216834344
"GOBP_REGULATION_OF_CELLULAR_RESPONSE_TO_HEAT",9,"Up",0.573431463631494,0.990528216834344
"GOBP_STRIATED_MUSCLE_CELL_PROLIFERATION",4,"Down",0.573520336118212,0.990528216834344
"GOBP_INTERLEUKIN_2_PRODUCTION",8,"Up",0.573557586049653,0.990528216834344
"GOBP_POSITIVE_REGULATION_OF_INTERLEUKIN_2_PRODUCTION",8,"Up",0.573557586049653,0.990528216834344
"GOBP_ICOSANOID_METABOLIC_PROCESS",13,"Up",0.573755462247638,0.990528216834344
"GOBP_MESENCHYME_DEVELOPMENT",40,"Up",0.573776401109806,0.990528216834344
"GOBP_POSITIVE_REGULATION_OF_FATTY_ACID_TRANSPORT",2,"Down",0.574156275072473,0.990528216834344
"GOBP_REGULATION_OF_ICOSANOID_SECRETION",2,"Down",0.574156275072473,0.990528216834344
"GOBP_RIBOSE_PHOSPHATE_METABOLIC_PROCESS",117,"Down",0.574418806421879,0.990528216834344
"GOBP_UDP_GLUCOSE_METABOLIC_PROCESS",2,"Down",0.574966256641646,0.990528216834344
"GOBP_POSITIVE_REGULATION_OF_DNA_TEMPLATED_TRANSCRIPTION_ELONGATION",13,"Down",0.574966858736414,0.990528216834344
"GOBP_GLUCAN_BIOSYNTHETIC_PROCESS",13,"Up",0.575314777255791,0.990528216834344
"GOBP_REGULATION_OF_KIDNEY_DEVELOPMENT",4,"Up",0.575345964136447,0.990528216834344
"GOBP_NEGATIVE_REGULATION_OF_PLATELET_DERIVED_GROWTH_FACTOR_RECEPTOR_SIGNALING_PATHWAY",5,"Up",0.575431564950008,0.990528216834344
"GOBP_POLYSACCHARIDE_BIOSYNTHETIC_PROCESS",16,"Up",0.575462671731098,0.990528216834344
"GOBP_URATE_METABOLIC_PROCESS",1,"Down",0.575890385901041,0.990528216834344
"GOBP_CILIUM_ORGANIZATION",99,"Down",0.57605787119291,0.990528216834344
"GOBP_REGULATION_OF_CELL_POPULATION_PROLIFERATION",240,"Down",0.576264751482212,0.990528216834344
"GOBP_PIGMENTATION",24,"Down",0.576358244666309,0.990528216834344
"GOBP_HOMOLOGOUS_CHROMOSOME_PAIRING_AT_MEIOSIS",3,"Down",0.576659440768951,0.990528216834344
"GOBP_HOMOLOGOUS_CHROMOSOME_SEGREGATION",3,"Down",0.576659440768951,0.990528216834344
"GOBP_FATTY_ACID_BIOSYNTHETIC_PROCESS",32,"Down",0.576798804315729,0.990528216834344
"GOBP_CD4_POSITIVE_OR_CD8_POSITIVE_ALPHA_BETA_T_CELL_LINEAGE_COMMITMENT",3,"Up",0.576881020771734,0.990528216834344
"GOBP_T_CELL_LINEAGE_COMMITMENT",3,"Up",0.576881020771734,0.990528216834344
"GOBP_T_HELPER_CELL_LINEAGE_COMMITMENT",3,"Up",0.576881020771734,0.990528216834344
"GOBP_SULFATE_TRANSPORT",2,"Up",0.577186008701546,0.990528216834344
"GOBP_GLUTAMINE_FAMILY_AMINO_ACID_METABOLIC_PROCESS",21,"Up",0.577714891446588,0.990528216834344
"GOBP_REGULATION_OF_RELAXATION_OF_MUSCLE",3,"Up",0.577778469099481,0.990528216834344
"GOBP_MEIOSIS_I_CELL_CYCLE_PROCESS",8,"Down",0.577835177344862,0.990528216834344
"GOBP_NEURON_GLIAL_CELL_SIGNALING",2,"Down",0.577866849877944,0.990528216834344
"GOBP_GLOMERULAR_EPITHELIAL_CELL_DEVELOPMENT",2,"Up",0.577876935159826,0.990528216834344
"GOBP_MONOCARBOXYLIC_ACID_TRANSPORT",8,"Up",0.578211718924245,0.990528216834344
"GOBP_REGULATION_OF_SODIUM_PROTON_ANTIPORTER_ACTIVITY",1,"Down",0.578322076115625,0.990528216834344
"GOBP_ARGININE_BIOSYNTHETIC_PROCESS",2,"Up",0.578430544938923,0.990528216834344
"GOBP_UREA_CYCLE",2,"Up",0.578430544938923,0.990528216834344
"GOBP_UREA_METABOLIC_PROCESS",2,"Up",0.578430544938923,0.990528216834344
"GOBP_POSITIVE_REGULATION_OF_PHOSPHATASE_ACTIVITY",8,"Down",0.578478612120824,0.990528216834344
"GOBP_POSITIVE_REGULATION_OF_PHOSPHOPROTEIN_PHOSPHATASE_ACTIVITY",8,"Down",0.578478612120824,0.990528216834344
"GOBP_CELL_KILLING",20,"Up",0.578752077201937,0.990528216834344
"GOBP_PHENOL_CONTAINING_COMPOUND_METABOLIC_PROCESS",15,"Down",0.578786985563857,0.990528216834344
"GOBP_CENTRIOLE_ASSEMBLY",12,"Up",0.57886318556688,0.990528216834344
"GOBP_RESPONSE_TO_CAFFEINE",6,"Down",0.579010109323544,0.990528216834344
"GOBP_NEGATIVE_REGULATION_OF_IMMUNE_EFFECTOR_PROCESS",9,"Down",0.57912941712438,0.990528216834344
"GOBP_PROTEIN_LOCALIZATION_TO_MICROTUBULE",11,"Up",0.579295866742129,0.990528216834344
"GOBP_REGULATION_OF_MEMBRANE_DEPOLARIZATION",13,"Up",0.579357318433188,0.990528216834344
"GOBP_REGULATION_OF_PHOSPHATIDYLCHOLINE_METABOLIC_PROCESS",4,"Down",0.579429017544428,0.990528216834344
"GOBP_DEVELOPMENTAL_INDUCTION",3,"Down",0.579459602360112,0.990528216834344
"GOBP_ORGAN_INDUCTION",3,"Down",0.579459602360112,0.990528216834344
"GOBP_REGULATION_OF_ANIMAL_ORGAN_FORMATION",3,"Down",0.579459602360112,0.990528216834344
"GOBP_SPECIFICATION_OF_ANIMAL_ORGAN_IDENTITY",3,"Down",0.579459602360112,0.990528216834344
"GOBP_G_PROTEIN_COUPLED_PURINERGIC_RECEPTOR_SIGNALING_PATHWAY",1,"Down",0.579669096930553,0.990528216834344
"GOBP_POSITIVE_REGULATION_OF_URINE_VOLUME",1,"Down",0.579669096930553,0.990528216834344
"GOBP_REGULATION_OF_URINE_VOLUME",1,"Down",0.579669096930553,0.990528216834344
"GOBP_POSITIVE_REGULATION_OF_LYMPHOCYTE_CHEMOTAXIS",4,"Up",0.579904962316617,0.990528216834344
"GOBP_REGULATION_OF_LYMPHOCYTE_CHEMOTAXIS",4,"Up",0.579904962316617,0.990528216834344
"GOBP_NEGATIVE_REGULATION_OF_CALCIUM_ION_IMPORT",1,"Up",0.580099482449655,0.990528216834344
"GOBP_CARDIOLIPIN_METABOLIC_PROCESS",7,"Up",0.580145300922374,0.990528216834344
"GOBP_PERIPHERAL_NERVOUS_SYSTEM_DEVELOPMENT",18,"Up",0.580193701685594,0.990528216834344
"GOBP_CENTRAL_NERVOUS_SYSTEM_DEVELOPMENT",233,"Up",0.580233284545292,0.990528216834344
"GOBP_POSITIVE_REGULATION_OF_TYPE_I_INTERFERON_PRODUCTION",19,"Up",0.580321095435398,0.990528216834344
"GOBP_NEGATIVE_REGULATION_OF_CELL_MIGRATION_INVOLVED_IN_SPROUTING_ANGIOGENESIS",3,"Down",0.580354027353277,0.990528216834344
"GOBP_CARNITINE_METABOLIC_PROCESS",7,"Up",0.580400166043487,0.990528216834344
"GOBP_NEGATIVE_REGULATION_OF_SINGLE_STRANDED_VIRAL_RNA_REPLICATION_VIA_DOUBLE_STRANDED_DNA_INTERMEDIATE",4,"Down",0.580415829311582,0.990528216834344
"GOBP_NEGATIVE_REGULATION_OF_NEUROBLAST_PROLIFERATION",1,"Up",0.580563140666956,0.990528216834344
"GOBP_NEUROTRANSMITTER_TRANSPORT",67,"Up",0.580673126080112,0.990528216834344
"GOBP_PROTEIN_TRANSMEMBRANE_IMPORT_INTO_INTRACELLULAR_ORGANELLE",14,"Down",0.58095816205025,0.990528216834344
"GOBP_VIRAL_GENE_EXPRESSION",35,"Up",0.581420025173837,0.990528216834344
"GOBP_ORGANIC_HYDROXY_COMPOUND_CATABOLIC_PROCESS",21,"Down",0.581828273915583,0.990528216834344
"GOBP_HEPOXILIN_METABOLIC_PROCESS",1,"Down",0.581918359696502,0.990528216834344
"GOBP_MONOCYTE_CHEMOTACTIC_PROTEIN_1_PRODUCTION",1,"Down",0.581918359696502,0.990528216834344
"GOBP_NEGATIVE_REGULATION_OF_ACUTE_INFLAMMATORY_RESPONSE",1,"Down",0.581918359696502,0.990528216834344
"GOBP_NEGATIVE_REGULATION_OF_MONOCYTE_CHEMOTACTIC_PROTEIN_1_PRODUCTION",1,"Down",0.581918359696502,0.990528216834344
"GOBP_POSITIVE_REGULATION_OF_MUSCLE_CONTRACTION",4,"Up",0.582125574288982,0.990528216834344
"GOBP_MACROMOLECULE_DEPALMITOYLATION",5,"Down",0.582433547910415,0.990528216834344
"GOBP_PROTEIN_DEPALMITOYLATION",5,"Down",0.582433547910415,0.990528216834344
"GOBP_REGULATION_OF_NEUROTRANSMITTER_LEVELS",66,"Up",0.582583959253019,0.990528216834344
"GOBP_EOSINOPHIL_ACTIVATION",2,"Down",0.582602893728351,0.990528216834344
"GOBP_EOSINOPHIL_MEDIATED_IMMUNITY",2,"Down",0.582602893728351,0.990528216834344
"GOBP_NADPH_OXIDATION",1,"Up",0.583637893940562,0.990528216834344
"GOBP_POSITIVE_REGULATION_OF_RESPONSE_TO_EXTERNAL_STIMULUS",70,"Down",0.583682733033378,0.990528216834344
"GOBP_REGULATION_OF_HEART_CONTRACTION",35,"Up",0.583749805963191,0.990528216834344
"GOBP_BIOLOGICAL_PROCESS_INVOLVED_IN_INTERACTION_WITH_SYMBIONT",26,"Up",0.583839902916664,0.990528216834344
"GOBP_CELLULAR_METABOLIC_COMPOUND_SALVAGE",8,"Up",0.584171829400268,0.990528216834344
"GOBP_RESPONSE_TO_DSRNA",16,"Up",0.584328958587071,0.990528216834344
"GOBP_PLASMA_MEMBRANE_TO_ENDOSOME_TRANSPORT",2,"Up",0.58450649524632,0.990528216834344
"GOBP_ERBB_SIGNALING_PATHWAY",37,"Up",0.584646509501245,0.990528216834344
"GOBP_NEGATIVE_REGULATION_OF_ANDROGEN_RECEPTOR_SIGNALING_PATHWAY",4,"Up",0.58471869435355,0.990528216834344
"GOBP_REGULATION_OF_MITOTIC_CYTOKINESIS",2,"Up",0.584778855652432,0.990528216834344
"GOBP_REGULATION_OF_HEART_RATE_BY_CHEMICAL_SIGNAL",3,"Up",0.58482009553356,0.990528216834344
"GOBP_FOLIC_ACID_METABOLIC_PROCESS",1,"Down",0.585216361444571,0.990528216834344
"GOBP_GLYCINE_BIOSYNTHETIC_PROCESS",1,"Down",0.585216361444571,0.990528216834344
"GOBP_L_SERINE_CATABOLIC_PROCESS",1,"Down",0.585216361444571,0.990528216834344
"GOBP_L_SERINE_METABOLIC_PROCESS",1,"Down",0.585216361444571,0.990528216834344
"GOBP_SERINE_FAMILY_AMINO_ACID_CATABOLIC_PROCESS",1,"Down",0.585216361444571,0.990528216834344
"GOBP_TETRAHYDROFOLATE_INTERCONVERSION",1,"Down",0.585216361444571,0.990528216834344
"GOBP_NEGATIVE_REGULATION_OF_CELL_CELL_ADHESION",25,"Down",0.585287516450975,0.990528216834344
"GOBP_NEGATIVE_REGULATION_OF_LEUKOCYTE_CELL_CELL_ADHESION",15,"Down",0.585683817811579,0.990528216834344
"GOBP_REGULATION_OF_LYSOSOME_ORGANIZATION",2,"Up",0.585807342488038,0.990528216834344
"GOBP_CHROMOSOME_CONDENSATION",7,"Down",0.585841573026664,0.990528216834344
"GOBP_NEGATIVE_REGULATION_OF_UBIQUITIN_PROTEIN_LIGASE_ACTIVITY",7,"Down",0.586016419461118,0.990528216834344
"GOBP_REGULATION_OF_TRANSCRIPTION_BY_RNA_POLYMERASE_III",15,"Down",0.586107938845815,0.990528216834344
"GOBP_MAINTENANCE_OF_PRESYNAPTIC_ACTIVE_ZONE_STRUCTURE",3,"Down",0.586464319444798,0.990528216834344
"GOBP_POSITIVE_REGULATION_OF_STEM_CELL_POPULATION_MAINTENANCE",1,"Down",0.58669772684095,0.990528216834344
"GOBP_REGULATION_OF_SOMATIC_STEM_CELL_POPULATION_MAINTENANCE",1,"Down",0.58669772684095,0.990528216834344
"GOBP_REGULATION_OF_STEM_CELL_DIVISION",1,"Down",0.58669772684095,0.990528216834344
"GOBP_SOMATIC_STEM_CELL_DIVISION",1,"Down",0.58669772684095,0.990528216834344
"GOBP_PH_REDUCTION",9,"Up",0.587305802485082,0.990528216834344
"GOBP_POSITIVE_REGULATION_OF_RECEPTOR_CATABOLIC_PROCESS",1,"Up",0.587336140274392,0.990528216834344
"GOBP_PROGESTERONE_RECEPTOR_SIGNALING_PATHWAY",4,"Up",0.588185767223028,0.990528216834344
"GOBP_REGULATION_OF_SECONDARY_METABOLIC_PROCESS",4,"Up",0.588668755234541,0.990528216834344
"GOBP_DAMP_METABOLIC_PROCESS",1,"Down",0.588862367639427,0.990528216834344
"GOBP_DEOXYRIBONUCLEOSIDE_MONOPHOSPHATE_BIOSYNTHETIC_PROCESS",1,"Down",0.588862367639427,0.990528216834344
"GOBP_GMP_SALVAGE",1,"Down",0.588862367639427,0.990528216834344
"GOBP_PURINE_NUCLEOSIDE_BIOSYNTHETIC_PROCESS",1,"Down",0.588862367639427,0.990528216834344
"GOBP_PURINE_RIBONUCLEOSIDE_SALVAGE",1,"Down",0.588862367639427,0.990528216834344
"GOBP_MONOSACCHARIDE_BIOSYNTHETIC_PROCESS",14,"Down",0.589307154609709,0.990528216834344
"GOBP_REGULATION_OF_THE_FORCE_OF_HEART_CONTRACTION_BY_CHEMICAL_SIGNAL",1,"Up",0.589718675577489,0.990528216834344
"GOBP_TACHYKININ_RECEPTOR_SIGNALING_PATHWAY",1,"Up",0.589718675577489,0.990528216834344
"GOBP_NEGATIVE_REGULATION_OF_CHEMOKINE_PRODUCTION",2,"Down",0.589778055616384,0.990528216834344
"GOBP_DNA_GEOMETRIC_CHANGE",28,"Up",0.589850625540295,0.990528216834344
"GOBP_EGG_ACTIVATION",2,"Up",0.589886709589137,0.990528216834344
"GOBP_REGULATION_OF_FERTILIZATION",2,"Up",0.589886709589137,0.990528216834344
"GOBP_INFLAMMATORY_CELL_APOPTOTIC_PROCESS",3,"Up",0.590142678901347,0.990528216834344
"GOBP_CELLULAR_RESPONSE_TO_CAMP",10,"Up",0.59028159705802,0.990528216834344
"GOBP_SODIUM_ION_IMPORT_ACROSS_PLASMA_MEMBRANE",4,"Down",0.590328757800132,0.990528216834344
"GOBP_CIRCADIAN_REGULATION_OF_GENE_EXPRESSION",20,"Down",0.590457512711912,0.990528216834344
"GOBP_REGULATION_OF_CELLULAR_RESPONSE_TO_OSMOTIC_STRESS",2,"Up",0.590575805545225,0.990528216834344
"GOBP_REGULATION_OF_RESPONSE_TO_OSMOTIC_STRESS",2,"Up",0.590575805545225,0.990528216834344
"GOBP_ANTIGEN_PROCESSING_AND_PRESENTATION_OF_EXOGENOUS_PEPTIDE_ANTIGEN",4,"Down",0.590604404086184,0.990528216834344
"GOBP_NEGATIVE_REGULATION_OF_LEUKOCYTE_MIGRATION",9,"Up",0.590951567292296,0.990528216834344
"GOBP_POSITIVE_REGULATION_OF_BLOOD_CIRCULATION",6,"Up",0.590955028258171,0.990528216834344
"GOBP_SPERMATID_DIFFERENTIATION",24,"Up",0.591047697697223,0.990528216834344
"GOBP_INSULIN_SECRETION_INVOLVED_IN_CELLULAR_RESPONSE_TO_GLUCOSE_STIMULUS",16,"Down",0.591203405949514,0.990528216834344
"GOBP_LIPID_MODIFICATION",59,"Down",0.591271066154347,0.990528216834344
"GOBP_RESPONSE_TO_PROTOZOAN",1,"Down",0.591455011639009,0.990528216834344
"GOBP_DE_NOVO_AMP_BIOSYNTHETIC_PROCESS",4,"Up",0.591514194510096,0.990528216834344
"GOBP_POSITIVE_REGULATION_OF_EPITHELIAL_CELL_APOPTOTIC_PROCESS",5,"Down",0.592930580989193,0.990528216834344
"GOBP_CARDIAC_MUSCLE_MYOBLAST_PROLIFERATION",1,"Down",0.592951561961278,0.990528216834344
"GOBP_PONS_DEVELOPMENT",1,"Down",0.592951561961278,0.990528216834344
"GOBP_RESPONSE_TO_WATER_DEPRIVATION",1,"Down",0.592951561961278,0.990528216834344
"GOBP_TRANSFORMING_GROWTH_FACTOR_BETA2_PRODUCTION",1,"Down",0.592951561961278,0.990528216834344
"GOBP_REGULATION_OF_CELLULAR_EXTRAVASATION",3,"Up",0.593156404132366,0.990528216834344
"GOBP_ADHERENS_JUNCTION_ASSEMBLY",5,"Up",0.593194586112553,0.990528216834344
"GOBP_PHOSPHATIDYLCHOLINE_ACYL_CHAIN_REMODELING",3,"Down",0.593394884396178,0.990528216834344
"GOBP_NEGATIVE_REGULATION_OF_MONONUCLEAR_CELL_MIGRATION",6,"Up",0.593439783845817,0.990528216834344
"GOBP_MEGAKARYOCYTE_DEVELOPMENT",5,"Up",0.593498698774157,0.990528216834344
"GOBP_FATTY_ACID_CATABOLIC_PROCESS",28,"Up",0.593830658094607,0.990528216834344
"GOBP_REGULATION_OF_ANION_TRANSMEMBRANE_TRANSPORT",4,"Up",0.593909636586591,0.990528216834344
"GOBP_CARDIAC_MUSCLE_CELL_PROLIFERATION",2,"Down",0.593939240184435,0.990528216834344
"GOBP_PEPTIDYL_LYSINE_TRIMETHYLATION",10,"Up",0.593966182259785,0.990528216834344
"GOBP_CELL_CYCLE_CHECKPOINT_SIGNALING",42,"Down",0.594289960063439,0.990528216834344
"GOBP_ESTROGEN_BIOSYNTHETIC_PROCESS",1,"Down",0.594471796935358,0.990528216834344
"GOBP_CENP_A_CONTAINING_CHROMATIN_ORGANIZATION",1,"Up",0.594555631390468,0.990528216834344
"GOBP_NEGATIVE_REGULATION_OF_HISTONE_H4_ACETYLATION",2,"Up",0.594586742533799,0.990528216834344
"GOBP_NEGATIVE_REGULATION_OF_HEMOPOIESIS",7,"Down",0.594633563861894,0.990528216834344
"GOBP_TRNA_METABOLIC_PROCESS",42,"Down",0.594722495793337,0.990528216834344
"GOBP_NEGATIVE_REGULATION_OF_LOW_DENSITY_LIPOPROTEIN_PARTICLE_CLEARANCE",2,"Up",0.59491204001707,0.990528216834344
"GOBP_CEREBELLAR_CORTEX_DEVELOPMENT",14,"Up",0.595250699686705,0.990528216834344
"GOBP_ACTIN_POLYMERIZATION_DEPENDENT_CELL_MOTILITY",5,"Down",0.595402114678389,0.990528216834344
"GOBP_PROTEIN_HEXAMERIZATION",3,"Down",0.595513050016657,0.990528216834344
"GOBP_TRNA_THIO_MODIFICATION",1,"Down",0.595765153333342,0.990528216834344
"GOBP_PROTEIN_LOCALIZATION_TO_MITOCHONDRION",42,"Down",0.595802353816679,0.990528216834344
"GOBP_ECTODERM_DEVELOPMENT",5,"Up",0.595853385717853,0.990528216834344
"GOBP_FATTY_ACID_BETA_OXIDATION_USING_ACYL_COA_OXIDASE",3,"Down",0.596128732359094,0.990528216834344
"GOBP_NEGATIVE_REGULATION_OF_PROTEIN_MODIFICATION_PROCESS",144,"Up",0.596628867607281,0.990528216834344
"GOBP_RESOLUTION_OF_RECOMBINATION_INTERMEDIATES",1,"Down",0.596712859635979,0.990528216834344
"GOBP_TELOMERIC_D_LOOP_DISASSEMBLY",1,"Down",0.596712859635979,0.990528216834344
"GOBP_TELOMERIC_LOOP_DISASSEMBLY",1,"Down",0.596712859635979,0.990528216834344
"GOBP_RESPONSE_TO_PH",8,"Up",0.596839027683476,0.990528216834344
"GOBP_GLOMERULUS_MORPHOGENESIS",2,"Down",0.59693871196353,0.990528216834344
"GOBP_REGULATION_OF_IRE1_MEDIATED_UNFOLDED_PROTEIN_RESPONSE",6,"Up",0.596993202412783,0.990528216834344
"GOBP_GRANULOCYTE_ACTIVATION",5,"Down",0.597044259119943,0.990528216834344
"GOBP_DNA_LIGATION",6,"Down",0.597278397559082,0.990528216834344
"GOBP_TOLL_LIKE_RECEPTOR_SIGNALING_PATHWAY",23,"Up",0.597574613786285,0.990528216834344
"GOBP_BRANCHED_CHAIN_AMINO_ACID_BIOSYNTHETIC_PROCESS",2,"Up",0.597675592186665,0.990528216834344
"GOBP_AXIAL_MESODERM_DEVELOPMENT",3,"Down",0.597759139923125,0.990528216834344
"GOBP_CELL_REDOX_HOMEOSTASIS",8,"Down",0.598038475076241,0.990528216834344
"GOBP_DEVELOPMENTAL_GROWTH",139,"Up",0.598187857657342,0.990528216834344
"GOBP_HEPATOCYTE_APOPTOTIC_PROCESS",3,"Down",0.598189004348774,0.990528216834344
"GOBP_PROTEIN_LOCALIZATION_TO_GOLGI_APPARATUS",14,"Up",0.59820965909644,0.990528216834344
"GOBP_FATTY_ACID_TRANSPORT",15,"Up",0.598245551139146,0.990528216834344
"GOBP_REGULATION_OF_NUCLEOTIDE_METABOLIC_PROCESS",19,"Up",0.598327312959428,0.990528216834344
"GOBP_MICROVILLUS_ORGANIZATION",9,"Up",0.598451473743851,0.990528216834344
"GOBP_PRE_MIRNA_PROCESSING",7,"Up",0.598465083282798,0.990528216834344
"GOBP_N_TERMINAL_PROTEIN_AMINO_ACID_MODIFICATION",15,"Up",0.599122504474343,0.990528216834344
"GOBP_POSITIVE_REGULATION_OF_PROTEIN_MODIFICATION_BY_SMALL_PROTEIN_CONJUGATION_OR_REMOVAL",40,"Up",0.59932263917184,0.990528216834344
"GOBP_PROTEIN_LOCALIZATION_TO_ENDOPLASMIC_RETICULUM",32,"Up",0.599620199165242,0.990528216834344
"GOBP_RESPONSE_TO_PURINE_CONTAINING_COMPOUND",24,"Up",0.599765209135176,0.990528216834344
"GOBP_CYTOPLASMIC_TRANSLATIONAL_ELONGATION",4,"Down",0.599776809130491,0.990528216834344
"GOBP_PLATELET_ACTIVATION",28,"Up",0.599824616392905,0.990528216834344
"GOBP_SLEEP",2,"Up",0.599971478594264,0.990528216834344
"GOBP_RESPONSE_TO_IONIZING_RADIATION",32,"Down",0.600023387631957,0.990528216834344
"GOBP_CELLULAR_RESPONSE_TO_POTASSIUM_ION",3,"Up",0.600145951567635,0.990528216834344
"GOBP_RESPONSE_TO_POTASSIUM_ION",3,"Up",0.600145951567635,0.990528216834344
"GOBP_POSITIVE_REGULATION_OF_PROTEIN_MODIFICATION_PROCESS",222,"Down",0.600246611730697,0.990528216834344
"GOBP_CATION_TRANSMEMBRANE_TRANSPORT",178,"Down",0.600399653740257,0.990528216834344
"GOBP_IMPORT_INTO_CELL",40,"Up",0.600431672096873,0.990528216834344
"GOBP_MITOTIC_G1_S_TRANSITION_CHECKPOINT_SIGNALING",7,"Down",0.600526743444645,0.990528216834344
"GOBP_MACROPHAGE_CHEMOTAXIS",6,"Up",0.600624056606607,0.990528216834344
"GOBP_LEUCINE_METABOLIC_PROCESS",3,"Up",0.600743169870818,0.990528216834344
"GOBP_REGULATION_OF_CELL_SIZE",51,"Up",0.600798491964435,0.990528216834344
"GOBP_RESPONSE_TO_INACTIVITY",3,"Up",0.600925411320898,0.990528216834344
"GOBP_POSITIVE_REGULATION_OF_MYOBLAST_DIFFERENTIATION",2,"Up",0.600999202702836,0.990528216834344
"GOBP_REGULATION_OF_PHOSPHOLIPID_METABOLIC_PROCESS",12,"Up",0.601282304246912,0.990528216834344
"GOBP_POSITIVE_REGULATION_OF_PROTEIN_LOCALIZATION_TO_EARLY_ENDOSOME",2,"Down",0.601614293612742,0.990528216834344
"GOBP_PROTEIN_LOCALIZATION_TO_EARLY_ENDOSOME",2,"Down",0.601614293612742,0.990528216834344
"GOBP_REGULATION_OF_PROTEIN_LOCALIZATION_TO_ENDOSOME",2,"Down",0.601614293612742,0.990528216834344
"GOBP_CYTOKINE_PRODUCTION_INVOLVED_IN_IMMUNE_RESPONSE",12,"Down",0.60164216208486,0.990528216834344
"GOBP_REGULATION_OF_CELL_SHAPE",37,"Up",0.602028708277415,0.990528216834344
"GOBP_MITOCHONDRIAL_OUTER_MEMBRANE_PERMEABILIZATION",10,"Up",0.602040324231015,0.990528216834344
"GOBP_POSITIVE_REGULATION_OF_CELL_MORPHOGENESIS_INVOLVED_IN_DIFFERENTIATION",28,"Down",0.602401532713114,0.990528216834344
"GOBP_CELLULAR_HORMONE_METABOLIC_PROCESS",10,"Down",0.602740825110822,0.990528216834344
"GOBP_THALAMUS_DEVELOPMENT",2,"Down",0.603007067738332,0.990528216834344
"GOBP_REGULATION_OF_INTRACELLULAR_ESTROGEN_RECEPTOR_SIGNALING_PATHWAY",18,"Up",0.603052052126699,0.990528216834344
"GOBP_BRANCHED_CHAIN_AMINO_ACID_METABOLIC_PROCESS",9,"Down",0.603121055765221,0.990528216834344
"GOBP_RESPONSE_TO_CADMIUM_ION",15,"Down",0.603184052998102,0.990528216834344
"GOBP_ARACHIDONIC_ACID_METABOLIC_PROCESS",7,"Up",0.603260032942961,0.990528216834344
"GOBP_CELL_GROWTH",117,"Up",0.603409824659591,0.990528216834344
"GOBP_MAINTENANCE_OF_PROTEIN_LOCATION",33,"Up",0.604080227304875,0.990528216834344
"GOBP_CARDIAC_SEPTUM_DEVELOPMENT",13,"Down",0.604320794519144,0.990528216834344
"GOBP_MUSCLE_CELL_MIGRATION",15,"Up",0.604416001321765,0.990528216834344
"GOBP_POSITIVE_REGULATION_OF_SPHINGOLIPID_BIOSYNTHETIC_PROCESS",4,"Down",0.604618704083101,0.990528216834344
"GOBP_REGULATION_OF_PHOSPHOLIPASE_C_ACTIVITY",6,"Down",0.604810078270233,0.990528216834344
"GOBP_REGULATION_OF_CHROMATIN_ASSEMBLY",10,"Down",0.604988198290094,0.990528216834344
"GOBP_PROTEIN_LOCALIZATION_TO_CILIUM",23,"Down",0.605109546318914,0.990528216834344
"GOBP_REGULATION_OF_INTRACELLULAR_SIGNAL_TRANSDUCTION",398,"Up",0.605128163793615,0.990528216834344
"GOBP_POSITIVE_REGULATION_OF_DNA_METABOLIC_PROCESS",77,"Up",0.605297831142412,0.990528216834344
"GOBP_NEGATIVE_REGULATION_OF_DELAYED_RECTIFIER_POTASSIUM_CHANNEL_ACTIVITY",2,"Up",0.605412961544701,0.990528216834344
"GOBP_NEGATIVE_REGULATION_OF_VOLTAGE_GATED_POTASSIUM_CHANNEL_ACTIVITY",2,"Up",0.605412961544701,0.990528216834344
"GOBP_RESPONSE_TO_MITOCHONDRIAL_DEPOLARISATION",7,"Up",0.605426355972854,0.990528216834344
"GOBP_BRONCHUS_DEVELOPMENT",1,"Up",0.605433173479596,0.990528216834344
"GOBP_EMBRYONIC_NEUROCRANIUM_MORPHOGENESIS",1,"Up",0.605433173479596,0.990528216834344
"GOBP_NEGATIVE_REGULATION_OF_SMOOTHENED_SIGNALING_PATHWAY_INVOLVED_IN_DORSAL_VENTRAL_NEURAL_TUBE_PATTERNING",1,"Up",0.605433173479596,0.990528216834344
"GOBP_SMOOTHENED_SIGNALING_PATHWAY_INVOLVED_IN_VENTRAL_SPINAL_CORD_PATTERNING",1,"Up",0.605433173479596,0.990528216834344
"GOBP_SPINAL_CORD_PATTERNING",1,"Up",0.605433173479596,0.990528216834344
"GOBP_NEURAL_NUCLEUS_DEVELOPMENT",20,"Up",0.605528943774836,0.990528216834344
"GOBP_MOTOR_NEURON_AXON_GUIDANCE",5,"Up",0.60557587277405,0.990528216834344
"GOBP_MYD88_INDEPENDENT_TOLL_LIKE_RECEPTOR_SIGNALING_PATHWAY",4,"Up",0.6057983260031,0.990528216834344
"GOBP_RIBONUCLEOSIDE_DIPHOSPHATE_METABOLIC_PROCESS",39,"Down",0.605994991129427,0.990528216834344
"GOBP_LABYRINTHINE_LAYER_BLOOD_VESSEL_DEVELOPMENT",3,"Down",0.606165296666791,0.990528216834344
"GOBP_REGULATION_OF_CILIUM_DEPENDENT_CELL_MOTILITY",4,"Down",0.606219939446786,0.990528216834344
"GOBP_REGULATION_OF_CILIUM_MOVEMENT",4,"Down",0.606219939446786,0.990528216834344
"GOBP_REGULATION_OF_CYSTEINE_TYPE_ENDOPEPTIDASE_ACTIVITY",52,"Down",0.6066994856515,0.990528216834344
"GOBP_CELLULAR_RESPONSE_TO_HORMONE_STIMULUS",153,"Up",0.607351033102428,0.990528216834344
"GOBP_POSITIVE_REGULATION_OF_LYMPHOCYTE_MEDIATED_IMMUNITY",13,"Up",0.607361530058819,0.990528216834344
"GOBP_UBIQUINONE_METABOLIC_PROCESS",3,"Down",0.607813048956055,0.990528216834344
"GOBP_PURINE_CONTAINING_COMPOUND_TRANSMEMBRANE_TRANSPORT",5,"Down",0.608002219208451,0.990528216834344
"GOBP_NEGATIVE_REGULATION_OF_P38MAPK_CASCADE",1,"Up",0.608206277919008,0.990528216834344
"GOBP_REGULATION_OF_ENDOTHELIAL_CELL_MIGRATION",25,"Down",0.60823153043709,0.990528216834344
"GOBP_CARDIAC_MUSCLE_TISSUE_REGENERATION",1,"Up",0.608275193032512,0.990528216834344
"GOBP_CELLULAR_RESPONSE_TO_LITHIUM_ION",1,"Up",0.608275193032512,0.990528216834344
"GOBP_REGULATION_OF_LENS_FIBER_CELL_DIFFERENTIATION",1,"Up",0.608275193032512,0.990528216834344
"GOBP_REGULATION_OF_PEPTIDYL_TYROSINE_PHOSPHORYLATION",42,"Down",0.608395520223648,0.990528216834344
"GOBP_RESPONSE_TO_CALCIUM_ION",34,"Up",0.608609279670689,0.990528216834344
"GOBP_REGULATION_OF_CELL_CYCLE_G2_M_PHASE_TRANSITION",25,"Up",0.60877221451611,0.990528216834344
"GOBP_REGULATION_OF_TELOMERE_CAPPING",12,"Down",0.608996618913737,0.990528216834344
"GOBP_NEGATIVE_REGULATION_OF_MITOTIC_CELL_CYCLE_PHASE_TRANSITION",34,"Down",0.60901714271022,0.990528216834344
"GOBP_ION_HOMEOSTASIS",132,"Up",0.609125457088301,0.990528216834344
"GOBP_METAPHASE_ANAPHASE_TRANSITION_OF_CELL_CYCLE",11,"Up",0.609158043795575,0.990528216834344
"GOBP_POSITIVE_REGULATION_OF_KINASE_ACTIVITY",97,"Down",0.609577766983949,0.990528216834344
"GOBP_AMYLOID_BETA_CLEARANCE",7,"Down",0.609679106853648,0.990528216834344
"GOBP_REGULATION_OF_STORE_OPERATED_CALCIUM_CHANNEL_ACTIVITY",3,"Up",0.60975196525244,0.990528216834344
"GOBP_REGULATION_OF_GLOMERULAR_FILTRATION",1,"Up",0.610122562751031,0.990528216834344
"GOBP_RENAL_SYSTEM_PROCESS_INVOLVED_IN_REGULATION_OF_BLOOD_VOLUME",1,"Up",0.610122562751031,0.990528216834344
"GOBP_RENAL_SYSTEM_PROCESS_INVOLVED_IN_REGULATION_OF_SYSTEMIC_ARTERIAL_BLOOD_PRESSURE",1,"Up",0.610122562751031,0.990528216834344
"GOBP_PROTEIN_LOCALIZATION_TO_CELL_CORTEX",3,"Up",0.610386091568949,0.990528216834344
"GOBP_REGULATION_OF_PROTEIN_LOCALIZATION_TO_CELL_CORTEX",3,"Up",0.610386091568949,0.990528216834344
"GOBP_REGULATION_OF_ESTABLISHMENT_OR_MAINTENANCE_OF_CELL_POLARITY",9,"Up",0.610601278361775,0.990528216834344
"GOBP_RESPONSE_TO_L_GLUTAMATE",4,"Down",0.61070312711543,0.990528216834344
"GOBP_MORPHOGENESIS_OF_A_BRANCHING_STRUCTURE",14,"Up",0.611399720172283,0.990528216834344
"GOBP_PROTEIN_POLYUFMYLATION",4,"Up",0.612352436875474,0.990528216834344
"GOBP_REGULATION_OF_CALCIUM_ION_TRANSPORT",57,"Up",0.612428391284256,0.990528216834344
"GOBP_REGULATION_OF_SIGNALING_RECEPTOR_ACTIVITY",25,"Down",0.612462460736556,0.990528216834344
"GOBP_IMMUNOLOGICAL_MEMORY_FORMATION_PROCESS",1,"Up",0.612696243925767,0.990528216834344
"GOBP_IMMUNOLOGICAL_MEMORY_PROCESS",1,"Up",0.612696243925767,0.990528216834344
"GOBP_REGULATION_OF_LONG_TERM_NEURONAL_SYNAPTIC_PLASTICITY",5,"Up",0.613304100958694,0.990528216834344
"GOBP_PEPTIDYL_TYROSINE_MODIFICATION",63,"Down",0.613331181940696,0.990528216834344
"GOBP_RNA_PROCESSING",365,"Down",0.613402458736438,0.990528216834344
"GOBP_DNA_MODIFICATION",26,"Up",0.613407940221627,0.990528216834344
"GOBP_COPPER_ION_TRANSPORT",5,"Up",0.61358246472434,0.990528216834344
"GOBP_BLASTOCYST_FORMATION",10,"Down",0.613820437007747,0.990528216834344
"GOBP_POSITIVE_REGULATION_OF_T_CELL_RECEPTOR_SIGNALING_PATHWAY",4,"Down",0.614161967910847,0.990528216834344
"GOBP_ORGANOPHOSPHATE_BIOSYNTHETIC_PROCESS",161,"Down",0.614592534795859,0.990528216834344
"GOBP_POSITIVE_REGULATION_OF_NEUROTRANSMITTER_TRANSPORT",8,"Down",0.614887196821404,0.990528216834344
"GOBP_CALMODULIN_DEPENDENT_KINASE_SIGNALING_PATHWAY",3,"Down",0.615117882198805,0.990528216834344
"GOBP_POSITIVE_REGULATION_BY_HOST_OF_VIRAL_TRANSCRIPTION",7,"Down",0.615159103560017,0.990528216834344
"GOBP_ENGULFMENT_OF_APOPTOTIC_CELL",3,"Down",0.615918432394985,0.990528216834344
"GOBP_CELLULAR_SENESCENCE",18,"Down",0.615961404030692,0.990528216834344
"GOBP_SRP_DEPENDENT_COTRANSLATIONAL_PROTEIN_TARGETING_TO_MEMBRANE",6,"Down",0.616031288043561,0.990528216834344
"GOBP_CALCIUM_ION_TRANSPORT",84,"Up",0.6162812602411,0.990528216834344
"GOBP_POSITIVE_REGULATION_OF_CYTOPLASMIC_TRANSLATION",12,"Up",0.616330576286155,0.990528216834344
"GOBP_DEVELOPMENT_OF_SECONDARY_FEMALE_SEXUAL_CHARACTERISTICS",4,"Down",0.61642907638671,0.990528216834344
"GOBP_DEVELOPMENT_OF_SECONDARY_SEXUAL_CHARACTERISTICS",4,"Down",0.61642907638671,0.990528216834344
"GOBP_XENOPHAGY",8,"Up",0.616594131463695,0.990528216834344
"GOBP_POSITIVE_REGULATION_OF_IMMUNE_SYSTEM_PROCESS",126,"Down",0.61661472702677,0.990528216834344
"GOBP_REFLEX",1,"Up",0.616836556693884,0.990528216834344
"GOBP_RIGHTING_REFLEX",1,"Up",0.616836556693884,0.990528216834344
"GOBP_REGULATION_OF_HORMONE_BIOSYNTHETIC_PROCESS",4,"Down",0.617258254913634,0.990528216834344
"GOBP_UV_PROTECTION",4,"Down",0.617300276462874,0.990528216834344
"GOBP_REGULATION_OF_DNA_LIGATION",4,"Down",0.617724413204665,0.990528216834344
"GOBP_NEUROTRANSMITTER_REUPTAKE",4,"Up",0.617740457077494,0.990528216834344
"GOBP_REGULATION_OF_ACTIN_CYTOSKELETON_REORGANIZATION",9,"Up",0.617786800510551,0.990528216834344
"GOBP_NOREPINEPHRINE_SECRETION",1,"Up",0.617946173555572,0.990528216834344
"GOBP_NEGATIVE_REGULATION_OF_LEUKOCYTE_APOPTOTIC_PROCESS",4,"Down",0.618056818547845,0.990528216834344
"GOBP_NEGATIVE_REGULATION_OF_LYMPHOCYTE_APOPTOTIC_PROCESS",4,"Down",0.618056818547845,0.990528216834344
"GOBP_NEGATIVE_REGULATION_OF_EXTRINSIC_APOPTOTIC_SIGNALING_PATHWAY_VIA_DEATH_DOMAIN_RECEPTORS",5,"Up",0.618079944519988,0.990528216834344
"GOBP_NEGATIVE_REGULATION_OF_FATTY_ACID_OXIDATION",3,"Up",0.618298370839898,0.990528216834344
"GOBP_REGULATION_OF_FATTY_ACID_TRANSPORT",5,"Down",0.618361287835627,0.990528216834344
"GOBP_POSITIVE_REGULATION_OF_JUN_KINASE_ACTIVITY",10,"Up",0.618831695689799,0.990528216834344
"GOBP_HYALURONAN_BIOSYNTHETIC_PROCESS",4,"Up",0.619024159952703,0.990528216834344
"GOBP_REGULATION_OF_CYTOPLASMIC_TRANSLATIONAL_ELONGATION",3,"Down",0.619565108649069,0.990528216834344
"GOBP_POSITIVE_REGULATION_OF_DNA_METHYLATION_DEPENDENT_HETEROCHROMATIN_ASSEMBLY",6,"Down",0.619983995278498,0.990528216834344
"GOBP_REGULATION_OF_DNA_METHYLATION_DEPENDENT_HETEROCHROMATIN_ASSEMBLY",6,"Down",0.619983995278498,0.990528216834344
"GOBP_POSITIVE_REGULATION_OF_PROTEIN_EXIT_FROM_ENDOPLASMIC_RETICULUM",4,"Down",0.6201618852766,0.990528216834344
"GOBP_REGULATION_OF_METAL_ION_TRANSPORT",89,"Up",0.620224814818621,0.990528216834344
"GOBP_POSITIVE_REGULATION_OF_ANION_TRANSMEMBRANE_TRANSPORT",2,"Down",0.620264953760942,0.990528216834344
"GOBP_REGULATION_OF_NEURON_DIFFERENTIATION",30,"Down",0.620293380690999,0.990528216834344
"GOBP_PROTEIN_K48_LINKED_UBIQUITINATION",14,"Down",0.620311983327567,0.990528216834344
"GOBP_ACTIVATION_OF_MEIOSIS",1,"Up",0.62034512003027,0.990528216834344
"GOBP_INTERLEUKIN_15_MEDIATED_SIGNALING_PATHWAY",1,"Up",0.62034512003027,0.990528216834344
"GOBP_POSITIVE_REGULATION_OF_ACROSOME_REACTION",1,"Up",0.62034512003027,0.990528216834344
"GOBP_REGULATION_OF_ACROSOME_REACTION",1,"Up",0.62034512003027,0.990528216834344
"GOBP_REGULATION_OF_MONOCYTE_EXTRAVASATION",1,"Up",0.62034512003027,0.990528216834344
"GOBP_RESPONSE_TO_FLUORIDE",1,"Up",0.62034512003027,0.990528216834344
"GOBP_LEARNED_VOCALIZATION_BEHAVIOR_OR_VOCAL_LEARNING",2,"Up",0.620363729485341,0.990528216834344
"GOBP_NEGATIVE_REGULATION_OF_CELL_MORPHOGENESIS_INVOLVED_IN_DIFFERENTIATION",5,"Up",0.620522128566039,0.990528216834344
"GOBP_CARBOHYDRATE_TRANSPORT",31,"Down",0.620529509395038,0.990528216834344
"GOBP_EMBRYONIC_AXIS_SPECIFICATION",8,"Up",0.620973712345521,0.990528216834344
"GOBP_LIPOPHAGY",2,"Down",0.621207695946317,0.990528216834344
"GOBP_SERINE_PHOSPHORYLATION_OF_STAT_PROTEIN",1,"Down",0.621465357509682,0.990528216834344
"GOBP_SYNAPSE_PRUNING",1,"Down",0.621465357509682,0.990528216834344
"GOBP_BOX_C_D_SNORNP_ASSEMBLY",4,"Up",0.62165315559591,0.990528216834344
"GOBP_SMALL_NUCLEOLAR_RIBONUCLEOPROTEIN_COMPLEX_ASSEMBLY",4,"Up",0.62165315559591,0.990528216834344
"GOBP_PEPTIDYL_LYSINE_MODIFICATION",89,"Down",0.621658334544584,0.990528216834344
"GOBP_RESPONSE_TO_CORTICOSTERONE",4,"Up",0.621939652513873,0.990528216834344
"GOBP_NEGATIVE_REGULATION_OF_LIPOPROTEIN_PARTICLE_CLEARANCE",3,"Down",0.622322752070062,0.990528216834344
"GOBP_COLLAGEN_BIOSYNTHETIC_PROCESS",6,"Down",0.622344842310891,0.990528216834344
"GOBP_NEGATIVE_REGULATION_OF_FAT_CELL_PROLIFERATION",1,"Down",0.622700644129222,0.990528216834344
"GOBP_NEUTROPHIL_CHEMOTAXIS",9,"Up",0.622761938238389,0.990528216834344
"GOBP_FATTY_ACID_BETA_OXIDATION_USING_ACYL_COA_DEHYDROGENASE",5,"Up",0.623258959058931,0.990528216834344
"GOBP_MESONEPHROS_DEVELOPMENT",9,"Down",0.623451389942805,0.990528216834344
"GOBP_REGULATION_OF_PROTEIN_LOCALIZATION_TO_NUCLEOLUS",3,"Down",0.624172533203106,0.990528216834344
"GOBP_REGULATION_OF_RECEPTOR_CLUSTERING",2,"Down",0.624494209944197,0.990528216834344
"GOBP_PROTEIN_PROCESSING_INVOLVED_IN_PROTEIN_TARGETING_TO_MITOCHONDRION",1,"Up",0.624816603285726,0.990528216834344
"GOBP_POST_CHAPERONIN_TUBULIN_FOLDING_PATHWAY",5,"Down",0.624949493780961,0.990528216834344
"GOBP_NEUROTRANSMITTER_SECRETION",55,"Up",0.625466253382101,0.990528216834344
"GOBP_REGULATION_OF_MEMBRANE_POTENTIAL",92,"Up",0.625634028566424,0.990528216834344
"GOBP_NON_MOTILE_CILIUM_ASSEMBLY",15,"Up",0.62601294943405,0.990528216834344
"GOBP_SPHINGOMYELIN_BIOSYNTHETIC_PROCESS",2,"Up",0.626029910310239,0.990528216834344
"GOBP_PEPTIDYL_SERINE_MODIFICATION",90,"Up",0.626226400915463,0.990528216834344
"GOBP_NEGATIVE_REGULATION_OF_PHOSPHORUS_METABOLIC_PROCESS",124,"Up",0.626324734456393,0.990528216834344
"GOBP_MEDIUM_CHAIN_FATTY_ACID_BIOSYNTHETIC_PROCESS",3,"Up",0.626388611147231,0.990528216834344
"GOBP_POSITIVE_REGULATION_OF_P38MAPK_CASCADE",6,"Up",0.62656132883454,0.990528216834344
"GOBP_REGULATION_OF_RESPONSE_TO_STRESS",271,"Up",0.62675692320971,0.990528216834344
"GOBP_FORMATION_OF_EXTRACHROMOSOMAL_CIRCULAR_DNA",5,"Down",0.626934209721377,0.990528216834344
"GOBP_GENOMIC_IMPRINTING",3,"Up",0.627001213246003,0.990528216834344
"GOBP_COENZYME_A_METABOLIC_PROCESS",7,"Down",0.627010473431778,0.990528216834344
"GOBP_CELLULAR_RESPONSE_TO_UV_C",1,"Up",0.627245851244888,0.990528216834344
"GOBP_MIRNA_LOADING_ONTO_RISC_INVOLVED_IN_GENE_SILENCING_BY_MIRNA",5,"Up",0.627650731859365,0.990528216834344
"GOBP_NEGATIVE_REGULATION_OF_CAMP_DEPENDENT_PROTEIN_KINASE_ACTIVITY",3,"Up",0.627660584656882,0.990528216834344
"GOBP_T_CELL_MIGRATION",10,"Down",0.628338455346457,0.990528216834344
"GOBP_NUCLEOBASE_CONTAINING_SMALL_MOLECULE_CATABOLIC_PROCESS",3,"Down",0.628413830911186,0.990528216834344
"GOBP_REGULATION_OF_TOLL_LIKE_RECEPTOR_3_SIGNALING_PATHWAY",3,"Down",0.628449889450723,0.990528216834344
"GOBP_TOLL_LIKE_RECEPTOR_3_SIGNALING_PATHWAY",3,"Down",0.628449889450723,0.990528216834344
"GOBP_POSITIVE_REGULATION_OF_REPRODUCTIVE_PROCESS",7,"Up",0.628870848885896,0.990528216834344
"GOBP_POSITIVE_REGULATION_OF_TELOMERE_CAPPING",7,"Down",0.629157422286582,0.990528216834344
"GOBP_CIRCULATORY_SYSTEM_PROCESS",95,"Up",0.629166545314032,0.990528216834344
"GOBP_NEGATIVE_REGULATION_OF_BIOSYNTHETIC_PROCESS",341,"Up",0.629218623244491,0.990528216834344
"GOBP_SIGNAL_COMPLEX_ASSEMBLY",2,"Down",0.62924109540781,0.990528216834344
"GOBP_CENTRIOLE_CENTRIOLE_COHESION",5,"Down",0.629259040847242,0.990528216834344
"GOBP_POSITIVE_REGULATION_OF_NEUROTROPHIN_TRK_RECEPTOR_SIGNALING_PATHWAY",3,"Down",0.629549171322453,0.990528216834344
"GOBP_CHROMOSOME_SEPARATION",16,"Up",0.629549686833321,0.990528216834344
"GOBP_BRANCHED_CHAIN_AMINO_ACID_CATABOLIC_PROCESS",8,"Down",0.629803354458263,0.990528216834344
"GOBP_REGULATION_OF_PHOSPHATIDYLINOSITOL_DEPHOSPHORYLATION",3,"Up",0.629825200810932,0.990528216834344
"GOBP_NEGATIVE_REGULATION_OF_EPITHELIAL_CELL_PROLIFERATION_INVOLVED_IN_PROSTATE_GLAND_DEVELOPMENT",2,"Down",0.629853406194964,0.990528216834344
"GOBP_REGULATION_OF_DELAYED_RECTIFIER_POTASSIUM_CHANNEL_ACTIVITY",3,"Down",0.630409858718019,0.990528216834344
"GOBP_NUCLEOTIDE_TRANSPORT",8,"Up",0.630587382284536,0.990528216834344
"GOBP_POSITIVE_REGULATION_OF_COLLAGEN_METABOLIC_PROCESS",5,"Down",0.630785231731309,0.990528216834344
"GOBP_NEGATIVE_REGULATION_OF_LIPID_METABOLIC_PROCESS",21,"Up",0.630883895630729,0.990528216834344
"GOBP_LYMPHOCYTE_ACTIVATION_INVOLVED_IN_IMMUNE_RESPONSE",28,"Up",0.631083580850279,0.990528216834344
"GOBP_REGULATION_OF_CARDIAC_MUSCLE_CONTRACTION_BY_CALCIUM_ION_SIGNALING",8,"Up",0.631281536174288,0.990528216834344
"GOBP_MESENCHYMAL_CELL_PROLIFERATION",5,"Down",0.631757981279819,0.990528216834344
"GOBP_REGULATION_OF_MESENCHYMAL_CELL_PROLIFERATION",5,"Down",0.631757981279819,0.990528216834344
"GOBP_POLYOL_BIOSYNTHETIC_PROCESS",13,"Up",0.632036580500325,0.990528216834344
"GOBP_RNA_DEPENDENT_DNA_BIOSYNTHETIC_PROCESS",38,"Up",0.632210820610844,0.990528216834344
"GOBP_INORGANIC_ANION_TRANSPORT",23,"Down",0.632246443389504,0.990528216834344
"GOBP_REGULATION_OF_MRNA_SPLICING_VIA_SPLICEOSOME",56,"Up",0.632386786541814,0.990528216834344
"GOBP_POSITIVE_REGULATION_OF_CELL_MIGRATION_BY_VASCULAR_ENDOTHELIAL_GROWTH_FACTOR_SIGNALING_PATHWAY",2,"Up",0.632476586140416,0.990528216834344
"GOBP_POSITIVE_REGULATION_OF_ENDOTHELIAL_CELL_MIGRATION",15,"Down",0.632618881565582,0.990528216834344
"GOBP_REGULATION_OF_RECEPTOR_RECYCLING",11,"Up",0.632669563917531,0.990528216834344
"GOBP_CRISTAE_FORMATION",6,"Down",0.632732102623812,0.990528216834344
"GOBP_POSITIVE_REGULATION_OF_CYTOKINE_PRODUCTION",62,"Down",0.63290521485669,0.990528216834344
"GOBP_CELLULAR_RESPONSE_TO_MANGANESE_ION",4,"Down",0.633003997124694,0.990528216834344
"GOBP_CELLULAR_RESPONSE_TO_NITROSATIVE_STRESS",2,"Up",0.63317914643492,0.990528216834344
"GOBP_MISMATCH_REPAIR",7,"Down",0.633247648772962,0.990528216834344
"GOBP_MODIFICATION_OF_POSTSYNAPTIC_STRUCTURE",7,"Up",0.633326709856953,0.990528216834344
"GOBP_PYRIMIDINE_NUCLEOBASE_METABOLIC_PROCESS",10,"Down",0.63343027336751,0.990528216834344
"GOBP_DOPAMINE_TRANSPORT",13,"Down",0.633442902775643,0.990528216834344
"GOBP_B_CELL_DIFFERENTIATION",14,"Down",0.633600452066693,0.990528216834344
"GOBP_MECHANOSENSORY_BEHAVIOR",3,"Up",0.633665781455536,0.990528216834344
"GOBP_METANEPHRIC_PART_OF_URETERIC_BUD_DEVELOPMENT",1,"Up",0.633764215677061,0.990528216834344
"GOBP_POSITIVE_REGULATION_OF_HEART_GROWTH",1,"Up",0.633764215677061,0.990528216834344
"GOBP_REGULATION_OF_METANEPHROS_DEVELOPMENT",1,"Up",0.633764215677061,0.990528216834344
"GOBP_THORAX_AND_ANTERIOR_ABDOMEN_DETERMINATION",1,"Up",0.633764215677061,0.990528216834344
"GOBP_ZYGOTIC_DETERMINATION_OF_ANTERIOR_POSTERIOR_AXIS_EMBRYO",1,"Up",0.633764215677061,0.990528216834344
"GOBP_MITOCHONDRIAL_GENOME_MAINTENANCE",4,"Up",0.633808465625837,0.990528216834344
"GOBP_NEGATIVE_REGULATION_OF_VASCULAR_ASSOCIATED_SMOOTH_MUSCLE_CELL_PROLIFERATION",4,"Up",0.633837666919718,0.990528216834344
"GOBP_FEMALE_MEIOSIS_CHROMOSOME_SEGREGATION",1,"Up",0.633962168135233,0.990528216834344
"GOBP_ISOTYPE_SWITCHING_TO_IGA_ISOTYPES",1,"Up",0.633962168135233,0.990528216834344
"GOBP_POSITIVE_REGULATION_OF_ISOTYPE_SWITCHING_TO_IGA_ISOTYPES",1,"Up",0.633962168135233,0.990528216834344
"GOBP_REGULATION_OF_MITOTIC_RECOMBINATION",1,"Up",0.633962168135233,0.990528216834344
"GOBP_SPINDLE_MIDZONE_ASSEMBLY",1,"Up",0.633962168135233,0.990528216834344
"GOBP_NEGATIVE_REGULATION_OF_MONOOXYGENASE_ACTIVITY",4,"Up",0.634084706307191,0.990528216834344
"GOBP_POST_EMBRYONIC_DEVELOPMENT",21,"Down",0.634121697600241,0.990528216834344
"GOBP_NEGATIVE_REGULATION_OF_CELLULAR_SENESCENCE",2,"Down",0.634269121358041,0.990528216834344
"GOBP_CATECHOLAMINE_UPTAKE_INVOLVED_IN_SYNAPTIC_TRANSMISSION",2,"Up",0.634389900121921,0.990528216834344
"GOBP_CELLULAR_RESPONSE_TO_ENDOGENOUS_STIMULUS",298,"Down",0.634492730249336,0.990528216834344
"GOBP_MUSCLE_CELL_DIFFERENTIATION",77,"Down",0.634644292321814,0.990528216834344
"GOBP_POSITIVE_REGULATION_OF_PEPTIDYL_THREONINE_PHOSPHORYLATION",8,"Up",0.634727956656811,0.990528216834344
"GOBP_NEGATIVE_REGULATION_OF_MRNA_3_END_PROCESSING",4,"Down",0.635229583821156,0.990528216834344
"GOBP_CELLULAR_POTASSIUM_ION_HOMEOSTASIS",4,"Down",0.635277661201439,0.990528216834344
"GOBP_CATECHOLAMINE_SECRETION",14,"Down",0.635832484607777,0.990528216834344
"GOBP_RENAL_VESICLE_FORMATION",2,"Down",0.635895000141471,0.990528216834344
"GOBP_POSITIVE_REGULATION_OF_MRNA_PROCESSING",20,"Down",0.635906933657699,0.990528216834344
"GOBP_MATURE_RIBOSOME_ASSEMBLY",3,"Down",0.636020854596328,0.990528216834344
"GOBP_NEGATIVE_REGULATION_OF_BICELLULAR_TIGHT_JUNCTION_ASSEMBLY",1,"Up",0.636071214434798,0.990528216834344
"GOBP_NEGATIVE_REGULATION_OF_MYOSIN_LIGHT_CHAIN_PHOSPHATASE_ACTIVITY",1,"Up",0.636071214434798,0.990528216834344
"GOBP_REGULATION_OF_BICELLULAR_TIGHT_JUNCTION_ASSEMBLY",1,"Up",0.636071214434798,0.990528216834344
"GOBP_REGULATION_OF_RELEASE_OF_CYTOCHROME_C_FROM_MITOCHONDRIA",12,"Up",0.636287009783065,0.990528216834344
"GOBP_RELEASE_OF_CYTOCHROME_C_FROM_MITOCHONDRIA",12,"Up",0.636287009783065,0.990528216834344
"GOBP_RAB_PROTEIN_SIGNAL_TRANSDUCTION",8,"Down",0.636467624021341,0.990528216834344
"GOBP_REGULATION_OF_GLUTAMINE_FAMILY_AMINO_ACID_METABOLIC_PROCESS",2,"Down",0.636855617947438,0.990528216834344
"GOBP_LOCOMOTOR_RHYTHM",6,"Up",0.637050976197297,0.990528216834344
"GOBP_IRES_DEPENDENT_VIRAL_TRANSLATIONAL_INITIATION",9,"Up",0.637331422306747,0.990528216834344
"GOBP_LIPID_CATABOLIC_PROCESS",60,"Down",0.637619084214519,0.990528216834344
"GOBP_TRANSCRIPTION_ELONGATION_FROM_RNA_POLYMERASE_I_PROMOTER",1,"Down",0.637806655001321,0.990528216834344
"GOBP_REGULATION_OF_INOSITOL_PHOSPHATE_BIOSYNTHETIC_PROCESS",2,"Down",0.637916711712224,0.990528216834344
"GOBP_ASPARAGINE_METABOLIC_PROCESS",2,"Down",0.639248227474035,0.990528216834344
"GOBP_CONSTITUTIVE_SECRETORY_PATHWAY",2,"Down",0.639914798634303,0.990528216834344
"GOBP_HISTONE_H3_K36_TRIMETHYLATION",4,"Down",0.639926968992671,0.990528216834344
"GOBP_N_TERMINAL_PEPTIDYL_METHIONINE_ACETYLATION",5,"Up",0.64020388211017,0.990528216834344
"GOBP_NEGATIVE_REGULATION_OF_T_CELL_APOPTOTIC_PROCESS",2,"Down",0.640208206489725,0.990528216834344
"GOBP_REGULATION_OF_T_CELL_APOPTOTIC_PROCESS",2,"Down",0.640208206489725,0.990528216834344
"GOBP_REGULATION_OF_NEUROTROPHIN_TRK_RECEPTOR_SIGNALING_PATHWAY",4,"Down",0.640308577246116,0.990528216834344
"GOBP_POSITIVE_REGULATION_OF_I_KAPPAB_PHOSPHORYLATION",2,"Up",0.640511176186424,0.990528216834344
"GOBP_BIOLOGICAL_PROCESS_INVOLVED_IN_INTERACTION_WITH_HOST",42,"Up",0.640538282840891,0.990528216834344
"GOBP_POSITIVE_REGULATION_OF_LEUKOCYTE_CHEMOTAXIS",12,"Down",0.640861018705571,0.990528216834344
"GOBP_CELLULAR_DETOXIFICATION_OF_ALDEHYDE",2,"Up",0.640986993464075,0.990528216834344
"GOBP_POSITIVE_REGULATION_OF_SISTER_CHROMATID_COHESION",2,"Up",0.640992953896815,0.990528216834344
"GOBP_LACTATE_TRANSMEMBRANE_TRANSPORT",2,"Down",0.641055050321652,0.990528216834344
"GOBP_NEGATIVE_REGULATION_OF_PHOSPHOLIPASE_ACTIVITY",1,"Up",0.641120138374481,0.990528216834344
"GOBP_REGULATION_OF_PHOSPHOLIPASE_C_ACTIVATING_G_PROTEIN_COUPLED_RECEPTOR_SIGNALING_PATHWAY",1,"Up",0.641120138374481,0.990528216834344
"GOBP_FC_GAMMA_RECEPTOR_SIGNALING_PATHWAY",5,"Up",0.641146652176985,0.990528216834344
"GOBP_NEGATIVE_REGULATION_OF_PHOSPHATIDYLINOSITOL_3_KINASE_SIGNALING",4,"Up",0.641308908154538,0.990528216834344
"GOBP_MEMBRANE_DEPOLARIZATION",21,"Up",0.641401890180978,0.990528216834344
"GOBP_REGULATION_OF_NON_MEMBRANE_SPANNING_PROTEIN_TYROSINE_KINASE_ACTIVITY",1,"Down",0.641670757738466,0.990528216834344
"GOBP_POSITIVE_REGULATION_OF_ATP_DEPENDENT_ACTIVITY",17,"Down",0.641769505428337,0.990528216834344
"GOBP_DEVELOPMENTAL_PROCESS_INVOLVED_IN_REPRODUCTION",157,"Up",0.642205676923954,0.990528216834344
"GOBP_PHYSIOLOGICAL_CARDIAC_MUSCLE_HYPERTROPHY",5,"Up",0.642943982695755,0.990528216834344
"GOBP_TETRAPYRROLE_BIOSYNTHETIC_PROCESS",4,"Down",0.643100098285274,0.990528216834344
"GOBP_PEPTIDYL_ASPARAGINE_MODIFICATION",4,"Up",0.643211666205376,0.990528216834344
"GOBP_REGULATION_OF_RESPONSE_TO_EXTRACELLULAR_STIMULUS",4,"Down",0.643358891176672,0.990528216834344
"GOBP_REGULATION_OF_PROTEIN_KINASE_C_SIGNALING",4,"Up",0.643438033750759,0.990528216834344
"GOBP_SPLICEOSOMAL_TRI_SNRNP_COMPLEX_ASSEMBLY",8,"Down",0.643589639129628,0.990528216834344
"GOBP_POSITIVE_REGULATION_OF_B_CELL_RECEPTOR_SIGNALING_PATHWAY",2,"Down",0.643642506516067,0.990528216834344
"GOBP_REGULATION_OF_IMMUNE_RESPONSE",139,"Up",0.644005234123917,0.990528216834344
"GOBP_MONOCARBOXYLIC_ACID_METABOLIC_PROCESS",126,"Down",0.644078421626035,0.990528216834344
"GOBP_POSITIVE_REGULATION_OF_CENTRIOLE_REPLICATION",2,"Up",0.644173388630651,0.990528216834344
"GOBP_NEGATIVE_REGULATION_OF_METAPHASE_ANAPHASE_TRANSITION_OF_CELL_CYCLE",7,"Up",0.64423601444195,0.990528216834344
"GOBP_REGULATION_OF_UNSATURATED_FATTY_ACID_BIOSYNTHETIC_PROCESS",2,"Down",0.644346465802055,0.990528216834344
"GOBP_GLYCEROPHOSPHOLIPID_CATABOLIC_PROCESS",9,"Up",0.644580626345051,0.990528216834344
"GOBP_POSITIVE_REGULATION_OF_INSULIN_SECRETION_INVOLVED_IN_CELLULAR_RESPONSE_TO_GLUCOSE_STIMULUS",5,"Down",0.645141646366132,0.990528216834344
"GOBP_CELLULAR_RESPONSE_TO_ALKALOID",8,"Down",0.645235906113696,0.990528216834344
"GOBP_REGULATION_OF_GENERATION_OF_PRECURSOR_METABOLITES_AND_ENERGY",38,"Up",0.645315550018284,0.990528216834344
"GOBP_GLYCEROPHOSPHOLIPID_METABOLIC_PROCESS",98,"Down",0.645469894308841,0.990528216834344
"GOBP_POSITIVE_REGULATION_OF_CELL_CELL_ADHESION",36,"Down",0.64552511256656,0.990528216834344
"GOBP_REGULATION_OF_EXTRINSIC_APOPTOTIC_SIGNALING_PATHWAY_VIA_DEATH_DOMAIN_RECEPTORS",7,"Up",0.645605833904364,0.990528216834344
"GOBP_RESPONSE_TO_CYTOKINE",167,"Down",0.645719759103513,0.990528216834344
"GOBP_NEGATIVE_REGULATION_OF_TUMOR_NECROSIS_FACTOR_MEDIATED_SIGNALING_PATHWAY",2,"Up",0.6458506395001,0.990528216834344
"GOBP_POSITIVE_REGULATION_OF_MEMBRANE_PROTEIN_ECTODOMAIN_PROTEOLYSIS",2,"Up",0.646030166894216,0.990528216834344
"GOBP_DENSE_CORE_GRANULE_EXOCYTOSIS",3,"Up",0.646205669103349,0.990528216834344
"GOBP_INTRINSIC_APOPTOTIC_SIGNALING_PATHWAY_IN_RESPONSE_TO_ENDOPLASMIC_RETICULUM_STRESS",13,"Up",0.646336324031737,0.990528216834344
"GOBP_CELLULAR_RESPONSE_TO_ACIDIC_PH",6,"Up",0.646387043339923,0.990528216834344
"GOBP_DNA_DAMAGE_RESPONSE_SIGNAL_TRANSDUCTION_RESULTING_IN_TRANSCRIPTION",2,"Up",0.646388578799854,0.990528216834344
"GOBP_REGULATION_OF_DNA_DAMAGE_RESPONSE_SIGNAL_TRANSDUCTION_BY_P53_CLASS_MEDIATOR_RESULTING_IN_TRANSCRIPTION_OF_P21_CLASS_MEDIATOR",2,"Up",0.646388578799854,0.990528216834344
"GOBP_REGULATION_OF_PROTEIN_SECRETION",59,"Up",0.647068572928488,0.990528216834344
"GOBP_REGULATION_OF_DNA_BINDING_TRANSCRIPTION_FACTOR_ACTIVITY",83,"Up",0.647535342471251,0.990528216834344
"GOBP_CELLULAR_RESPONSE_TO_PEPTIDE",96,"Down",0.647537264942979,0.990528216834344
"GOBP_SUCCINYL_COA_METABOLIC_PROCESS",3,"Down",0.647645605813144,0.990528216834344
"GOBP_NEURON_PROJECTION_REGENERATION",10,"Up",0.647739810533043,0.990528216834344
"GOBP_POSITIVE_REGULATION_OF_CELL_ADHESION",68,"Down",0.647880951649664,0.990528216834344
"GOBP_ATP_SYNTHESIS_COUPLED_PROTON_TRANSPORT",3,"Up",0.64793541835436,0.990528216834344
"GOBP_EPITHELIAL_CELL_MATURATION",2,"Down",0.647971802115216,0.990528216834344
"GOBP_GLYCEROLIPID_CATABOLIC_PROCESS",13,"Up",0.648173231896099,0.990528216834344
"GOBP_REGULATION_OF_OLIGODENDROCYTE_DIFFERENTIATION",8,"Down",0.64830307784756,0.990528216834344
"GOBP_REGULATION_OF_BLOOD_PRESSURE",22,"Down",0.648432199187155,0.990528216834344
"GOBP_MYOBLAST_DIFFERENTIATION",11,"Up",0.648444819601278,0.990528216834344
"GOBP_SYNCYTIUM_FORMATION",7,"Down",0.648473908444172,0.990528216834344
"GOBP_I_KAPPAB_KINASE_NF_KAPPAB_SIGNALING",65,"Up",0.648829215308424,0.990528216834344
"GOBP_POSITIVE_REGULATION_OF_RESPIRATORY_BURST",1,"Down",0.648830340128633,0.990528216834344
"GOBP_ENTEROENDOCRINE_CELL_DIFFERENTIATION",4,"Up",0.648870392588871,0.990528216834344
"GOBP_REGULATION_OF_TYPE_B_PANCREATIC_CELL_DEVELOPMENT",4,"Up",0.648870392588871,0.990528216834344
"GOBP_TYPE_B_PANCREATIC_CELL_DEVELOPMENT",4,"Up",0.648870392588871,0.990528216834344
"GOBP_BONE_GROWTH",3,"Down",0.648896009641214,0.990528216834344
"GOBP_CARTILAGE_DEVELOPMENT_INVOLVED_IN_ENDOCHONDRAL_BONE_MORPHOGENESIS",3,"Down",0.648896009641214,0.990528216834344
"GOBP_GROWTH_PLATE_CARTILAGE_DEVELOPMENT",3,"Down",0.648896009641214,0.990528216834344
"GOBP_UBIQUITIN_DEPENDENT_SMAD_PROTEIN_CATABOLIC_PROCESS",1,"Up",0.64923066738557,0.990528216834344
"GOBP_GLYCOSPHINGOLIPID_BIOSYNTHETIC_PROCESS",2,"Down",0.649482344860581,0.990528216834344
"GOBP_POSITIVE_REGULATION_OF_CELL_DIVISION",15,"Up",0.649491146328927,0.990528216834344
"GOBP_RRNA_CATABOLIC_PROCESS",6,"Up",0.649521940359846,0.990528216834344
"GOBP_MAINTENANCE_OF_SISTER_CHROMATID_COHESION",3,"Up",0.649819534420952,0.990528216834344
"GOBP_NADP_METABOLIC_PROCESS",10,"Up",0.650468103189052,0.990528216834344
"GOBP_POSITIVE_REGULATION_OF_G1_S_TRANSITION_OF_MITOTIC_CELL_CYCLE",15,"Down",0.650932774266783,0.990528216834344
"GOBP_PROTEIN_PEPTIDYL_PROLYL_ISOMERIZATION",18,"Down",0.650952298163229,0.990528216834344
"GOBP_POSITIVE_REGULATION_OF_SKELETAL_MUSCLE_TISSUE_GROWTH",2,"Up",0.65121865442923,0.990528216834344
"GOBP_REGULATION_OF_SKELETAL_MUSCLE_TISSUE_GROWTH",2,"Up",0.65121865442923,0.990528216834344
"GOBP_SKELETAL_MUSCLE_TISSUE_GROWTH",2,"Up",0.65121865442923,0.990528216834344
"GOBP_RESPONSE_TO_GROWTH_HORMONE",9,"Down",0.651233896480259,0.990528216834344
"GOBP_ANIMAL_ORGAN_REGENERATION",12,"Down",0.65123537442319,0.990528216834344
"GOBP_NEGATIVE_REGULATION_OF_PROTEIN_LOCALIZATION_TO_CELL_SURFACE",5,"Up",0.651546757857548,0.990528216834344
"GOBP_POSITIVE_REGULATION_OF_RNA_BINDING",7,"Up",0.651666310441645,0.990528216834344
"GOBP_POSITIVE_REGULATION_OF_T_CELL_MIGRATION",4,"Up",0.651762963268413,0.990528216834344
"GOBP_AMINOPHOSPHOLIPID_TRANSLOCATION",3,"Down",0.651778167801471,0.990528216834344
"GOBP_AMINOPHOSPHOLIPID_TRANSPORT",3,"Down",0.651778167801471,0.990528216834344
"GOBP_POSITIVE_REGULATION_OF_PHOSPHOLIPID_TRANSLOCATION",3,"Down",0.651778167801471,0.990528216834344
"GOBP_POSITIVE_REGULATION_OF_MULTICELLULAR_ORGANISMAL_PROCESS",233,"Down",0.651799123722383,0.990528216834344
"GOBP_HISTONE_THREONINE_PHOSPHORYLATION",3,"Down",0.651809566277188,0.990528216834344
"GOBP_POSITIVE_REGULATION_OF_CELLULAR_EXTRAVASATION",1,"Down",0.652280545532652,0.990528216834344
"GOBP_POSITIVE_REGULATION_OF_NEUTROPHIL_EXTRAVASATION",1,"Down",0.652280545532652,0.990528216834344
"GOBP_REGULATION_OF_NEUTROPHIL_EXTRAVASATION",1,"Down",0.652280545532652,0.990528216834344
"GOBP_REGULATION_OF_T_CELL_EXTRAVASATION",1,"Down",0.652280545532652,0.990528216834344
"GOBP_NEURONAL_STEM_CELL_POPULATION_MAINTENANCE",4,"Up",0.652499549083152,0.990528216834344
"GOBP_NUCLEOSIDE_TRIPHOSPHATE_BIOSYNTHETIC_PROCESS",25,"Down",0.652614860087831,0.990528216834344
"GOBP_DNA_DAMAGE_RESPONSE_SIGNAL_TRANSDUCTION_BY_P53_CLASS_MEDIATOR",15,"Up",0.652693320243962,0.990528216834344
"GOBP_CELLULAR_TRIGLYCERIDE_HOMEOSTASIS",2,"Down",0.652719330204612,0.990528216834344
"GOBP_BLOOD_VESSEL_ENDOTHELIAL_CELL_DIFFERENTIATION",1,"Down",0.652781434881147,0.990528216834344
"GOBP_MONOCARBOXYLIC_ACID_CATABOLIC_PROCESS",29,"Up",0.652908960161557,0.990528216834344
"GOBP_NEGATIVE_REGULATION_OF_EXECUTION_PHASE_OF_APOPTOSIS",1,"Up",0.652918248340227,0.990528216834344
"GOBP_THYMOCYTE_APOPTOTIC_PROCESS",1,"Up",0.652918248340227,0.990528216834344
"GOBP_REGULATION_OF_MEMBRANE_REPOLARIZATION_DURING_ACTION_POTENTIAL",1,"Down",0.653122532536905,0.990528216834344
"GOBP_LATE_ENDOSOME_TO_LYSOSOME_TRANSPORT",12,"Down",0.653346658214869,0.990528216834344
"GOBP_DETECTION_OF_STIMULUS_INVOLVED_IN_SENSORY_PERCEPTION_OF_PAIN",9,"Up",0.653525018166926,0.990528216834344
"GOBP_NEGATIVE_REGULATION_OF_ACTIVATED_T_CELL_PROLIFERATION",2,"Up",0.653536318314187,0.990528216834344
"GOBP_CEREBRAL_CORTEX_CELL_MIGRATION",14,"Down",0.653656481785098,0.990528216834344
"GOBP_NEGATIVE_REGULATION_OF_CALCIUM_ION_DEPENDENT_EXOCYTOSIS",3,"Down",0.653718386645952,0.990528216834344
"GOBP_PROGRAMMED_NECROTIC_CELL_DEATH",11,"Up",0.65374888969827,0.990528216834344
"GOBP_NEGATIVE_REGULATION_OF_TORC1_SIGNALING",4,"Down",0.654015181522078,0.990528216834344
"GOBP_REGULATION_OF_GLYCOGEN_STARCH_SYNTHASE_ACTIVITY",4,"Up",0.654177247416363,0.990528216834344
"GOBP_GLUTAMINE_FAMILY_AMINO_ACID_BIOSYNTHETIC_PROCESS",7,"Up",0.65426181739933,0.990528216834344
"GOBP_SIGNAL_RELEASE",112,"Up",0.654278945247517,0.990528216834344
"GOBP_REGULATION_OF_DNA_TEMPLATED_TRANSCRIPTION_ELONGATION",21,"Down",0.654321712275314,0.990528216834344
"GOBP_CARDIAC_CHAMBER_MORPHOGENESIS",10,"Down",0.654789271491518,0.990528216834344
"GOBP_REGULATION_OF_PHOSPHOPROTEIN_PHOSPHATASE_ACTIVITY",25,"Up",0.654911915636156,0.990528216834344
"GOBP_CLEAVAGE_FURROW_FORMATION",2,"Up",0.654930282654574,0.990528216834344
"GOBP_INORGANIC_ION_TRANSMEMBRANE_TRANSPORT",168,"Down",0.655022815444537,0.990528216834344
"GOBP_NEGATIVE_REGULATION_OF_PHOSPHORYLATION",104,"Up",0.65505996634011,0.990528216834344
"GOBP_POSITIVE_REGULATION_OF_MICROTUBULE_BINDING",2,"Up",0.655302553730613,0.990528216834344
"GOBP_PROTON_TRANSPORTING_V_TYPE_ATPASE_COMPLEX_ASSEMBLY",3,"Down",0.655472228443996,0.990528216834344
"GOBP_PROTEIN_LOCALIZATION_TO_CELL_JUNCTION",36,"Down",0.655692873454231,0.990528216834344
"GOBP_PROXIMAL_DISTAL_PATTERN_FORMATION",2,"Down",0.655755837359161,0.990528216834344
"GOBP_NEURON_APOPTOTIC_PROCESS",54,"Up",0.655876025147651,0.990528216834344
"GOBP_RELAXATION_OF_CARDIAC_MUSCLE",6,"Down",0.656178929629931,0.990528216834344
"GOBP_POSITIVE_REGULATION_OF_LIPID_TRANSPORT",13,"Down",0.656269855955146,0.990528216834344
"GOBP_REGULATION_OF_BLOOD_BRAIN_BARRIER_PERMEABILITY",1,"Down",0.656399855216557,0.990528216834344
"GOBP_ASPARTATE_FAMILY_AMINO_ACID_CATABOLIC_PROCESS",4,"Down",0.656528376069741,0.990528216834344
"GOBP_RESPONSE_TO_MINERALOCORTICOID",7,"Up",0.656757480114591,0.990528216834344
"GOBP_COLLAGEN_METABOLIC_PROCESS",10,"Up",0.656792440539864,0.990528216834344
"GOBP_G_PROTEIN_COUPLED_OPIOID_RECEPTOR_SIGNALING_PATHWAY",2,"Up",0.656847113752363,0.990528216834344
"GOBP_ETHER_METABOLIC_PROCESS",4,"Up",0.656937618259068,0.990528216834344
"GOBP_REGULATION_OF_3_UTR_MEDIATED_MRNA_STABILIZATION",3,"Up",0.657223296864285,0.990528216834344
"GOBP_POSITIVE_REGULATION_OF_INTRACELLULAR_PROTEIN_TRANSPORT",54,"Up",0.657229990936875,0.990528216834344
"GOBP_POSITIVE_REGULATION_OF_I_KAPPAB_KINASE_NF_KAPPAB_SIGNALING",40,"Up",0.657249657099282,0.990528216834344
"GOBP_ADAPTIVE_IMMUNE_RESPONSE",38,"Up",0.657338023925405,0.990528216834344
"GOBP_NEGATIVE_REGULATION_OF_ENDOPLASMIC_RETICULUM_STRESS_INDUCED_EIF2_ALPHA_PHOSPHORYLATION",1,"Down",0.657870695912449,0.990528216834344
"GOBP_POSITIVE_REGULATION_OF_ENDOPLASMIC_RETICULUM_STRESS_INDUCED_INTRINSIC_APOPTOTIC_SIGNALING_PATHWAY",1,"Down",0.657870695912449,0.990528216834344
"GOBP_POSITIVE_REGULATION_OF_NOTCH_SIGNALING_PATHWAY",7,"Up",0.657912332441039,0.990528216834344
"GOBP_POSITIVE_REGULATION_OF_LIPID_STORAGE",4,"Down",0.657950799763037,0.990528216834344
"GOBP_PROSTATE_GLAND_MORPHOGENESIS",2,"Down",0.658270390211723,0.990528216834344
"GOBP_DETECTION_OF_MECHANICAL_STIMULUS_INVOLVED_IN_SENSORY_PERCEPTION_OF_PAIN",5,"Down",0.658272491330373,0.990528216834344
"GOBP_CELLULAR_RESPONSE_TO_EXOGENOUS_DSRNA",5,"Up",0.658319730755164,0.990528216834344
"GOBP_LIPID_TRANSPORT_ACROSS_BLOOD_BRAIN_BARRIER",2,"Down",0.658381917883056,0.990528216834344
"GOBP_LYSOSOMAL_MICROAUTOPHAGY",3,"Up",0.658399837721305,0.990528216834344
"GOBP_REGULATION_OF_RNA_SPLICING",75,"Up",0.658524745655291,0.990528216834344
"GOBP_CRD_MEDIATED_MRNA_STABILIZATION",8,"Up",0.658628677692652,0.990528216834344
"GOBP_NEGATIVE_REGULATION_OF_NUCLEAR_TRANSCRIBED_MRNA_CATABOLIC_PROCESS_DEADENYLATION_DEPENDENT_DECAY",8,"Up",0.658628677692652,0.990528216834344
"GOBP_RAS_PROTEIN_SIGNAL_TRANSDUCTION",103,"Up",0.658847203999029,0.990528216834344
"GOBP_CELLULAR_RESPONSE_TO_ARSENIC_CONTAINING_SUBSTANCE",6,"Down",0.658956021239555,0.990528216834344
"GOBP_T_CELL_ACTIVATION_INVOLVED_IN_IMMUNE_RESPONSE",14,"Up",0.6592320117455,0.990528216834344
"GOBP_INTRACELLULAR_MRNA_LOCALIZATION",4,"Up",0.659241401331675,0.990528216834344
"GOBP_RRNA_3_END_PROCESSING",5,"Down",0.659255318360037,0.990528216834344
"GOBP_ENDOTHELIAL_CELL_CHEMOTAXIS",3,"Up",0.659314297104206,0.990528216834344
"GOBP_NEGATIVE_REGULATION_OF_CELL_SIZE",5,"Down",0.659610215713871,0.990528216834344
"GOBP_ASPARTATE_METABOLIC_PROCESS",3,"Up",0.659859739333926,0.990528216834344
"GOBP_NEGATIVE_REGULATION_OF_CYCLIC_NUCLEOTIDE_PHOSPHODIESTERASE_ACTIVITY",2,"Up",0.659906857268861,0.990528216834344
"GOBP_PHOSPHATIDYLETHANOLAMINE_BIOSYNTHETIC_PROCESS",3,"Down",0.660516905333821,0.990528216834344
"GOBP_POSITIVE_REGULATION_OF_TRANSLATION_IN_RESPONSE_TO_STRESS",5,"Down",0.660580341072582,0.990528216834344
"GOBP_BRANCHIOMOTOR_NEURON_AXON_GUIDANCE",1,"Up",0.660749337470562,0.990528216834344
"GOBP_PHOSPHATIDYLGLYCEROL_METABOLIC_PROCESS",13,"Down",0.660819121979429,0.990528216834344
"GOBP_AMINOGLYCOSIDE_ANTIBIOTIC_METABOLIC_PROCESS",1,"Down",0.660899531261562,0.990528216834344
"GOBP_POLYKETIDE_METABOLIC_PROCESS",1,"Down",0.660899531261562,0.990528216834344
"GOBP_POSITIVE_REGULATION_OF_GLIAL_CELL_PROLIFERATION",2,"Up",0.660907301975641,0.990528216834344
"GOBP_CALCIUM_ION_IMPORT",15,"Down",0.661202634974165,0.990528216834344
"GOBP_GLYCEROLIPID_METABOLIC_PROCESS",109,"Down",0.661505899725084,0.990528216834344
"GOBP_BICARBONATE_TRANSPORT",4,"Down",0.661564722761051,0.990528216834344
"GOBP_L_CYSTINE_TRANSPORT",1,"Up",0.661899700200238,0.990528216834344
"GOBP_PROLINE_TRANSMEMBRANE_TRANSPORT",1,"Up",0.661899700200238,0.990528216834344
"GOBP_SULFUR_AMINO_ACID_TRANSPORT",1,"Up",0.661899700200238,0.990528216834344
"GOBP_PROTEIN_LOCALIZATION_TO_ORGANELLE",318,"Up",0.661980423106908,0.990528216834344
"GOBP_REGULATION_OF_RENAL_SYSTEM_PROCESS",3,"Down",0.662352514743537,0.990528216834344
"GOBP_POSITIVE_REGULATION_OF_FOCAL_ADHESION_ASSEMBLY",8,"Down",0.662877603493045,0.990528216834344
"GOBP_ATTACHMENT_OF_SPINDLE_MICROTUBULES_TO_KINETOCHORE",11,"Up",0.662914772419277,0.990528216834344
"GOBP_MALE_GENITALIA_DEVELOPMENT",2,"Down",0.662933705597106,0.990528216834344
"GOBP_MORPHOGENESIS_OF_AN_EPITHELIAL_BUD",2,"Down",0.662933705597106,0.990528216834344
"GOBP_L_SERINE_TRANSPORT",2,"Down",0.662948701742148,0.990528216834344
"GOBP_POSITIVE_REGULATION_OF_SMALL_GTPASE_MEDIATED_SIGNAL_TRANSDUCTION",13,"Down",0.663012308437869,0.990528216834344
"GOBP_METANEPHRIC_EPITHELIUM_DEVELOPMENT",2,"Down",0.663143223155682,0.990528216834344
"GOBP_METANEPHRIC_TUBULE_DEVELOPMENT",2,"Down",0.663143223155682,0.990528216834344
"GOBP_SULFUR_COMPOUND_TRANSPORT",8,"Up",0.663502978256262,0.990528216834344
"GOBP_CALCIUM_ION_TRANSMEMBRANE_TRANSPORT",66,"Up",0.663778133291247,0.990528216834344
"GOBP_AMYLOID_BETA_CLEARANCE_BY_CELLULAR_CATABOLIC_PROCESS",2,"Down",0.66389305801113,0.990528216834344
"GOBP_TRACHEA_DEVELOPMENT",4,"Up",0.663927922907445,0.990528216834344
"GOBP_TRACHEA_FORMATION",4,"Up",0.663927922907445,0.990528216834344
"GOBP_TRACHEA_MORPHOGENESIS",4,"Up",0.663927922907445,0.990528216834344
"GOBP_B_CELL_CHEMOTAXIS",2,"Up",0.664024496896525,0.990528216834344
"GOBP_MITOCHONDRIAL_TRANSCRIPTION",2,"Up",0.664104905288767,0.990528216834344
"GOBP_POSITIVE_REGULATION_OF_GLYCOLYTIC_PROCESS",2,"Down",0.664297125555217,0.990528216834344
"GOBP_NEGATIVE_REGULATION_OF_DEFENSE_RESPONSE",32,"Up",0.664390772468058,0.990528216834344
"GOBP_LENS_DEVELOPMENT_IN_CAMERA_TYPE_EYE",9,"Down",0.664452468375732,0.990528216834344
"GOBP_POSITIVE_REGULATION_OF_PROTEIN_SECRETION",33,"Up",0.664645712333251,0.990528216834344
"GOBP_REGULATION_OF_MIRNA_METABOLIC_PROCESS",6,"Down",0.665632983495539,0.990528216834344
"GOBP_CELLULAR_HYPEROSMOTIC_RESPONSE",5,"Up",0.665714566504775,0.990528216834344
"GOBP_HYPEROSMOTIC_RESPONSE",5,"Up",0.665714566504775,0.990528216834344
"GOBP_APOPTOTIC_DNA_FRAGMENTATION",3,"Up",0.665945435141444,0.990528216834344
"GOBP_DNA_CATABOLIC_PROCESS",3,"Up",0.665945435141444,0.990528216834344
"GOBP_DNA_CATABOLIC_PROCESS_ENDONUCLEOLYTIC",3,"Up",0.665945435141444,0.990528216834344
"GOBP_MYELIN_MAINTENANCE",8,"Up",0.666324590766067,0.990528216834344
"GOBP_NEGATIVE_REGULATION_OF_FIBROBLAST_MIGRATION",3,"Down",0.666369342384724,0.990528216834344
"GOBP_TISSUE_DEVELOPMENT",292,"Down",0.666565172185043,0.990528216834344
"GOBP_NEGATIVE_REGULATION_OF_PERK_MEDIATED_UNFOLDED_PROTEIN_RESPONSE",3,"Down",0.666740345442546,0.990528216834344
"GOBP_REGULATION_OF_PERK_MEDIATED_UNFOLDED_PROTEIN_RESPONSE",3,"Down",0.666740345442546,0.990528216834344
"GOBP_MESENCHYME_MORPHOGENESIS",3,"Down",0.66679059566249,0.990528216834344
"GOBP_OLFACTORY_LOBE_DEVELOPMENT",3,"Down",0.666816036270622,0.990528216834344
"GOBP_TELENCEPHALON_DEVELOPMENT",56,"Up",0.666909957696732,0.990528216834344
"GOBP_SPINAL_CORD_MOTOR_NEURON_CELL_FATE_SPECIFICATION",1,"Down",0.666972325299084,0.990528216834344
"GOBP_CHEMICAL_SYNAPTIC_TRANSMISSION_POSTSYNAPTIC",21,"Down",0.667243755614463,0.990528216834344
"GOBP_MARGINAL_ZONE_B_CELL_DIFFERENTIATION",2,"Up",0.667325587431674,0.990528216834344
"GOBP_CELLULAR_RESPONSE_TO_CALCIUM_ION",16,"Down",0.667376761554942,0.990528216834344
"GOBP_TRICARBOXYLIC_ACID_CYCLE",17,"Down",0.667545701283822,0.990528216834344
"GOBP_BRANCHING_INVOLVED_IN_MAMMARY_GLAND_DUCT_MORPHOGENESIS",4,"Up",0.667716545962562,0.990528216834344
"GOBP_MAMMARY_GLAND_DUCT_MORPHOGENESIS",4,"Up",0.667716545962562,0.990528216834344
"GOBP_MITOTIC_G2_M_TRANSITION_CHECKPOINT",10,"Down",0.667727449292348,0.990528216834344
"GOBP_ANTERIOR_POSTERIOR_AXIS_SPECIFICATION",9,"Down",0.66773534429139,0.990528216834344
"GOBP_CHROMOSOME_SEGREGATION",79,"Up",0.667842983409358,0.990528216834344
"GOBP_SIGNAL_TRANSDUCTION_IN_ABSENCE_OF_LIGAND",11,"Up",0.667849563452084,0.990528216834344
"GOBP_REGULATION_OF_PHOSPHATIDYLCHOLINE_BIOSYNTHETIC_PROCESS",3,"Up",0.667888819880677,0.990528216834344
"GOBP_REGULATION_OF_PHOSPHATIDYLINOSITOL_3_KINASE_ACTIVITY",7,"Down",0.667980011173144,0.990528216834344
"GOBP_CHORION_DEVELOPMENT",2,"Up",0.667986737419186,0.990528216834344
"GOBP_EXTRAEMBRYONIC_MEMBRANE_DEVELOPMENT",2,"Up",0.667986737419186,0.990528216834344
"GOBP_FATTY_ACID_HOMEOSTASIS",4,"Down",0.668047779569917,0.990528216834344
"GOBP_MATURATION_OF_SSU_RRNA",10,"Down",0.668072427269666,0.990528216834344
"GOBP_NEUTRAL_LIPID_CATABOLIC_PROCESS",5,"Up",0.66811308837007,0.990528216834344
"GOBP_GLYCOSIDE_CATABOLIC_PROCESS",1,"Up",0.668114212894233,0.990528216834344
"GOBP_MYELOID_LEUKOCYTE_ACTIVATION",33,"Up",0.668153485532938,0.990528216834344
"GOBP_MESONEPHRIC_TUBULE_MORPHOGENESIS",5,"Down",0.668389724083191,0.990528216834344
"GOBP_EXCRETION",6,"Up",0.668718873456034,0.990528216834344
"GOBP_POSITIVE_REGULATION_OF_GLUCOSE_METABOLIC_PROCESS",9,"Down",0.668872712946896,0.990528216834344
"GOBP_ACID_SECRETION",8,"Up",0.669219357955055,0.990528216834344
"GOBP_NEGATIVE_REGULATION_OF_ORGANIC_ACID_TRANSPORT",6,"Down",0.669441828259708,0.990528216834344
"GOBP_CARBOHYDRATE_MEDIATED_SIGNALING",2,"Down",0.669653675666941,0.990528216834344
"GOBP_RNA_POLYMERASE_I_PREINITIATION_COMPLEX_ASSEMBLY",2,"Down",0.669653675666941,0.990528216834344
"GOBP_SUGAR_MEDIATED_SIGNALING_PATHWAY",2,"Down",0.669653675666941,0.990528216834344
"GOBP_TRANSCRIPTION_INITIATION_FROM_RNA_POLYMERASE_I_PROMOTER",2,"Down",0.669653675666941,0.990528216834344
"GOBP_PROTEIN_DEGLYCOSYLATION",6,"Up",0.669725667850355,0.990528216834344
"GOBP_POSITIVE_REGULATION_OF_SYNAPTIC_VESICLE_ENDOCYTOSIS",2,"Up",0.669846237770294,0.990528216834344
"GOBP_NEGATIVE_REGULATION_OF_OXIDATIVE_PHOSPHORYLATION",1,"Down",0.670440186727812,0.990528216834344
"GOBP_POSITIVE_REGULATION_OF_HYDROGEN_PEROXIDE_METABOLIC_PROCESS",1,"Down",0.670440186727812,0.990528216834344
"GOBP_REGULATION_OF_DOPAMINE_UPTAKE_INVOLVED_IN_SYNAPTIC_TRANSMISSION",1,"Down",0.670440186727812,0.990528216834344
"GOBP_SEROTONIN_TRANSPORT",1,"Down",0.670440186727812,0.990528216834344
"GOBP_SEROTONIN_UPTAKE",1,"Down",0.670440186727812,0.990528216834344
"GOBP_LONG_CHAIN_FATTY_ACID_TRANSPORT",12,"Up",0.670457248540381,0.990528216834344
"GOBP_REGULATION_OF_PROTEIN_TYROSINE_KINASE_ACTIVITY",17,"Down",0.670575825485486,0.990528216834344
"GOBP_AMINO_ACID_IMPORT",8,"Up",0.670821141591598,0.990528216834344
"GOBP_NUCLEOSOME_ORGANIZATION",30,"Down",0.671002356269484,0.990528216834344
"GOBP_DNA_STRAND_ELONGATION",10,"Up",0.671059917094327,0.990528216834344
"GOBP_MRNA_EXPORT_FROM_NUCLEUS",33,"Up",0.67124107477171,0.990528216834344
"GOBP_REGULATION_OF_MODIFICATION_OF_SYNAPTIC_STRUCTURE",3,"Up",0.671241733461928,0.990528216834344
"GOBP_RESPONSE_TO_HYDROPEROXIDE",3,"Up",0.671332308265538,0.990528216834344
"GOBP_CELL_PROJECTION_ASSEMBLY",165,"Up",0.671537678280757,0.990528216834344
"GOBP_POSITIVE_REGULATION_OF_PROTEIN_CATABOLIC_PROCESS",77,"Up",0.671592825675584,0.990528216834344
"GOBP_REGULATION_OF_MYELOID_LEUKOCYTE_DIFFERENTIATION",10,"Down",0.67185302100988,0.990528216834344
"GOBP_GMP_BIOSYNTHETIC_PROCESS",8,"Up",0.672113462766193,0.990528216834344
"GOBP_REGULATION_OF_CYTOSOLIC_CALCIUM_ION_CONCENTRATION",44,"Up",0.672154040522965,0.990528216834344
"GOBP_FATTY_ACID_METABOLIC_PROCESS",81,"Down",0.672185870183079,0.990528216834344
"GOBP_REGULATION_OF_SYNAPTIC_VESICLE_PRIMING",6,"Up",0.672226328589682,0.990528216834344
"GOBP_ADULT_HEART_DEVELOPMENT",2,"Down",0.672271399347794,0.990528216834344
"GOBP_MITOTIC_DNA_INTEGRITY_CHECKPOINT_SIGNALING",20,"Down",0.672303868810498,0.990528216834344
"GOBP_NEURAL_TUBE_PATTERNING",7,"Up",0.6723312568956,0.990528216834344
"GOBP_REGULATION_OF_LEUKOCYTE_MEDIATED_CYTOTOXICITY",8,"Up",0.672414680513303,0.990528216834344
"GOBP_IRON_IMPORT_INTO_CELL",1,"Up",0.67242062701538,0.990528216834344
"GOBP_IRON_ION_IMPORT_ACROSS_PLASMA_MEMBRANE",1,"Up",0.67242062701538,0.990528216834344
"GOBP_PLASMINOGEN_ACTIVATION",4,"Down",0.672482996043852,0.990528216834344
"GOBP_AUTOPHAGOSOME_ORGANIZATION",45,"Up",0.672574204212237,0.990528216834344
"GOBP_FEMALE_MEIOTIC_NUCLEAR_DIVISION",3,"Up",0.672652982062783,0.990528216834344
"GOBP_INTERLEUKIN_23_PRODUCTION",1,"Down",0.672808497365217,0.990528216834344
"GOBP_ADP_TRANSPORT",2,"Up",0.673289225255844,0.990528216834344
"GOBP_ATP_TRANSPORT",2,"Up",0.673289225255844,0.990528216834344
"GOBP_MITOCHONDRIAL_ADP_TRANSMEMBRANE_TRANSPORT",2,"Up",0.673289225255844,0.990528216834344
"GOBP_TISSUE_MORPHOGENESIS",92,"Up",0.673292724616078,0.990528216834344
"GOBP_TRIF_DEPENDENT_TOLL_LIKE_RECEPTOR_SIGNALING_PATHWAY",1,"Up",0.673551508904233,0.990528216834344
"GOBP_N_GLYCAN_PROCESSING",1,"Up",0.673620829804472,0.990528216834344
"GOBP_REGULATION_OF_DNA_DAMAGE_CHECKPOINT",6,"Down",0.673648017315248,0.990528216834344
"GOBP_NEGATIVE_REGULATION_OF_IMMUNE_SYSTEM_PROCESS",46,"Down",0.673773215731644,0.990528216834344
"GOBP_POSITIVE_REGULATION_OF_EXTRINSIC_APOPTOTIC_SIGNALING_PATHWAY",8,"Down",0.673922324945694,0.990528216834344
"GOBP_POSITIVE_REGULATION_OF_TRANSLATION_IN_RESPONSE_TO_ENDOPLASMIC_RETICULUM_STRESS",3,"Down",0.674353934492077,0.990528216834344
"GOBP_NEGATIVE_REGULATION_OF_AMINO_ACID_TRANSPORT",3,"Down",0.674705729674098,0.990528216834344
"GOBP_ALDITOL_METABOLIC_PROCESS",5,"Down",0.674848782486986,0.990528216834344
"GOBP_ANDROGEN_BIOSYNTHETIC_PROCESS",1,"Up",0.6755897231781,0.990528216834344
"GOBP_EMBRYONIC_HEMOPOIESIS",1,"Up",0.6755897231781,0.990528216834344
"GOBP_ENUCLEATE_ERYTHROCYTE_DIFFERENTIATION",1,"Up",0.6755897231781,0.990528216834344
"GOBP_POSITIVE_REGULATION_OF_HEPATOCYTE_PROLIFERATION",1,"Up",0.6755897231781,0.990528216834344
"GOBP_REGULATION_OF_HEPATOCYTE_PROLIFERATION",1,"Up",0.6755897231781,0.990528216834344
"GOBP_RETINAL_PIGMENT_EPITHELIUM_DEVELOPMENT",1,"Up",0.6755897231781,0.990528216834344
"GOBP_THYROID_HORMONE_GENERATION",1,"Up",0.6755897231781,0.990528216834344
"GOBP_THYROID_HORMONE_METABOLIC_PROCESS",1,"Up",0.6755897231781,0.990528216834344
"GOBP_VENTRICULAR_TRABECULA_MYOCARDIUM_MORPHOGENESIS",1,"Up",0.6755897231781,0.990528216834344
"GOBP_POSITIVE_REGULATION_OF_RESPONSE_TO_CYTOKINE_STIMULUS",13,"Down",0.675611409173421,0.990528216834344
"GOBP_NEGATIVE_REGULATION_OF_ENDOCYTOSIS",19,"Down",0.675757398713665,0.990528216834344
"GOBP_REGULATION_OF_LYMPHOCYTE_MIGRATION",12,"Down",0.676195824883916,0.990643334506574
"GOBP_NEGATIVE_REGULATION_OF_CARTILAGE_DEVELOPMENT",2,"Down",0.676522100986983,0.990643334506574
"GOBP_NEGATIVE_REGULATION_OF_CHONDROCYTE_DIFFERENTIATION",2,"Down",0.676522100986983,0.990643334506574
"GOBP_HISTONE_MODIFICATION",123,"Down",0.676655324628411,0.990643334506574
"GOBP_PHOSPHOLIPASE_C_ACTIVATING_G_PROTEIN_COUPLED_RECEPTOR_SIGNALING_PATHWAY",5,"Down",0.676716480187268,0.990643334506574
"GOBP_ESTABLISHMENT_OF_MEIOTIC_SPINDLE_LOCALIZATION",2,"Up",0.677049339153243,0.990643334506574
"GOBP_CARDIAC_MUSCLE_CELL_CONTRACTION",18,"Up",0.677202507102575,0.990643334506574
"GOBP_MITOCHONDRIAL_ELECTRON_TRANSPORT_UBIQUINOL_TO_CYTOCHROME_C",2,"Down",0.677809906518941,0.990643334506574
"GOBP_SUBSTRATE_ADHESION_DEPENDENT_CELL_SPREADING",22,"Down",0.678022907621058,0.990643334506574
"GOBP_OLIGODENDROCYTE_DEVELOPMENT",9,"Up",0.678077760580683,0.990643334506574
"GOBP_NEGATIVE_REGULATION_OF_DEVELOPMENTAL_GROWTH",14,"Down",0.678107593022277,0.990643334506574
"GOBP_REGULATION_OF_CELLULAR_RESPONSE_TO_STRESS",163,"Up",0.678110213632192,0.990643334506574
"GOBP_GTP_BIOSYNTHETIC_PROCESS",4,"Down",0.678156372660466,0.990643334506574
"GOBP_UV_DAMAGE_EXCISION_REPAIR",4,"Down",0.678206975135773,0.990643334506574
"GOBP_NEGATIVE_REGULATION_OF_OXIDOREDUCTASE_ACTIVITY",6,"Down",0.678325931854729,0.990643334506574
"GOBP_POSITIVE_REGULATION_OF_ADAPTIVE_IMMUNE_RESPONSE",12,"Up",0.678366860295922,0.990643334506574
"GOBP_CELLULAR_POLYSACCHARIDE_CATABOLIC_PROCESS",6,"Up",0.678502538064918,0.990643334506574
"GOBP_POLYSACCHARIDE_CATABOLIC_PROCESS",6,"Up",0.678502538064918,0.990643334506574
"GOBP_AMINOGLYCAN_BIOSYNTHETIC_PROCESS",5,"Down",0.67878171556271,0.990834606410793
"GOBP_AMINO_ACID_HOMEOSTASIS",2,"Down",0.679108981483703,0.990909285150784
"GOBP_NEGATIVE_REGULATION_OF_PHOSPHATASE_ACTIVITY",14,"Down",0.679129243883063,0.990909285150784
"GOBP_UTP_BIOSYNTHETIC_PROCESS",2,"Down",0.679295188314686,0.990935192901463
"GOBP_NEGATIVE_REGULATION_OF_CELL_DEVELOPMENT",34,"Down",0.679778323811316,0.991360700590766
"GOBP_POSITIVE_REGULATION_OF_SKELETAL_MUSCLE_FIBER_DEVELOPMENT",1,"Up",0.679883381622439,0.991360700590766
"GOBP_PHOTORECEPTOR_CELL_DIFFERENTIATION",9,"Up",0.680909399583471,0.992018447203622
"GOBP_POSITIVE_REGULATION_OF_ACTIN_CYTOSKELETON_REORGANIZATION",5,"Down",0.681000652804377,0.992018447203622
"GOBP_MAMMALIAN_OOGENESIS_STAGE",2,"Down",0.681117738018851,0.992018447203622
"GOBP_MEMBRANE_INVAGINATION",16,"Down",0.681182925023729,0.992018447203622
"GOBP_RESPONSE_TO_TRANSFORMING_GROWTH_FACTOR_BETA",41,"Down",0.681622366468126,0.992018447203622
"GOBP_CERAMIDE_1_PHOSPHATE_TRANSPORT",3,"Down",0.681622806351497,0.992018447203622
"GOBP_CELLULAR_SODIUM_ION_HOMEOSTASIS",6,"Up",0.681753380847495,0.992018447203622
"GOBP_REGULATION_OF_SMOOTHENED_SIGNALING_PATHWAY_INVOLVED_IN_DORSAL_VENTRAL_NEURAL_TUBE_PATTERNING",2,"Up",0.681797226186175,0.992018447203622
"GOBP_SMOOTHENED_SIGNALING_PATHWAY_INVOLVED_IN_DORSAL_VENTRAL_NEURAL_TUBE_PATTERNING",2,"Up",0.681797226186175,0.992018447203622
"GOBP_ER_ASSOCIATED_MISFOLDED_PROTEIN_CATABOLIC_PROCESS",4,"Down",0.681846223193068,0.992018447203622
"GOBP_VISUAL_BEHAVIOR",11,"Up",0.682428677826372,0.992018447203622
"GOBP_CELL_CELL_ADHESION_VIA_PLASMA_MEMBRANE_ADHESION_MOLECULES",20,"Down",0.6824645915529,0.992018447203622
"GOBP_MONONUCLEAR_CELL_MIGRATION",22,"Down",0.682543828590779,0.992018447203622
"GOBP_REGULATION_OF_NECROTIC_CELL_DEATH",9,"Down",0.682615355372667,0.992018447203622
"GOBP_TELOMERASE_HOLOENZYME_COMPLEX_ASSEMBLY",4,"Up",0.683129378465677,0.992018447203622
"GOBP_MUSCLE_ORGAN_DEVELOPMENT",54,"Down",0.683208878935747,0.992018447203622
"GOBP_MAINTENANCE_OF_BLOOD_BRAIN_BARRIER",3,"Up",0.683224509248087,0.992018447203622
"GOBP_REGULATION_OF_SYNAPTIC_TRANSMISSION_DOPAMINERGIC",2,"Up",0.683520406847926,0.992018447203622
"GOBP_NEGATIVE_REGULATION_OF_CYCLIN_DEPENDENT_PROTEIN_SERINE_THREONINE_KINASE_ACTIVITY",8,"Down",0.683746252965833,0.992018447203622
"GOBP_POSITIVE_REGULATION_OF_SKELETAL_MUSCLE_TISSUE_DEVELOPMENT",6,"Up",0.683888437589616,0.992018447203622
"GOBP_PLATELET_DERIVED_GROWTH_FACTOR_RECEPTOR_BETA_SIGNALING_PATHWAY",5,"Down",0.683924943876741,0.992018447203622
"GOBP_CARDIAC_ATRIUM_DEVELOPMENT",3,"Down",0.683951498291599,0.992018447203622
"GOBP_POSITIVE_REGULATION_OF_TELOMERASE_ACTIVITY",17,"Down",0.684021662627533,0.992018447203622
"GOBP_ORGANELLE_ASSEMBLY",289,"Up",0.684055301685104,0.992018447203622
"GOBP_REGULATION_OF_PROTEIN_CATABOLIC_PROCESS",141,"Up",0.684131220592344,0.992018447203622
"GOBP_POSITIVE_REGULATION_OF_IMMUNOGLOBULIN_PRODUCTION",6,"Down",0.6841915774642,0.992018447203622
"GOBP_PIGMENT_GRANULE_ORGANIZATION",7,"Down",0.684408306248001,0.992095093607003
"GOBP_POSITIVE_REGULATION_OF_SMOOTHENED_SIGNALING_PATHWAY",5,"Up",0.684671969255046,0.992095093607003
"GOBP_NEUROTRANSMITTER_GATED_ION_CHANNEL_CLUSTERING",3,"Down",0.684689525496683,0.992095093607003
"GOBP_NEURAL_RETINA_DEVELOPMENT",10,"Up",0.684841344627935,0.992100102150564
"GOBP_LEUKOCYTE_MIGRATION",46,"Down",0.685052145337936,0.992190534085938
"GOBP_DIVALENT_INORGANIC_CATION_HOMEOSTASIS",76,"Up",0.685738861016376,0.99222488963166
"GOBP_CHAPERONE_MEDIATED_PROTEIN_COMPLEX_ASSEMBLY",10,"Up",0.685919305503249,0.99222488963166
"GOBP_ALPHA_AMINO_ACID_METABOLIC_PROCESS",41,"Down",0.6861749648517,0.99222488963166
"GOBP_NEGATIVE_REGULATION_OF_PROTEIN_MODIFICATION_BY_SMALL_PROTEIN_CONJUGATION_OR_REMOVAL",33,"Down",0.68622153177929,0.99222488963166
"GOBP_ADIPOSE_TISSUE_DEVELOPMENT",8,"Down",0.686882919874118,0.99222488963166
"GOBP_PALLIUM_DEVELOPMENT",48,"Up",0.687040815253973,0.99222488963166
"GOBP_PHOSPHATE_ION_TRANSMEMBRANE_TRANSPORT",3,"Up",0.687610879263539,0.99222488963166
"GOBP_PHOSPHATE_ION_TRANSPORT",3,"Up",0.687610879263539,0.99222488963166
"GOBP_HYDROGEN_PEROXIDE_METABOLIC_PROCESS",9,"Down",0.68767868242871,0.99222488963166
"GOBP_REGULATION_OF_LIPOPROTEIN_PARTICLE_CLEARANCE",5,"Up",0.687891902840151,0.99222488963166
"GOBP_REGULATION_OF_MITOCHONDRIAL_MEMBRANE_PERMEABILITY",17,"Up",0.687978129523366,0.99222488963166
"GOBP_REGULATION_OF_DEOXYRIBONUCLEASE_ACTIVITY",6,"Up",0.688118134256359,0.99222488963166
"GOBP_NEGATIVE_REGULATION_OF_MRNA_PROCESSING",14,"Up",0.68831888401501,0.99222488963166
"GOBP_POSITIVE_REGULATION_OF_NEURON_PROJECTION_REGENERATION",2,"Up",0.68847078785954,0.99222488963166
"GOBP_NCRNA_CATABOLIC_PROCESS",14,"Up",0.68849125366165,0.99222488963166
"GOBP_REGULATION_OF_RNA_POLYMERASE_II_REGULATORY_REGION_SEQUENCE_SPECIFIC_DNA_BINDING",3,"Up",0.688600568994089,0.99222488963166
"GOBP_EMBRYONIC_DIGESTIVE_TRACT_DEVELOPMENT",2,"Down",0.688601111627866,0.99222488963166
"GOBP_POSITIVE_REGULATION_OF_HELICASE_ACTIVITY",2,"Down",0.688642101531339,0.99222488963166
"GOBP_REGULATION_OF_NERVOUS_SYSTEM_DEVELOPMENT",95,"Up",0.688738843194913,0.99222488963166
"GOBP_NEGATIVE_REGULATION_OF_RELAXATION_OF_MUSCLE",2,"Up",0.688829449562667,0.99222488963166
"GOBP_PROTEIN_LOCALIZATION_TO_AXON",6,"Up",0.688834332861238,0.99222488963166
"GOBP_PROTEIN_AUTOUBIQUITINATION",19,"Up",0.68894444648923,0.99222488963166
"GOBP_INTERLEUKIN_6_MEDIATED_SIGNALING_PATHWAY",2,"Down",0.688963171638194,0.99222488963166
"GOBP_ICOSANOID_CATABOLIC_PROCESS",1,"Up",0.689090976253662,0.99222488963166
"GOBP_REGULATION_OF_CHONDROCYTE_DIFFERENTIATION",4,"Down",0.689164880512975,0.99222488963166
"GOBP_GLYCOSYL_COMPOUND_METABOLIC_PROCESS",14,"Down",0.689257385358128,0.99222488963166
"GOBP_CYSTEINE_METABOLIC_PROCESS",2,"Up",0.689403364064901,0.99222488963166
"GOBP_RESPONSE_TO_HUMAN_CHORIONIC_GONADOTROPIN",2,"Up",0.689403364064901,0.99222488963166
"GOBP_RESPONSE_TO_THYROXINE",2,"Up",0.689403364064901,0.99222488963166
"GOBP_REGULATION_OF_RESPONSE_TO_DNA_DAMAGE_STIMULUS",69,"Down",0.689677551156568,0.99222488963166
"GOBP_GLUCOSE_6_PHOSPHATE_METABOLIC_PROCESS",7,"Down",0.689879018860583,0.99222488963166
"GOBP_SPERM_DNA_CONDENSATION",1,"Down",0.689975744492303,0.99222488963166
"GOBP_RESPONSE_TO_BACTERIUM",70,"Up",0.690159604663258,0.99222488963166
"GOBP_REGULATION_OF_LIGASE_ACTIVITY",5,"Up",0.690211718286423,0.99222488963166
"GOBP_FLAVIN_CONTAINING_COMPOUND_METABOLIC_PROCESS",3,"Down",0.690269206903915,0.99222488963166
"GOBP_PROTEIN_TETRAMERIZATION",28,"Down",0.690914961795895,0.992859124873173
"GOBP_STEROL_HOMEOSTASIS",10,"Down",0.691007382557162,0.992859124873173
"GOBP_CELLULAR_RESPONSE_TO_OXYGEN_GLUCOSE_DEPRIVATION",3,"Up",0.691320259042541,0.993095289412991
"GOBP_PLATELET_ACTIVATING_FACTOR_METABOLIC_PROCESS",2,"Down",0.691955812945287,0.993587159566641
"GOBP_PANCREAS_DEVELOPMENT",9,"Down",0.692040614228067,0.993587159566641
"GOBP_CELL_CELL_ADHESION_MEDIATED_BY_CADHERIN",3,"Up",0.692353078632314,0.993587159566641
"GOBP_REGULATION_OF_CELL_CELL_ADHESION_MEDIATED_BY_CADHERIN",3,"Up",0.692353078632314,0.993587159566641
"GOBP_POSITIVE_REGULATION_OF_SYNAPTIC_TRANSMISSION",36,"Up",0.692432719567126,0.993587159566641
"GOBP_POSITIVE_REGULATION_OF_INCLUSION_BODY_ASSEMBLY",2,"Down",0.692628543485688,0.993587159566641
"GOBP_NUCLEOTIDE_TRANSMEMBRANE_TRANSPORT",4,"Down",0.692822917815909,0.993587159566641
"GOBP_REGULATION_OF_MULTICELLULAR_ORGANISM_GROWTH",17,"Down",0.692959023805316,0.993587159566641
"GOBP_REGULATION_OF_NADP_METABOLIC_PROCESS",4,"Up",0.692999927055303,0.993587159566641
"GOBP_LEUKOCYTE_HOMEOSTASIS",13,"Up",0.69335531672178,0.993671831235529
"GOBP_REGULATION_OF_GLIAL_CELL_PROLIFERATION",5,"Down",0.693356178337817,0.993671831235529
"GOBP_STRIATUM_DEVELOPMENT",3,"Down",0.694372901171985,0.993794918179905
"GOBP_SUBPALLIUM_DEVELOPMENT",3,"Down",0.694372901171985,0.993794918179905
"GOBP_CARBOHYDRATE_IMPORT_ACROSS_PLASMA_MEMBRANE",1,"Down",0.694577897762554,0.993794918179905
"GOBP_DEHYDROASCORBIC_ACID_TRANSPORT",1,"Down",0.694577897762554,0.993794918179905
"GOBP_GLUCOSE_IMPORT_ACROSS_PLASMA_MEMBRANE",1,"Down",0.694577897762554,0.993794918179905
"GOBP_CELLULAR_COPPER_ION_HOMEOSTASIS",4,"Up",0.69499178439651,0.993794918179905
"GOBP_REGULATION_OF_NEUROTRANSMITTER_RECEPTOR_ACTIVITY",7,"Down",0.695275476578846,0.993794918179905
"GOBP_INOSITOL_PHOSPHATE_BIOSYNTHETIC_PROCESS",6,"Up",0.695606238251415,0.993794918179905
"GOBP_INOSITOL_TRISPHOSPHATE_METABOLIC_PROCESS",3,"Down",0.695611058122567,0.993794918179905
"GOBP_POSITIVE_REGULATION_OF_LIPID_KINASE_ACTIVITY",5,"Down",0.695630493772405,0.993794918179905
"GOBP_POSITIVE_REGULATION_OF_SECRETION",77,"Up",0.695790207322411,0.993794918179905
"GOBP_GROWTH_HORMONE_RECEPTOR_SIGNALING_PATHWAY_VIA_JAK_STAT",4,"Down",0.695874028886038,0.993794918179905
"GOBP_NEGATIVE_REGULATION_OF_CELL_CYCLE",73,"Down",0.696099619714546,0.993794918179905
"GOBP_PYRIMIDINE_CONTAINING_COMPOUND_BIOSYNTHETIC_PROCESS",11,"Down",0.696564112895936,0.993794918179905
"GOBP_CELLULAR_RESPONSE_TO_MOLECULE_OF_BACTERIAL_ORIGIN",30,"Up",0.69780757329914,0.993794918179905
"GOBP_AMYLOID_PRECURSOR_PROTEIN_CATABOLIC_PROCESS",16,"Down",0.697871714204752,0.993794918179905
"GOBP_REGULATION_OF_GENE_EXPRESSION_BY_GENOMIC_IMPRINTING",2,"Down",0.698087288057301,0.993794918179905
"GOBP_O_GLYCAN_PROCESSING",1,"Up",0.698293740920344,0.993794918179905
"GOBP_NEGATIVE_REGULATION_OF_PROTEIN_SECRETION",14,"Down",0.698639305597799,0.993794918179905
"GOBP_AMIDE_TRANSPORT",60,"Up",0.698911000463965,0.993794918179905
"GOBP_NEGATIVE_REGULATION_OF_LOCOMOTION",56,"Up",0.699179591543393,0.993794918179905
"GOBP_REGULATION_OF_CELLULAR_PROTEIN_CATABOLIC_PROCESS",97,"Up",0.699180246636233,0.993794918179905
"GOBP_REGULATION_OF_SKELETAL_MUSCLE_TISSUE_DEVELOPMENT",8,"Up",0.699682505745636,0.993794918179905
"GOBP_LYSOSOMAL_PROTEIN_CATABOLIC_PROCESS",5,"Down",0.699787070308941,0.993794918179905
"GOBP_PROTEIN_CATABOLIC_PROCESS_IN_THE_VACUOLE",5,"Down",0.699787070308941,0.993794918179905
"GOBP_REGULATION_OF_CARBOHYDRATE_BIOSYNTHETIC_PROCESS",22,"Down",0.700060525653572,0.993794918179905
"GOBP_NEGATIVE_REGULATION_OF_UBIQUITIN_DEPENDENT_PROTEIN_CATABOLIC_PROCESS",27,"Up",0.700469494971303,0.993794918179905
"GOBP_REPRODUCTION",228,"Up",0.700522202442067,0.993794918179905
"GOBP_DEOXYRIBONUCLEOSIDE_CATABOLIC_PROCESS",1,"Down",0.700582082355029,0.993794918179905
"GOBP_DEOXYRIBONUCLEOSIDE_MONOPHOSPHATE_CATABOLIC_PROCESS",1,"Down",0.700582082355029,0.993794918179905
"GOBP_GUANINE_METABOLIC_PROCESS",1,"Down",0.700582082355029,0.993794918179905
"GOBP_NUCLEOSIDE_CATABOLIC_PROCESS",1,"Down",0.700582082355029,0.993794918179905
"GOBP_PURINE_DEOXYRIBONUCLEOSIDE_METABOLIC_PROCESS",1,"Down",0.700582082355029,0.993794918179905
"GOBP_PURINE_DEOXYRIBONUCLEOSIDE_MONOPHOSPHATE_CATABOLIC_PROCESS",1,"Down",0.700582082355029,0.993794918179905
"GOBP_PURINE_NUCLEOSIDE_CATABOLIC_PROCESS",1,"Down",0.700582082355029,0.993794918179905
"GOBP_POSITIVE_REGULATION_OF_CELL_MIGRATION_INVOLVED_IN_SPROUTING_ANGIOGENESIS",2,"Up",0.700939238633473,0.993794918179905
"GOBP_RESPONSE_TO_OXIDATIVE_STRESS",108,"Up",0.700984164731471,0.993794918179905
"GOBP_POSITIVE_REGULATION_OF_TRANSFERASE_ACTIVITY",122,"Down",0.700993719938344,0.993794918179905
"GOBP_FOREBRAIN_DEVELOPMENT",77,"Up",0.701017671048921,0.993794918179905
"GOBP_POINTED_END_ACTIN_FILAMENT_CAPPING",2,"Up",0.701608739547681,0.993794918179905
"GOBP_REGULATION_OF_LYASE_ACTIVITY",12,"Up",0.701749091974425,0.993794918179905
"GOBP_MEDIUM_CHAIN_FATTY_ACID_CATABOLIC_PROCESS",2,"Up",0.701834597365683,0.993794918179905
"GOBP_POSITIVE_REGULATION_OF_BROWN_FAT_CELL_DIFFERENTIATION",2,"Down",0.701861198658106,0.993794918179905
"GOBP_REGULATION_OF_MITOCHONDRIAL_MEMBRANE_PERMEABILITY_INVOLVED_IN_APOPTOTIC_PROCESS",13,"Up",0.701910350021502,0.993794918179905
"GOBP_CDC42_PROTEIN_SIGNAL_TRANSDUCTION",1,"Up",0.702198414705388,0.993794918179905
"GOBP_GLYCOSIDE_TRANSPORT",1,"Up",0.702198414705388,0.993794918179905
"GOBP_REGULATION_OF_CDC42_PROTEIN_SIGNAL_TRANSDUCTION",1,"Up",0.702198414705388,0.993794918179905
"GOBP_REGULATION_OF_RAS_PROTEIN_SIGNAL_TRANSDUCTION",60,"Up",0.702902176263242,0.993794918179905
"GOBP_TOLL_LIKE_RECEPTOR_2_SIGNALING_PATHWAY",2,"Up",0.702913051576563,0.993794918179905
"GOBP_MEMBRANE_FUSION_INVOLVED_IN_VIRAL_ENTRY_INTO_HOST_CELL",1,"Up",0.703418596322237,0.993794918179905
"GOBP_NATURAL_KILLER_CELL_MEDIATED_IMMUNE_RESPONSE_TO_TUMOR_CELL",1,"Up",0.703418596322237,0.993794918179905
"GOBP_POSITIVE_REGULATION_OF_NATURAL_KILLER_CELL_MEDIATED_IMMUNE_RESPONSE_TO_TUMOR_CELL",1,"Up",0.703418596322237,0.993794918179905
"GOBP_REGULATION_OF_NATURAL_KILLER_CELL_MEDIATED_IMMUNE_RESPONSE_TO_TUMOR_CELL",1,"Up",0.703418596322237,0.993794918179905
"GOBP_POSITIVE_REGULATION_OF_TRANSPORTER_ACTIVITY",30,"Up",0.703674641485917,0.993794918179905
"GOBP_PROTEIN_LOCALIZATION_TO_PHAGOPHORE_ASSEMBLY_SITE",9,"Up",0.703997250569424,0.993794918179905
"GOBP_SEQUESTERING_OF_IRON_ION",2,"Down",0.704018561360711,0.993794918179905
"GOBP_FRUCTOSE_1_6_BISPHOSPHATE_METABOLIC_PROCESS",5,"Down",0.70404275949271,0.993794918179905
"GOBP_REGULATION_OF_SYNAPTIC_VESICLE_CLUSTERING",3,"Down",0.704098476111222,0.993794918179905
"GOBP_DNA_REPLICATION_INITIATION",4,"Up",0.704100273797046,0.993794918179905
"GOBP_POSITIVE_REGULATION_OF_PROTEOLYSIS",95,"Down",0.70415022695874,0.993794918179905
"GOBP_EMBRYONIC_BODY_MORPHOGENESIS",3,"Up",0.704341631171068,0.993794918179905
"GOBP_NEGATIVE_REGULATION_OF_VIRAL_TRANSCRIPTION",4,"Down",0.704635082416934,0.993794918179905
"GOBP_BEHAVIORAL_RESPONSE_TO_ETHANOL",1,"Up",0.704661752268097,0.993794918179905
"GOBP_PLANAR_CELL_POLARITY_PATHWAY_INVOLVED_IN_AXIS_ELONGATION",1,"Down",0.704731605988848,0.993794918179905
"GOBP_CENTRIOLE_ELONGATION",3,"Up",0.705090450920379,0.993794918179905
"GOBP_PROTEIN_QUALITY_CONTROL_FOR_MISFOLDED_OR_INCOMPLETELY_SYNTHESIZED_PROTEINS",8,"Up",0.705235044396769,0.993794918179905
"GOBP_ORGANIC_ACID_METABOLIC_PROCESS",194,"Down",0.705701678018272,0.993794918179905
"GOBP_MUSCLE_CELL_CELLULAR_HOMEOSTASIS",6,"Up",0.705842636526618,0.993794918179905
"GOBP_POSTTRANSLATIONAL_PROTEIN_TARGETING_TO_ENDOPLASMIC_RETICULUM_MEMBRANE",8,"Down",0.705905805717577,0.993794918179905
"GOBP_SCARNA_LOCALIZATION_TO_CAJAL_BODY",4,"Down",0.706033490609232,0.993794918179905
"GOBP_GLIAL_CELL_DEVELOPMENT",25,"Up",0.706178943342825,0.993794918179905
"GOBP_HISTONE_H3_K14_ACETYLATION",2,"Up",0.706744115256362,0.993794918179905
"GOBP_NEGATIVE_REGULATION_OF_NEUROTRANSMITTER_TRANSPORT",6,"Up",0.707052747178867,0.993794918179905
"GOBP_PROTEIN_LINEAR_POLYUBIQUITINATION",3,"Down",0.707080408944707,0.993794918179905
"GOBP_POSITIVE_REGULATION_OF_PSEUDOPODIUM_ASSEMBLY",2,"Down",0.707369002489056,0.993794918179905
"GOBP_NEGATIVE_REGULATION_OF_CELL_CELL_ADHESION_MEDIATED_BY_CADHERIN",1,"Down",0.708213788104678,0.993794918179905
"GOBP_NEGATIVE_REGULATION_OF_FIBROBLAST_GROWTH_FACTOR_PRODUCTION",1,"Down",0.708213788104678,0.993794918179905
"GOBP_POSITIVE_REGULATION_OF_EXTRACELLULAR_MATRIX_CONSTITUENT_SECRETION",1,"Down",0.708213788104678,0.993794918179905
"GOBP_REGULATION_OF_HETEROTYPIC_CELL_CELL_ADHESION",5,"Down",0.708265669985841,0.993794918179905
"GOBP_CALCIUM_DEPENDENT_CELL_CELL_ADHESION_VIA_PLASMA_MEMBRANE_CELL_ADHESION_MOLECULES",2,"Up",0.708329746252664,0.993794918179905
"GOBP_REGULATION_OF_VIRAL_ENTRY_INTO_HOST_CELL",4,"Up",0.708488709271499,0.993794918179905
"GOBP_REGULATION_OF_VASOCONSTRICTION",7,"Down",0.708745212649681,0.993794918179905
"GOBP_TRNA_PSEUDOURIDINE_SYNTHESIS",2,"Down",0.708755110144723,0.993794918179905
"GOBP_CILIUM_OR_FLAGELLUM_DEPENDENT_CELL_MOTILITY",14,"Down",0.708830029496414,0.993794918179905
"GOBP_NEGATIVE_REGULATION_OF_RNA_SPLICING",13,"Up",0.708894790273101,0.993794918179905
"GOBP_CONVERGENT_EXTENSION_INVOLVED_IN_GASTRULATION",1,"Up",0.708912806002796,0.993794918179905
"GOBP_CONVERGENT_EXTENSION_INVOLVED_IN_ORGANOGENESIS",1,"Up",0.708912806002796,0.993794918179905
"GOBP_NEGATIVE_REGULATION_OF_TUMOR_NECROSIS_FACTOR_SUPERFAMILY_CYTOKINE_PRODUCTION",7,"Down",0.709033203875698,0.993794918179905
"GOBP_CELLULAR_ION_HOMEOSTASIS",107,"Up",0.709102316513705,0.993794918179905
"GOBP_RETROGRADE_TRANSPORT_ENDOSOME_TO_GOLGI",48,"Up",0.709351327603164,0.993794918179905
"GOBP_REGULATION_OF_INSULIN_RECEPTOR_SIGNALING_PATHWAY",22,"Up",0.709581804814576,0.993794918179905
"GOBP_AMINOACYL_TRNA_METABOLISM_INVOLVED_IN_TRANSLATIONAL_FIDELITY",2,"Down",0.709608417086856,0.993794918179905
"GOBP_RESPONSE_TO_L_PHENYLALANINE_DERIVATIVE",3,"Up",0.709813882905314,0.993794918179905
"GOBP_POSITIVE_REGULATION_OF_LEUKOCYTE_MEDIATED_IMMUNITY",18,"Up",0.709946320818728,0.993794918179905
"GOBP_PROTEIN_LOCALIZATION_TO_POSTSYNAPSE",11,"Down",0.710312137731197,0.993794918179905
"GOBP_DNA_DAMAGE_RESPONSE_SIGNAL_TRANSDUCTION_BY_P53_CLASS_MEDIATOR_RESULTING_IN_CELL_CYCLE_ARREST",4,"Down",0.710354728404534,0.993794918179905
"GOBP_NEUROBLAST_DIVISION",3,"Up",0.710447179262335,0.993794918179905
"GOBP_PROTEIN_SUMOYLATION",16,"Down",0.710448683319841,0.993794918179905
"GOBP_MODIFICATION_OF_SYNAPTIC_STRUCTURE",10,"Up",0.710819743015582,0.993794918179905
"GOBP_NEGATIVE_REGULATION_OF_LYMPHOCYTE_MIGRATION",5,"Up",0.711254324742555,0.993794918179905
"GOBP_HEMATOPOIETIC_STEM_CELL_DIFFERENTIATION",6,"Up",0.711389646671191,0.993794918179905
"GOBP_CELL_DEATH_IN_RESPONSE_TO_HYDROGEN_PEROXIDE",7,"Up",0.711391223532576,0.993794918179905
"GOBP_NEGATIVE_REGULATION_BY_HOST_OF_VIRAL_GENOME_REPLICATION",3,"Down",0.71149860686711,0.993794918179905
"GOBP_PHOSPHORYLATION",456,"Down",0.71158293151509,0.993794918179905
"GOBP_EPOXIDE_METABOLIC_PROCESS",1,"Up",0.711768304912208,0.993794918179905
"GOBP_FATTY_ACYL_COA_BIOSYNTHETIC_PROCESS",6,"Down",0.711881680777089,0.993794918179905
"GOBP_LONG_CHAIN_FATTY_ACYL_COA_BIOSYNTHETIC_PROCESS",6,"Down",0.711881680777089,0.993794918179905
"GOBP_SPHINGOLIPID_MEDIATED_SIGNALING_PATHWAY",4,"Up",0.711921109699939,0.993794918179905
"GOBP_RNA_MEDIATED_GENE_SILENCING_BY_INHIBITION_OF_TRANSLATION",10,"Up",0.711927272906883,0.993794918179905
"GOBP_NEGATIVE_REGULATION_OF_NUCLEOCYTOPLASMIC_TRANSPORT",9,"Up",0.712030448344567,0.993794918179905
"GOBP_RESPONSE_TO_ESTROGEN",10,"Down",0.712252091911446,0.993794918179905
"GOBP_VENTRAL_SPINAL_CORD_DEVELOPMENT",5,"Up",0.71258997976701,0.993794918179905
"GOBP_LIPID_PHOSPHORYLATION",9,"Up",0.712792525848852,0.993794918179905
"GOBP_VASODILATION",5,"Down",0.713006227805735,0.993794918179905
"GOBP_T_HELPER_17_CELL_DIFFERENTIATION",3,"Up",0.713063796972117,0.993794918179905
"GOBP_REGULATION_OF_VOLTAGE_GATED_CALCIUM_CHANNEL_ACTIVITY",12,"Down",0.713130782739421,0.993794918179905
"GOBP_NUCLEOSIDE_TRANSMEMBRANE_TRANSPORT",1,"Down",0.713244348404186,0.993794918179905
"GOBP_NUCLEOSIDE_TRANSPORT",1,"Down",0.713244348404186,0.993794918179905
"GOBP_PYRIMIDINE_NUCLEOSIDE_TRANSPORT",1,"Down",0.713244348404186,0.993794918179905
"GOBP_EMBRYONIC_APPENDAGE_MORPHOGENESIS",16,"Down",0.713325130085789,0.993794918179905
"GOBP_PROTEIN_K63_LINKED_UBIQUITINATION",17,"Down",0.713326977997591,0.993794918179905
"GOBP_POSITIVE_REGULATION_OF_ERAD_PATHWAY",3,"Down",0.71350367616658,0.993794918179905
"GOBP_CELLULAR_RESPONSE_TO_BIOTIC_STIMULUS",36,"Up",0.713624342652454,0.993794918179905
"GOBP_MODULATION_BY_HOST_OF_SYMBIONT_CATALYTIC_ACTIVITY",1,"Down",0.713879705600741,0.993794918179905
"GOBP_REGULATION_OF_KERATINOCYTE_DIFFERENTIATION",4,"Down",0.713884266064936,0.993794918179905
"GOBP_REGULATION_OF_SYNAPTIC_VESICLE_CYCLE",1,"Down",0.713899275719731,0.993794918179905
"GOBP_ORGANONITROGEN_COMPOUND_CATABOLIC_PROCESS",372,"Up",0.714295566269467,0.993794918179905
"GOBP_CELLULAR_CARBOHYDRATE_CATABOLIC_PROCESS",13,"Down",0.714372219308485,0.993794918179905
"GOBP_POSITIVE_REGULATION_OF_METALLOENDOPEPTIDASE_ACTIVITY",1,"Up",0.714672032328678,0.993794918179905
"GOBP_T_HELPER_17_CELL_LINEAGE_COMMITMENT",1,"Up",0.714672032328678,0.993794918179905
"GOBP_EPINEPHRINE_SECRETION",1,"Up",0.714771541978109,0.993794918179905
"GOBP_EPINEPHRINE_TRANSPORT",1,"Up",0.714771541978109,0.993794918179905
"GOBP_NEGATIVE_REGULATION_OF_EPINEPHRINE_SECRETION",1,"Up",0.714771541978109,0.993794918179905
"GOBP_POSITIVE_REGULATION_OF_GROWTH_HORMONE_SECRETION",1,"Up",0.714771541978109,0.993794918179905
"GOBP_REGULATION_OF_MOTOR_NEURON_APOPTOTIC_PROCESS",2,"Up",0.714915800921064,0.993794918179905
"GOBP_REGULATION_OF_PROTEIN_MATURATION",10,"Down",0.715216663560176,0.993794918179905
"GOBP_2FE_2S_CLUSTER_ASSEMBLY",2,"Up",0.715221081503277,0.993794918179905
"GOBP_REGULATION_OF_NATURAL_KILLER_CELL_ACTIVATION",4,"Down",0.715234706008079,0.993794918179905
"GOBP_POSITIVE_REGULATION_OF_KERATINOCYTE_PROLIFERATION",1,"Down",0.71532353848545,0.993794918179905
"GOBP_MAINTENANCE_OF_DNA_METHYLATION",2,"Up",0.715677262952742,0.993794918179905
"GOBP_EPITHELIAL_CELL_PROLIFERATION_INVOLVED_IN_LUNG_MORPHOGENESIS",1,"Up",0.71576279261642,0.993794918179905
"GOBP_NEGATIVE_REGULATION_OF_LIPASE_ACTIVITY",2,"Down",0.71577614129732,0.993794918179905
"GOBP_NEGATIVE_REGULATION_OF_CYSTEINE_TYPE_ENDOPEPTIDASE_ACTIVITY",24,"Up",0.716304813319743,0.993794918179905
"GOBP_NEGATIVE_REGULATION_OF_SECRETION",30,"Up",0.716348643576128,0.993794918179905
"GOBP_TRANSFORMING_GROWTH_FACTOR_BETA_RECEPTOR_SIGNALING_PATHWAY",32,"Down",0.716399809561419,0.993794918179905
"GOBP_POSITIVE_REGULATION_OF_HISTONE_METHYLATION",15,"Up",0.716430127361214,0.993794918179905
"GOBP_TRNA_5_END_PROCESSING",4,"Down",0.716590040439591,0.993794918179905
"GOBP_TRNA_5_LEADER_REMOVAL",4,"Down",0.716590040439591,0.993794918179905
"GOBP_POSITIVE_REGULATION_OF_UBIQUITIN_DEPENDENT_PROTEIN_CATABOLIC_PROCESS",38,"Down",0.716695457444291,0.993794918179905
"GOBP_RESPONSE_TO_EXTRACELLULAR_STIMULUS",121,"Up",0.717049661308166,0.993794918179905
"GOBP_BEHAVIORAL_RESPONSE_TO_PAIN",7,"Up",0.71751551537337,0.993794918179905
"GOBP_DETECTION_OF_STIMULUS",27,"Up",0.718033139400169,0.993794918179905
"GOBP_REGULATION_OF_T_CELL_DIFFERENTIATION_IN_THYMUS",7,"Down",0.718080686215874,0.993794918179905
"GOBP_REGULATION_OF_HEART_RATE_BY_CARDIAC_CONDUCTION",8,"Up",0.71821045792086,0.993794918179905
"GOBP_MELANOCYTE_DIFFERENTIATION",2,"Down",0.71827648862513,0.993794918179905
"GOBP_NERVOUS_SYSTEM_PROCESS",190,"Down",0.718373022990592,0.993794918179905
"GOBP_RESPONSE_TO_FLUID_SHEAR_STRESS",8,"Up",0.718516427985036,0.993794918179905
"GOBP_CEREBELLAR_GRANULAR_LAYER_DEVELOPMENT",5,"Up",0.718959192171521,0.993794918179905
"GOBP_POSITIVE_REGULATION_OF_CELL_SUBSTRATE_ADHESION",25,"Down",0.71905520301814,0.993794918179905
"GOBP_RESPONSE_TO_PAIN",8,"Up",0.719934059422389,0.993794918179905
"GOBP_PROSTANOID_METABOLIC_PROCESS",8,"Up",0.720048493188097,0.993794918179905
"GOBP_RNA_POLYADENYLATION",28,"Down",0.720285682950243,0.993794918179905
"GOBP_OLFACTORY_NERVE_DEVELOPMENT",1,"Down",0.720293064128448,0.993794918179905
"GOBP_PROGRAMMED_CELL_DEATH_INVOLVED_IN_CELL_DEVELOPMENT",1,"Down",0.720293064128448,0.993794918179905
"GOBP_POSITIVE_REGULATION_OF_CALCIUM_ION_TRANSPORT",29,"Up",0.720425397514308,0.993794918179905
"GOBP_NEGATIVE_REGULATION_OF_PINOCYTOSIS",1,"Up",0.720543189772144,0.993794918179905
"GOBP_LACTATION",10,"Up",0.720560094147205,0.993794918179905
"GOBP_STEM_CELL_DIVISION",4,"Up",0.720571390894411,0.993794918179905
"GOBP_PEPTIDYL_THREONINE_MODIFICATION",37,"Up",0.720952520993777,0.993794918179905
"GOBP_PROTEIN_PALMITOYLATION",11,"Down",0.72097669080879,0.993794918179905
"GOBP_REGULATION_OF_CHROMATIN_ORGANIZATION",16,"Down",0.721320007929018,0.993794918179905
"GOBP_MAMMARY_GLAND_ALVEOLUS_DEVELOPMENT",2,"Up",0.721484311892479,0.993794918179905
"GOBP_PRIMARY_ALCOHOL_BIOSYNTHETIC_PROCESS",2,"Down",0.721582947263584,0.993794918179905
"GOBP_REGULATION_OF_APOPTOTIC_SIGNALING_PATHWAY",91,"Up",0.721886526798193,0.993794918179905
"GOBP_RESPONSE_TO_MUSCLE_STRETCH",9,"Down",0.722012017795401,0.993794918179905
"GOBP_INTERFERON_GAMMA_MEDIATED_SIGNALING_PATHWAY",6,"Down",0.722554579997115,0.993794918179905
"GOBP_ANTIMICROBIAL_HUMORAL_RESPONSE",3,"Up",0.722916989730072,0.993794918179905
"GOBP_REGULATION_OF_RUFFLE_ASSEMBLY",9,"Up",0.722957231404362,0.993794918179905
"GOBP_RESPONSE_TO_CORTICOSTEROID",21,"Up",0.723321315270491,0.993794918179905
"GOBP_VIRION_ASSEMBLY",23,"Up",0.723327143220425,0.993794918179905
"GOBP_REGULATION_OF_SKELETAL_MUSCLE_CELL_PROLIFERATION",1,"Up",0.723363784379742,0.993794918179905
"GOBP_REGULATION_OF_CELL_MATURATION",2,"Down",0.723681756562778,0.993794918179905
"GOBP_REGULATION_OF_OOCYTE_MATURATION",2,"Down",0.723681756562778,0.993794918179905
"GOBP_RESPONSE_TO_ARSENITE_ION",3,"Down",0.72370992199948,0.993794918179905
"GOBP_NUCLEOLAR_CHROMATIN_ORGANIZATION",2,"Up",0.72376048673238,0.993794918179905
"GOBP_REGULATION_OF_REACTIVE_OXYGEN_SPECIES_METABOLIC_PROCESS",31,"Up",0.723927961223721,0.993794918179905
"GOBP_CHEMOKINE_C_X_C_MOTIF_LIGAND_12_SIGNALING_PATHWAY",2,"Up",0.724054027426122,0.993794918179905
"GOBP_THROMBIN_ACTIVATED_RECEPTOR_SIGNALING_PATHWAY",3,"Down",0.724197605201706,0.993794918179905
"GOBP_CARDIOLIPIN_ACYL_CHAIN_REMODELING",2,"Down",0.724492236666007,0.993794918179905
"GOBP_IRON_ION_HOMEOSTASIS",14,"Up",0.724496161005319,0.993794918179905
"GOBP_ASYMMETRIC_CELL_DIVISION",4,"Down",0.724661189534232,0.993794918179905
"GOBP_POSITIVE_REGULATION_OF_INTERLEUKIN_6_PRODUCTION",8,"Up",0.724736368282004,0.993794918179905
"GOBP_NEGATIVE_REGULATION_OF_RELEASE_OF_CYTOCHROME_C_FROM_MITOCHONDRIA",6,"Up",0.724874985246454,0.993794918179905
"GOBP_REGULATION_OF_TRANSLATIONAL_INITIATION_BY_EIF2_ALPHA_PHOSPHORYLATION",5,"Down",0.725184763658841,0.993794918179905
"GOBP_POSITIVE_REGULATION_OF_REGULATED_SECRETORY_PATHWAY",12,"Up",0.725259827092509,0.993794918179905
"GOBP_MRNA_CLEAVAGE_INVOLVED_IN_MRNA_PROCESSING",9,"Up",0.725268597761631,0.993794918179905
"GOBP_POSITIVE_REGULATION_OF_RNA_METABOLIC_PROCESS",388,"Down",0.725292110799096,0.993794918179905
"GOBP_COLLAGEN_ACTIVATED_SIGNALING_PATHWAY",1,"Up",0.725420982963034,0.993794918179905
"GOBP_COLLAGEN_ACTIVATED_TYROSINE_KINASE_RECEPTOR_SIGNALING_PATHWAY",1,"Up",0.725420982963034,0.993794918179905
"GOBP_ORGANELLE_FUSION",66,"Up",0.725486362148862,0.993794918179905
"GOBP_SPERM_MOTILITY",11,"Down",0.726313833332315,0.993794918179905
"GOBP_IMMATURE_T_CELL_PROLIFERATION",1,"Down",0.726314046309199,0.993794918179905
"GOBP_NUCLEOTIDE_BINDING_OLIGOMERIZATION_DOMAIN_CONTAINING_1_SIGNALING_PATHWAY",1,"Down",0.726314046309199,0.993794918179905
"GOBP_POSITIVE_REGULATION_OF_ALPHA_BETA_T_CELL_PROLIFERATION",1,"Down",0.726314046309199,0.993794918179905
"GOBP_POSITIVE_REGULATION_OF_CD4_POSITIVE_ALPHA_BETA_T_CELL_DIFFERENTIATION",1,"Down",0.726314046309199,0.993794918179905
"GOBP_POSITIVE_REGULATION_OF_IMMATURE_T_CELL_PROLIFERATION",1,"Down",0.726314046309199,0.993794918179905
"GOBP_POSITIVE_REGULATION_OF_T_HELPER_1_CELL_DIFFERENTIATION",1,"Down",0.726314046309199,0.993794918179905
"GOBP_POSITIVE_REGULATION_OF_T_HELPER_1_TYPE_IMMUNE_RESPONSE",1,"Down",0.726314046309199,0.993794918179905
"GOBP_POSITIVE_REGULATION_OF_T_HELPER_CELL_DIFFERENTIATION",1,"Down",0.726314046309199,0.993794918179905
"GOBP_REGULATION_OF_IMMATURE_T_CELL_PROLIFERATION",1,"Down",0.726314046309199,0.993794918179905
"GOBP_REGULATION_OF_T_HELPER_1_CELL_DIFFERENTIATION",1,"Down",0.726314046309199,0.993794918179905
"GOBP_REGULATION_OF_T_HELPER_1_TYPE_IMMUNE_RESPONSE",1,"Down",0.726314046309199,0.993794918179905
"GOBP_AXON_CHOICE_POINT_RECOGNITION",1,"Down",0.72653928616673,0.993794918179905
"GOBP_AXON_MIDLINE_CHOICE_POINT_RECOGNITION",1,"Down",0.72653928616673,0.993794918179905
"GOBP_ENDOCARDIAL_CUSHION_FORMATION",1,"Down",0.72653928616673,0.993794918179905
"GOBP_ENDOCARDIAL_CUSHION_MORPHOGENESIS",1,"Down",0.72653928616673,0.993794918179905
"GOBP_HEART_FIELD_SPECIFICATION",1,"Down",0.72653928616673,0.993794918179905
"GOBP_NEGATIVE_REGULATION_OF_SYNAPSE_ASSEMBLY",1,"Down",0.72653928616673,0.993794918179905
"GOBP_OLFACTORY_BULB_INTERNEURON_DEVELOPMENT",1,"Down",0.72653928616673,0.993794918179905
"GOBP_OLFACTORY_BULB_INTERNEURON_DIFFERENTIATION",1,"Down",0.72653928616673,0.993794918179905
"GOBP_PULMONARY_VALVE_MORPHOGENESIS",1,"Down",0.72653928616673,0.993794918179905
"GOBP_REGULATION_OF_HEART_MORPHOGENESIS",1,"Down",0.72653928616673,0.993794918179905
"GOBP_AMINO_ACID_IMPORT_ACROSS_PLASMA_MEMBRANE",6,"Up",0.727145550751061,0.993794918179905
"GOBP_SODIUM_ION_TRANSPORT",46,"Down",0.727701724623753,0.993794918179905
"GOBP_CELLULAR_RESPONSE_TO_TESTOSTERONE_STIMULUS",2,"Up",0.727758147352854,0.993794918179905
"GOBP_NEGATIVE_REGULATION_OF_NF_KAPPAB_TRANSCRIPTION_FACTOR_ACTIVITY",17,"Up",0.727971868774793,0.993794918179905
"GOBP_RESPONSE_TO_TEMPERATURE_STIMULUS",58,"Up",0.728832039266881,0.993794918179905
"GOBP_MEMBRANE_DEPOLARIZATION_DURING_ACTION_POTENTIAL",12,"Down",0.728869535218247,0.993794918179905
"GOBP_NEGATIVE_REGULATION_OF_INTRACELLULAR_SIGNAL_TRANSDUCTION",123,"Up",0.728944663070545,0.993794918179905
"GOBP_EPITHELIAL_CELL_MORPHOGENESIS",3,"Up",0.729008227771432,0.993794918179905
"GOBP_REGULATION_OF_EPITHELIAL_TO_MESENCHYMAL_TRANSITION",12,"Up",0.729099710417156,0.993794918179905
"GOBP_CELLULAR_RESPONSE_TO_XENOBIOTIC_STIMULUS",18,"Up",0.729682511172799,0.993794918179905
"GOBP_POLYAMINE_METABOLIC_PROCESS",2,"Down",0.729697101085711,0.993794918179905
"GOBP_SPERMIDINE_METABOLIC_PROCESS",2,"Down",0.729697101085711,0.993794918179905
"GOBP_RESPONSE_TO_HYDROGEN_PEROXIDE",35,"Down",0.729707925689306,0.993794918179905
"GOBP_REGULATION_OF_MEIOTIC_CELL_CYCLE",4,"Up",0.730223986629684,0.993794918179905
"GOBP_SHORT_CHAIN_FATTY_ACID_METABOLIC_PROCESS",1,"Up",0.730370422448827,0.993794918179905
"GOBP_ISOLEUCINE_METABOLIC_PROCESS",3,"Down",0.73050011445976,0.993794918179905
"GOBP_HOMOPHILIC_CELL_ADHESION_VIA_PLASMA_MEMBRANE_ADHESION_MOLECULES",13,"Down",0.730656707703654,0.993794918179905
"GOBP_G_PROTEIN_COUPLED_RECEPTOR_SIGNALING_PATHWAY_COUPLED_TO_CYCLIC_NUCLEOTIDE_SECOND_MESSENGER",2,"Down",0.730724197214792,0.993794918179905
"GOBP_REGULATION_OF_RAC_PROTEIN_SIGNAL_TRANSDUCTION",8,"Up",0.731220320042465,0.993794918179905
"GOBP_NEURAL_CREST_CELL_MIGRATION",4,"Down",0.731525070372115,0.993794918179905
"GOBP_REGULATION_OF_FAT_CELL_PROLIFERATION",2,"Down",0.731575370767888,0.993794918179905
"GOBP_FOLIC_ACID_CONTAINING_COMPOUND_METABOLIC_PROCESS",3,"Down",0.732422812229803,0.993794918179905
"GOBP_TETRAHYDROFOLATE_METABOLIC_PROCESS",3,"Down",0.732422812229803,0.993794918179905
"GOBP_MIDDLE_EAR_MORPHOGENESIS",2,"Down",0.732505033242847,0.993794918179905
"GOBP_NADPH_REGENERATION",6,"Down",0.732505996374914,0.993794918179905
"GOBP_PENTOSE_PHOSPHATE_SHUNT",6,"Down",0.732505996374914,0.993794918179905
"GOBP_RNA_IMPORT_INTO_MITOCHONDRION",2,"Up",0.73258506057288,0.993794918179905
"GOBP_REGULATION_OF_CELL_DEVELOPMENT",109,"Up",0.73272279041355,0.993794918179905
"GOBP_POSITIVE_REGULATION_OF_CHROMATIN_ORGANIZATION",8,"Down",0.732811065096288,0.993794918179905
"GOBP_POSITIVE_REGULATION_OF_ATP_METABOLIC_PROCESS",6,"Up",0.732880662210998,0.993794918179905
"GOBP_POSITIVE_REGULATION_OF_NUCLEOTIDE_METABOLIC_PROCESS",6,"Up",0.732880662210998,0.993794918179905
"GOBP_PEPTIDYL_LYSINE_MONOMETHYLATION",4,"Up",0.732905162971228,0.993794918179905
"GOBP_PYRIMIDINE_NUCLEOBASE_BIOSYNTHETIC_PROCESS",4,"Up",0.732924641922901,0.993794918179905
"GOBP_MITOCHONDRIAL_OUTER_MEMBRANE_PERMEABILIZATION_INVOLVED_IN_PROGRAMMED_CELL_DEATH",11,"Up",0.733024459547537,0.993794918179905
"GOBP_RESPONSE_TO_CAMP",16,"Up",0.733696632927871,0.993794918179905
"GOBP_SYNAPTIC_VESICLE_CYTOSKELETAL_TRANSPORT",11,"Up",0.733697747055999,0.993794918179905
"GOBP_PROTEIN_KINASE_C_SIGNALING",6,"Down",0.733766783568572,0.993794918179905
"GOBP_DEFENSE_RESPONSE",242,"Up",0.73377845139073,0.993794918179905
"GOBP_KERATINOCYTE_MIGRATION",7,"Up",0.733907188877882,0.993794918179905
"GOBP_REGULATION_OF_KERATINOCYTE_MIGRATION",7,"Up",0.733907188877882,0.993794918179905
"GOBP_REGULATION_OF_MACROPHAGE_APOPTOTIC_PROCESS",1,"Down",0.733991348103262,0.993794918179905
"GOBP_POSITIVE_REGULATION_OF_WOUND_HEALING_SPREADING_OF_EPIDERMAL_CELLS",2,"Up",0.734001339177532,0.993794918179905
"GOBP_REGULATION_OF_BEHAVIOR",9,"Up",0.734445942773153,0.993794918179905
"GOBP_HORMONE_BIOSYNTHETIC_PROCESS",7,"Down",0.734736602082455,0.993794918179905
"GOBP_POSITIVE_REGULATION_OF_MITOTIC_CELL_CYCLE",37,"Up",0.734817263474723,0.993794918179905
"GOBP_L_ASCORBIC_ACID_METABOLIC_PROCESS",3,"Down",0.734844980437713,0.993794918179905
"GOBP_DNA_SYNTHESIS_INVOLVED_IN_DNA_REPAIR",6,"Up",0.734905313424079,0.993794918179905
"GOBP_TRANSPORT_OF_VIRUS",8,"Up",0.735018421313271,0.993794918179905
"GOBP_NEGATIVE_REGULATION_OF_DNA_TEMPLATED_TRANSCRIPTION_ELONGATION",6,"Up",0.735234279196099,0.993794918179905
"GOBP_MAINTENANCE_OF_PROTEIN_LOCATION_IN_CELL",26,"Up",0.735661799628422,0.993794918179905
"GOBP_POSITIVE_REGULATION_OF_MEMBRANE_PERMEABILITY",14,"Down",0.735830531052453,0.993794918179905
"GOBP_REGULATION_OF_JUN_KINASE_ACTIVITY",13,"Down",0.735857984976316,0.993794918179905
"GOBP_PROTEIN_MATURATION_BY_PROTEIN_FOLDING",3,"Up",0.736250479477714,0.993794918179905
"GOBP_REGULATION_OF_GLYCOGEN_CATABOLIC_PROCESS",2,"Down",0.736441671089832,0.993794918179905
"GOBP_MIDBRAIN_DEVELOPMENT",26,"Up",0.736713697289311,0.993794918179905
"GOBP_CELLULAR_RESPONSE_TO_ESTROGEN_STIMULUS",5,"Down",0.736933195905994,0.993794918179905
"GOBP_MESODERM_MORPHOGENESIS",9,"Down",0.737053257026287,0.993794918179905
"GOBP_PEPTIDYL_LYSINE_DEACETYLATION",4,"Up",0.737060336720308,0.993794918179905
"GOBP_LONG_CHAIN_FATTY_ACID_METABOLIC_PROCESS",20,"Up",0.737174504494928,0.993794918179905
"GOBP_BRAINSTEM_DEVELOPMENT",3,"Down",0.737255264502718,0.993794918179905
"GOBP_CELL_DIFFERENTIATION_IN_HINDBRAIN",8,"Up",0.737295947702095,0.993794918179905
"GOBP_NEGATIVE_REGULATION_OF_TELOMERASE_ACTIVITY",2,"Up",0.737404129829282,0.993794918179905
"GOBP_PURINE_DEOXYRIBONUCLEOTIDE_CATABOLIC_PROCESS",3,"Up",0.737455477796275,0.993794918179905
"GOBP_RESPONSE_TO_VITAMIN",11,"Down",0.737734141466956,0.993794918179905
"GOBP_ENDOPLASMIC_RETICULUM_MANNOSE_TRIMMING",3,"Down",0.737735360932761,0.993794918179905
"GOBP_PROTEIN_DEMANNOSYLATION",3,"Down",0.737735360932761,0.993794918179905
"GOBP_AMYLOID_FIBRIL_FORMATION",9,"Up",0.737803561157357,0.993794918179905
"GOBP_PHAGOCYTOSIS",40,"Down",0.737832416947922,0.993794918179905
"GOBP_NEGATIVE_REGULATION_OF_VOLTAGE_GATED_CALCIUM_CHANNEL_ACTIVITY",4,"Up",0.737939018430989,0.993794918179905
"GOBP_REGULATION_OF_SMALL_MOLECULE_METABOLIC_PROCESS",62,"Up",0.738150516378727,0.993794918179905
"GOBP_DNA_PACKAGING",45,"Up",0.738176732408501,0.993794918179905
"GOBP_DEFENSE_RESPONSE_TO_GRAM_NEGATIVE_BACTERIUM",4,"Up",0.738194361881733,0.993794918179905
"GOBP_SYNAPTIC_TRANSMISSION_DOPAMINERGIC",5,"Up",0.738334405072083,0.993794918179905
"GOBP_POSITIVE_REGULATION_OF_RESPONSE_TO_TUMOR_CELL",2,"Up",0.738402954800345,0.993794918179905
"GOBP_REGULATION_OF_PROTON_TRANSPORT",9,"Up",0.738631554368918,0.993794918179905
"GOBP_RESPONSE_TO_HORMONE",196,"Up",0.738911333407832,0.993794918179905
"GOBP_CHROMATIN_ASSEMBLY_OR_DISASSEMBLY",46,"Up",0.739275065464071,0.993794918179905
"GOBP_POSITIVE_REGULATION_OF_BEHAVIOR",4,"Down",0.739441871539809,0.993794918179905
"GOBP_SEQUESTERING_OF_ACTIN_MONOMERS",3,"Down",0.739792664510778,0.993794918179905
"GOBP_CARBON_DIOXIDE_TRANSPORT",1,"Up",0.739810244160246,0.993794918179905
"GOBP_CELLULAR_WATER_HOMEOSTASIS",1,"Up",0.739810244160246,0.993794918179905
"GOBP_EPITHELIAL_FLUID_TRANSPORT",1,"Up",0.739810244160246,0.993794918179905
"GOBP_FLUID_TRANSPORT",1,"Up",0.739810244160246,0.993794918179905
"GOBP_GLYCEROL_TRANSPORT",1,"Up",0.739810244160246,0.993794918179905
"GOBP_NITRIC_OXIDE_TRANSPORT",1,"Up",0.739810244160246,0.993794918179905
"GOBP_ONE_CARBON_COMPOUND_TRANSPORT",1,"Up",0.739810244160246,0.993794918179905
"GOBP_REGULATION_OF_SALIVA_SECRETION",1,"Up",0.739810244160246,0.993794918179905
"GOBP_RENAL_WATER_TRANSPORT",1,"Up",0.739810244160246,0.993794918179905
"GOBP_SALIVA_SECRETION",1,"Up",0.739810244160246,0.993794918179905
"GOBP_WATER_TRANSPORT",1,"Up",0.739810244160246,0.993794918179905
"GOBP_REGULATION_OF_PHOSPHATASE_ACTIVITY",30,"Up",0.740135545404986,0.993927689702815
"GOBP_RESPONSE_TO_ENDOGENOUS_STIMULUS",338,"Down",0.740689695171345,0.993927689702815
"GOBP_INCLUSION_BODY_ASSEMBLY",10,"Up",0.740860514617938,0.993927689702815
"GOBP_POLYOL_CATABOLIC_PROCESS",15,"Down",0.74088267378904,0.993927689702815
"GOBP_TISSUE_REGENERATION",9,"Up",0.741644740291208,0.993927689702815
"GOBP_ACUTE_INFLAMMATORY_RESPONSE",10,"Down",0.741840566114177,0.993927689702815
"GOBP_MEIOTIC_CYTOKINESIS",3,"Down",0.742536044474331,0.993927689702815
"GOBP_ISOPRENOID_METABOLIC_PROCESS",10,"Down",0.742587230870924,0.993927689702815
"GOBP_REGULATION_OF_MORPHOGENESIS_OF_AN_EPITHELIUM",6,"Up",0.74280555983885,0.993927689702815
"GOBP_FOREBRAIN_NEURON_DEVELOPMENT",6,"Up",0.742870652971864,0.993927689702815
"GOBP_FOREBRAIN_NEURON_DIFFERENTIATION",6,"Up",0.742870652971864,0.993927689702815
"GOBP_RESPONSE_TO_ANTIBIOTIC",14,"Down",0.742888837770969,0.993927689702815
"GOBP_NEGATIVE_REGULATION_OF_CYTOKINESIS",2,"Up",0.743112389301954,0.993927689702815
"GOBP_MAMMARY_GLAND_EPITHELIUM_DEVELOPMENT",10,"Up",0.743295514575704,0.993927689702815
"GOBP_POSITIVE_REGULATION_OF_CELL_CYCLE_PHASE_TRANSITION",35,"Down",0.743555194286135,0.993927689702815
"GOBP_POSITIVE_REGULATION_OF_PHOSPHOLIPID_BIOSYNTHETIC_PROCESS",3,"Down",0.744582266047316,0.993927689702815
"GOBP_REGULATION_OF_FOCAL_ADHESION_DISASSEMBLY",5,"Up",0.744939011413628,0.993927689702815
"GOBP_AGGREPHAGY",6,"Down",0.745001206636614,0.993927689702815
"GOBP_HISTONE_H3_ACETYLATION",12,"Down",0.745177312667049,0.993927689702815
"GOBP_TERMINATION_OF_RNA_POLYMERASE_II_TRANSCRIPTION",2,"Down",0.745500579060898,0.993927689702815
"GOBP_OXALOACETATE_METABOLIC_PROCESS",7,"Down",0.745530786811337,0.993927689702815
"GOBP_DICARBOXYLIC_ACID_METABOLIC_PROCESS",27,"Down",0.745709260530492,0.993927689702815
"GOBP_NEGATIVE_REGULATION_OF_TRANSPORT",110,"Up",0.745733097805326,0.993927689702815
"GOBP_PRESYNAPTIC_ACTIVE_ZONE_ORGANIZATION",4,"Up",0.746041841989459,0.993927689702815
"GOBP_CANNABINOID_SIGNALING_PATHWAY",3,"Down",0.746096921347338,0.993927689702815
"GOBP_ENDOCANNABINOID_SIGNALING_PATHWAY",3,"Down",0.746096921347338,0.993927689702815
"GOBP_NEGATIVE_REGULATION_OF_MUSCLE_ORGAN_DEVELOPMENT",4,"Up",0.746270084300586,0.993927689702815
"GOBP_NEGATIVE_REGULATION_OF_MUSCLE_TISSUE_DEVELOPMENT",4,"Up",0.746270084300586,0.993927689702815
"GOBP_INTRINSIC_APOPTOTIC_SIGNALING_PATHWAY_IN_RESPONSE_TO_OSMOTIC_STRESS",2,"Up",0.746390442461154,0.993927689702815
"GOBP_NEGATIVE_REGULATION_OF_RESPONSE_TO_EXTERNAL_STIMULUS",52,"Down",0.746472974696904,0.993927689702815
"GOBP_REGULATION_OF_RESPIRATORY_GASEOUS_EXCHANGE_BY_NERVOUS_SYSTEM_PROCESS",2,"Up",0.746759368878102,0.993927689702815
"GOBP_RESPONSE_TO_HYDROXYUREA",5,"Up",0.747019286911742,0.993927689702815
"GOBP_NEURON_PROJECTION_ARBORIZATION",8,"Up",0.747068975393599,0.993927689702815
"GOBP_POSITIVE_REGULATION_OF_INTERFERON_GAMMA_PRODUCTION",5,"Down",0.747152162115106,0.993927689702815
"GOBP_PHENOL_CONTAINING_COMPOUND_BIOSYNTHETIC_PROCESS",9,"Down",0.747680648107935,0.993927689702815
"GOBP_REGULATION_OF_CELL_CYCLE_CHECKPOINT",10,"Up",0.747818186766182,0.993927689702815
"GOBP_PARALLEL_ACTIN_FILAMENT_BUNDLE_ASSEMBLY",1,"Up",0.748004314882573,0.993927689702815
"GOBP_COTRANSLATIONAL_PROTEIN_TARGETING_TO_MEMBRANE",8,"Down",0.748129819505211,0.993927689702815
"GOBP_FATTY_ACID_ELONGATION",3,"Down",0.748162532379563,0.993927689702815
"GOBP_REGULATION_OF_CELL_CYCLE_PHASE_TRANSITION",96,"Down",0.748743718602375,0.993927689702815
"GOBP_POSITIVE_REGULATION_OF_CELL_AGING",3,"Down",0.748981941085344,0.993927689702815
"GOBP_REGULATION_OF_PHOSPHOLIPID_TRANSLOCATION",4,"Down",0.749030973877951,0.993927689702815
"GOBP_CHORIONIC_TROPHOBLAST_CELL_DIFFERENTIATION",1,"Down",0.749409427259999,0.993927689702815
"GOBP_TELOMERE_MAINTENANCE_VIA_SEMI_CONSERVATIVE_REPLICATION",3,"Down",0.74964892083367,0.993927689702815
"GOBP_NUCLEAR_NCRNA_SURVEILLANCE",3,"Down",0.750072936950552,0.993927689702815
"GOBP_PURINE_NUCLEOSIDE_MONOPHOSPHATE_METABOLIC_PROCESS",20,"Up",0.750085297334582,0.993927689702815
"GOBP_PURINE_NUCLEOTIDE_TRANSPORT",7,"Up",0.750478978272781,0.993927689702815
"GOBP_POSITIVE_REGULATION_OF_VIRAL_GENOME_REPLICATION",15,"Up",0.750536949913787,0.993927689702815
"GOBP_HISTONE_UBIQUITINATION",12,"Up",0.750559163984454,0.993927689702815
"GOBP_RESPONSE_TO_CHEMOKINE",6,"Down",0.75071004616374,0.993927689702815
"GOBP_MUSCLE_CELL_DEVELOPMENT",40,"Down",0.751081568185297,0.993927689702815
"GOBP_REGULATION_OF_GROWTH",137,"Down",0.751312395625284,0.993927689702815
"GOBP_NEGATIVE_REGULATION_OF_DNA_METABOLIC_PROCESS",31,"Up",0.751316277083631,0.993927689702815
"GOBP_REGULATION_OF_PROTEIN_DEPHOSPHORYLATION",37,"Down",0.751366431816072,0.993927689702815
"GOBP_RESPONSE_TO_MECHANICAL_STIMULUS",39,"Up",0.751796205910678,0.993927689702815
"GOBP_REGULATION_OF_AMYLOID_PRECURSOR_PROTEIN_CATABOLIC_PROCESS",14,"Up",0.7519823978902,0.993927689702815
"GOBP_REGULATION_OF_ADIPONECTIN_SECRETION",1,"Down",0.752037411743726,0.993927689702815
"GOBP_KETONE_BODY_BIOSYNTHETIC_PROCESS",1,"Down",0.752452759754949,0.993927689702815
"GOBP_NEGATIVE_REGULATION_OF_ACTION_POTENTIAL",2,"Up",0.752510426713992,0.993927689702815
"GOBP_REGULATION_OF_PINOCYTOSIS",3,"Up",0.752566454619725,0.993927689702815
"GOBP_RESPONSE_TO_CGMP",2,"Down",0.752811688528594,0.993927689702815
"GOBP_POSITIVE_REGULATION_OF_MITOCHONDRIAL_MEMBRANE_POTENTIAL",3,"Down",0.753033888738134,0.993927689702815
"GOBP_DNA_LIGATION_INVOLVED_IN_DNA_REPAIR",1,"Up",0.753096787157852,0.993927689702815
"GOBP_REGULATION_OF_MITOCHONDRIAL_DNA_REPLICATION",1,"Up",0.753096787157852,0.993927689702815
"GOBP_CELLULAR_IRON_ION_HOMEOSTASIS",11,"Down",0.753124828284692,0.993927689702815
"GOBP_NEGATIVE_REGULATION_OF_PROTEIN_AUTOPHOSPHORYLATION",3,"Up",0.753221494038152,0.993927689702815
"GOBP_REGULATION_OF_LEUKOCYTE_MIGRATION",26,"Down",0.753318169646491,0.993927689702815
"GOBP_POSITIVE_REGULATION_OF_ASTROCYTE_DIFFERENTIATION",3,"Down",0.753333339665981,0.993927689702815
"GOBP_NEGATIVE_REGULATION_OF_TRANSCRIPTION_BY_RNA_POLYMERASE_I",1,"Down",0.753487563270319,0.993927689702815
"GOBP_NEGATIVE_REGULATION_OF_STRESS_ACTIVATED_PROTEIN_KINASE_SIGNALING_CASCADE",9,"Up",0.75364579004826,0.993927689702815
"GOBP_ENERGY_DERIVATION_BY_OXIDATION_OF_ORGANIC_COMPOUNDS",96,"Down",0.754010335490965,0.993927689702815
"GOBP_PHOTORECEPTOR_CELL_DEVELOPMENT",8,"Up",0.754244010901555,0.993927689702815
"GOBP_REGULATION_OF_ERYTHROCYTE_DIFFERENTIATION",8,"Down",0.754449851269803,0.993927689702815
"GOBP_T_CELL_APOPTOTIC_PROCESS",5,"Up",0.754602539372571,0.993927689702815
"GOBP_INTERLEUKIN_4_PRODUCTION",2,"Down",0.754869931974526,0.993927689702815
"GOBP_POSITIVE_REGULATION_OF_INTERLEUKIN_4_PRODUCTION",2,"Down",0.754869931974526,0.993927689702815
"GOBP_POSITIVE_REGULATION_OF_PROTEIN_NEDDYLATION",1,"Up",0.755223206047731,0.993927689702815
"GOBP_AMP_METABOLIC_PROCESS",11,"Down",0.755224634143073,0.993927689702815
"GOBP_POSITIVE_REGULATION_OF_CYTOKINESIS",9,"Up",0.755895066125452,0.993927689702815
"GOBP_LONG_CHAIN_FATTY_ACYL_COA_METABOLIC_PROCESS",7,"Down",0.75595020995951,0.993927689702815
"GOBP_NEGATIVE_REGULATION_OF_LEUKOCYTE_MEDIATED_IMMUNITY",4,"Up",0.756157923861275,0.993927689702815
"GOBP_MRNA_PSEUDOURIDINE_SYNTHESIS",4,"Down",0.756848219059786,0.993927689702815
"GOBP_MAMMARY_GLAND_BRANCHING_INVOLVED_IN_PREGNANCY",2,"Up",0.756857000539435,0.993927689702815
"GOBP_NEGATIVE_REGULATION_OF_DNA_RECOMBINATION",4,"Down",0.756873024992122,0.993927689702815
"GOBP_ADAPTATION_OF_SIGNALING_PATHWAY",3,"Down",0.75696024743169,0.993927689702815
"GOBP_RESPONSE_TO_INTERLEUKIN_18",2,"Down",0.757489989607208,0.993927689702815
"GOBP_REGULATION_OF_BROWN_FAT_CELL_DIFFERENTIATION",3,"Down",0.757727345545391,0.993927689702815
"GOBP_NCRNA_TRANSCRIPTION",17,"Down",0.757873761242346,0.993927689702815
"GOBP_REGULATION_OF_JNK_CASCADE",25,"Up",0.758033323950806,0.993927689702815
"GOBP_HISTONE_PHOSPHORYLATION",13,"Down",0.758213246528419,0.993927689702815
"GOBP_REGULATION_OF_PROTEIN_NEDDYLATION",3,"Down",0.758214130549994,0.993927689702815
"GOBP_CARBOHYDRATE_METABOLIC_PROCESS",128,"Up",0.758369874783463,0.993927689702815
"GOBP_RENAL_SYSTEM_PROCESS",12,"Up",0.758610234207013,0.993927689702815
"GOBP_REGULATION_OF_CALCIUM_ION_TRANSMEMBRANE_TRANSPORTER_ACTIVITY",29,"Up",0.758683560085693,0.993927689702815
"GOBP_RESPONSE_TO_PEPTIDE_HORMONE",104,"Up",0.758728377757764,0.993927689702815
"GOBP_ORGANOPHOSPHATE_CATABOLIC_PROCESS",42,"Down",0.759027222703299,0.993927689702815
"GOBP_DNA_CONFORMATION_CHANGE",75,"Up",0.759102988168146,0.993927689702815
"GOBP_NEGATIVE_REGULATION_OF_LYMPHOCYTE_MEDIATED_IMMUNITY",2,"Down",0.75910464831272,0.993927689702815
"GOBP_NEGATIVE_REGULATION_OF_NATURAL_KILLER_CELL_MEDIATED_IMMUNITY",2,"Down",0.75910464831272,0.993927689702815
"GOBP_SNRNA_MODIFICATION",5,"Down",0.759104797042398,0.993927689702815
"GOBP_REGULATION_OF_CELL_MORPHOGENESIS_INVOLVED_IN_DIFFERENTIATION",33,"Down",0.759194249600498,0.993927689702815
"GOBP_CELL_CELL_SIGNALING",328,"Down",0.75941065677952,0.993927689702815
"GOBP_REGULATION_OF_DNA_METABOLIC_PROCESS",124,"Up",0.759510899678747,0.993927689702815
"GOBP_PIGMENT_BIOSYNTHETIC_PROCESS",12,"Down",0.759705570556779,0.993927689702815
"GOBP_REGULATION_OF_RELAXATION_OF_CARDIAC_MUSCLE",2,"Up",0.759958476932782,0.993927689702815
"GOBP_NEGATIVE_REGULATION_OF_HIPPO_SIGNALING",2,"Up",0.760045966307619,0.993927689702815
"GOBP_MEMBRANE_DEPOLARIZATION_DURING_CARDIAC_MUSCLE_CELL_ACTION_POTENTIAL",6,"Up",0.760078089545502,0.993927689702815
"GOBP_REGULATION_OF_BODY_FLUID_LEVELS",58,"Up",0.760078951314042,0.993927689702815
"GOBP_NEGATIVE_REGULATION_OF_VITAMIN_D_BIOSYNTHETIC_PROCESS",1,"Up",0.760105835797623,0.993927689702815
"GOBP_NEGATIVE_REGULATION_OF_VITAMIN_METABOLIC_PROCESS",1,"Up",0.760105835797623,0.993927689702815
"GOBP_REGULATION_OF_CALCIDIOL_1_MONOOXYGENASE_ACTIVITY",1,"Up",0.760105835797623,0.993927689702815
"GOBP_REGULATION_OF_VITAMIN_D_BIOSYNTHETIC_PROCESS",1,"Up",0.760105835797623,0.993927689702815
"GOBP_VITAMIN_D_BIOSYNTHETIC_PROCESS",1,"Up",0.760105835797623,0.993927689702815
"GOBP_VITAMIN_D_METABOLIC_PROCESS",1,"Up",0.760105835797623,0.993927689702815
"GOBP_REGULATION_OF_GLIAL_CELL_APOPTOTIC_PROCESS",3,"Up",0.760147142111497,0.993927689702815
"GOBP_CRANIAL_NERVE_DEVELOPMENT",6,"Up",0.76017737726734,0.993927689702815
"GOBP_DETECTION_OF_LIGHT_STIMULUS_INVOLVED_IN_SENSORY_PERCEPTION",1,"Up",0.760766537170892,0.993927689702815
"GOBP_RETINA_LAYER_FORMATION",1,"Up",0.760766537170892,0.993927689702815
"GOBP_GLYCEROL_ETHER_METABOLIC_PROCESS",3,"Up",0.761121727884778,0.993927689702815
"GOBP_REGULATION_OF_DNA_BIOSYNTHETIC_PROCESS",49,"Up",0.761193245792554,0.993927689702815
"GOBP_ANGIOTENSIN_ACTIVATED_SIGNALING_PATHWAY",2,"Up",0.761228611494041,0.993927689702815
"GOBP_NEGATIVE_REGULATION_OF_PHAGOCYTOSIS",9,"Down",0.761476831053836,0.993927689702815
"GOBP_NEURON_PROJECTION_GUIDANCE",40,"Up",0.761530244529727,0.993927689702815
"GOBP_REGULATION_OF_FATTY_ACID_METABOLIC_PROCESS",16,"Down",0.761731487180636,0.993927689702815
"GOBP_POSITIVE_REGULATION_OF_VOLTAGE_GATED_POTASSIUM_CHANNEL_ACTIVITY",1,"Up",0.761767638100085,0.993927689702815
"GOBP_REGULATION_OF_PRESYNAPTIC_MEMBRANE_POTENTIAL",1,"Up",0.761767638100085,0.993927689702815
"GOBP_REGULATION_OF_HISTONE_PHOSPHORYLATION",7,"Down",0.7628262036238,0.993927689702815
"GOBP_NOREPINEPHRINE_TRANSPORT",3,"Up",0.762936405982229,0.993927689702815
"GOBP_REGULATION_OF_INTESTINAL_ABSORPTION",1,"Up",0.763053910226762,0.993927689702815
"GOBP_REGULATION_OF_PHOSPHORUS_METABOLIC_PROCESS",326,"Down",0.763109813455675,0.993927689702815
"GOBP_POSTSYNAPTIC_MEMBRANE_ORGANIZATION",5,"Down",0.763346672745471,0.993927689702815
"GOBP_REGULATION_OF_TRANSLATIONAL_INITIATION_IN_RESPONSE_TO_STRESS",8,"Up",0.763358242303155,0.993927689702815
"GOBP_POSITIVE_REGULATION_OF_TRANSLATION",61,"Up",0.763358655733638,0.993927689702815
"GOBP_GLUCOSE_CATABOLIC_PROCESS",11,"Down",0.763667508829267,0.993927689702815
"GOBP_ANTIGEN_PROCESSING_AND_PRESENTATION_OF_PEPTIDE_ANTIGEN_VIA_MHC_CLASS_I",5,"Down",0.763709451490991,0.993927689702815
"GOBP_POSITIVE_REGULATION_OF_HISTONE_H4_ACETYLATION",1,"Down",0.763960772721911,0.993927689702815
"GOBP_POSITIVE_REGULATION_OF_RAC_PROTEIN_SIGNAL_TRANSDUCTION",1,"Down",0.763960772721911,0.993927689702815
"GOBP_REGULATION_OF_HISTONE_H4_K16_ACETYLATION",1,"Down",0.763960772721911,0.993927689702815
"GOBP_FACE_DEVELOPMENT",11,"Up",0.76419574299051,0.993927689702815
"GOBP_REGULATION_OF_MEMBRANE_DEPOLARIZATION_DURING_ACTION_POTENTIAL",3,"Down",0.76443808638389,0.993927689702815
"GOBP_RESPONSE_TO_LEUKEMIA_INHIBITORY_FACTOR",24,"Up",0.764455351327582,0.993927689702815
"GOBP_INOSITOL_LIPID_MEDIATED_SIGNALING",37,"Up",0.764515327433088,0.993927689702815
"GOBP_REGULATION_OF_AUTOPHAGOSOME_MATURATION",3,"Down",0.764585483255696,0.993927689702815
"GOBP_PHOSPHOLIPID_BIOSYNTHETIC_PROCESS",87,"Down",0.764854109319713,0.993927689702815
"GOBP_DEDIFFERENTIATION",1,"Up",0.765097582043379,0.993927689702815
"GOBP_INORGANIC_ION_IMPORT_ACROSS_PLASMA_MEMBRANE",15,"Up",0.765111292796799,0.993927689702815
"GOBP_KILLING_BY_HOST_OF_SYMBIONT_CELLS",2,"Down",0.765275078163734,0.993927689702815
"GOBP_POSITIVE_REGULATION_OF_RECEPTOR_SIGNALING_PATHWAY_VIA_STAT",3,"Up",0.765326952498702,0.993927689702815
"GOBP_REGULATION_OF_BINDING",111,"Up",0.765382744707621,0.993927689702815
"GOBP_REGULATION_OF_MYOBLAST_DIFFERENTIATION",5,"Up",0.765469451394576,0.993927689702815
"GOBP_NEGATIVE_REGULATION_OF_NUCLEOBASE_CONTAINING_COMPOUND_METABOLIC_PROCESS",285,"Up",0.765526308788519,0.993927689702815
"GOBP_POSITIVE_REGULATION_OF_TRANSCRIPTION_BY_RNA_POLYMERASE_III",11,"Down",0.765889991088143,0.993927689702815
"GOBP_REGULATION_OF_PROTEIN_FOLDING",4,"Down",0.766219673511816,0.993927689702815
"GOBP_POSITIVE_REGULATION_OF_LEUKOCYTE_MIGRATION",14,"Down",0.766318804364452,0.993927689702815
"GOBP_PROTEIN_MATURATION_BY_IRON_SULFUR_CLUSTER_TRANSFER",3,"Up",0.766446866064656,0.993927689702815
"GOBP_DETERMINATION_OF_ADULT_LIFESPAN",2,"Up",0.766627288106206,0.993927689702815
"GOBP_BILE_ACID_BIOSYNTHETIC_PROCESS",8,"Down",0.766701508815158,0.993927689702815
"GOBP_MYELOID_LEUKOCYTE_MEDIATED_IMMUNITY",22,"Up",0.766746669625714,0.993927689702815
"GOBP_T_CELL_MEDIATED_IMMUNITY",8,"Up",0.766877170896821,0.993927689702815
"GOBP_RESPONSE_TO_STARVATION",72,"Up",0.767134477943409,0.993927689702815
"GOBP_NEGATIVE_REGULATION_OF_VASOCONSTRICTION",3,"Down",0.767591194100748,0.993927689702815
"GOBP_NEGATIVE_REGULATION_OF_APOPTOTIC_SIGNALING_PATHWAY",56,"Down",0.767656240608463,0.993927689702815
"GOBP_REGULATION_OF_DEFENSE_RESPONSE",106,"Up",0.76784404770907,0.993927689702815
"GOBP_POSITIVE_REGULATION_OF_LYMPHOCYTE_MIGRATION",5,"Up",0.767952215856515,0.993927689702815
"GOBP_SUCCINATE_METABOLIC_PROCESS",3,"Up",0.768117454536242,0.993927689702815
"GOBP_MEIOTIC_CHROMOSOME_SEGREGATION",6,"Down",0.768122943607121,0.993927689702815
"GOBP_CARBOHYDRATE_BIOSYNTHETIC_PROCESS",36,"Down",0.768239497208989,0.993927689702815
"GOBP_NUCLEOSIDE_DIPHOSPHATE_CATABOLIC_PROCESS",3,"Up",0.768248997325471,0.993927689702815
"GOBP_RIBONUCLEOSIDE_DIPHOSPHATE_CATABOLIC_PROCESS",3,"Up",0.768248997325471,0.993927689702815
"GOBP_NEGATIVE_REGULATION_OF_ACTIVIN_RECEPTOR_SIGNALING_PATHWAY",2,"Up",0.768272818222979,0.993927689702815
"GOBP_VESICLE_FUSION_WITH_GOLGI_APPARATUS",5,"Down",0.768525946112044,0.993927689702815
"GOBP_REGULATION_OF_CARDIAC_MUSCLE_CELL_MEMBRANE_REPOLARIZATION",4,"Up",0.768616232979847,0.993927689702815
"GOBP_REGULATION_OF_ELECTRON_TRANSFER_ACTIVITY",5,"Up",0.76877844010739,0.993927689702815
"GOBP_CYTOPLASMIC_SEQUESTERING_OF_TRANSCRIPTION_FACTOR",5,"Up",0.768911149088177,0.993927689702815
"GOBP_MITOTIC_SISTER_CHROMATID_COHESION",5,"Up",0.769056629174805,0.993927689702815
"GOBP_RESPONSE_TO_ISOQUINOLINE_ALKALOID",4,"Down",0.769325000133168,0.993927689702815
"GOBP_GLUTAMATE_RECEPTOR_SIGNALING_PATHWAY",9,"Up",0.769433130338454,0.993927689702815
"GOBP_CELLULAR_KETONE_METABOLIC_PROCESS",35,"Down",0.769568523478291,0.993927689702815
"GOBP_CELLULAR_RESPONSE_TO_CARBOHYDRATE_STIMULUS",35,"Down",0.769769416499865,0.993927689702815
"GOBP_EPITHELIAL_CELL_DIFFERENTIATION",90,"Down",0.76991876352749,0.993927689702815
"GOBP_PREASSEMBLY_OF_GPI_ANCHOR_IN_ER_MEMBRANE",1,"Down",0.769938273093722,0.993927689702815
"GOBP_POSITIVE_REGULATION_OF_LONG_TERM_NEURONAL_SYNAPTIC_PLASTICITY",1,"Up",0.770247229688378,0.993927689702815
"GOBP_MAINTENANCE_OF_PROTEIN_LOCALIZATION_IN_ORGANELLE",17,"Down",0.770275960663478,0.993927689702815
"GOBP_REGULATION_OF_APOPTOTIC_DNA_FRAGMENTATION",2,"Down",0.770339658900011,0.993927689702815
"GOBP_REGULATION_OF_DNA_CATABOLIC_PROCESS",2,"Down",0.770339658900011,0.993927689702815
"GOBP_GOLGI_DISASSEMBLY",1,"Up",0.770349086962923,0.993927689702815
"GOBP_MEIOTIC_SPINDLE_ASSEMBLY",1,"Up",0.770349086962923,0.993927689702815
"GOBP_SINGLE_STRAND_BREAK_REPAIR",3,"Down",0.77043161828276,0.993927689702815
"GOBP_POSITIVE_REGULATION_OF_BLOOD_VESSEL_ENDOTHELIAL_CELL_MIGRATION",7,"Down",0.77075062244631,0.993927689702815
"GOBP_TRNA_3_END_PROCESSING",3,"Up",0.770765310333478,0.993927689702815
"GOBP_REGULATION_OF_T_HELPER_17_TYPE_IMMUNE_RESPONSE",3,"Up",0.770862191857462,0.993927689702815
"GOBP_NAIL_DEVELOPMENT",1,"Down",0.771325768242676,0.993927689702815
"GOBP_APOPTOTIC_MITOCHONDRIAL_CHANGES",31,"Up",0.7716016912361,0.993927689702815
"GOBP_NEGATIVE_REGULATION_OF_PEPTIDYL_LYSINE_ACETYLATION",6,"Up",0.771665173569926,0.993927689702815
"GOBP_POSITIVE_REGULATION_OF_HEMATOPOIETIC_PROGENITOR_CELL_DIFFERENTIATION",2,"Up",0.771729231342655,0.993927689702815
"GOBP_POSITIVE_REGULATION_OF_STEM_CELL_DIFFERENTIATION",2,"Up",0.771729231342655,0.993927689702815
"GOBP_SECOND_MESSENGER_MEDIATED_SIGNALING",51,"Up",0.771754877793269,0.993927689702815
"GOBP_CELLULAR_GLUCOSE_HOMEOSTASIS",35,"Down",0.771814420323573,0.993927689702815
"GOBP_PROTEIN_MONOUBIQUITINATION",18,"Up",0.771883311218398,0.993927689702815
"GOBP_PROTEIN_RETENTION_IN_GOLGI_APPARATUS",3,"Up",0.772002077284737,0.993927689702815
"GOBP_ORGANIC_ACID_CATABOLIC_PROCESS",50,"Down",0.772190871256144,0.993927689702815
"GOBP_CELLULAR_RESPONSE_TO_MECHANICAL_STIMULUS",15,"Up",0.772366796007344,0.993927689702815
"GOBP_GLUTAMINE_FAMILY_AMINO_ACID_CATABOLIC_PROCESS",7,"Up",0.772671317254755,0.993927689702815
"GOBP_NEUTROPHIL_EXTRAVASATION",2,"Up",0.773010690556167,0.993927689702815
"GOBP_REGULATION_OF_LIPASE_ACTIVITY",10,"Down",0.773089784148682,0.993927689702815
"GOBP_NK_T_CELL_DIFFERENTIATION",2,"Down",0.773221837292494,0.993927689702815
"GOBP_NEURONAL_ACTION_POTENTIAL_PROPAGATION",2,"Up",0.773248792950902,0.993927689702815
"GOBP_REGULATION_OF_IMMUNOGLOBULIN_PRODUCTION",7,"Down",0.77347985507895,0.993927689702815
"GOBP_REGULATION_OF_CELL_CYCLE",260,"Up",0.773634409164044,0.993927689702815
"GOBP_MAINTENANCE_OF_GASTROINTESTINAL_EPITHELIUM",3,"Up",0.773725250468845,0.993927689702815
"GOBP_TRANSEPITHELIAL_TRANSPORT",3,"Up",0.773758191311474,0.993927689702815
"GOBP_LIPID_HOMEOSTASIS",26,"Down",0.773774119059645,0.993927689702815
"GOBP_PURINE_NUCLEOSIDE_DIPHOSPHATE_CATABOLIC_PROCESS",2,"Up",0.773799369483167,0.993927689702815
"GOBP_POSITIVE_REGULATION_OF_DNA_BIOSYNTHETIC_PROCESS",31,"Up",0.774086903525223,0.993927689702815
"GOBP_PROTECTION_FROM_NON_HOMOLOGOUS_END_JOINING_AT_TELOMERE",3,"Down",0.774131842803748,0.993927689702815
"GOBP_TELOMERE_MAINTENANCE_IN_RESPONSE_TO_DNA_DAMAGE",3,"Down",0.774131842803748,0.993927689702815
"GOBP_POSITIVE_REGULATION_OF_SECONDARY_METABOLITE_BIOSYNTHETIC_PROCESS",3,"Up",0.774295000668392,0.993927689702815
"GOBP_RIBONUCLEOSIDE_MONOPHOSPHATE_METABOLIC_PROCESS",26,"Up",0.774409701723128,0.993927689702815
"GOBP_KIDNEY_EPITHELIUM_DEVELOPMENT",15,"Down",0.774866447542315,0.993927689702815
"GOBP_POSITIVE_REGULATION_OF_INTERFERON_BETA_PRODUCTION",13,"Up",0.774894995198483,0.993927689702815
"GOBP_OSTEOBLAST_DIFFERENTIATION",39,"Up",0.775183525123459,0.993927689702815
"GOBP_PURINE_CONTAINING_COMPOUND_BIOSYNTHETIC_PROCESS",55,"Down",0.77562306654442,0.993927689702815
"GOBP_NK_T_CELL_ACTIVATION",1,"Up",0.775935116016043,0.993927689702815
"GOBP_POSITIVE_REGULATION_OF_MHC_CLASS_I_BIOSYNTHETIC_PROCESS",1,"Up",0.775935116016043,0.993927689702815
"GOBP_POSITIVE_REGULATION_OF_NK_T_CELL_ACTIVATION",1,"Up",0.775935116016043,0.993927689702815
"GOBP_REGULATION_OF_NK_T_CELL_ACTIVATION",1,"Up",0.775935116016043,0.993927689702815
"GOBP_EXOCYST_LOCALIZATION",1,"Up",0.775961432743775,0.993927689702815
"GOBP_POLYOL_TRANSPORT",2,"Down",0.776006645332635,0.993927689702815
"GOBP_TRANSCRIPTION_COUPLED_NUCLEOTIDE_EXCISION_REPAIR",2,"Up",0.776165515555866,0.993927689702815
"GOBP_REGULATION_OF_BONE_DEVELOPMENT",1,"Down",0.776190798848593,0.993927689702815
"GOBP_DEFENSE_RESPONSE_TO_BACTERIUM",21,"Down",0.776242917513131,0.993927689702815
"GOBP_PHOSPHATIDYLSERINE_METABOLIC_PROCESS",6,"Down",0.776467196711085,0.993927689702815
"GOBP_PARAXIAL_MESODERM_MORPHOGENESIS",2,"Down",0.776606609775032,0.993927689702815
"GOBP_TRANSEPITHELIAL_CHLORIDE_TRANSPORT",1,"Down",0.776672487135905,0.993927689702815
"GOBP_POSITIVE_REGULATION_OF_STRESS_ACTIVATED_PROTEIN_KINASE_SIGNALING_CASCADE",20,"Up",0.776674815194845,0.993927689702815
"GOBP_NEGATIVE_REGULATION_OF_HISTONE_MODIFICATION",10,"Up",0.776762354965659,0.993927689702815
"GOBP_COMPLEMENT_ACTIVATION",3,"Down",0.776967347334144,0.993927689702815
"GOBP_PRIMARY_ALCOHOL_METABOLIC_PROCESS",11,"Down",0.777507497319278,0.993927689702815
"GOBP_CELL_MATURATION",26,"Up",0.777851367687724,0.993927689702815
"GOBP_LIGAND_GATED_ION_CHANNEL_SIGNALING_PATHWAY",4,"Down",0.778003336114262,0.993927689702815
"GOBP_REGULATION_OF_SUPEROXIDE_ANION_GENERATION",5,"Up",0.778069091655009,0.993927689702815
"GOBP_REGULATION_OF_SUPEROXIDE_METABOLIC_PROCESS",5,"Up",0.778069091655009,0.993927689702815
"GOBP_SUPEROXIDE_ANION_GENERATION",5,"Up",0.778069091655009,0.993927689702815
"GOBP_DENDRITE_SELF_AVOIDANCE",3,"Up",0.778462396259298,0.993927689702815
"GOBP_ESTABLISHMENT_OF_PROTEIN_LOCALIZATION_TO_ENDOPLASMIC_RETICULUM",19,"Down",0.778853579621302,0.993927689702815
"GOBP_LIPID_IMPORT_INTO_CELL",6,"Up",0.778941720645721,0.993927689702815
"GOBP_OOCYTE_MATURATION",7,"Up",0.779063017727177,0.993927689702815
"GOBP_MYELOID_CELL_HOMEOSTASIS",28,"Down",0.779169514771279,0.993927689702815
"GOBP_NUCLEOSIDE_METABOLIC_PROCESS",11,"Up",0.779209710915667,0.993927689702815
"GOBP_POSITIVE_REGULATION_OF_IMMUNE_RESPONSE",87,"Down",0.779322779816063,0.993927689702815
"GOBP_CORPUS_CALLOSUM_MORPHOGENESIS",2,"Up",0.779330196717133,0.993927689702815
"GOBP_MITOTIC_CELL_CYCLE_CHECKPOINT_SIGNALING",30,"Down",0.77959378669376,0.993927689702815
"GOBP_I_KAPPAB_PHOSPHORYLATION",6,"Up",0.779669698528759,0.993927689702815
"GOBP_MUCUS_SECRETION",2,"Down",0.779780749252881,0.993927689702815
"GOBP_BODY_FLUID_SECRETION",17,"Up",0.779816263920911,0.993927689702815
"GOBP_GLUCOSAMINE_CONTAINING_COMPOUND_METABOLIC_PROCESS",2,"Up",0.779824444835453,0.993927689702815
"GOBP_N_ACETYLGLUCOSAMINE_METABOLIC_PROCESS",2,"Up",0.779824444835453,0.993927689702815
"GOBP_RESPONSE_TO_STIMULUS_INVOLVED_IN_REGULATION_OF_MUSCLE_ADAPTATION",2,"Up",0.779907480503773,0.993927689702815
"GOBP_PEPTIDYL_L_CYSTEINE_S_PALMITOYLATION",8,"Down",0.779970496775152,0.993927689702815
"GOBP_POSITIVE_REGULATION_OF_INTRACELLULAR_SIGNAL_TRANSDUCTION",201,"Up",0.780072790068855,0.993927689702815
"GOBP_NUCLEOBASE_TRANSPORT",3,"Up",0.780104503152287,0.993927689702815
"GOBP_POTASSIUM_ION_IMPORT_ACROSS_PLASMA_MEMBRANE",7,"Down",0.780135644088613,0.993927689702815
"GOBP_METAL_ION_TRANSPORT",180,"Down",0.780434047347475,0.993927689702815
"GOBP_REGULATION_OF_EXTRINSIC_APOPTOTIC_SIGNALING_PATHWAY_IN_ABSENCE_OF_LIGAND",6,"Up",0.780605411745525,0.993927689702815
"GOBP_CELLULAR_RESPONSE_TO_INSULIN_STIMULUS",65,"Up",0.780963007564312,0.993927689702815
"GOBP_GLUTAMATE_SECRETION",10,"Up",0.781247455424356,0.993927689702815
"GOBP_REGULATION_OF_MICROVILLUS_ASSEMBLY",1,"Up",0.781331249456564,0.993927689702815
"GOBP_RETROGRADE_TRANS_SYNAPTIC_SIGNALING",5,"Down",0.781352184374797,0.993927689702815
"GOBP_RESPONSE_TO_PROSTAGLANDIN",6,"Up",0.781651190159564,0.993927689702815
"GOBP_RESPONSE_TO_PROSTAGLANDIN_E",6,"Up",0.781651190159564,0.993927689702815
"GOBP_CEREBRAL_CORTEX_RADIALLY_ORIENTED_CELL_MIGRATION",11,"Down",0.781765760320519,0.993927689702815
"GOBP_REGULATION_OF_VIRAL_TRANSCRIPTION",6,"Up",0.782382905601981,0.993927689702815
"GOBP_MANNOSYLATION",2,"Up",0.78253292893281,0.993927689702815
"GOBP_REGULATION_OF_PLATELET_DERIVED_GROWTH_FACTOR_RECEPTOR_BETA_SIGNALING_PATHWAY",3,"Up",0.78278549533534,0.993927689702815
"GOBP_TOLL_LIKE_RECEPTOR_4_SIGNALING_PATHWAY",7,"Up",0.782928262684716,0.993927689702815
"GOBP_NEUROMUSCULAR_SYNAPTIC_TRANSMISSION",7,"Down",0.783113662512884,0.993927689702815
"GOBP_TRNA_WOBBLE_BASE_MODIFICATION",4,"Up",0.783268898548537,0.993927689702815
"GOBP_TRNA_WOBBLE_URIDINE_MODIFICATION",4,"Up",0.783268898548537,0.993927689702815
"GOBP_CELLULAR_RESPONSE_TO_HYDROGEN_PEROXIDE",24,"Down",0.78336966559622,0.993927689702815
"GOBP_POSITIVE_REGULATION_OF_PROTEIN_SERINE_THREONINE_KINASE_ACTIVITY",45,"Up",0.78342678664836,0.993927689702815
"GOBP_MRNA_CLEAVAGE",11,"Down",0.783430060676725,0.993927689702815
"GOBP_PERICARDIUM_DEVELOPMENT",5,"Down",0.783443605310503,0.993927689702815
"GOBP_EMBRYO_DEVELOPMENT",187,"Up",0.78356503973814,0.993927689702815
"GOBP_REGULATION_OF_RESPONSE_TO_WOUNDING",23,"Up",0.783695473838919,0.993927689702815
"GOBP_ORGANIC_ACID_TRANSPORT",52,"Down",0.783840478006042,0.993927689702815
"GOBP_ADRENERGIC_RECEPTOR_SIGNALING_PATHWAY",9,"Up",0.783871733171332,0.993927689702815
"GOBP_REGULATION_OF_CELL_CYCLE_PROCESS",176,"Up",0.784293950372209,0.993927689702815
"GOBP_REGULATION_OF_LIPID_LOCALIZATION",28,"Down",0.784355317267357,0.993927689702815
"GOBP_LONG_TERM_SYNAPTIC_POTENTIATION",20,"Up",0.784436301662772,0.993927689702815
"GOBP_NEGATIVE_REGULATION_OF_ERAD_PATHWAY",3,"Up",0.784559162674161,0.993927689702815
"GOBP_HEAD_DEVELOPMENT",196,"Up",0.784624373729962,0.993927689702815
"GOBP_NEGATIVE_REGULATION_OF_PROTEIN_KINASE_B_SIGNALING",8,"Down",0.784656364765925,0.993927689702815
"GOBP_POSITIVE_REGULATION_OF_G0_TO_G1_TRANSITION",2,"Up",0.784746899692896,0.993927689702815
"GOBP_GASTRULATION",28,"Up",0.784958311720432,0.993927689702815
"GOBP_POSITIVE_REGULATION_OF_CELL_GROWTH",46,"Up",0.784976816544709,0.993927689702815
"GOBP_REGULATION_OF_PROTEIN_LOCALIZATION_TO_CELL_SURFACE",15,"Down",0.785324540178945,0.993927689702815
"GOBP_NEUROMUSCULAR_JUNCTION_DEVELOPMENT",13,"Up",0.785673228970633,0.993927689702815
"GOBP_REGULATION_OF_IMMUNE_EFFECTOR_PROCESS",41,"Up",0.785774669047615,0.993927689702815
"GOBP_REGULATION_OF_CELL_CELL_ADHESION",63,"Down",0.785779563033869,0.993927689702815
"GOBP_PEPTIDYL_LYSINE_ACETYLATION",46,"Down",0.785843043409502,0.993927689702815
"GOBP_CELL_CHEMOTAXIS",38,"Down",0.786491704400285,0.993927689702815
"GOBP_PREVENTION_OF_POLYSPERMY",1,"Up",0.786705728852461,0.993927689702815
"GOBP_SKELETAL_MUSCLE_CELL_PROLIFERATION",2,"Down",0.786777486315295,0.993927689702815
"GOBP_PROTON_TRANSMEMBRANE_TRANSPORT",34,"Down",0.786795118375632,0.993927689702815
"GOBP_POSITIVE_REGULATION_OF_PROTEIN_LOCALIZATION_TO_CELL_CORTEX",2,"Up",0.786851566318889,0.993927689702815
"GOBP_ORGANIC_ACID_TRANSMEMBRANE_TRANSPORT",27,"Down",0.787060447242516,0.993927689702815
"GOBP_NEGATIVE_REGULATION_OF_COAGULATION",6,"Down",0.787082922658115,0.993927689702815
"GOBP_REGULATION_OF_EXTRINSIC_APOPTOTIC_SIGNALING_PATHWAY",32,"Down",0.787206636919283,0.993927689702815
"GOBP_HYPOTHALAMUS_DEVELOPMENT",1,"Up",0.787801524203317,0.993927689702815
"GOBP_NEGATIVE_REGULATION_OF_NEURON_PROJECTION_DEVELOPMENT",34,"Down",0.78789151889047,0.993927689702815
"GOBP_POSITIVE_REGULATION_OF_CATECHOLAMINE_SECRETION",3,"Down",0.788001113354988,0.993927689702815
"GOBP_CELLULAR_RESPONSE_TO_PROSTAGLANDIN_E_STIMULUS",5,"Up",0.788154198116684,0.993927689702815
"GOBP_CELLULAR_RESPONSE_TO_PROSTAGLANDIN_STIMULUS",5,"Up",0.788154198116684,0.993927689702815
"GOBP_STEROL_TRANSPORT",31,"Down",0.788336178716893,0.993927689702815
"GOBP_PEPTIDYL_TYROSINE_DEPHOSPHORYLATION_INVOLVED_IN_INACTIVATION_OF_PROTEIN_KINASE_ACTIVITY",2,"Up",0.788703186482828,0.993927689702815
"GOBP_RIBOSOMAL_SUBUNIT_EXPORT_FROM_NUCLEUS",8,"Up",0.788795433989901,0.993927689702815
"GOBP_LOW_DENSITY_LIPOPROTEIN_PARTICLE_CLEARANCE",5,"Down",0.788827330299646,0.993927689702815
"GOBP_RESPONSE_TO_OXYGEN_LEVELS",67,"Up",0.789048270365194,0.993927689702815
"GOBP_NEGATIVE_REGULATION_OF_AUTOPHAGOSOME_MATURATION",1,"Down",0.789137402088959,0.993927689702815
"GOBP_OLIGODENDROCYTE_DIFFERENTIATION",20,"Up",0.789328192400217,0.993927689702815
"GOBP_PYRIMIDINE_NUCLEOSIDE_METABOLIC_PROCESS",3,"Down",0.789380574091264,0.993927689702815
"GOBP_ALPHA_KETOGLUTARATE_TRANSPORT",1,"Up",0.789496131133443,0.993927689702815
"GOBP_OXALOACETATE_TRANSPORT",1,"Up",0.789496131133443,0.993927689702815
"GOBP_SUCCINATE_TRANSMEMBRANE_TRANSPORT",1,"Up",0.789496131133443,0.993927689702815
"GOBP_SKELETAL_MUSCLE_TISSUE_REGENERATION",6,"Up",0.78965420046086,0.993927689702815
"GOBP_REGULATION_OF_UBIQUITIN_DEPENDENT_PROTEIN_CATABOLIC_PROCESS",69,"Up",0.78976871260929,0.993927689702815
"GOBP_POSITIVE_REGULATION_OF_TRANSLATIONAL_INITIATION",15,"Up",0.789772068888697,0.993927689702815
"GOBP_BIOLOGICAL_ADHESION",206,"Up",0.789974966345525,0.993927689702815
"GOBP_PHOTORECEPTOR_CELL_OUTER_SEGMENT_ORGANIZATION",3,"Down",0.790039608057101,0.993927689702815
"GOBP_NEGATIVE_REGULATION_OF_DENDRITIC_SPINE_MORPHOGENESIS",4,"Down",0.790139502886166,0.993927689702815
"GOBP_CHROMOSOME_ATTACHMENT_TO_THE_NUCLEAR_ENVELOPE",3,"Down",0.790360219212924,0.993927689702815
"GOBP_RESPONSE_TO_NERVE_GROWTH_FACTOR",25,"Up",0.790372972313408,0.993927689702815
"GOBP_CELLULAR_RESPONSE_TO_STRESS",482,"Up",0.79066229618633,0.993927689702815
"GOBP_ASTROCYTE_DEVELOPMENT",6,"Down",0.790779993505263,0.993927689702815
"GOBP_HEART_GROWTH",8,"Up",0.79079555197198,0.993927689702815
"GOBP_REGULATION_OF_RESPIRATORY_SYSTEM_PROCESS",3,"Up",0.791007709190272,0.993927689702815
"GOBP_REGULATION_OF_REGULATED_SECRETORY_PATHWAY",38,"Up",0.791409835163684,0.993927689702815
"GOBP_ARGININE_METABOLIC_PROCESS",5,"Down",0.791596440065488,0.993927689702815
"GOBP_REGULATION_OF_NEURON_PROJECTION_ARBORIZATION",6,"Up",0.791785111658378,0.993927689702815
"GOBP_CANONICAL_WNT_SIGNALING_PATHWAY_INVOLVED_IN_OSTEOBLAST_DIFFERENTIATION",2,"Up",0.79185828160339,0.993927689702815
"GOBP_MESENCHYMAL_STEM_CELL_DIFFERENTIATION",2,"Up",0.79185828160339,0.993927689702815
"GOBP_POSITIVE_REGULATION_OF_MUSCLE_CELL_DIFFERENTIATION",7,"Up",0.791916196624284,0.993927689702815
"GOBP_NEGATIVE_REGULATION_OF_DEPHOSPHORYLATION",19,"Down",0.791968945240146,0.993927689702815
"GOBP_HETEROTYPIC_CELL_CELL_ADHESION",9,"Down",0.792353016540244,0.993927689702815
"GOBP_REGULATION_OF_PLATELET_AGGREGATION",9,"Up",0.793144863467713,0.993927689702815
"GOBP_BODY_MORPHOGENESIS",9,"Down",0.793171177835181,0.993927689702815
"GOBP_DIOL_METABOLIC_PROCESS",4,"Up",0.793332197323196,0.993927689702815
"GOBP_NEURAL_PLATE_MORPHOGENESIS",2,"Up",0.793640120228503,0.993927689702815
"GOBP_REGULATION_OF_MRNA_POLYADENYLATION",13,"Down",0.793702901421953,0.993927689702815
"GOBP_CELL_CELL_SIGNALING_INVOLVED_IN_CARDIAC_CONDUCTION",6,"Up",0.794266040549699,0.993927689702815
"GOBP_CARDIAC_MUSCLE_CELL_MEMBRANE_REPOLARIZATION",8,"Down",0.794379519319815,0.993927689702815
"GOBP_PURINE_NUCLEOBASE_METABOLIC_PROCESS",6,"Up",0.794413983701196,0.993927689702815
"GOBP_ER_OVERLOAD_RESPONSE",5,"Down",0.794416180476485,0.993927689702815
"GOBP_NEGATIVE_REGULATION_OF_VIRAL_GENOME_REPLICATION",14,"Down",0.794451209246052,0.993927689702815
"GOBP_PEPTIDYL_TYROSINE_AUTOPHOSPHORYLATION",3,"Up",0.794613300435408,0.993927689702815
"GOBP_B_CELL_ACTIVATION_INVOLVED_IN_IMMUNE_RESPONSE",11,"Up",0.794713896142146,0.993927689702815
"GOBP_REGULATION_OF_MACROPHAGE_MIGRATION",6,"Up",0.795301013262381,0.993927689702815
"GOBP_POSITIVE_REGULATION_OF_MEMBRANE_POTENTIAL",4,"Up",0.795323169722509,0.993927689702815
"GOBP_CD40_SIGNALING_PATHWAY",4,"Down",0.795433999032222,0.993927689702815
"GOBP_NEGATIVE_REGULATION_OF_NATURAL_KILLER_CELL_ACTIVATION",1,"Up",0.795572171177478,0.993927689702815
"GOBP_NUCLEOBASE_BIOSYNTHETIC_PROCESS",8,"Up",0.795582962234394,0.993927689702815
"GOBP_VASCULAR_PROCESS_IN_CIRCULATORY_SYSTEM",38,"Up",0.795660682753039,0.993927689702815
"GOBP_HOMOTYPIC_CELL_CELL_ADHESION",22,"Down",0.795751734707647,0.993927689702815
"GOBP_CEREBELLAR_CORTEX_FORMATION",11,"Up",0.795821345637932,0.993927689702815
"GOBP_CEREBELLAR_CORTEX_MORPHOGENESIS",11,"Up",0.795821345637932,0.993927689702815
"GOBP_PROTEIN_LOCALIZATION_TO_SYNAPSE",26,"Up",0.795833863638897,0.993927689702815
"GOBP_CELLULAR_RESPONSE_TO_LIGHT_STIMULUS",32,"Down",0.796177373681053,0.993927689702815
"GOBP_EMBRYONIC_CAMERA_TYPE_EYE_FORMATION",1,"Up",0.796748843426915,0.993927689702815
"GOBP_ENTERIC_NERVOUS_SYSTEM_DEVELOPMENT",1,"Up",0.796748843426915,0.993927689702815
"GOBP_OPTIC_CUP_MORPHOGENESIS_INVOLVED_IN_CAMERA_TYPE_EYE_DEVELOPMENT",1,"Up",0.796748843426915,0.993927689702815
"GOBP_MORPHOGENESIS_OF_AN_EPITHELIAL_FOLD",3,"Up",0.796838587193949,0.993927689702815
"GOBP_TRANSLESION_SYNTHESIS",4,"Up",0.797001362539473,0.993927689702815
"GOBP_S_ADENOSYLMETHIONINE_CYCLE",3,"Up",0.79723628793326,0.993927689702815
"GOBP_POSITIVE_REGULATION_OF_B_CELL_ACTIVATION",6,"Down",0.797456973686142,0.993927689702815
"GOBP_REGULATION_OF_I_KAPPAB_PHOSPHORYLATION",3,"Up",0.797807583978844,0.993927689702815
"GOBP_REGULATION_OF_RESPONSE_TO_INTERFERON_GAMMA",4,"Down",0.797945099497362,0.993927689702815
"GOBP_PROSTAGLANDIN_TRANSPORT",1,"Up",0.797977008770632,0.993927689702815
"GOBP_REGULATION_OF_PROSTAGLANDIN_SECRETION",1,"Up",0.797977008770632,0.993927689702815
"GOBP_NEGATIVE_REGULATION_OF_CELLULAR_RESPONSE_TO_GROWTH_FACTOR_STIMULUS",13,"Up",0.798448127975366,0.993927689702815
"GOBP_SYMPATHETIC_NERVOUS_SYSTEM_DEVELOPMENT",3,"Down",0.798523246132981,0.993927689702815
"GOBP_NEGATIVE_REGULATION_OF_LIPID_KINASE_ACTIVITY",6,"Up",0.798796595518598,0.993927689702815
"GOBP_INFLAMMATORY_RESPONSE_TO_ANTIGENIC_STIMULUS",7,"Up",0.79905008760465,0.993927689702815
"GOBP_REGENERATION",32,"Up",0.799164669332293,0.993927689702815
"GOBP_TRANSCRIPTION_DEPENDENT_TETHERING_OF_RNA_POLYMERASE_II_GENE_DNA_AT_NUCLEAR_PERIPHERY",5,"Down",0.799407650295248,0.993927689702815
"GOBP_FC_RECEPTOR_SIGNALING_PATHWAY",13,"Up",0.799475552353019,0.993927689702815
"GOBP_NEGATIVE_REGULATION_OF_REGULATED_SECRETORY_PATHWAY",7,"Up",0.799818093927838,0.993927689702815
"GOBP_VASOCONSTRICTION",10,"Down",0.799979523241908,0.993927689702815
"GOBP_CHROMOSOME_ORGANIZATION_INVOLVED_IN_MEIOTIC_CELL_CYCLE",4,"Down",0.800164412088386,0.993927689702815
"GOBP_ARGININE_CATABOLIC_PROCESS",2,"Up",0.800759449284128,0.993927689702815
"GOBP_NEUROTRANSMITTER_BIOSYNTHETIC_PROCESS",2,"Down",0.801108982335933,0.993927689702815
"GOBP_NEPHRON_EPITHELIUM_DEVELOPMENT",11,"Up",0.801508276444098,0.993927689702815
"GOBP_NEGATIVE_REGULATION_OF_GLYCOGEN_METABOLIC_PROCESS",2,"Down",0.801665865964445,0.993927689702815
"GOBP_RESPONSE_TO_INTERLEUKIN_3",2,"Down",0.801665865964445,0.993927689702815
"GOBP_ANTIGEN_PROCESSING_AND_PRESENTATION",13,"Up",0.801821944934302,0.993927689702815
"GOBP_RESPONSE_TO_INSULIN",77,"Up",0.801833096203615,0.993927689702815
"GOBP_REGULATION_OF_SKELETAL_MUSCLE_CELL_DIFFERENTIATION",3,"Up",0.8019664642188,0.993927689702815
"GOBP_NEGATIVE_REGULATION_OF_HORMONE_SECRETION",10,"Down",0.802125533766557,0.993927689702815
"GOBP_TYROSINE_PHOSPHORYLATION_OF_STAT_PROTEIN",7,"Down",0.802144205290992,0.993927689702815
"GOBP_CELLULAR_RESPONSE_TO_LEUCINE",4,"Down",0.802875156657967,0.993927689702815
"GOBP_CHROMATIN_REMODELING_AT_CENTROMERE",3,"Up",0.802892978476834,0.993927689702815
"GOBP_ACTIVATION_OF_PROTEIN_KINASE_B_ACTIVITY",7,"Down",0.802947313926144,0.993927689702815
"GOBP_APPENDAGE_MORPHOGENESIS",18,"Down",0.803048453815487,0.993927689702815
"GOBP_STRESS_ACTIVATED_PROTEIN_KINASE_SIGNALING_CASCADE",49,"Up",0.803206879499661,0.993927689702815
"GOBP_POSITIVE_REGULATION_OF_OXIDATIVE_STRESS_INDUCED_CELL_DEATH",6,"Down",0.803302829072188,0.993927689702815
"GOBP_CELLULAR_MODIFIED_AMINO_ACID_METABOLIC_PROCESS",41,"Down",0.803391657597277,0.993927689702815
"GOBP_POSITIVE_REGULATION_OF_CELL_ACTIVATION",39,"Down",0.803404800443782,0.993927689702815
"GOBP_POSITIVE_REGULATION_OF_GLUCOSE_TRANSMEMBRANE_TRANSPORT",10,"Up",0.80368687078229,0.993927689702815
"GOBP_GLUTAMATE_BIOSYNTHETIC_PROCESS",3,"Up",0.80374169293512,0.993927689702815
"GOBP_ALLANTOIN_METABOLIC_PROCESS",2,"Up",0.803827314467892,0.993927689702815
"GOBP_ENDOPLASMIC_RETICULUM_TO_GOLGI_VESICLE_MEDIATED_TRANSPORT",62,"Up",0.803861841408668,0.993927689702815
"GOBP_PROTEIN_AUTOPROCESSING",3,"Up",0.803938756393021,0.993927689702815
"GOBP_METHYLGUANOSINE_CAP_DECAPPING",8,"Up",0.803997510946804,0.993927689702815
"GOBP_SPHINGOID_METABOLIC_PROCESS",3,"Down",0.804043853283428,0.993927689702815
"GOBP_PROTEIN_O_LINKED_GLYCOSYLATION",6,"Down",0.804256720093536,0.993927689702815
"GOBP_IMMUNOGLOBULIN_PRODUCTION",13,"Up",0.804367109919129,0.993927689702815
"GOBP_REGULATION_OF_NMDA_RECEPTOR_ACTIVITY",2,"Up",0.804503656250464,0.993927689702815
"GOBP_POSITIVE_REGULATION_OF_INTRACELLULAR_LIPID_TRANSPORT",2,"Up",0.804647548252812,0.993927689702815
"GOBP_REGULATION_OF_INTRACELLULAR_LIPID_TRANSPORT",2,"Up",0.804647548252812,0.993927689702815
"GOBP_POSITIVE_REGULATION_OF_MESENCHYMAL_CELL_PROLIFERATION",3,"Up",0.804718533241145,0.993927689702815
"GOBP_STARTLE_RESPONSE",7,"Down",0.804753048069347,0.993927689702815
"GOBP_BRANCH_ELONGATION_OF_AN_EPITHELIUM",2,"Down",0.804867282418509,0.993927689702815
"GOBP_OLIGOSACCHARIDE_CATABOLIC_PROCESS",1,"Up",0.804894436363517,0.993927689702815
"GOBP_REGULATION_OF_PROTEIN_AUTOUBIQUITINATION",2,"Down",0.805200834236109,0.993927689702815
"GOBP_MUSCLE_STRUCTURE_DEVELOPMENT",119,"Down",0.805294413576045,0.993927689702815
"GOBP_REGULATION_OF_CELLULAR_AMINO_ACID_METABOLIC_PROCESS",3,"Up",0.805572084963106,0.993927689702815
"GOBP_CYTOKINE_PRODUCTION_INVOLVED_IN_INFLAMMATORY_RESPONSE",7,"Up",0.805632471545478,0.993927689702815
"GOBP_PURINE_DEOXYRIBONUCLEOSIDE_TRIPHOSPHATE_METABOLIC_PROCESS",3,"Up",0.805642424598715,0.993927689702815
"GOBP_LONG_CHAIN_FATTY_ACID_BIOSYNTHETIC_PROCESS",3,"Up",0.805842019007617,0.993927689702815
"GOBP_POSITIVE_REGULATION_OF_FIBROBLAST_GROWTH_FACTOR_RECEPTOR_SIGNALING_PATHWAY",2,"Down",0.80609114950971,0.993927689702815
"GOBP_REGULATION_OF_HORMONE_METABOLIC_PROCESS",5,"Down",0.806210383438724,0.993927689702815
"GOBP_DNA_STRAND_ELONGATION_INVOLVED_IN_DNA_REPLICATION",3,"Up",0.806303939132,0.993927689702815
"GOBP_REGULATION_OF_NOTCH_SIGNALING_PATHWAY",15,"Down",0.806417312673372,0.993927689702815
"GOBP_NEGATIVE_REGULATION_OF_LIPID_TRANSPORT",6,"Up",0.806580143877101,0.993927689702815
"GOBP_NEGATIVE_REGULATION_OF_B_CELL_APOPTOTIC_PROCESS",2,"Down",0.806867354191351,0.993927689702815
"GOBP_POSITIVE_REGULATION_OF_B_CELL_PROLIFERATION",2,"Down",0.806867354191351,0.993927689702815
"GOBP_REGULATION_OF_ENDODEOXYRIBONUCLEASE_ACTIVITY",5,"Up",0.806888586783869,0.993927689702815
"GOBP_NEGATIVE_REGULATION_OF_RESPONSE_TO_STIMULUS",304,"Down",0.806961846841568,0.993927689702815
"GOBP_NEGATIVE_REGULATION_OF_HELICASE_ACTIVITY",1,"Up",0.80718423834289,0.993927689702815
"GOBP_REGULATION_OF_DNA_DUPLEX_UNWINDING",1,"Up",0.80718423834289,0.993927689702815
"GOBP_REGULATION_OF_DNA_HELICASE_ACTIVITY",1,"Up",0.80718423834289,0.993927689702815
"GOBP_SNO_S_RNA_METABOLIC_PROCESS",8,"Up",0.807547475785351,0.993927689702815
"GOBP_POSITIVE_REGULATION_OF_TOLL_LIKE_RECEPTOR_9_SIGNALING_PATHWAY",2,"Down",0.807549138149755,0.993927689702815
"GOBP_REGULATION_OF_TOLL_LIKE_RECEPTOR_9_SIGNALING_PATHWAY",2,"Down",0.807549138149755,0.993927689702815
"GOBP_REGULATION_OF_GLUCOSE_IMPORT",11,"Up",0.807598476253362,0.993927689702815
"GOBP_AMINO_SUGAR_METABOLIC_PROCESS",5,"Down",0.807768192500719,0.993927689702815
"GOBP_MITOCHONDRIAL_DNA_METABOLIC_PROCESS",2,"Up",0.807796503030223,0.993927689702815
"GOBP_MITOCHONDRIAL_DNA_REPAIR",2,"Up",0.807796503030223,0.993927689702815
"GOBP_ACTIVATION_OF_JANUS_KINASE_ACTIVITY",1,"Down",0.807829064801924,0.993927689702815
"GOBP_INOSITOL_TRISPHOSPHATE_BIOSYNTHETIC_PROCESS",1,"Down",0.807829064801924,0.993927689702815
"GOBP_NEGATIVE_REGULATION_OF_BONE_MINERALIZATION",1,"Down",0.807829064801924,0.993927689702815
"GOBP_REGULATION_OF_INOSITOL_TRISPHOSPHATE_BIOSYNTHETIC_PROCESS",1,"Down",0.807829064801924,0.993927689702815
"GOBP_REGULATION_OF_ANION_TRANSPORT",15,"Down",0.807893802722273,0.993927689702815
"GOBP_PROTEIN_CONTAINING_COMPLEX_ORGANIZATION",569,"Up",0.808166497178224,0.993927689702815
"GOBP_REGULATION_OF_CARBOHYDRATE_CATABOLIC_PROCESS",15,"Down",0.808504308489944,0.993927689702815
"GOBP_MITOCHONDRION_ORGANIZATION",151,"Up",0.808524895929326,0.993927689702815
"GOBP_PROTEIN_ACETYLATION",57,"Up",0.808685199995221,0.993927689702815
"GOBP_REGULATION_OF_LIPID_CATABOLIC_PROCESS",13,"Down",0.808736635537812,0.993927689702815
"GOBP_PYRIMIDINE_RIBONUCLEOSIDE_TRIPHOSPHATE_BIOSYNTHETIC_PROCESS",5,"Up",0.809039864986079,0.993927689702815
"GOBP_PROLINE_TRANSPORT",3,"Up",0.809272430936166,0.993927689702815
"GOBP_NEUROINFLAMMATORY_RESPONSE",4,"Down",0.809360332263003,0.993927689702815
"GOBP_NEGATIVE_REGULATION_OF_RECEPTOR_RECYCLING",1,"Up",0.809814857076925,0.993927689702815
"GOBP_PHOSPHATIDIC_ACID_METABOLIC_PROCESS",15,"Up",0.810144194629049,0.993927689702815
"GOBP_LUTEOLYSIS",2,"Up",0.811010429317115,0.993927689702815
"GOBP_PHOSPHOLIPASE_C_ACTIVATING_DOPAMINE_RECEPTOR_SIGNALING_PATHWAY",1,"Up",0.811150955424667,0.993927689702815
"GOBP_ACTIN_NUCLEATION",28,"Up",0.811380201913744,0.993927689702815
"GOBP_REGULATION_OF_CELL_ACTIVATION",76,"Down",0.811450731970686,0.993927689702815
"GOBP_POSITIVE_REGULATION_OF_ENDOTHELIAL_CELL_CHEMOTAXIS",2,"Down",0.811775602678642,0.993927689702815
"GOBP_REGULATION_OF_ENDOTHELIAL_CELL_CHEMOTAXIS",2,"Down",0.811775602678642,0.993927689702815
"GOBP_ANTIGEN_PROCESSING_AND_PRESENTATION_OF_ENDOGENOUS_ANTIGEN",2,"Down",0.811787366061419,0.993927689702815
"GOBP_ANTIGEN_PROCESSING_AND_PRESENTATION_OF_ENDOGENOUS_PEPTIDE_ANTIGEN",2,"Down",0.811787366061419,0.993927689702815
"GOBP_HEMOSTASIS",35,"Down",0.811858811446866,0.993927689702815
"GOBP_REGULATION_OF_LEUKOCYTE_APOPTOTIC_PROCESS",9,"Down",0.811871602770313,0.993927689702815
"GOBP_ESTABLISHMENT_OF_ENDOTHELIAL_INTESTINAL_BARRIER",4,"Up",0.811876823125188,0.993927689702815
"GOBP_CELLULAR_RESPONSE_TO_FOLLICLE_STIMULATING_HORMONE_STIMULUS",3,"Down",0.812152255908844,0.993927689702815
"GOBP_CELLULAR_RESPONSE_TO_GONADOTROPIN_STIMULUS",3,"Down",0.812152255908844,0.993927689702815
"GOBP_RESPONSE_TO_FOLLICLE_STIMULATING_HORMONE",3,"Down",0.812152255908844,0.993927689702815
"GOBP_RESPONSE_TO_GONADOTROPIN",3,"Down",0.812152255908844,0.993927689702815
"GOBP_POSITIVE_REGULATION_OF_RECEPTOR_RECYCLING",7,"Up",0.81228291008451,0.993927689702815
"GOBP_POSITIVE_REGULATION_OF_MONOOXYGENASE_ACTIVITY",5,"Up",0.812307942660319,0.993927689702815
"GOBP_REGULATION_OF_SYNAPTIC_VESICLE_MEMBRANE_ORGANIZATION",6,"Up",0.812433691278292,0.993927689702815
"GOBP_REGULATION_OF_RRNA_PROCESSING",4,"Down",0.812996391312323,0.993927689702815
"GOBP_SOMITE_DEVELOPMENT",8,"Up",0.813101358180737,0.993927689702815
"GOBP_POSITIVE_REGULATION_OF_RESPONSE_TO_BIOTIC_STIMULUS",40,"Up",0.813207273310053,0.993927689702815
"GOBP_GLUCOCORTICOID_BIOSYNTHETIC_PROCESS",2,"Down",0.813248367902231,0.993927689702815
"GOBP_REGULATION_OF_GLUCOCORTICOID_BIOSYNTHETIC_PROCESS",2,"Down",0.813248367902231,0.993927689702815
"GOBP_BRADYKININ_CATABOLIC_PROCESS",2,"Up",0.813483720965112,0.993927689702815
"GOBP_HORMONE_CATABOLIC_PROCESS",2,"Up",0.813483720965112,0.993927689702815
"GOBP_PROTEIN_K29_LINKED_UBIQUITINATION",1,"Up",0.813486560491172,0.993927689702815
"GOBP_REGULATION_OF_DNA_BINDING",24,"Down",0.813745242314336,0.993927689702815
"GOBP_AMP_SALVAGE",2,"Up",0.813962598994512,0.993927689702815
"GOBP_PROTEIN_LOCALIZATION_TO_CELL_SURFACE",21,"Up",0.814871227187422,0.993927689702815
"GOBP_REGULATION_OF_PROTEASOMAL_UBIQUITIN_DEPENDENT_PROTEIN_CATABOLIC_PROCESS",56,"Up",0.815177996077866,0.993927689702815
"GOBP_POSITIVE_REGULATION_OF_NITRIC_OXIDE_SYNTHASE_ACTIVITY",2,"Down",0.815279589660812,0.993927689702815
"GOBP_POSITIVE_REGULATION_OF_GLIAL_CELL_DIFFERENTIATION",8,"Up",0.815293906201996,0.993927689702815
"GOBP_HIS_PURKINJE_SYSTEM_DEVELOPMENT",1,"Down",0.815837073074634,0.993927689702815
"GOBP_POSITIVE_REGULATION_OF_SKELETAL_MUSCLE_TISSUE_REGENERATION",1,"Down",0.815837073074634,0.993927689702815
"GOBP_REGULATION_OF_SKELETAL_MUSCLE_TISSUE_REGENERATION",1,"Down",0.815837073074634,0.993927689702815
"GOBP_NEGATIVE_REGULATION_OF_DNA_BIOSYNTHETIC_PROCESS",13,"Up",0.815993577673128,0.993927689702815
"GOBP_POSITIVE_REGULATION_OF_SIGNAL_TRANSDUCTION_BY_P53_CLASS_MEDIATOR",12,"Up",0.815995551981294,0.993927689702815
"GOBP_MEGAKARYOCYTE_DIFFERENTIATION",12,"Down",0.816264141644983,0.993927689702815
"GOBP_TRNA_TRANSPORT",3,"Up",0.816503948344742,0.993927689702815
"GOBP_PROTEIN_CONTAINING_COMPLEX_LOCALIZATION",62,"Up",0.816536792716984,0.993927689702815
"GOBP_POSITIVE_REGULATION_OF_ION_TRANSMEMBRANE_TRANSPORT",34,"Down",0.816550165128022,0.993927689702815
"GOBP_POSITIVE_REGULATION_OF_T_HELPER_17_TYPE_IMMUNE_RESPONSE",1,"Up",0.81668475912291,0.993927689702815
"GOBP_DETECTION_OF_BIOTIC_STIMULUS",2,"Up",0.817335975587573,0.993927689702815
"GOBP_DETECTION_OF_CELL_DENSITY",2,"Up",0.817335975587573,0.993927689702815
"GOBP_NEGATIVE_REGULATION_OF_KINASE_ACTIVITY",74,"Up",0.81740306869428,0.993927689702815
"GOBP_REGULATION_OF_TRANSPOSITION",2,"Up",0.817574945189443,0.993927689702815
"GOBP_RNA_3_URIDYLATION",2,"Up",0.817574945189443,0.993927689702815
"GOBP_TRANSPOSITION",2,"Up",0.817574945189443,0.993927689702815
"GOBP_TRANSPOSITION_RNA_MEDIATED",2,"Up",0.817574945189443,0.993927689702815
"GOBP_ACETYL_COA_BIOSYNTHETIC_PROCESS",9,"Up",0.817620313082297,0.993927689702815
"GOBP_NEGATIVE_REGULATION_OF_INTRINSIC_APOPTOTIC_SIGNALING_PATHWAY_IN_RESPONSE_TO_OSMOTIC_STRESS",1,"Down",0.818118939271454,0.993927689702815
"GOBP_REGULATION_OF_INTRINSIC_APOPTOTIC_SIGNALING_PATHWAY_IN_RESPONSE_TO_OSMOTIC_STRESS",1,"Down",0.818118939271454,0.993927689702815
"GOBP_DEFENSE_RESPONSE_TO_OTHER_ORGANISM",167,"Up",0.818671215296177,0.993927689702815
"GOBP_MODIFIED_AMINO_ACID_TRANSPORT",4,"Down",0.81870912550762,0.993927689702815
"GOBP_CELLULAR_RESPONSE_TO_ELECTRICAL_STIMULUS",3,"Up",0.818750777843481,0.993927689702815
"GOBP_REGULATION_OF_MONOOXYGENASE_ACTIVITY",10,"Up",0.818802097642395,0.993927689702815
"GOBP_RESPONSE_TO_DEXAMETHASONE",11,"Up",0.819225481361213,0.993927689702815
"GOBP_HISTONE_SERINE_PHOSPHORYLATION",2,"Up",0.819358528614638,0.993927689702815
"GOBP_SPHINGOMYELIN_METABOLIC_PROCESS",4,"Up",0.819417931766029,0.993927689702815
"GOBP_FATTY_ACID_DERIVATIVE_BIOSYNTHETIC_PROCESS",8,"Down",0.819493576942169,0.993927689702815
"GOBP_CHROMATIN_REMODELING",59,"Up",0.819501357644079,0.993927689702815
"GOBP_POSITIVE_REGULATION_OF_HISTONE_PHOSPHORYLATION",4,"Up",0.819571614565189,0.993927689702815
"GOBP_POSITIVE_REGULATION_OF_GENE_EXPRESSION",221,"Up",0.819582468787023,0.993927689702815
"GOBP_MESENCHYMAL_TO_EPITHELIAL_TRANSITION",3,"Up",0.819600275705965,0.993927689702815
"GOBP_AMMONIUM_ION_METABOLIC_PROCESS",3,"Down",0.819635415352157,0.993927689702815
"GOBP_MYOSIN_FILAMENT_ORGANIZATION",2,"Down",0.819664213915487,0.993927689702815
"GOBP_ENDOCRINE_PANCREAS_DEVELOPMENT",5,"Down",0.81979158024625,0.993927689702815
"GOBP_ANDROGEN_METABOLIC_PROCESS",3,"Down",0.819882455761451,0.993927689702815
"GOBP_POSITIVE_REGULATION_OF_B_CELL_MEDIATED_IMMUNITY",5,"Down",0.820079092969192,0.993927689702815
"GOBP_REGULATION_OF_HORMONE_LEVELS",79,"Down",0.820198125365801,0.993927689702815
"GOBP_INTERMEMBRANE_LIPID_TRANSFER",18,"Up",0.820381958448375,0.993927689702815
"GOBP_REGULATION_OF_INNATE_IMMUNE_RESPONSE",52,"Up",0.820494357088218,0.993927689702815
"GOBP_ACTIN_MODIFICATION",3,"Up",0.82077894192405,0.993927689702815
"GOBP_GLOMERULUS_DEVELOPMENT",5,"Up",0.820963968934761,0.993927689702815
"GOBP_MAINTENANCE_OF_LOCATION",82,"Down",0.821247678511282,0.993927689702815
"GOBP_NEGATIVE_REGULATION_OF_CYTOKINE_PRODUCTION_INVOLVED_IN_INFLAMMATORY_RESPONSE",3,"Up",0.821252508530305,0.993927689702815
"GOBP_NEGATIVE_REGULATION_OF_CELL_ADHESION_MEDIATED_BY_INTEGRIN",3,"Down",0.821600547322932,0.993927689702815
"GOBP_REGULATION_OF_TRANSCRIPTION_REGULATORY_REGION_DNA_BINDING",11,"Down",0.821625979562387,0.993927689702815
"GOBP_CELLULAR_COMPONENT_MAINTENANCE",18,"Up",0.821743811333871,0.993927689702815
"GOBP_PARKIN_MEDIATED_STIMULATION_OF_MITOPHAGY_IN_RESPONSE_TO_MITOCHONDRIAL_DEPOLARIZATION",3,"Up",0.822110429474681,0.993927689702815
"GOBP_TUBE_DEVELOPMENT",156,"Down",0.822140114564552,0.993927689702815
"GOBP_SCHWANN_CELL_PROLIFERATION",4,"Down",0.822172822389698,0.993927689702815
"GOBP_REGULATION_OF_SYSTEMIC_ARTERIAL_BLOOD_PRESSURE_MEDIATED_BY_A_CHEMICAL_SIGNAL",3,"Up",0.822215925574565,0.993927689702815
"GOBP_POSITIVE_REGULATION_OF_CARBOHYDRATE_METABOLIC_PROCESS",14,"Down",0.822495571696348,0.993927689702815
"GOBP_MIRNA_METABOLIC_PROCESS",12,"Up",0.822595584020947,0.993927689702815
"GOBP_POSITIVE_REGULATION_OF_CATALYTIC_ACTIVITY",267,"Down",0.822652149222896,0.993927689702815
"GOBP_SKELETAL_MUSCLE_THIN_FILAMENT_ASSEMBLY",1,"Down",0.822801088767334,0.993927689702815
"GOBP_POSITIVE_REGULATION_OF_PROTEIN_KINASE_C_SIGNALING",2,"Down",0.822981262124738,0.993927689702815
"GOBP_MAINTENANCE_OF_PROTEIN_LOCATION_IN_MITOCHONDRION",2,"Down",0.82323226486298,0.993927689702815
"GOBP_ENDOSOMAL_VESICLE_FUSION",6,"Up",0.82335534944087,0.993927689702815
"GOBP_PSEUDOPODIUM_ORGANIZATION",3,"Up",0.823359177637314,0.993927689702815
"GOBP_CENTRAL_NERVOUS_SYSTEM_MYELIN_FORMATION",1,"Down",0.823453130838798,0.993927689702815
"GOBP_BENZENE_CONTAINING_COMPOUND_METABOLIC_PROCESS",3,"Down",0.823614452366343,0.993927689702815
"GOBP_MHC_CLASS_I_BIOSYNTHETIC_PROCESS",2,"Up",0.823800392560148,0.993927689702815
"GOBP_GLYCEROPHOSPHOLIPID_BIOSYNTHETIC_PROCESS",74,"Up",0.823898784503663,0.993927689702815
"GOBP_SPROUTING_ANGIOGENESIS",17,"Up",0.823909795569762,0.993927689702815
"GOBP_NEGATIVE_REGULATION_OF_CELL_ADHESION",44,"Down",0.824226840083898,0.993927689702815
"GOBP_RESPONSE_TO_GROWTH_FACTOR",145,"Down",0.824342989288584,0.993927689702815
"GOBP_TUBE_MORPHOGENESIS",117,"Up",0.824643616426639,0.993927689702815
"GOBP_RESPONSE_TO_COBALT_ION",5,"Up",0.824990803905455,0.993927689702815
"GOBP_SMOOTHENED_SIGNALING_PATHWAY",21,"Down",0.825109957928432,0.993927689702815
"GOBP_GLUTAMATE_SECRETION_NEUROTRANSMISSION",4,"Up",0.825361251531883,0.993927689702815
"GOBP_ANIMAL_ORGAN_FORMATION",6,"Up",0.825401880272945,0.993927689702815
"GOBP_DENDRITIC_SPINE_MAINTENANCE",6,"Up",0.825764680679734,0.993927689702815
"GOBP_RESPONSE_TO_GAMMA_RADIATION",13,"Up",0.82597077149483,0.993927689702815
"GOBP_MICROTUBULE_NUCLEATION_BY_MICROTUBULE_ORGANIZING_CENTER",1,"Up",0.826085913960128,0.993927689702815
"GOBP_NEURAL_CREST_FORMATION",2,"Up",0.82616183135006,0.993927689702815
"GOBP_NEGATIVE_REGULATION_OF_RESPONSE_TO_DNA_DAMAGE_STIMULUS",18,"Down",0.826190936108784,0.993927689702815
"GOBP_ERBB2_SIGNALING_PATHWAY",3,"Up",0.826274299774819,0.993927689702815
"GOBP_AXON_ENSHEATHMENT_IN_CENTRAL_NERVOUS_SYSTEM",4,"Up",0.826751876702675,0.993927689702815
"GOBP_REGULATION_OF_PEPTIDE_TRANSPORT",37,"Up",0.826978336540024,0.993927689702815
"GOBP_GLYCEROLIPID_BIOSYNTHETIC_PROCESS",79,"Down",0.827080423224559,0.993927689702815
"GOBP_REGULATION_OF_TRAIL_ACTIVATED_APOPTOTIC_SIGNALING_PATHWAY",2,"Up",0.827139381068524,0.993927689702815
"GOBP_NEGATIVE_REGULATION_OF_PROTEIN_TYROSINE_KINASE_ACTIVITY",12,"Down",0.827791314096951,0.993927689702815
"GOBP_GAMETE_GENERATION",119,"Up",0.828262378254252,0.993927689702815
"GOBP_LENS_FIBER_CELL_MORPHOGENESIS",2,"Up",0.828264262135216,0.993927689702815
"GOBP_PERIPHERAL_NERVOUS_SYSTEM_MYELIN_MAINTENANCE",5,"Up",0.828504609867557,0.993927689702815
"GOBP_L_GLUTAMATE_TRANSMEMBRANE_TRANSPORT",8,"Up",0.828862791858207,0.993927689702815
"GOBP_NEGATIVE_REGULATION_OF_VIRAL_ENTRY_INTO_HOST_CELL",3,"Up",0.828927693031296,0.993927689702815
"GOBP_NEGATIVE_REGULATION_OF_VIRAL_LIFE_CYCLE",3,"Up",0.828927693031296,0.993927689702815
"GOBP_MACROPHAGE_INFLAMMATORY_PROTEIN_1_ALPHA_PRODUCTION",1,"Down",0.829304585925447,0.993927689702815
"GOBP_NEGATIVE_REGULATION_OF_CHEMOKINE_C_C_MOTIF_LIGAND_5_PRODUCTION",1,"Down",0.829304585925447,0.993927689702815
"GOBP_POSITIVE_REGULATION_OF_CELLULAR_PROTEIN_CATABOLIC_PROCESS",52,"Down",0.829429860025843,0.993927689702815
"GOBP_POSITIVE_REGULATION_OF_DEVELOPMENTAL_PROCESS",223,"Up",0.829441209611117,0.993927689702815
"GOBP_MANGANESE_ION_TRANSMEMBRANE_TRANSPORT",3,"Up",0.829539723174358,0.993927689702815
"GOBP_MANGANESE_ION_TRANSPORT",3,"Up",0.829539723174358,0.993927689702815
"GOBP_FRUCTOSE_METABOLIC_PROCESS",3,"Up",0.829612411880055,0.993927689702815
"GOBP_POSITIVE_REGULATION_OF_PLATELET_DERIVED_GROWTH_FACTOR_RECEPTOR_SIGNALING_PATHWAY",2,"Down",0.829617442341381,0.993927689702815
"GOBP_HINDBRAIN_TANGENTIAL_CELL_MIGRATION",1,"Up",0.829709992624598,0.993927689702815
"GOBP_NEGATIVE_REGULATION_OF_CELL_CYCLE_CHECKPOINT",2,"Down",0.829751870334708,0.993927689702815
"GOBP_NEGATIVE_REGULATION_OF_DNA_DAMAGE_CHECKPOINT",2,"Down",0.829751870334708,0.993927689702815
"GOBP_MEMBRANE_DEPOLARIZATION_DURING_SA_NODE_CELL_ACTION_POTENTIAL",2,"Up",0.829755513574407,0.993927689702815
"GOBP_NUCLEOBASE_METABOLIC_PROCESS",16,"Down",0.830006933470941,0.993927689702815
"GOBP_POSITIVE_REGULATION_OF_INNATE_IMMUNE_RESPONSE",33,"Down",0.830233917282891,0.993927689702815
"GOBP_RUFFLE_ASSEMBLY",14,"Down",0.830265148437782,0.993927689702815
"GOBP_DETECTION_OF_ABIOTIC_STIMULUS",18,"Up",0.830751680668467,0.993927689702815
"GOBP_DEOXYRIBOSE_PHOSPHATE_CATABOLIC_PROCESS",4,"Down",0.830993452242636,0.993927689702815
"GOBP_REGULATION_OF_MITOCHONDRIAL_ATP_SYNTHESIS_COUPLED_ELECTRON_TRANSPORT",2,"Down",0.831133542695344,0.993927689702815
"GOBP_PRODUCTION_OF_MOLECULAR_MEDIATOR_INVOLVED_IN_INFLAMMATORY_RESPONSE",11,"Down",0.831424165739611,0.993927689702815
"GOBP_PROTEIN_LOCALIZATION_TO_MICROTUBULE_END",4,"Up",0.831471195150332,0.993927689702815
"GOBP_POSITIVE_REGULATION_OF_STRIATED_MUSCLE_CELL_DIFFERENTIATION",5,"Up",0.831504352592244,0.993927689702815
"GOBP_POSITIVE_REGULATION_OF_STRESS_FIBER_ASSEMBLY",16,"Down",0.831647145938195,0.993927689702815
"GOBP_EMBRYONIC_CAMERA_TYPE_EYE_DEVELOPMENT",5,"Down",0.831761134898327,0.993927689702815
"GOBP_ARP2_3_COMPLEX_MEDIATED_ACTIN_NUCLEATION",23,"Up",0.83196886780859,0.993927689702815
"GOBP_POSITIVE_REGULATION_OF_PHOSPHOLIPID_METABOLIC_PROCESS",4,"Down",0.832306211048883,0.993927689702815
"GOBP_NCRNA_3_END_PROCESSING",17,"Up",0.832611109685506,0.993927689702815
"GOBP_POSITIVE_REGULATION_OF_CELL_SUBSTRATE_JUNCTION_ORGANIZATION",12,"Down",0.832761590809646,0.993927689702815
"GOBP_ORGANIC_HYDROXY_COMPOUND_TRANSPORT",56,"Down",0.832768424344909,0.993927689702815
"GOBP_POSITIVE_REGULATION_OF_ADENYLATE_CYCLASE_ACTIVITY",3,"Up",0.833308511897812,0.993927689702815
"GOBP_NONRIBOSOMAL_PEPTIDE_BIOSYNTHETIC_PROCESS",4,"Down",0.833500321355618,0.993927689702815
"GOBP_POSITIVE_REGULATION_OF_EXTRINSIC_APOPTOTIC_SIGNALING_PATHWAY_IN_ABSENCE_OF_LIGAND",3,"Up",0.833533061512607,0.993927689702815
"GOBP_AMINO_SUGAR_CATABOLIC_PROCESS",1,"Down",0.833568029410975,0.993927689702815
"GOBP_GLUCOSAMINE_CONTAINING_COMPOUND_CATABOLIC_PROCESS",1,"Down",0.833568029410975,0.993927689702815
"GOBP_N_ACETYLNEURAMINATE_CATABOLIC_PROCESS",1,"Down",0.833568029410975,0.993927689702815
"GOBP_LIPOPROTEIN_BIOSYNTHETIC_PROCESS",28,"Up",0.833687123385548,0.993927689702815
"GOBP_ICOSANOID_BIOSYNTHETIC_PROCESS",6,"Up",0.833893035550479,0.993927689702815
"GOBP_HOMEOSTATIC_PROCESS",330,"Up",0.833907180515833,0.993927689702815
"GOBP_CELLULAR_HOMEOSTASIS",168,"Up",0.834003762516834,0.993927689702815
"GOBP_ENTRAINMENT_OF_CIRCADIAN_CLOCK",6,"Up",0.834044701280881,0.993927689702815
"GOBP_PHOTOPERIODISM",6,"Up",0.834044701280881,0.993927689702815
"GOBP_REGULATION_OF_NEUROBLAST_PROLIFERATION",3,"Down",0.834140035816354,0.993927689702815
"GOBP_NEGATIVE_REGULATION_OF_ENDOPLASMIC_RETICULUM_CALCIUM_ION_CONCENTRATION",2,"Up",0.834140995438997,0.993927689702815
"GOBP_REGULATION_OF_BLOOD_CIRCULATION",41,"Up",0.835164962439018,0.993927689702815
"GOBP_INTERLEUKIN_6_PRODUCTION",15,"Down",0.835416388488065,0.993927689702815
"GOBP_ENDOTHELIAL_CELL_MIGRATION",37,"Down",0.835755150079098,0.993927689702815
"GOBP_POSITIVE_REGULATION_OF_PROTEIN_GLYCOSYLATION",3,"Up",0.835831916809135,0.993927689702815
"GOBP_POSITIVE_REGULATION_OF_LIGASE_ACTIVITY",4,"Down",0.836117708748945,0.993927689702815
"GOBP_ANOIKIS",12,"Down",0.83634007754627,0.993927689702815
"GOBP_POSITIVE_REGULATION_OF_DEFENSE_RESPONSE_TO_BACTERIUM",1,"Down",0.836426571033155,0.993927689702815
"GOBP_POSITIVE_REGULATION_OF_BLOOD_PRESSURE_BY_EPINEPHRINE_NOREPINEPHRINE",2,"Up",0.836611081791043,0.993927689702815
"GOBP_REGULATION_OF_SYSTEMIC_ARTERIAL_BLOOD_PRESSURE_BY_NOREPINEPHRINE_EPINEPHRINE",2,"Up",0.836611081791043,0.993927689702815
"GOBP_VESICLE_MEDIATED_TRANSPORT_IN_SYNAPSE",83,"Up",0.837069597125736,0.993927689702815
"GOBP_GLUTATHIONE_METABOLIC_PROCESS",18,"Up",0.83755188476965,0.993927689702815
"GOBP_REGULATION_OF_SYSTEMIC_ARTERIAL_BLOOD_PRESSURE",14,"Down",0.838371109688468,0.993927689702815
"GOBP_RNA_5_END_PROCESSING",5,"Down",0.838389407747599,0.993927689702815
"GOBP_LYMPHOCYTE_ACTIVATION",98,"Down",0.838403607769266,0.993927689702815
"GOBP_REGULATION_OF_TRANSFERASE_ACTIVITY",220,"Down",0.839144824423315,0.993927689702815
"GOBP_POSITIVE_REGULATION_OF_CALCIUM_ION_TRANSMEMBRANE_TRANSPORT",20,"Up",0.839263895452784,0.993927689702815
"GOBP_POSITIVE_REGULATION_OF_CYTOKINE_PRODUCTION_INVOLVED_IN_IMMUNE_RESPONSE",10,"Up",0.839387940381014,0.993927689702815
"GOBP_TUMOR_NECROSIS_FACTOR_SUPERFAMILY_CYTOKINE_PRODUCTION",22,"Up",0.839580448541813,0.993927689702815
"GOBP_CALCIUM_ION_IMPORT_INTO_SARCOPLASMIC_RETICULUM",1,"Down",0.839724443982707,0.993927689702815
"GOBP_NEGATIVE_REGULATION_OF_RECEPTOR_BINDING",1,"Down",0.839724443982707,0.993927689702815
"GOBP_REGULATION_OF_PROTEIN_EXIT_FROM_ENDOPLASMIC_RETICULUM",7,"Down",0.839800537914666,0.993927689702815
"GOBP_CEREBELLAR_GRANULAR_LAYER_FORMATION",3,"Down",0.839826081806508,0.993927689702815
"GOBP_CEREBELLAR_GRANULAR_LAYER_MORPHOGENESIS",3,"Down",0.839826081806508,0.993927689702815
"GOBP_REGULATION_OF_MITOTIC_CELL_CYCLE_PHASE_TRANSITION",73,"Down",0.839827341762832,0.993927689702815
"GOBP_REGULATION_OF_SYSTEM_PROCESS",106,"Up",0.840836558877154,0.993927689702815
"GOBP_MEMBRANE_LIPID_CATABOLIC_PROCESS",3,"Up",0.841131474946824,0.993927689702815
"GOBP_ENDOCYTOSIS_INVOLVED_IN_VIRAL_ENTRY_INTO_HOST_CELL",4,"Down",0.841268559289765,0.993927689702815
"GOBP_G_PROTEIN_COUPLED_GLUTAMATE_RECEPTOR_SIGNALING_PATHWAY",2,"Down",0.841438397477607,0.993927689702815
"GOBP_MITOCHONDRIAL_DNA_REPLICATION",2,"Up",0.841477179844193,0.993927689702815
"GOBP_CELLULAR_RESPONSE_TO_CADMIUM_ION",9,"Down",0.841851842404874,0.993927689702815
"GOBP_POSITIVE_REGULATION_OF_ATPASE_COUPLED_CALCIUM_TRANSMEMBRANE_TRANSPORTER_ACTIVITY",4,"Down",0.842143232163024,0.993927689702815
"GOBP_REGULATION_OF_ATPASE_COUPLED_CALCIUM_TRANSMEMBRANE_TRANSPORTER_ACTIVITY",4,"Down",0.842143232163024,0.993927689702815
"GOBP_HORMONE_TRANSPORT",57,"Up",0.842207199361009,0.993927689702815
"GOBP_REGULATION_OF_CALCIUM_ION_DEPENDENT_EXOCYTOSIS",12,"Up",0.842432616795358,0.993927689702815
"GOBP_INSULIN_LIKE_GROWTH_FACTOR_RECEPTOR_SIGNALING_PATHWAY",10,"Down",0.842705393947664,0.993927689702815
"GOBP_POSITIVE_REGULATION_OF_MYOBLAST_FUSION",2,"Down",0.842773669196191,0.993927689702815
"GOBP_POSITIVE_REGULATION_OF_SYNCYTIUM_FORMATION_BY_PLASMA_MEMBRANE_FUSION",2,"Down",0.842773669196191,0.993927689702815
"GOBP_REGULATION_OF_MYOBLAST_FUSION",2,"Down",0.842773669196191,0.993927689702815
"GOBP_REGULATION_OF_SYNCYTIUM_FORMATION_BY_PLASMA_MEMBRANE_FUSION",2,"Down",0.842773669196191,0.993927689702815
"GOBP_REGULATION_OF_PROTEIN_KINASE_A_SIGNALING",3,"Up",0.842892655878502,0.993927689702815
"GOBP_DNA_REPAIR",128,"Down",0.843101567413909,0.993927689702815
"GOBP_REGULATION_OF_MICROVILLUS_LENGTH",2,"Down",0.843168218595806,0.993927689702815
"GOBP_DENDRITE_ARBORIZATION",2,"Up",0.843543683352389,0.993927689702815
"GOBP_PEROXISOME_FISSION",4,"Up",0.843552921350756,0.993927689702815
"GOBP_RESPONSE_TO_METAL_ION",77,"Up",0.843646089960426,0.993927689702815
"GOBP_RESPONSE_TO_OSMOTIC_STRESS",20,"Up",0.84372842628021,0.993927689702815
"GOBP_RESPONSE_TO_INTERLEUKIN_7",7,"Up",0.843833444018205,0.993927689702815
"GOBP_ADAPTIVE_IMMUNE_RESPONSE_BASED_ON_SOMATIC_RECOMBINATION_OF_IMMUNE_RECEPTORS_BUILT_FROM_IMMUNOGLOBULIN_SUPERFAMILY_DOMAINS",24,"Up",0.843889483389217,0.993927689702815
"GOBP_MONOCYTE_EXTRAVASATION",2,"Up",0.843932252110314,0.993927689702815
"GOBP_IMMUNE_SYSTEM_DEVELOPMENT",147,"Down",0.843990067880573,0.993927689702815
"GOBP_LYMPH_NODE_DEVELOPMENT",2,"Up",0.845166110294186,0.993927689702815
"GOBP_NEGATIVE_REGULATION_OF_ADAPTIVE_IMMUNE_RESPONSE",2,"Up",0.845166110294186,0.993927689702815
"GOBP_NEGATIVE_REGULATION_OF_T_HELPER_17_TYPE_IMMUNE_RESPONSE",2,"Up",0.845166110294186,0.993927689702815
"GOBP_NEGATIVE_REGULATION_OF_T_HELPER_CELL_DIFFERENTIATION",2,"Up",0.845166110294186,0.993927689702815
"GOBP_REGULATION_OF_T_HELPER_17_CELL_DIFFERENTIATION",2,"Up",0.845166110294186,0.993927689702815
"GOBP_T_FOLLICULAR_HELPER_CELL_DIFFERENTIATION",2,"Up",0.845166110294186,0.993927689702815
"GOBP_REGULATION_OF_COLLAGEN_METABOLIC_PROCESS",7,"Down",0.845281886185278,0.993927689702815
"GOBP_NEGATIVE_REGULATION_OF_CELL_CYCLE_G2_M_PHASE_TRANSITION",14,"Up",0.845712048713953,0.993927689702815
"GOBP_BRAIN_MORPHOGENESIS",12,"Up",0.845746357678171,0.993927689702815
"GOBP_ASTROCYTE_DIFFERENTIATION",14,"Down",0.84585114695764,0.993927689702815
"GOBP_POSITIVE_REGULATION_OF_PATTERN_RECOGNITION_RECEPTOR_SIGNALING_PATHWAY",11,"Down",0.845905762875486,0.993927689702815
"GOBP_RESPONSE_TO_INTERFERON_GAMMA",21,"Up",0.845945029057402,0.993927689702815
"GOBP_BASE_EXCISION_REPAIR_GAP_FILLING",4,"Up",0.846005743903235,0.993927689702815
"GOBP_POSITIVE_REGULATION_OF_INTERLEUKIN_1_BETA_PRODUCTION",4,"Down",0.846023756298681,0.993927689702815
"GOBP_MULTI_ORGANISM_REPRODUCTIVE_PROCESS",176,"Up",0.846096426987312,0.993927689702815
"GOBP_PROTEIN_O_LINKED_GLYCOSYLATION_VIA_SERINE",1,"Up",0.846219737903515,0.993927689702815
"GOBP_AMINE_CATABOLIC_PROCESS",5,"Down",0.846488250882236,0.993927689702815
"GOBP_MITOCHONDRIAL_ATP_SYNTHESIS_COUPLED_PROTON_TRANSPORT",1,"Down",0.846876064203963,0.993927689702815
"GOBP_POSITIVE_REGULATION_OF_PRODUCTION_OF_MIRNAS_INVOLVED_IN_GENE_SILENCING_BY_MIRNA",3,"Up",0.846928723600245,0.993927689702815
"GOBP_REGULATION_OF_PROGRAMMED_NECROTIC_CELL_DEATH",6,"Up",0.847063531975921,0.993927689702815
"GOBP_LONG_CHAIN_FATTY_ACID_IMPORT_ACROSS_PLASMA_MEMBRANE",3,"Down",0.84727661287235,0.993927689702815
"GOBP_NEGATIVE_REGULATION_OF_FATTY_ACID_TRANSPORT",3,"Down",0.84727661287235,0.993927689702815
"GOBP_REGULATION_OF_LONG_CHAIN_FATTY_ACID_IMPORT_ACROSS_PLASMA_MEMBRANE",3,"Down",0.84727661287235,0.993927689702815
"GOBP_REGULATION_OF_LONG_CHAIN_FATTY_ACID_IMPORT_INTO_CELL",3,"Down",0.84727661287235,0.993927689702815
"GOBP_NEGATIVE_REGULATION_OF_SYNAPTIC_TRANSMISSION_GLUTAMATERGIC",2,"Down",0.847383001486416,0.993927689702815
"GOBP_RELAXATION_OF_SMOOTH_MUSCLE",5,"Up",0.847505316497759,0.993927689702815
"GOBP_INFLAMMASOME_COMPLEX_ASSEMBLY",4,"Up",0.847787110306863,0.993927689702815
"GOBP_BLOOD_VESSEL_ENDOTHELIAL_CELL_PROLIFERATION_INVOLVED_IN_SPROUTING_ANGIOGENESIS",1,"Down",0.847991309592472,0.993927689702815
"GOBP_SYNAPTIC_SIGNALING",187,"Up",0.848005948327405,0.993927689702815
"GOBP_POSITIVE_REGULATION_OF_CYCLIN_DEPENDENT_PROTEIN_KINASE_ACTIVITY",10,"Up",0.848242638466791,0.993927689702815
"GOBP_IRON_ION_TRANSMEMBRANE_TRANSPORT",4,"Up",0.848584727808379,0.993927689702815
"GOBP_POSITIVE_REGULATION_OF_SMOOTH_MUSCLE_CELL_MIGRATION",7,"Down",0.848951744627974,0.993927689702815
"GOBP_POSITIVE_REGULATION_OF_RESPONSE_TO_ENDOPLASMIC_RETICULUM_STRESS",6,"Up",0.849367758549586,0.993927689702815
"GOBP_RESPONSE_TO_LITHIUM_ION",2,"Up",0.849696042445552,0.993927689702815
"GOBP_NEGATIVE_REGULATION_OF_GRANULOCYTE_DIFFERENTIATION",1,"Down",0.849721543039891,0.993927689702815
"GOBP_REGULATION_OF_GRANULOCYTE_DIFFERENTIATION",1,"Down",0.849721543039891,0.993927689702815
"GOBP_GLIOGENESIS",61,"Down",0.849755661503822,0.993927689702815
"GOBP_NEGATIVE_REGULATION_OF_SIGNAL_TRANSDUCTION_IN_ABSENCE_OF_LIGAND",3,"Up",0.849854393203145,0.993927689702815
"GOBP_MALE_MATING_BEHAVIOR",3,"Down",0.85069003286893,0.993927689702815
"GOBP_DORSAL_VENTRAL_NEURAL_TUBE_PATTERNING",5,"Up",0.850735831793267,0.993927689702815
"GOBP_PEPTIDYL_SERINE_AUTOPHOSPHORYLATION",3,"Down",0.850765540019187,0.993927689702815
"GOBP_HISTONE_H3_K4_TRIMETHYLATION",2,"Down",0.851202081833263,0.993927689702815
"GOBP_FOREBRAIN_GENERATION_OF_NEURONS",7,"Down",0.851312654242949,0.993927689702815
"GOBP_EMBRYONIC_FORELIMB_MORPHOGENESIS",4,"Down",0.851315403314913,0.993927689702815
"GOBP_REGULATION_OF_BMP_SIGNALING_PATHWAY",10,"Down",0.851319687889404,0.993927689702815
"GOBP_REGULATION_OF_IMMUNE_SYSTEM_PROCESS",212,"Up",0.851450961858643,0.993927689702815
"GOBP_LUNG_SECRETORY_CELL_DIFFERENTIATION",1,"Up",0.851496168128444,0.993927689702815
"GOBP_REGULATION_OF_CAMP_MEDIATED_SIGNALING",6,"Up",0.851833567375027,0.993927689702815
"GOBP_RESPONSE_TO_FOOD",6,"Down",0.851839715637363,0.993927689702815
"GOBP_HISTONE_H3_K9_DEMETHYLATION",2,"Down",0.851964443655173,0.993927689702815
"GOBP_HISTONE_LYSINE_DEMETHYLATION",2,"Down",0.851964443655173,0.993927689702815
"GOBP_PROTEIN_DEMETHYLATION",2,"Down",0.851964443655173,0.993927689702815
"GOBP_MAINTENANCE_OF_DNA_REPEAT_ELEMENTS",1,"Up",0.852163754822995,0.993927689702815
"GOBP_REGULATION_OF_DEPHOSPHORYLATION",48,"Down",0.852243610647142,0.993927689702815
"GOBP_ANATOMICAL_STRUCTURE_FORMATION_INVOLVED_IN_MORPHOGENESIS",173,"Up",0.852371256900774,0.993927689702815
"GOBP_REGULATION_OF_MYELINATION",14,"Down",0.852389629642262,0.993927689702815
"GOBP_MITOTIC_CHROMOSOME_CONDENSATION",3,"Up",0.852392589549752,0.993927689702815
"GOBP_REGULATION_OF_HELICASE_ACTIVITY",3,"Down",0.852408961768309,0.993927689702815
"GOBP_CELLULAR_EXTRAVASATION",10,"Up",0.852517045141129,0.993927689702815
"GOBP_RESPONSE_TO_ARSENIC_CONTAINING_SUBSTANCE",10,"Down",0.852675968427457,0.993927689702815
"GOBP_NUCLEOSOME_MOBILIZATION",6,"Up",0.852965907364962,0.993927689702815
"GOBP_SEMAPHORIN_PLEXIN_SIGNALING_PATHWAY",5,"Down",0.853131008952257,0.993927689702815
"GOBP_ALANINE_TRANSPORT",4,"Up",0.853170267017146,0.993927689702815
"GOBP_DORSAL_ROOT_GANGLION_DEVELOPMENT",2,"Up",0.853357992688896,0.993927689702815
"GOBP_CALCIUM_ION_REGULATED_EXOCYTOSIS",22,"Down",0.853386902743126,0.993927689702815
"GOBP_REGULATION_OF_CELL_MIGRATION_INVOLVED_IN_SPROUTING_ANGIOGENESIS",5,"Down",0.853419108351383,0.993927689702815
"GOBP_RESPONSE_TO_CAMPTOTHECIN",2,"Up",0.853456031579992,0.993927689702815
"GOBP_REGULATION_OF_CYCLIN_DEPENDENT_PROTEIN_KINASE_ACTIVITY",23,"Up",0.853520339933774,0.993927689702815
"GOBP_POSITIVE_REGULATION_OF_CELL_ADHESION_MOLECULE_PRODUCTION",1,"Down",0.853596475037741,0.993927689702815
"GOBP_NEGATIVE_REGULATION_OF_CELLULAR_RESPONSE_TO_INSULIN_STIMULUS",15,"Up",0.853699354959504,0.993927689702815
"GOBP_HAIR_FOLLICLE_PLACODE_FORMATION",2,"Down",0.853807363531445,0.993927689702815
"GOBP_REGULATION_OF_SYNAPTIC_VESICLE_ENDOCYTOSIS",4,"Down",0.854010258663024,0.993927689702815
"GOBP_REGULATION_OF_MRNA_BINDING",9,"Up",0.854020093743029,0.993927689702815
"GOBP_REGULATION_OF_DNA_DIRECTED_DNA_POLYMERASE_ACTIVITY",1,"Up",0.854045612417162,0.993927689702815
"GOBP_REGULATION_OF_SENSORY_PERCEPTION",3,"Down",0.854499437987372,0.993927689702815
"GOBP_PROTEIN_IMPORT_INTO_PEROXISOME_MEMBRANE",4,"Down",0.854501886860585,0.993927689702815
"GOBP_POSITIVE_REGULATION_OF_CARDIAC_MUSCLE_CELL_DIFFERENTIATION",2,"Down",0.854557828214847,0.993927689702815
"GOBP_REGULATION_OF_CARDIAC_MUSCLE_CELL_DIFFERENTIATION",2,"Down",0.854557828214847,0.993927689702815
"GOBP_PROTEIN_ACYLATION",75,"Up",0.855158036839467,0.993927689702815
"GOBP_TRANSMEMBRANE_RECEPTOR_PROTEIN_SERINE_THREONINE_KINASE_SIGNALING_PATHWAY",49,"Up",0.855310355535286,0.993927689702815
"GOBP_MOTILE_CILIUM_ASSEMBLY",4,"Down",0.855737657203086,0.993927689702815
"GOBP_AXONOGENESIS_INVOLVED_IN_INNERVATION",2,"Down",0.855831231744447,0.993927689702815
"GOBP_INNERVATION",2,"Down",0.855831231744447,0.993927689702815
"GOBP_MORPHOGENESIS_OF_A_POLARIZED_EPITHELIUM",20,"Up",0.855888688524789,0.993927689702815
"GOBP_REGULATION_OF_HEMATOPOIETIC_PROGENITOR_CELL_DIFFERENTIATION",11,"Up",0.855922258562969,0.993927689702815
"GOBP_REGULATION_OF_PHOSPHATIDYLINOSITOL_3_KINASE_SIGNALING",15,"Down",0.856141092121636,0.993927689702815
"GOBP_LABYRINTHINE_LAYER_DEVELOPMENT",6,"Up",0.85625696086372,0.993927689702815
"GOBP_POSITIVE_REGULATION_OF_ENDOTHELIAL_CELL_CHEMOTAXIS_BY_VEGF_ACTIVATED_VASCULAR_ENDOTHELIAL_GROWTH_FACTOR_RECEPTOR_SIGNALING_PATHWAY",1,"Down",0.856467668775014,0.993927689702815
"GOBP_NEGATIVE_REGULATION_OF_LIPID_LOCALIZATION",8,"Up",0.856709954025558,0.993927689702815
"GOBP_POSITIVE_REGULATION_OF_AUTOPHAGOSOME_MATURATION",2,"Down",0.856888134101448,0.993927689702815
"GOBP_DETOXIFICATION_OF_COPPER_ION",3,"Down",0.857042517396361,0.993927689702815
"GOBP_STRESS_RESPONSE_TO_METAL_ION",3,"Down",0.857042517396361,0.993927689702815
"GOBP_REGULATION_OF_MESODERM_DEVELOPMENT",1,"Up",0.857432026400052,0.993927689702815
"GOBP_SMOOTH_MUSCLE_TISSUE_DEVELOPMENT",2,"Up",0.857645915292337,0.993927689702815
"GOBP_EMBRYONIC_DIGIT_MORPHOGENESIS",10,"Down",0.857660659413676,0.993927689702815
"GOBP_RESPONSE_TO_ESTRADIOL",23,"Up",0.857738220840398,0.993927689702815
"GOBP_DNA_METHYLATION",18,"Down",0.857891262012752,0.993927689702815
"GOBP_MITOTIC_CELL_CYCLE",241,"Up",0.857999633505023,0.993927689702815
"GOBP_PROTEIN_TARGETING",117,"Up",0.858344389199081,0.993927689702815
"GOBP_NEGATIVE_REGULATION_OF_ADENYLATE_CYCLASE_ACTIVITY",6,"Down",0.858840242171709,0.993927689702815
"GOBP_NEGATIVE_REGULATION_OF_LYASE_ACTIVITY",6,"Down",0.858840242171709,0.993927689702815
"GOBP_MECHANORECEPTOR_DIFFERENTIATION",7,"Down",0.858851815756639,0.993927689702815
"GOBP_CELLULAR_CARBOHYDRATE_BIOSYNTHETIC_PROCESS",17,"Up",0.859026980837859,0.993927689702815
"GOBP_NEGATIVE_REGULATION_OF_TOR_SIGNALING",13,"Up",0.859339645695294,0.993927689702815
"GOBP_RNA_SPLICING_VIA_TRANSESTERIFICATION_REACTIONS",152,"Up",0.859589740756087,0.993927689702815
"GOBP_LEUKOCYTE_CHEMOTAXIS",25,"Down",0.859806540457378,0.993927689702815
"GOBP_MITOTIC_CELL_CYCLE_PHASE_TRANSITION",103,"Up",0.859848190224079,0.993927689702815
"GOBP_NEGATIVE_REGULATION_OF_MAST_CELL_ACTIVATION",1,"Up",0.860080895730277,0.993927689702815
"GOBP_NEGATIVE_REGULATION_OF_MAST_CELL_ACTIVATION_INVOLVED_IN_IMMUNE_RESPONSE",1,"Up",0.860080895730277,0.993927689702815
"GOBP_NEGATIVE_REGULATION_OF_MAST_CELL_DEGRANULATION",1,"Up",0.860080895730277,0.993927689702815
"GOBP_POSITIVE_REGULATION_OF_MITOCHONDRIAL_FISSION",7,"Down",0.860239605626622,0.993927689702815
"GOBP_RESPONSE_TO_ALKALOID",24,"Down",0.860295229513281,0.993927689702815
"GOBP_REGULATION_OF_NATURAL_KILLER_CELL_MEDIATED_IMMUNITY",7,"Down",0.860381687376767,0.993927689702815
"GOBP_LONG_TERM_MEMORY",6,"Up",0.860913545069162,0.993927689702815
"GOBP_REGULATION_OF_NEUTROPHIL_CHEMOTAXIS",5,"Up",0.861065599070755,0.993927689702815
"GOBP_REGULATION_OF_RESTING_MEMBRANE_POTENTIAL",2,"Down",0.861159956486782,0.993927689702815
"GOBP_CARBOHYDRATE_TRANSMEMBRANE_TRANSPORT",25,"Up",0.861165792717334,0.993927689702815
"GOBP_REGULATION_OF_TUBE_SIZE",19,"Down",0.861421643394529,0.993927689702815
"GOBP_TUBULIN_COMPLEX_ASSEMBLY",7,"Down",0.861444940268876,0.993927689702815
"GOBP_OVULATION_FROM_OVARIAN_FOLLICLE",1,"Down",0.861461568271636,0.993927689702815
"GOBP_POSITIVE_REGULATION_OF_REGULATORY_T_CELL_DIFFERENTIATION",1,"Down",0.861461568271636,0.993927689702815
"GOBP_REGULATORY_T_CELL_DIFFERENTIATION",1,"Down",0.861461568271636,0.993927689702815
"GOBP_ANTIGEN_PROCESSING_AND_PRESENTATION_OF_PEPTIDE_ANTIGEN",7,"Down",0.861500443009019,0.993927689702815
"GOBP_XENOBIOTIC_METABOLIC_PROCESS",8,"Down",0.861594512187612,0.993927689702815
"GOBP_REGULATION_OF_GLUTAMATE_SECRETION",6,"Down",0.861649927549921,0.993927689702815
"GOBP_GAP_JUNCTION_ASSEMBLY",1,"Down",0.862104347845784,0.993927689702815
"GOBP_POSITIVE_REGULATION_OF_GAP_JUNCTION_ASSEMBLY",1,"Down",0.862104347845784,0.993927689702815
"GOBP_REGULATION_OF_GAP_JUNCTION_ASSEMBLY",1,"Down",0.862104347845784,0.993927689702815
"GOBP_VOCALIZATION_BEHAVIOR",1,"Down",0.862104347845784,0.993927689702815
"GOBP_REGULATION_OF_INFLAMMATORY_RESPONSE",43,"Down",0.862127351287344,0.993927689702815
"GOBP_NEGATIVE_REGULATION_OF_PROTEOLYSIS_INVOLVED_IN_CELLULAR_PROTEIN_CATABOLIC_PROCESS",32,"Up",0.862463841625896,0.993927689702815
"GOBP_REPLICATION_FORK_PROCESSING",10,"Up",0.862504255703505,0.993927689702815
"GOBP_NUCLEOSIDE_MONOPHOSPHATE_METABOLIC_PROCESS",28,"Down",0.862521515333561,0.993927689702815
"GOBP_PRODUCTION_OF_MOLECULAR_MEDIATOR_OF_IMMUNE_RESPONSE",25,"Down",0.862768579733071,0.993927689702815
"GOBP_POSITIVE_REGULATION_OF_TRANSCRIPTION_BY_RNA_POLYMERASE_I",7,"Up",0.863084790371573,0.993927689702815
"GOBP_POSITIVE_REGULATION_OF_GLUCOSE_IMPORT",7,"Up",0.863380990884085,0.993927689702815
"GOBP_REGULATION_OF_CELLULAR_CARBOHYDRATE_METABOLIC_PROCESS",31,"Up",0.86342466595883,0.993927689702815
"GOBP_PYRIMIDINE_NUCLEOSIDE_MONOPHOSPHATE_BIOSYNTHETIC_PROCESS",5,"Up",0.863435030330008,0.993927689702815
"GOBP_PYRIMIDINE_NUCLEOSIDE_MONOPHOSPHATE_METABOLIC_PROCESS",5,"Up",0.863435030330008,0.993927689702815
"GOBP_PYRIMIDINE_RIBONUCLEOSIDE_MONOPHOSPHATE_METABOLIC_PROCESS",5,"Up",0.863435030330008,0.993927689702815
"GOBP_UMP_BIOSYNTHETIC_PROCESS",5,"Up",0.863435030330008,0.993927689702815
"GOBP_NEGATIVE_REGULATION_OF_PROTEOLYSIS",69,"Up",0.863715078963287,0.993927689702815
"GOBP_RESPONSE_TO_ACETYLCHOLINE",8,"Down",0.863803294117933,0.993927689702815
"GOBP_CARDIAC_MYOFIBRIL_ASSEMBLY",4,"Down",0.864055245966496,0.993927689702815
"GOBP_PARENTAL_BEHAVIOR",2,"Down",0.864107176156838,0.993927689702815
"GOBP_PROTEIN_TARGETING_TO_MEMBRANE",47,"Up",0.86413281365439,0.993927689702815
"GOBP_XENOBIOTIC_CATABOLIC_PROCESS",2,"Down",0.864890156996788,0.993927689702815
"GOBP_DE_NOVO_PROTEIN_FOLDING",15,"Up",0.864924690955948,0.993927689702815
"GOBP_REGULATION_OF_LEUKOCYTE_CHEMOTAXIS",15,"Down",0.865172834506167,0.993927689702815
"GOBP_NEUROTROPHIN_TRK_RECEPTOR_SIGNALING_PATHWAY",12,"Up",0.865275857003516,0.993927689702815
"GOBP_RESPONSE_TO_CARBOHYDRATE",55,"Down",0.865287569584206,0.993927689702815
"GOBP_REGULATION_OF_TOLL_LIKE_RECEPTOR_4_SIGNALING_PATHWAY",4,"Down",0.865352621443812,0.993927689702815
"GOBP_RESPONSE_TO_THYROGLOBULIN_TRIIODOTHYRONINE",2,"Up",0.865368925417817,0.993927689702815
"GOBP_PROTEIN_DNA_COMPLEX_DISASSEMBLY",9,"Up",0.865676075321839,0.993927689702815
"GOBP_NATURAL_KILLER_CELL_DIFFERENTIATION",6,"Down",0.865929522687438,0.993927689702815
"GOBP_NEGATIVE_REGULATION_OF_SMAD_PROTEIN_COMPLEX_ASSEMBLY",1,"Up",0.866161849154624,0.993927689702815
"GOBP_POSITIVE_REGULATION_OF_PROTEOLYSIS_INVOLVED_IN_CELLULAR_PROTEIN_CATABOLIC_PROCESS",47,"Up",0.866529182027343,0.993927689702815
"GOBP_NEGATIVE_REGULATION_OF_VASCULAR_PERMEABILITY",3,"Up",0.866818176330978,0.993927689702815
"GOBP_NEURON_MATURATION",5,"Up",0.866820963307356,0.993927689702815
"GOBP_PEPTIDYL_TYROSINE_DEPHOSPHORYLATION",20,"Up",0.866823077941891,0.993927689702815
"GOBP_LEUKOCYTE_MEDIATED_IMMUNITY",49,"Up",0.867022360157202,0.993927689702815
"GOBP_REPRODUCTIVE_SYSTEM_DEVELOPMENT",68,"Down",0.867180203635836,0.993927689702815
"GOBP_POSITIVE_REGULATION_OF_MAPK_CASCADE",75,"Down",0.867286883171506,0.993927689702815
"GOBP_GRANULOCYTE_MACROPHAGE_COLONY_STIMULATING_FACTOR_PRODUCTION",1,"Up",0.867315038270357,0.993927689702815
"GOBP_POSITIVE_REGULATION_OF_T_CELL_DIFFERENTIATION_IN_THYMUS",1,"Up",0.867315038270357,0.993927689702815
"GOBP_POSITIVE_REGULATION_OF_CELLULAR_CARBOHYDRATE_METABOLIC_PROCESS",11,"Down",0.867575314656952,0.993927689702815
"GOBP_EMBRYONIC_PATTERN_SPECIFICATION",10,"Up",0.867893656306878,0.993927689702815
"GOBP_RAP_PROTEIN_SIGNAL_TRANSDUCTION",5,"Up",0.868152975586051,0.993927689702815
"GOBP_MALATE_METABOLIC_PROCESS",5,"Up",0.868198821736887,0.993927689702815
"GOBP_PEPTIDYL_PROLINE_HYDROXYLATION_TO_4_HYDROXY_L_PROLINE",1,"Up",0.868513014119653,0.993927689702815
"GOBP_NUCLEOLUS_ORGANIZATION",3,"Up",0.868543910211662,0.993927689702815
"GOBP_DNA_METHYLATION_DEPENDENT_HETEROCHROMATIN_ASSEMBLY",9,"Down",0.868679811050017,0.993927689702815
"GOBP_POSITIVE_REGULATION_OF_NUCLEOBASE_CONTAINING_COMPOUND_METABOLIC_PROCESS",443,"Down",0.868682908643463,0.993927689702815
"GOBP_GLUCOSE_METABOLIC_PROCESS",44,"Down",0.868705187775537,0.993927689702815
"GOBP_LEUCINE_CATABOLIC_PROCESS",1,"Up",0.868758788019977,0.993927689702815
"GOBP_POSITIVE_REGULATION_OF_DNA_REPLICATION",4,"Down",0.868773351645607,0.993927689702815
"GOBP_REGULATION_OF_PROTEOLYSIS",170,"Down",0.8690499472236,0.993927689702815
"GOBP_POSITIVE_REGULATION_OF_MITOTIC_CELL_CYCLE_PHASE_TRANSITION",27,"Up",0.869271319102858,0.993927689702815
"GOBP_CELLULAR_RESPONSE_TO_LEUCINE_STARVATION",7,"Down",0.869432473526564,0.993927689702815
"GOBP_REGULATION_OF_INSULIN_SECRETION",33,"Up",0.869481402508033,0.993927689702815
"GOBP_NEGATIVE_REGULATION_OF_PEPTIDE_SECRETION",9,"Down",0.869833447461129,0.993927689702815
"GOBP_CAVEOLIN_MEDIATED_ENDOCYTOSIS",5,"Up",0.86992146528538,0.993927689702815
"GOBP_NEGATIVE_REGULATION_OF_PROGRAMMED_NECROTIC_CELL_DEATH",4,"Up",0.870291820122864,0.993927689702815
"GOBP_PURINE_DEOXYRIBONUCLEOTIDE_METABOLIC_PROCESS",5,"Down",0.870364017950372,0.993927689702815
"GOBP_HISTONE_H3_K4_METHYLATION",12,"Down",0.870382959516174,0.993927689702815
"GOBP_LIPID_OXIDATION",29,"Up",0.87051078738987,0.993927689702815
"GOBP_PTERIDINE_CONTAINING_COMPOUND_METABOLIC_PROCESS",6,"Down",0.870741762222693,0.993927689702815
"GOBP_REGULATION_OF_DENDRITE_DEVELOPMENT",41,"Up",0.870800024305758,0.993927689702815
"GOBP_CELLULAR_RESPONSE_TO_UV",28,"Down",0.870845855062593,0.993927689702815
"GOBP_GLYCINE_TRANSPORT",1,"Up",0.870934533044354,0.993927689702815
"GOBP_TELENCEPHALON_GLIAL_CELL_MIGRATION",10,"Down",0.871184825181356,0.993927689702815
"GOBP_POSITIVE_REGULATION_OF_RELEASE_OF_CYTOCHROME_C_FROM_MITOCHONDRIA",5,"Down",0.871233009222536,0.993927689702815
"GOBP_CELLULAR_RESPONSE_TO_EXTRACELLULAR_STIMULUS",79,"Up",0.871332066969206,0.993927689702815
"GOBP_NEGATIVE_REGULATION_OF_BIOMINERALIZATION",2,"Up",0.871443283811973,0.993927689702815
"GOBP_POSITIVE_REGULATION_OF_VASCULOGENESIS",2,"Up",0.871670076604338,0.993927689702815
"GOBP_REGULATION_OF_VASCULOGENESIS",2,"Up",0.871670076604338,0.993927689702815
"GOBP_SPHINGOMYELIN_CATABOLIC_PROCESS",2,"Down",0.871801103830229,0.993927689702815
"GOBP_PROTEIN_LOCALIZATION_TO_CILIARY_MEMBRANE",8,"Up",0.871802482575883,0.993927689702815
"GOBP_PROTEIN_KINASE_A_SIGNALING",6,"Up",0.871974380747505,0.993927689702815
"GOBP_ENDOCYTIC_RECYCLING",44,"Up",0.872182819318217,0.993927689702815
"GOBP_REGULATION_OF_SUPEROXIDE_DISMUTASE_ACTIVITY",2,"Up",0.872191278937206,0.993927689702815
"GOBP_CARBON_CATABOLITE_REGULATION_OF_TRANSCRIPTION",1,"Up",0.872231949916908,0.993927689702815
"GOBP_LABYRINTHINE_LAYER_MORPHOGENESIS",1,"Up",0.872231949916908,0.993927689702815
"GOBP_L_GLUTAMATE_IMPORT_ACROSS_PLASMA_MEMBRANE",3,"Up",0.872350070543723,0.993927689702815
"GOBP_REGULATION_OF_AMINO_ACID_TRANSMEMBRANE_TRANSPORT",3,"Up",0.872350070543723,0.993927689702815
"GOBP_REGULATION_OF_L_GLUTAMATE_IMPORT_ACROSS_PLASMA_MEMBRANE",3,"Up",0.872350070543723,0.993927689702815
"GOBP_SECONDARY_METABOLITE_BIOSYNTHETIC_PROCESS",5,"Up",0.872422468966873,0.993927689702815
"GOBP_NEGATIVE_REGULATION_OF_MITOCHONDRIAL_OUTER_MEMBRANE_PERMEABILIZATION_INVOLVED_IN_APOPTOTIC_SIGNALING_PATHWAY",2,"Up",0.872519287886048,0.993927689702815
"GOBP_POSITIVE_REGULATION_OF_GROWTH",61,"Up",0.872640424121087,0.993927689702815
"GOBP_TRANSFORMING_GROWTH_FACTOR_BETA_PRODUCTION",4,"Up",0.872647586540467,0.993927689702815
"GOBP_NEGATIVE_REGULATION_OF_EPITHELIAL_TO_MESENCHYMAL_TRANSITION",2,"Up",0.87275814660005,0.993927689702815
"GOBP_NEGATIVE_REGULATION_OF_SYNAPSE_ORGANIZATION",2,"Down",0.872804073776914,0.993927689702815
"GOBP_CELLULAR_RESPONSE_TO_INTERLEUKIN_1",15,"Down",0.872933226063287,0.993927689702815
"GOBP_GROWTH",198,"Down",0.87330116673555,0.993927689702815
"GOBP_REGULATION_OF_STEROID_BIOSYNTHETIC_PROCESS",10,"Up",0.873652484428899,0.993927689702815
"GOBP_MITOCHONDRIAL_RNA_METABOLIC_PROCESS",9,"Down",0.873868739204478,0.993927689702815
"GOBP_REGULATION_OF_TOLL_LIKE_RECEPTOR_SIGNALING_PATHWAY",14,"Down",0.874049914921942,0.993927689702815
"GOBP_POSITIVE_REGULATION_OF_ALPHA_BETA_T_CELL_DIFFERENTIATION",2,"Down",0.874209631305281,0.993927689702815
"GOBP_NEGATIVE_REGULATION_OF_INTERLEUKIN_8_PRODUCTION",1,"Down",0.874823071284785,0.993927689702815
"GOBP_NEGATIVE_REGULATION_OF_RNA_POLYMERASE_II_REGULATORY_REGION_SEQUENCE_SPECIFIC_DNA_BINDING",1,"Down",0.874823071284785,0.993927689702815
"GOBP_MESENCHYMAL_CELL_DEVELOPMENT",9,"Up",0.874964534182754,0.993927689702815
"GOBP_NEURAL_CREST_CELL_DIFFERENTIATION",9,"Up",0.874964534182754,0.993927689702815
"GOBP_ACYLGLYCEROL_HOMEOSTASIS",3,"Up",0.875077056791328,0.993927689702815
"GOBP_REGULATION_OF_RAB_PROTEIN_SIGNAL_TRANSDUCTION",3,"Down",0.875216539143883,0.993927689702815
"GOBP_NUCLEOSIDE_TRIPHOSPHATE_METABOLIC_PROCESS",33,"Up",0.875399129645811,0.993927689702815
"GOBP_ETHANOL_CATABOLIC_PROCESS",2,"Down",0.875888927253765,0.993927689702815
"GOBP_ETHANOL_METABOLIC_PROCESS",2,"Down",0.875888927253765,0.993927689702815
"GOBP_PRIMARY_ALCOHOL_CATABOLIC_PROCESS",2,"Down",0.875888927253765,0.993927689702815
"GOBP_AMINO_ACID_BETAINE_METABOLIC_PROCESS",8,"Down",0.875907601369385,0.993927689702815
"GOBP_REGULATION_OF_PROTEIN_LOCALIZATION_TO_CENTROSOME",6,"Up",0.876011355859513,0.993927689702815
"GOBP_DNA_DEALKYLATION_INVOLVED_IN_DNA_REPAIR",3,"Up",0.876041445939023,0.993927689702815
"GOBP_POSITIVE_REGULATION_OF_JNK_CASCADE",14,"Up",0.876093042927198,0.993927689702815
"GOBP_POSITIVE_REGULATION_OF_PROTEIN_LOCALIZATION_TO_CENTROSOME",4,"Up",0.876342168644474,0.993927689702815
"GOBP_DETOXIFICATION",20,"Down",0.876586177528433,0.993927689702815
"GOBP_REGULATION_OF_STEROID_METABOLIC_PROCESS",16,"Down",0.87688464960713,0.993927689702815
"GOBP_DNA_METHYLATION_INVOLVED_IN_GAMETE_GENERATION",3,"Up",0.877294212963535,0.993927689702815
"GOBP_XENOBIOTIC_EXPORT",3,"Down",0.877418585623602,0.993927689702815
"GOBP_NEURAL_PLATE_DEVELOPMENT",3,"Down",0.87768413406239,0.993927689702815
"GOBP_POSITIVE_REGULATION_OF_LOCOMOTION",97,"Up",0.877830702613844,0.993927689702815
"GOBP_NITRIC_OXIDE_SYNTHASE_BIOSYNTHETIC_PROCESS",3,"Up",0.877899046361674,0.993927689702815
"GOBP_REGULATION_OF_POTASSIUM_ION_TRANSPORT",25,"Up",0.877956228167072,0.993927689702815
"GOBP_ORGANONITROGEN_COMPOUND_BIOSYNTHETIC_PROCESS",458,"Up",0.878040672264876,0.993927689702815
"GOBP_CELLULAR_RESPONSE_TO_ESTRADIOL_STIMULUS",5,"Up",0.878157761227548,0.993927689702815
"GOBP_NEGATIVE_REGULATION_OF_HISTONE_ACETYLATION",5,"Up",0.878350245672499,0.993927689702815
"GOBP_REGULATION_OF_MIRNA_TRANSCRIPTION",9,"Up",0.878393718182713,0.993927689702815
"GOBP_RESPONSE_TO_LEUCINE",7,"Up",0.878431340422449,0.993927689702815
"GOBP_SOMATIC_DIVERSIFICATION_OF_IMMUNE_RECEPTORS",14,"Up",0.878763644904581,0.993927689702815
"GOBP_REGULATION_OF_CILIUM_BEAT_FREQUENCY",3,"Down",0.878848688746919,0.993927689702815
"GOBP_REGULATION_OF_CILIUM_BEAT_FREQUENCY_INVOLVED_IN_CILIARY_MOTILITY",3,"Down",0.878848688746919,0.993927689702815
"GOBP_RESPONSE_TO_MONOSACCHARIDE",48,"Down",0.879027480113563,0.993927689702815
"GOBP_NECROTIC_CELL_DEATH",15,"Down",0.879405275080459,0.993927689702815
"GOBP_REGULATION_OF_CELL_DIFFERENTIATION",245,"Down",0.879712926536807,0.993927689702815
"GOBP_AMYLOID_BETA_CLEARANCE_BY_TRANSCYTOSIS",4,"Down",0.879776317718297,0.993927689702815
"GOBP_REGULATION_OF_AXON_DIAMETER",2,"Up",0.88011108493726,0.993927689702815
"GOBP_TELOMERE_CAPPING",14,"Down",0.880152938015785,0.993927689702815
"GOBP_REGULATION_OF_SMAD_PROTEIN_SIGNAL_TRANSDUCTION",4,"Down",0.880228265915822,0.993927689702815
"GOBP_RETINAL_ROD_CELL_DEVELOPMENT",2,"Up",0.880231787876019,0.993927689702815
"GOBP_RETINAL_ROD_CELL_DIFFERENTIATION",2,"Up",0.880231787876019,0.993927689702815
"GOBP_NEGATIVE_REGULATION_OF_OSTEOCLAST_DIFFERENTIATION",3,"Up",0.880507401153572,0.993927689702815
"GOBP_REGULATION_OF_HYALURONAN_BIOSYNTHETIC_PROCESS",3,"Up",0.880544393422065,0.993927689702815
"GOBP_MITOCHONDRIAL_PROTEIN_CATABOLIC_PROCESS",2,"Up",0.880981385554026,0.993927689702815
"GOBP_CEREBRAL_CORTEX_NEURON_DIFFERENTIATION",6,"Down",0.881200682620516,0.993927689702815
"GOBP_INTESTINAL_EPITHELIAL_CELL_DEVELOPMENT",2,"Down",0.881420319694221,0.993927689702815
"GOBP_INTESTINAL_EPITHELIAL_CELL_DIFFERENTIATION",2,"Down",0.881420319694221,0.993927689702815
"GOBP_GLUTAMINE_TRANSPORT",3,"Up",0.881748877927815,0.993927689702815
"GOBP_INTERFERON_BETA_PRODUCTION",16,"Down",0.881773900853286,0.993927689702815
"GOBP_REGULATION_OF_MUSCLE_ORGAN_DEVELOPMENT",13,"Up",0.881906303837395,0.993927689702815
"GOBP_POSITIVE_REGULATION_OF_CELL_DEATH",128,"Up",0.881975256712078,0.993927689702815
"GOBP_POSITIVE_REGULATION_OF_MORPHOGENESIS_OF_AN_EPITHELIUM",5,"Up",0.88211750827445,0.993927689702815
"GOBP_PURINE_NUCLEOSIDE_METABOLIC_PROCESS",4,"Down",0.882259793276007,0.993927689702815
"GOBP_THIOESTER_BIOSYNTHETIC_PROCESS",16,"Down",0.882273124246634,0.993927689702815
"GOBP_KYNURENINE_METABOLIC_PROCESS",1,"Down",0.882338526250969,0.993927689702815
"GOBP_L_KYNURENINE_METABOLIC_PROCESS",1,"Down",0.882338526250969,0.993927689702815
"GOBP_ANTIGEN_PROCESSING_AND_PRESENTATION_OF_EXOGENOUS_PEPTIDE_ANTIGEN_VIA_MHC_CLASS_II",2,"Up",0.882360151950378,0.993927689702815
"GOBP_ANTIGEN_PROCESSING_AND_PRESENTATION_OF_PEPTIDE_OR_POLYSACCHARIDE_ANTIGEN_VIA_MHC_CLASS_II",2,"Up",0.882360151950378,0.993927689702815
"GOBP_IMMUNE_RESPONSE",238,"Up",0.882368221856222,0.993927689702815
"GOBP_SMAD_PROTEIN_SIGNAL_TRANSDUCTION",12,"Down",0.882394365197859,0.993927689702815
"GOBP_REGULATION_OF_VIRAL_GENOME_REPLICATION",27,"Up",0.882478929403957,0.993927689702815
"GOBP_MRNA_3_END_PROCESSING",33,"Down",0.882821096486729,0.993927689702815
"GOBP_INNER_EAR_RECEPTOR_CELL_STEREOCILIUM_ORGANIZATION",3,"Down",0.882853220305385,0.993927689702815
"GOBP_NEUROTROPHIN_SIGNALING_PATHWAY",17,"Down",0.88286731554448,0.993927689702815
"GOBP_CELLULAR_RESPONSE_TO_EXTERNAL_STIMULUS",91,"Up",0.882915853600704,0.993927689702815
"GOBP_RESPONSE_TO_ACTIVITY",15,"Down",0.883059540948195,0.993927689702815
"GOBP_PEPTIDYL_DIPHTHAMIDE_BIOSYNTHETIC_PROCESS_FROM_PEPTIDYL_HISTIDINE",1,"Down",0.883398032821957,0.993927689702815
"GOBP_TRNA_CATABOLIC_PROCESS",5,"Up",0.883483542092918,0.993927689702815
"GOBP_PYRIMIDINE_CONTAINING_COMPOUND_SALVAGE",2,"Up",0.883835900508432,0.993927689702815
"GOBP_CELLULAR_AMINO_ACID_METABOLIC_PROCESS",54,"Down",0.884133185794491,0.993927689702815
"GOBP_GRANULOCYTE_CHEMOTAXIS",12,"Up",0.884201795448105,0.993927689702815
"GOBP_LYSOSOMAL_LUMEN_ACIDIFICATION",3,"Up",0.884269419343103,0.993927689702815
"GOBP_VASCULAR_ENDOTHELIAL_GROWTH_FACTOR_SIGNALING_PATHWAY",5,"Down",0.884426688151115,0.993927689702815
"GOBP_MONOACYLGLYCEROL_CATABOLIC_PROCESS",2,"Up",0.884787612245193,0.993927689702815
"GOBP_MONOACYLGLYCEROL_METABOLIC_PROCESS",2,"Up",0.884787612245193,0.993927689702815
"GOBP_SECRETORY_GRANULE_ORGANIZATION",12,"Up",0.885034104375972,0.993927689702815
"GOBP_MULTICELLULAR_ORGANISMAL_HOMEOSTASIS",83,"Down",0.885346964245271,0.993927689702815
"GOBP_ERYTHROCYTE_HOMEOSTASIS",25,"Down",0.885415048080722,0.993927689702815
"GOBP_POSITIVE_REGULATION_OF_ALPHA_BETA_T_CELL_ACTIVATION",4,"Up",0.885777048489083,0.993927689702815
"GOBP_ANTIGEN_PROCESSING_AND_PRESENTATION_OF_EXOGENOUS_ANTIGEN",6,"Down",0.885849987853045,0.993927689702815
"GOBP_REGULATION_OF_HISTONE_H4_ACETYLATION",4,"Up",0.885870266455074,0.993927689702815
"GOBP_POSITIVE_REGULATION_OF_NUCLEOBASE_CONTAINING_COMPOUND_TRANSPORT",4,"Up",0.886419242837867,0.993927689702815
"GOBP_POSITIVE_REGULATION_OF_RNA_EXPORT_FROM_NUCLEUS",4,"Up",0.886419242837867,0.993927689702815
"GOBP_SIGNAL_TRANSDUCTION_BY_P53_CLASS_MEDIATOR",44,"Down",0.886677329280017,0.993927689702815
"GOBP_REGULATION_OF_UBIQUITIN_PROTEIN_TRANSFERASE_ACTIVITY",16,"Down",0.88677314639075,0.993927689702815
"GOBP_CYCLIC_NUCLEOTIDE_BIOSYNTHETIC_PROCESS",3,"Up",0.886912657389564,0.993927689702815
"GOBP_CHEMOKINE_C_C_MOTIF_LIGAND_5_PRODUCTION",3,"Down",0.886921434648017,0.993927689702815
"GOBP_ESTABLISHMENT_OF_PROTEIN_LOCALIZATION_TO_MITOCHONDRIAL_MEMBRANE",8,"Down",0.886951175097606,0.993927689702815
"GOBP_SKELETAL_MUSCLE_ATROPHY",1,"Up",0.88714429090769,0.993927689702815
"GOBP_STRIATED_MUSCLE_ATROPHY",1,"Up",0.88714429090769,0.993927689702815
"GOBP_CARDIOBLAST_DIFFERENTIATION",1,"Up",0.887162963086382,0.993927689702815
"GOBP_POSITIVE_REGULATION_OF_CARDIOBLAST_DIFFERENTIATION",1,"Up",0.887162963086382,0.993927689702815
"GOBP_REGULATION_OF_CARDIOBLAST_DIFFERENTIATION",1,"Up",0.887162963086382,0.993927689702815
"GOBP_REGULATION_OF_NEUROTRANSMITTER_TRANSPORT",37,"Up",0.887544476443399,0.993927689702815
"GOBP_REGULATION_OF_MACROPHAGE_ACTIVATION",7,"Up",0.887646606983941,0.993927689702815
"GOBP_NEGATIVE_REGULATION_OF_ANOIKIS",3,"Up",0.88793655705399,0.993927689702815
"GOBP_REGULATION_OF_SODIUM_ION_TRANSPORT",22,"Up",0.888042925502388,0.993927689702815
"GOBP_POLYADENYLATION_DEPENDENT_RNA_CATABOLIC_PROCESS",4,"Down",0.888152055588989,0.993927689702815
"GOBP_REGULATION_OF_SMAD_PROTEIN_COMPLEX_ASSEMBLY",2,"Up",0.888253404992442,0.993927689702815
"GOBP_POSITIVE_REGULATION_OF_INFLAMMATORY_RESPONSE",11,"Down",0.888317700695223,0.993927689702815
"GOBP_CERAMIDE_CATABOLIC_PROCESS",1,"Up",0.888559701104151,0.993927689702815
"GOBP_GLYCOLIPID_CATABOLIC_PROCESS",1,"Up",0.888559701104151,0.993927689702815
"GOBP_GLYCOSYLCERAMIDE_CATABOLIC_PROCESS",1,"Up",0.888559701104151,0.993927689702815
"GOBP_REGULATION_OF_LIPID_TRANSPORTER_ACTIVITY",1,"Up",0.888559701104151,0.993927689702815
"GOBP_NEGATIVE_REGULATION_OF_COLLAGEN_METABOLIC_PROCESS",1,"Down",0.88866928063045,0.993927689702815
"GOBP_OXYGEN_TRANSPORT",1,"Down",0.88866928063045,0.993927689702815
"GOBP_REGULATION_OF_ER_ASSOCIATED_UBIQUITIN_DEPENDENT_PROTEIN_CATABOLIC_PROCESS",3,"Down",0.888804626104331,0.993927689702815
"GOBP_GLAND_MORPHOGENESIS",9,"Up",0.889371550847416,0.993927689702815
"GOBP_RESPONSE_TO_INTERLEUKIN_4",9,"Up",0.889451815331846,0.993927689702815
"GOBP_REGULATION_OF_TRANSLATION_IN_RESPONSE_TO_STRESS",12,"Up",0.889451964434951,0.993927689702815
"GOBP_PURINE_RIBONUCLEOSIDE_METABOLIC_PROCESS",2,"Up",0.889719330202272,0.993927689702815
"GOBP_RIBONUCLEOSIDE_METABOLIC_PROCESS",2,"Up",0.889719330202272,0.993927689702815
"GOBP_TYPE_I_INTERFERON_PRODUCTION",27,"Up",0.889735683357977,0.993927689702815
"GOBP_PROTEIN_MODIFICATION_BY_SMALL_PROTEIN_CONJUGATION",213,"Down",0.889812446583163,0.993927689702815
"GOBP_FATTY_ACID_BETA_OXIDATION",24,"Up",0.889834655716514,0.993927689702815
"GOBP_C4_DICARBOXYLATE_TRANSPORT",5,"Down",0.889878675641487,0.993927689702815
"GOBP_BLOOD_VESSEL_MORPHOGENESIS",79,"Up",0.889973343366568,0.993927689702815
"GOBP_THYROID_GLAND_DEVELOPMENT",6,"Up",0.890011578289864,0.993927689702815
"GOBP_REGULATION_OF_ADENYLATE_CYCLASE_ACTIVATING_G_PROTEIN_COUPLED_RECEPTOR_SIGNALING_PATHWAY",5,"Down",0.890997828190587,0.993927689702815
"GOBP_MITOCHONDRIAL_FISSION",13,"Up",0.891449471698475,0.993927689702815
"GOBP_VITAMIN_TRANSPORT",3,"Down",0.891600215881651,0.993927689702815
"GOBP_DE_NOVO_PYRIMIDINE_NUCLEOBASE_BIOSYNTHETIC_PROCESS",3,"Down",0.891613362145333,0.993927689702815
"GOBP_POSITIVE_REGULATION_OF_PINOCYTOSIS",2,"Up",0.891641910153667,0.993927689702815
"GOBP_POSITIVE_REGULATION_OF_EXOCYTOSIS",32,"Up",0.891766409000891,0.993927689702815
"GOBP_CONSTITUTIVE_HETEROCHROMATIN_ASSEMBLY",4,"Up",0.891895512659951,0.993927689702815
"GOBP_REGULATION_OF_CARDIAC_MUSCLE_CELL_MEMBRANE_POTENTIAL",3,"Up",0.892211199958478,0.993927689702815
"GOBP_POSITIVE_REGULATION_OF_HISTONE_DEACETYLATION",4,"Up",0.892315077062081,0.993927689702815
"GOBP_GAS_TRANSPORT",2,"Up",0.892461829584326,0.993927689702815
"GOBP_CELL_ACTIVATION",152,"Up",0.892508783114283,0.993927689702815
"GOBP_ORNITHINE_METABOLIC_PROCESS",1,"Down",0.892684120589015,0.993927689702815
"GOBP_RENAL_TUBULE_DEVELOPMENT",8,"Down",0.892755906554383,0.993927689702815
"GOBP_CELLULAR_RESPONSE_TO_TOXIC_SUBSTANCE",20,"Down",0.892845474909518,0.993927689702815
"GOBP_REGULATION_OF_RESPIRATORY_GASEOUS_EXCHANGE",4,"Down",0.8929646642305,0.993927689702815
"GOBP_ACETYL_COA_BIOSYNTHETIC_PROCESS_FROM_PYRUVATE",6,"Up",0.893147370686099,0.993927689702815
"GOBP_REGULATION_OF_DENDRITE_MORPHOGENESIS",28,"Down",0.893288181847248,0.993927689702815
"GOBP_REGULATION_OF_CELL_ADHESION",121,"Up",0.893331440738393,0.993927689702815
"GOBP_REGULATION_OF_RECEPTOR_SIGNALING_PATHWAY_VIA_STAT",10,"Down",0.893338885767156,0.993927689702815
"GOBP_ESTABLISHMENT_OF_SISTER_CHROMATID_COHESION",3,"Up",0.893487037852484,0.993927689702815
"GOBP_PHOSPHATIDYLINOSITOL_3_KINASE_SIGNALING",24,"Up",0.893693842878991,0.993927689702815
"GOBP_POSITIVE_REGULATION_OF_NAD_P_H_OXIDASE_ACTIVITY",3,"Up",0.893800073117097,0.993927689702815
"GOBP_REGULATION_OF_NAD_P_H_OXIDASE_ACTIVITY",3,"Up",0.893800073117097,0.993927689702815
"GOBP_MULTICELLULAR_ORGANISMAL_MOVEMENT",15,"Up",0.89388721324484,0.993927689702815
"GOBP_PHOSPHATIDYLGLYCEROL_ACYL_CHAIN_REMODELING",3,"Down",0.894135415558205,0.993927689702815
"GOBP_PYRIMIDINE_RIBONUCLEOSIDE_TRIPHOSPHATE_METABOLIC_PROCESS",7,"Up",0.894160264561348,0.993927689702815
"GOBP_HEXOSE_PHOSPHATE_TRANSPORT",1,"Up",0.894437454033775,0.993927689702815
"GOBP_RESPONSE_TO_VITAMIN_D",6,"Up",0.894461861385692,0.993927689702815
"GOBP_CELLULAR_RESPONSE_TO_REACTIVE_OXYGEN_SPECIES",37,"Up",0.89454705151543,0.993927689702815
"GOBP_SMOOTH_MUSCLE_CELL_CHEMOTAXIS",3,"Down",0.894668737343706,0.993927689702815
"GOBP_INNER_EAR_RECEPTOR_CELL_DEVELOPMENT",5,"Up",0.89490768568514,0.993927689702815
"GOBP_APOPTOTIC_SIGNALING_PATHWAY",140,"Up",0.894963462493644,0.993927689702815
"GOBP_CHONDROCYTE_DIFFERENTIATION_INVOLVED_IN_ENDOCHONDRAL_BONE_MORPHOGENESIS",2,"Up",0.89512035916821,0.993927689702815
"GOBP_GROWTH_PLATE_CARTILAGE_CHONDROCYTE_DIFFERENTIATION",2,"Up",0.89512035916821,0.993927689702815
"GOBP_TRAIL_ACTIVATED_APOPTOTIC_SIGNALING_PATHWAY",3,"Up",0.895197727180963,0.993927689702815
"GOBP_LYMPHOCYTE_MIGRATION",14,"Up",0.895342317365545,0.993927689702815
"GOBP_RESPONSE_TO_ETHANOL",21,"Down",0.895382144873599,0.993927689702815
"GOBP_POSITIVE_REGULATION_OF_CELL_MATRIX_ADHESION",11,"Up",0.895664924538058,0.993936132989143
"GOBP_RETINOIC_ACID_RECEPTOR_SIGNALING_PATHWAY",4,"Up",0.895687025182081,0.993936132989143
"GOBP_RESPONSE_TO_REACTIVE_OXYGEN_SPECIES",49,"Down",0.896161698184064,0.994231889361338
"GOBP_REGULATION_OF_GLIOGENESIS",18,"Up",0.896414567934478,0.994231889361338
"GOBP_RELAXATION_OF_MUSCLE",10,"Down",0.897561548997343,0.994231889361338
"GOBP_RESPONSE_TO_XENOBIOTIC_STIMULUS",64,"Up",0.897793476614198,0.994231889361338
"GOBP_ERAD_PATHWAY",40,"Down",0.898048975084652,0.994231889361338
"GOBP_MITOCHONDRIAL_RNA_3_END_PROCESSING",2,"Up",0.898423207092542,0.994231889361338
"GOBP_NEGATIVE_REGULATION_OF_CELL_KILLING",3,"Up",0.898491226276361,0.994231889361338
"GOBP_COLLATERAL_SPROUTING",5,"Up",0.89866684851241,0.994231889361338
"GOBP_RUFFLE_ORGANIZATION",20,"Down",0.898789675574859,0.994231889361338
"GOBP_MYOBLAST_PROLIFERATION",2,"Down",0.898877039139029,0.994231889361338
"GOBP_POSITIVE_REGULATION_OF_MYOBLAST_PROLIFERATION",2,"Down",0.898877039139029,0.994231889361338
"GOBP_REGULATION_OF_MYOBLAST_PROLIFERATION",2,"Down",0.898877039139029,0.994231889361338
"GOBP_DEPHOSPHORYLATION",121,"Up",0.899065305935296,0.994231889361338
"GOBP_GDP_MANNOSE_METABOLIC_PROCESS",3,"Down",0.8990720797005,0.994231889361338
"GOBP_REGULATION_OF_MODIFICATION_OF_POSTSYNAPTIC_STRUCTURE",2,"Up",0.899109662710172,0.994231889361338
"GOBP_CELL_MIGRATION_INVOLVED_IN_GASTRULATION",2,"Up",0.899143006329392,0.994231889361338
"GOBP_POSITIVE_REGULATION_OF_SIGNALING",344,"Down",0.899232202677752,0.994231889361338
"GOBP_NEGATIVE_REGULATION_OF_OSSIFICATION",2,"Down",0.899258866890733,0.994231889361338
"GOBP_POSITIVE_REGULATION_OF_MYELINATION",5,"Down",0.899542793524142,0.994231889361338
"GOBP_REGULATION_OF_CHOLESTEROL_ESTERIFICATION",1,"Down",0.899630037736799,0.994231889361338
"GOBP_STEROL_IMPORT",1,"Down",0.899630037736799,0.994231889361338
"GOBP_REACTIVE_OXYGEN_SPECIES_METABOLIC_PROCESS",42,"Down",0.899749198469302,0.994231889361338
"GOBP_REGULATION_OF_INTRINSIC_APOPTOTIC_SIGNALING_PATHWAY_IN_RESPONSE_TO_DNA_DAMAGE_BY_P53_CLASS_MEDIATOR",5,"Up",0.899970718084015,0.994231889361338
"GOBP_RESPONSE_TO_MUSCLE_INACTIVITY",2,"Up",0.900135580404018,0.994231889361338
"GOBP_ANTIGEN_PROCESSING_AND_PRESENTATION_OF_LIPID_ANTIGEN_VIA_MHC_CLASS_IB",1,"Up",0.900479692505833,0.994231889361338
"GOBP_ANTIGEN_PROCESSING_AND_PRESENTATION_VIA_MHC_CLASS_IB",1,"Up",0.900479692505833,0.994231889361338
"GOBP_NEUROTRANSMITTER_RECEPTOR_TRANSPORT_POSTSYNAPTIC_ENDOSOME_TO_LYSOSOME",1,"Up",0.900479692505833,0.994231889361338
"GOBP_REGULATION_OF_NK_T_CELL_DIFFERENTIATION",1,"Up",0.900479692505833,0.994231889361338
"GOBP_REGULATION_OF_SEQUESTERING_OF_ZINC_ION",1,"Up",0.900479692505833,0.994231889361338
"GOBP_IMMUNE_EFFECTOR_PROCESS",80,"Up",0.900499760683915,0.994231889361338
"GOBP_POSITIVE_REGULATION_OF_MRNA_SPLICING_VIA_SPLICEOSOME",13,"Down",0.900562666945061,0.994231889361338
"GOBP_REGULATION_OF_STEROL_TRANSPORT",12,"Down",0.900784588947636,0.99430474888083
"GOBP_PRESYNAPTIC_MODULATION_OF_CHEMICAL_SYNAPTIC_TRANSMISSION",4,"Down",0.90094798619346,0.99430474888083
"GOBP_REGULATION_OF_PLATELET_DERIVED_GROWTH_FACTOR_RECEPTOR_SIGNALING_PATHWAY",10,"Down",0.901074738779397,0.99430474888083
"GOBP_PROTEIN_HETEROOLIGOMERIZATION",7,"Up",0.90128006719314,0.994367234667634
"GOBP_PYRUVATE_METABOLIC_PROCESS",35,"Up",0.901709801806881,0.994677242606831
"GOBP_DICARBOXYLIC_ACID_BIOSYNTHETIC_PROCESS",5,"Up",0.902328988280359,0.995000720092184
"GOBP_REGULATION_OF_RESPONSE_TO_EXTERNAL_STIMULUS",158,"Down",0.90232939345888,0.995000720092184
"GOBP_EXTRINSIC_APOPTOTIC_SIGNALING_PATHWAY_VIA_DEATH_DOMAIN_RECEPTORS",13,"Up",0.902577555448813,0.995000720092184
"GOBP_EMBRYO_DEVELOPMENT_ENDING_IN_BIRTH_OR_EGG_HATCHING",123,"Down",0.902598230608522,0.995000720092184
"GOBP_CENTROMERE_COMPLEX_ASSEMBLY",5,"Up",0.903177054680518,0.995399558200902
"GOBP_DNA_BIOSYNTHETIC_PROCESS",62,"Up",0.903257741762087,0.995399558200902
"GOBP_OLIGOPEPTIDE_TRANSPORT",2,"Up",0.903528676877415,0.995442351244954
"GOBP_ESTABLISHMENT_OF_PROTEIN_LOCALIZATION_TO_CHROMATIN",3,"Down",0.903751746753264,0.995442351244954
"GOBP_BONE_MINERALIZATION_INVOLVED_IN_BONE_MATURATION",1,"Up",0.90389202284423,0.995442351244954
"GOBP_TOOTH_ERUPTION",1,"Up",0.90389202284423,0.995442351244954
"GOBP_PROTEIN_EXIT_FROM_ENDOPLASMIC_RETICULUM",16,"Up",0.904095757123005,0.995502770933893
"GOBP_RESPONSE_TO_ALCOHOL",41,"Up",0.904404481109487,0.995621314132878
"GOBP_POSITIVE_REGULATION_OF_ACTION_POTENTIAL",1,"Up",0.904501193862305,0.995621314132878
"GOBP_VESICLE_TARGETING_ROUGH_ER_TO_CIS_GOLGI",7,"Up",0.905032271567117,0.995855912997662
"GOBP_NATURAL_KILLER_CELL_ACTIVATION_INVOLVED_IN_IMMUNE_RESPONSE",4,"Up",0.905452533910565,0.995855912997662
"GOBP_NATURAL_KILLER_CELL_DEGRANULATION",4,"Up",0.905452533910565,0.995855912997662
"GOBP_PROTEIN_LOCALIZATION_TO_NUCLEOLUS",5,"Up",0.905533034067474,0.995855912997662
"GOBP_T_HELPER_17_TYPE_IMMUNE_RESPONSE",5,"Up",0.906146697700356,0.995855912997662
"GOBP_ANION_HOMEOSTASIS",3,"Up",0.906204654737511,0.995855912997662
"GOBP_T_CELL_DIFFERENTIATION_INVOLVED_IN_IMMUNE_RESPONSE",9,"Up",0.906533980941673,0.995855912997662
"GOBP_LYMPHOCYTE_MEDIATED_IMMUNITY",30,"Down",0.906694514697907,0.995855912997662
"GOBP_RESPONSE_TO_UV_C",2,"Up",0.906905754918034,0.995855912997662
"GOBP_POSITIVE_REGULATION_OF_ENDOCYTIC_RECYCLING",3,"Up",0.907087326178816,0.995855912997662
"GOBP_INTERLEUKIN_1_ALPHA_PRODUCTION",1,"Up",0.907717191877304,0.995855912997662
"GOBP_POSITIVE_REGULATION_OF_INTERLEUKIN_1_ALPHA_PRODUCTION",1,"Up",0.907717191877304,0.995855912997662
"GOBP_PLATELET_DERIVED_GROWTH_FACTOR_RECEPTOR_SIGNALING_PATHWAY",19,"Down",0.907925137653816,0.995855912997662
"GOBP_CELLULAR_RESPONSE_TO_ALDEHYDE",3,"Down",0.90809041500417,0.995855912997662
"GOBP_MEMBRANE_BIOGENESIS",27,"Up",0.908250681469447,0.995855912997662
"GOBP_KETONE_CATABOLIC_PROCESS",2,"Up",0.908770151319278,0.995855912997662
"GOBP_CENTROMERIC_SISTER_CHROMATID_COHESION",4,"Up",0.908927110255521,0.995855912997662
"GOBP_DEVELOPMENT_OF_PRIMARY_SEXUAL_CHARACTERISTICS",36,"Up",0.909194761728367,0.995855912997662
"GOBP_ACIDIC_AMINO_ACID_TRANSPORT",19,"Down",0.909430789346256,0.995855912997662
"GOBP_REGULATION_OF_SPHINGOLIPID_BIOSYNTHETIC_PROCESS",5,"Down",0.909559871758294,0.995855912997662
"GOBP_RRNA_TRANSCRIPTION",9,"Up",0.909604996570199,0.995855912997662
"GOBP_NEPHRON_DEVELOPMENT",15,"Down",0.909864486149543,0.995855912997662
"GOBP_IMPORT_ACROSS_PLASMA_MEMBRANE",26,"Up",0.909953252796045,0.995855912997662
"GOBP_OSTEOCLAST_DIFFERENTIATION",12,"Up",0.910095422254666,0.995855912997662
"GOBP_AXIS_ELONGATION",4,"Up",0.910273211490886,0.995855912997662
"GOBP_MRNA_PROCESSING",231,"Up",0.910361580797117,0.995855912997662
"GOBP_REGULATION_OF_RESPONSE_TO_REACTIVE_OXYGEN_SPECIES",7,"Up",0.91037972518289,0.995855912997662
"GOBP_REGULATION_OF_MEMBRANE_PERMEABILITY",20,"Up",0.910427641294953,0.995855912997662
"GOBP_REGULATION_OF_SYNAPSE_STRUCTURE_OR_ACTIVITY",58,"Up",0.910490840634973,0.995855912997662
"GOBP_NEGATIVE_REGULATION_OF_DNA_DEPENDENT_DNA_REPLICATION",3,"Up",0.910565763104131,0.995855912997662
"GOBP_REGULATION_OF_B_CELL_MEDIATED_IMMUNITY",6,"Down",0.910636373564284,0.995855912997662
"GOBP_KINETOCHORE_ASSEMBLY",2,"Down",0.910766522773865,0.995855912997662
"GOBP_KINETOCHORE_ORGANIZATION",2,"Down",0.910766522773865,0.995855912997662
"GOBP_REGULATION_OF_CENTROMERE_COMPLEX_ASSEMBLY",2,"Down",0.910766522773865,0.995855912997662
"GOBP_DENDRITIC_CELL_CYTOKINE_PRODUCTION",5,"Down",0.910970590768945,0.995855912997662
"GOBP_MYELOID_DENDRITIC_CELL_CYTOKINE_PRODUCTION",5,"Down",0.910970590768945,0.995855912997662
"GOBP_POSITIVE_REGULATION_OF_DENDRITIC_CELL_CYTOKINE_PRODUCTION",5,"Down",0.910970590768945,0.995855912997662
"GOBP_POSITIVE_REGULATION_OF_MYELOID_LEUKOCYTE_CYTOKINE_PRODUCTION_INVOLVED_IN_IMMUNE_RESPONSE",5,"Down",0.910970590768945,0.995855912997662
"GOBP_POSITIVE_REGULATION_OF_MYELOID_LEUKOCYTE_MEDIATED_IMMUNITY",5,"Down",0.910970590768945,0.995855912997662
"GOBP_RIBONUCLEOPROTEIN_COMPLEX_SUBUNIT_ORGANIZATION",102,"Up",0.911303814637442,0.995855912997662
"GOBP_NEGATIVE_REGULATION_OF_TRANSFERASE_ACTIVITY",86,"Up",0.911595623159357,0.995855912997662
"GOBP_TOLL_LIKE_RECEPTOR_9_SIGNALING_PATHWAY",3,"Up",0.911716830046109,0.995855912997662
"GOBP_ASYMMETRIC_NEUROBLAST_DIVISION",1,"Down",0.911750691326576,0.995855912997662
"GOBP_POSITIVE_REGULATION_OF_NUCLEAR_DIVISION",9,"Down",0.911964435871465,0.995855912997662
"GOBP_AROMATIC_AMINO_ACID_TRANSPORT",2,"Up",0.912089864475084,0.995855912997662
"GOBP_LEUCINE_IMPORT_ACROSS_PLASMA_MEMBRANE",2,"Up",0.912089864475084,0.995855912997662
"GOBP_TRYPTOPHAN_TRANSPORT",2,"Up",0.912089864475084,0.995855912997662
"GOBP_IMMUNE_RESPONSE_REGULATING_SIGNALING_PATHWAY",84,"Up",0.912184187487164,0.995855912997662
"GOBP_POSITIVE_REGULATION_OF_RNA_SPLICING",20,"Down",0.912225884184655,0.995855912997662
"GOBP_POSITIVE_REGULATION_OF_UBIQUITIN_PROTEIN_LIGASE_ACTIVITY",2,"Up",0.912250057582191,0.995855912997662
"GOBP_NEGATIVE_REGULATION_OF_CYTOPLASMIC_TRANSLATION",6,"Down",0.912497241284542,0.995855912997662
"GOBP_CELLULAR_RESPONSE_TO_VITAMIN_D",4,"Up",0.912722379172713,0.995855912997662
"GOBP_NEGATIVE_REGULATION_OF_PROTEIN_DEPHOSPHORYLATION",15,"Up",0.913193511608701,0.995855912997662
"GOBP_VACUOLAR_ACIDIFICATION",7,"Down",0.913258603404804,0.995855912997662
"GOBP_POSITIVE_REGULATION_OF_REACTIVE_OXYGEN_SPECIES_BIOSYNTHETIC_PROCESS",3,"Up",0.913309790560772,0.995855912997662
"GOBP_POSITIVE_REGULATION_OF_NEUTROPHIL_MIGRATION",5,"Down",0.91341603450498,0.995855912997662
"GOBP_FOLIC_ACID_TRANSPORT",2,"Up",0.913524071576476,0.995855912997662
"GOBP_VITAMIN_TRANSMEMBRANE_TRANSPORT",2,"Up",0.913524071576476,0.995855912997662
"GOBP_POSITIVE_REGULATION_OF_FIBROBLAST_PROLIFERATION",7,"Down",0.91353365639247,0.995855912997662
"GOBP_PEPTIDYL_METHIONINE_MODIFICATION",7,"Down",0.91385222354746,0.995855912997662
"GOBP_GLUTAMATE_METABOLIC_PROCESS",10,"Down",0.914073134757901,0.995855912997662
"GOBP_NLS_BEARING_PROTEIN_IMPORT_INTO_NUCLEUS",8,"Down",0.914117704775856,0.995855912997662
"GOBP_ANTIVIRAL_INNATE_IMMUNE_RESPONSE",4,"Up",0.914247095607258,0.995855912997662
"GOBP_REGULATION_OF_HYDROGEN_PEROXIDE_MEDIATED_PROGRAMMED_CELL_DEATH",5,"Down",0.914377861626168,0.995855912997662
"GOBP_RIBOSOMAL_SMALL_SUBUNIT_EXPORT_FROM_NUCLEUS",5,"Down",0.914414723739458,0.995855912997662
"GOBP_REGULATION_OF_TELOMERASE_ACTIVITY",23,"Up",0.914813694061908,0.995855912997662
"GOBP_MAINTENANCE_OF_ORGANELLE_LOCATION",5,"Up",0.914886336261714,0.995855912997662
"GOBP_NEGATIVE_REGULATION_OF_SIGNALING",277,"Up",0.915152189831932,0.995855912997662
"GOBP_POSITIVE_REGULATION_OF_PROTEIN_DEACETYLATION",5,"Up",0.915201378755642,0.995855912997662
"GOBP_HAIR_CELL_DIFFERENTIATION",6,"Up",0.915231481044716,0.995855912997662
"GOBP_REGULATION_OF_PROTEIN_MODIFICATION_BY_SMALL_PROTEIN_CONJUGATION_OR_REMOVAL",81,"Up",0.915337261483831,0.995855912997662
"GOBP_SULFATION",1,"Up",0.915561578575098,0.995855912997662
"GOBP_HISTONE_H4_K20_METHYLATION",1,"Up",0.915585786318173,0.995855912997662
"GOBP_NUCLEOTIDE_BINDING_DOMAIN_LEUCINE_RICH_REPEAT_CONTAINING_RECEPTOR_SIGNALING_PATHWAY",7,"Down",0.916261626408028,0.996428930848998
"GOBP_INTERLEUKIN_1_PRODUCTION",14,"Down",0.916442797484521,0.996463900289267
"GOBP_T_CELL_HOMEOSTASIS",8,"Down",0.916796546909446,0.996686475237111
"GOBP_FOREBRAIN_MORPHOGENESIS",3,"Down",0.916962468100257,0.996704815374905
"GOBP_POSITIVE_REGULATION_OF_MUSCLE_TISSUE_DEVELOPMENT",8,"Up",0.917147837933699,0.996744286082016
"GOBP_REGULATION_OF_CELLULAR_KETONE_METABOLIC_PROCESS",23,"Up",0.918389618048793,0.997300376725646
"GOBP_VASCULATURE_DEVELOPMENT",100,"Down",0.918461481059162,0.997300376725646
"GOBP_U4_SNRNA_3_END_PROCESSING",3,"Down",0.918621928733727,0.997300376725646
"GOBP_MODIFICATION_OF_POSTSYNAPTIC_ACTIN_CYTOSKELETON",4,"Down",0.918648352993186,0.997300376725646
"GOBP_PYRIMIDINE_RIBONUCLEOTIDE_BIOSYNTHETIC_PROCESS",9,"Up",0.918804096018139,0.997300376725646
"GOBP_LEUKOCYTE_ADHESION_TO_VASCULAR_ENDOTHELIAL_CELL",6,"Down",0.919279104112155,0.997300376725646
"GOBP_NEGATIVE_REGULATION_OF_DNA_REPLICATION",6,"Down",0.919363564547754,0.997300376725646
"GOBP_MITOCHONDRIAL_MEMBRANE_ORGANIZATION",33,"Down",0.919408539971237,0.997300376725646
"GOBP_POSITIVE_REGULATION_OF_LONG_TERM_SYNAPTIC_POTENTIATION",7,"Up",0.920013640568643,0.997300376725646
"GOBP_POSITIVE_REGULATION_OF_CELLULAR_RESPONSE_TO_INSULIN_STIMULUS",6,"Up",0.92018771754628,0.997300376725646
"GOBP_POLYOL_METABOLIC_PROCESS",34,"Up",0.920289463626224,0.997300376725646
"GOBP_POSITIVE_REGULATION_OF_GRANULOCYTE_CHEMOTAXIS",4,"Up",0.920385887571913,0.997300376725646
"GOBP_POSITIVE_REGULATION_OF_INSULIN_SECRETION",15,"Down",0.920426523550553,0.997300376725646
"GOBP_REGULATION_OF_SYSTEMIC_ARTERIAL_BLOOD_PRESSURE_BY_ENDOTHELIN",1,"Up",0.920439875564457,0.997300376725646
"GOBP_REGULATION_OF_SYSTEMIC_ARTERIAL_BLOOD_PRESSURE_BY_HORMONE",1,"Up",0.920439875564457,0.997300376725646
"GOBP_SEMAPHORIN_PLEXIN_SIGNALING_PATHWAY_INVOLVED_IN_NEURON_PROJECTION_GUIDANCE",1,"Up",0.920439875564457,0.997300376725646
"GOBP_CELLULAR_AMINO_ACID_BIOSYNTHETIC_PROCESS",19,"Up",0.920480448745142,0.997300376725646
"GOBP_PYRAMIDAL_NEURON_DEVELOPMENT",5,"Up",0.920607568909056,0.997300376725646
"GOBP_PYRAMIDAL_NEURON_DIFFERENTIATION",5,"Up",0.920607568909056,0.997300376725646
"GOBP_NEGATIVE_REGULATION_OF_CELLULAR_PROTEIN_CATABOLIC_PROCESS",38,"Up",0.920758570199813,0.997300376725646
"GOBP_NEGATIVE_REGULATION_OF_ADENYLATE_CYCLASE_ACTIVATING_ADRENERGIC_RECEPTOR_SIGNALING_PATHWAY",3,"Up",0.921193859280041,0.997300376725646
"GOBP_NEGATIVE_REGULATION_OF_ADENYLATE_CYCLASE_ACTIVATING_G_PROTEIN_COUPLED_RECEPTOR_SIGNALING_PATHWAY",3,"Up",0.921193859280041,0.997300376725646
"GOBP_CELL_JUNCTION_DISASSEMBLY",6,"Up",0.9213468572756,0.997300376725646
"GOBP_ARACHIDONIC_ACID_SECRETION",2,"Down",0.921456376676476,0.997300376725646
"GOBP_CHEMICAL_HOMEOSTASIS",218,"Up",0.921994378163431,0.997300376725646
"GOBP_REGULATION_OF_POLYSACCHARIDE_METABOLIC_PROCESS",12,"Up",0.922038199051789,0.997300376725646
"GOBP_GLIAL_CELL_DIFFERENTIATION",44,"Down",0.922129646365342,0.997300376725646
"GOBP_MALE_MEIOTIC_NUCLEAR_DIVISION",3,"Up",0.922209222416437,0.997300376725646
"GOBP_ECTODERMAL_CELL_DIFFERENTIATION",1,"Up",0.922706399165075,0.997300376725646
"GOBP_DNA_REPLICATION",59,"Down",0.923002433837178,0.997300376725646
"GOBP_RESPONSE_TO_INORGANIC_SUBSTANCE",126,"Up",0.923197239904221,0.997300376725646
"GOBP_NEGATIVE_REGULATION_OF_DNA_BINDING_TRANSCRIPTION_FACTOR_ACTIVITY",32,"Up",0.923301062513378,0.997300376725646
"GOBP_INFLAMMATORY_RESPONSE",94,"Down",0.923996882852103,0.997300376725646
"GOBP_OUTER_MITOCHONDRIAL_MEMBRANE_ORGANIZATION",5,"Up",0.924078164231025,0.997300376725646
"GOBP_REGULATION_OF_ENDOTHELIAL_CELL_DIFFERENTIATION",8,"Down",0.924367240196871,0.997300376725646
"GOBP_G_PROTEIN_COUPLED_ACETYLCHOLINE_RECEPTOR_SIGNALING_PATHWAY",5,"Down",0.924525027552473,0.997300376725646
"GOBP_REGULATION_OF_DNA_DEPENDENT_DNA_REPLICATION",8,"Down",0.924729643530006,0.997300376725646
"GOBP_POSITIVE_REGULATION_OF_T_CELL_MEDIATED_IMMUNE_RESPONSE_TO_TUMOR_CELL",1,"Up",0.925201142266519,0.997300376725646
"GOBP_RESPONSE_TO_MANGANESE_ION",5,"Down",0.925387518780892,0.997300376725646
"GOBP_INTRINSIC_APOPTOTIC_SIGNALING_PATHWAY_BY_P53_CLASS_MEDIATOR",19,"Up",0.925643923642602,0.997300376725646
"GOBP_REGULATION_OF_SKELETAL_MUSCLE_CONTRACTION",1,"Down",0.925657701214317,0.997300376725646
"GOBP_AUTONOMIC_NERVOUS_SYSTEM_DEVELOPMENT",4,"Down",0.925845325800396,0.997300376725646
"GOBP_POSITIVE_REGULATION_OF_TRANSMEMBRANE_TRANSPORT",44,"Down",0.925946447187589,0.997300376725646
"GOBP_REGULATION_OF_GLUCOSE_TRANSMEMBRANE_TRANSPORT",17,"Down",0.926000572441569,0.997300376725646
"GOBP_PROTEOLYSIS",411,"Up",0.926618656937061,0.997300376725646
"GOBP_LIPOPROTEIN_LOCALIZATION",8,"Up",0.926816628480396,0.997300376725646
"GOBP_CHROMOSOME_LOCALIZATION_TO_NUCLEAR_ENVELOPE_INVOLVED_IN_HOMOLOGOUS_CHROMOSOME_SEGREGATION",2,"Down",0.92685560355957,0.997300376725646
"GOBP_REGULATION_OF_UBIQUITIN_PROTEIN_LIGASE_ACTIVITY",10,"Down",0.926942440740052,0.997300376725646
"GOBP_THREONINE_CATABOLIC_PROCESS",1,"Up",0.926944777062871,0.997300376725646
"GOBP_THREONINE_METABOLIC_PROCESS",1,"Up",0.926944777062871,0.997300376725646
"GOBP_REGULATION_OF_DNA_METHYLATION",8,"Down",0.927844250276155,0.997300376725646
"GOBP_POSITIVE_REGULATION_OF_CELLULAR_RESPONSE_TO_TRANSFORMING_GROWTH_FACTOR_BETA_STIMULUS",6,"Down",0.928073572651185,0.997300376725646
"GOBP_MACROPHAGE_MIGRATION",7,"Up",0.928083099843892,0.997300376725646
"GOBP_POSITIVE_REGULATION_OF_ORGAN_GROWTH",3,"Up",0.928147084728573,0.997300376725646
"GOBP_REGULATION_OF_PROTEIN_MODIFICATION_PROCESS",378,"Up",0.928228420729794,0.997300376725646
"GOBP_POSITIVE_REGULATION_OF_PROTEIN_K63_LINKED_UBIQUITINATION",3,"Up",0.928525121449064,0.997300376725646
"GOBP_VENTRICULAR_CARDIAC_MUSCLE_CELL_MEMBRANE_REPOLARIZATION",5,"Down",0.928656518803009,0.997300376725646
"GOBP_PROTEIN_LOCALIZATION_TO_NUCLEAR_ENVELOPE",5,"Up",0.929044067349161,0.997300376725646
"GOBP_INTERLEUKIN_18_MEDIATED_SIGNALING_PATHWAY",1,"Down",0.929269747618017,0.997300376725646
"GOBP_NEGATIVE_REGULATION_OF_FATTY_ACID_BETA_OXIDATION",1,"Down",0.929269747618017,0.997300376725646
"GOBP_INTERLEUKIN_13_PRODUCTION",2,"Down",0.929358868986081,0.997300376725646
"GOBP_POSITIVE_REGULATION_OF_TUMOR_NECROSIS_FACTOR_SUPERFAMILY_CYTOKINE_PRODUCTION",13,"Up",0.929360067595662,0.997300376725646
"GOBP_REGULATION_OF_CHROMOSOME_SEPARATION",13,"Up",0.929624340798089,0.997300376725646
"GOBP_PROTEIN_LOCALIZATION_TO_BASOLATERAL_PLASMA_MEMBRANE",3,"Up",0.929654689542375,0.997300376725646
"GOBP_REGULATION_OF_PROTEIN_BINDING",64,"Down",0.929683760606736,0.997300376725646
"GOBP_NEGATIVE_REGULATION_OF_BINDING",48,"Down",0.929915450240103,0.997300376725646
"GOBP_REGULATION_OF_CYCLASE_ACTIVITY",13,"Up",0.929940582962526,0.997300376725646
"GOBP_POSITIVE_REGULATION_OF_MIRNA_TRANSCRIPTION",8,"Down",0.930093872277184,0.997300376725646
"GOBP_RELAXATION_OF_VASCULAR_ASSOCIATED_SMOOTH_MUSCLE",3,"Up",0.930327054820998,0.997300376725646
"GOBP_NEGATIVE_REGULATION_OF_CELL_PROJECTION_ORGANIZATION",51,"Up",0.93063298154573,0.997300376725646
"GOBP_AORTIC_VALVE_MORPHOGENESIS",2,"Up",0.930767253510734,0.997300376725646
"GOBP_PEPTIDYL_THREONINE_DEPHOSPHORYLATION",6,"Up",0.930984335113403,0.997300376725646
"GOBP_POSITIVE_REGULATION_OF_PROTEIN_CONTAINING_COMPLEX_DISASSEMBLY",15,"Up",0.931473143176247,0.997300376725646
"GOBP_CEREBRAL_CORTEX_DEVELOPMENT",38,"Down",0.931533555908358,0.997300376725646
"GOBP_GTP_METABOLIC_PROCESS",9,"Down",0.931566050588725,0.997300376725646
"GOBP_DOLICHOL_METABOLIC_PROCESS",1,"Down",0.931594327634109,0.997300376725646
"GOBP_POLYPRENOL_METABOLIC_PROCESS",1,"Down",0.931594327634109,0.997300376725646
"GOBP_PROTEIN_MANNOSYLATION",1,"Down",0.931594327634109,0.997300376725646
"GOBP_PROTEIN_O_LINKED_MANNOSYLATION",1,"Down",0.931594327634109,0.997300376725646
"GOBP_LYMPHOCYTE_COSTIMULATION",5,"Down",0.931799766783795,0.997300376725646
"GOBP_REGULATION_OF_SHORT_TERM_NEURONAL_SYNAPTIC_PLASTICITY",6,"Down",0.931802925794664,0.997300376725646
"GOBP_TRANSLATIONAL_ELONGATION",20,"Up",0.931835951115197,0.997300376725646
"GOBP_ACTIVATION_OF_PHOSPHOLIPASE_C_ACTIVITY",2,"Down",0.932070088366731,0.997300376725646
"GOBP_ACTIVATION_OF_PROTEIN_KINASE_C_ACTIVITY",2,"Down",0.932070088366731,0.997300376725646
"GOBP_REGULATION_OF_COMPLEMENT_ACTIVATION",2,"Down",0.932070088366731,0.997300376725646
"GOBP_SODIUM_ION_EXPORT_ACROSS_PLASMA_MEMBRANE",5,"Down",0.932099614263451,0.997300376725646
"GOBP_NATURAL_KILLER_CELL_MEDIATED_IMMUNITY",15,"Down",0.932243644111593,0.997300376725646
"GOBP_PEPTIDYL_ARGININE_METHYLATION_TO_ASYMMETRICAL_DIMETHYL_ARGININE",3,"Up",0.932329522708948,0.997300376725646
"GOBP_PROTEIN_REFOLDING",7,"Down",0.93245372688634,0.997300376725646
"GOBP_BRANCHING_MORPHOGENESIS_OF_AN_EPITHELIAL_TUBE",12,"Up",0.932518745940633,0.997300376725646
"GOBP_REGULATION_OF_LIPID_TRANSPORT",25,"Down",0.932848817780623,0.997300376725646
"GOBP_POSITIVE_REGULATION_OF_CELL_CYCLE",83,"Up",0.93317950612605,0.997300376725646
"GOBP_SODIUM_ION_HOMEOSTASIS",8,"Down",0.93319656489641,0.997300376725646
"GOBP_REGULATION_OF_RESPONSE_TO_CYTOKINE_STIMULUS",33,"Up",0.933571439304977,0.997300376725646
"GOBP_REGULATION_OF_ERBB_SIGNALING_PATHWAY",21,"Up",0.933646524943412,0.997300376725646
"GOBP_NEGATIVE_REGULATION_OF_INTRINSIC_APOPTOTIC_SIGNALING_PATHWAY",29,"Up",0.933683852140737,0.997300376725646
"GOBP_POSITIVE_REGULATION_OF_CD4_POSITIVE_ALPHA_BETA_T_CELL_ACTIVATION",2,"Down",0.9336999979477,0.997300376725646
"GOBP_REPLICATION_FORK_PROTECTION",2,"Down",0.933754204137368,0.997300376725646
"GOBP_NEURON_NEURON_SYNAPTIC_TRANSMISSION",2,"Up",0.933794389001615,0.997300376725646
"GOBP_LEUKOCYTE_MEDIATED_CYTOTOXICITY",17,"Up",0.933974459786914,0.997300376725646
"GOBP_MESENCHYMAL_STEM_CELL_PROLIFERATION",1,"Down",0.934004416082472,0.997300376725646
"GOBP_POSITIVE_REGULATION_OF_INTEGRIN_ACTIVATION",1,"Down",0.934004416082472,0.997300376725646
"GOBP_POSITIVE_REGULATION_OF_MESENCHYMAL_STEM_CELL_PROLIFERATION",1,"Down",0.934004416082472,0.997300376725646
"GOBP_REGULATION_OF_INTEGRIN_ACTIVATION",1,"Down",0.934004416082472,0.997300376725646
"GOBP_REGULATION_OF_ANOIKIS",5,"Up",0.934095713899718,0.997300376725646
"GOBP_RESPONSE_TO_NUTRIENT",27,"Down",0.93432388970706,0.997300376725646
"GOBP_CHROMATIN_DISASSEMBLY",9,"Up",0.934323985187509,0.997300376725646
"GOBP_CELL_JUNCTION_MAINTENANCE",11,"Down",0.934412699493358,0.997300376725646
"GOBP_POSITIVE_REGULATION_OF_PRODUCTION_OF_MOLECULAR_MEDIATOR_OF_IMMUNE_RESPONSE",16,"Down",0.934458285978563,0.997300376725646
"GOBP_REGULATION_OF_GLYCOLYTIC_PROCESS",11,"Up",0.934969757541247,0.997300376725646
"GOBP_COP9_SIGNALOSOME_ASSEMBLY",2,"Down",0.93502503881882,0.997300376725646
"GOBP_AUTOPHAGOSOME_MEMBRANE_DOCKING",5,"Up",0.935187650530987,0.997300376725646
"GOBP_VERY_LONG_CHAIN_FATTY_ACID_METABOLIC_PROCESS",9,"Up",0.935778581100348,0.997300376725646
"GOBP_MEDIUM_CHAIN_FATTY_ACYL_COA_METABOLIC_PROCESS",1,"Up",0.935871722589073,0.997300376725646
"GOBP_REGULATION_OF_VOLTAGE_GATED_SODIUM_CHANNEL_ACTIVITY",2,"Up",0.935904154376424,0.997300376725646
"GOBP_LIPOPROTEIN_METABOLIC_PROCESS",34,"Down",0.93600577963089,0.997300376725646
"GOBP_POSITIVE_REGULATION_OF_PLASMINOGEN_ACTIVATION",3,"Up",0.936734224985836,0.997300376725646
"GOBP_REGULATION_OF_PLASMINOGEN_ACTIVATION",3,"Up",0.936734224985836,0.997300376725646
"GOBP_VASCULAR_TRANSPORT",14,"Up",0.936853238225419,0.997300376725646
"GOBP_REGULATION_OF_NEURONAL_ACTION_POTENTIAL",2,"Up",0.936991608051338,0.997300376725646
"GOBP_REGULATION_OF_TRANSMISSION_OF_NERVE_IMPULSE",2,"Up",0.936991608051338,0.997300376725646
"GOBP_POSITIVE_REGULATION_OF_FATTY_ACID_METABOLIC_PROCESS",5,"Down",0.937089409631627,0.997300376725646
"GOBP_MONOAMINE_TRANSPORT",17,"Up",0.937281953400712,0.997300376725646
"GOBP_NEGATIVE_REGULATION_OF_SYNAPTIC_VESICLE_EXOCYTOSIS",3,"Up",0.937705745661558,0.997300376725646
"GOBP_LEUKEMIA_INHIBITORY_FACTOR_SIGNALING_PATHWAY",2,"Down",0.938062898046534,0.997300376725646
"GOBP_ONCOSTATIN_M_MEDIATED_SIGNALING_PATHWAY",2,"Down",0.938062898046534,0.997300376725646
"GOBP_POSITIVE_REGULATION_OF_CELL_DIFFERENTIATION",135,"Down",0.938121832395006,0.997300376725646
"GOBP_ACTIVATION_OF_INNATE_IMMUNE_RESPONSE",17,"Up",0.938329186553799,0.997300376725646
"GOBP_CARDIAC_MUSCLE_TISSUE_DEVELOPMENT",34,"Down",0.938338088401439,0.997300376725646
"GOBP_RNA_SPLICING",197,"Up",0.938654629943007,0.997300376725646
"GOBP_MONOCYTE_ACTIVATION",1,"Down",0.939142697804564,0.997300376725646
"GOBP_OVULATION_CYCLE_PROCESS",9,"Down",0.939240967852448,0.997300376725646
"GOBP_PYRIMIDINE_NUCLEOTIDE_CATABOLIC_PROCESS",2,"Down",0.939301551317916,0.997300376725646
"GOBP_POSITIVE_REGULATION_OF_GLYCOGEN_METABOLIC_PROCESS",4,"Up",0.939659626267239,0.997300376725646
"GOBP_DEADENYLATION_DEPENDENT_DECAPPING_OF_NUCLEAR_TRANSCRIBED_MRNA",6,"Down",0.939708911793861,0.997300376725646
"GOBP_RESPONSE_TO_PLATELET_DERIVED_GROWTH_FACTOR",7,"Down",0.939853182170859,0.997300376725646
"GOBP_MYOBLAST_FUSION",6,"Down",0.93989771104385,0.997300376725646
"GOBP_CELLULAR_RESPONSE_TO_INCREASED_OXYGEN_LEVELS",3,"Up",0.939971481639736,0.997300376725646
"GOBP_REGULATION_OF_POSTSYNAPTIC_MEMBRANE_NEUROTRANSMITTER_RECEPTOR_LEVELS",17,"Up",0.940092044870624,0.997300376725646
"GOBP_REGULATION_OF_MULTICELLULAR_ORGANISMAL_DEVELOPMENT",199,"Down",0.940438932246563,0.997300376725646
"GOBP_RESPIRATORY_GASEOUS_EXCHANGE_BY_RESPIRATORY_SYSTEM",11,"Up",0.940459531390032,0.997300376725646
"GOBP_REGULATION_OF_HISTONE_H3_K36_METHYLATION",5,"Down",0.940724632772617,0.997300376725646
"GOBP_CYTOKINE_PRODUCTION",98,"Down",0.941088822181513,0.997300376725646
"GOBP_DNA_METABOLIC_PROCESS",220,"Down",0.941147869141514,0.997300376725646
"GOBP_SERTOLI_CELL_DEVELOPMENT",2,"Up",0.941306529457224,0.997300376725646
"GOBP_HYDROGEN_PEROXIDE_BIOSYNTHETIC_PROCESS",1,"Up",0.941584670639766,0.997300376725646
"GOBP_REGULATION_OF_POSTSYNAPTIC_NEUROTRANSMITTER_RECEPTOR_INTERNALIZATION",3,"Down",0.941976795499017,0.997300376725646
"GOBP_EPITHELIAL_TUBE_BRANCHING_INVOLVED_IN_LUNG_MORPHOGENESIS",2,"Up",0.941984471767295,0.997300376725646
"GOBP_NEGATIVE_REGULATION_OF_RECEPTOR_INTERNALIZATION",7,"Down",0.942104810551019,0.997300376725646
"GOBP_SOMITOGENESIS",5,"Down",0.942204205635619,0.997300376725646
"GOBP_REGULATION_OF_ION_TRANSPORT",144,"Up",0.942438048026829,0.997300376725646
"GOBP_POSITIVE_REGULATION_OF_PROTEIN_POLYUBIQUITINATION",5,"Down",0.942488192002611,0.997300376725646
"GOBP_POSITIVE_REGULATION_OF_ACTIN_FILAMENT_BUNDLE_ASSEMBLY",18,"Up",0.942983233022015,0.997300376725646
"GOBP_POSITIVE_REGULATION_OF_MICROGLIAL_CELL_ACTIVATION",1,"Down",0.943231935032013,0.997300376725646
"GOBP_POSITIVE_REGULATION_OF_NEUROINFLAMMATORY_RESPONSE",1,"Down",0.943231935032013,0.997300376725646
"GOBP_REGULATION_OF_ASTROCYTE_ACTIVATION",1,"Down",0.943231935032013,0.997300376725646
"GOBP_REGULATION_OF_MICROGLIAL_CELL_ACTIVATION",1,"Down",0.943231935032013,0.997300376725646
"GOBP_MALE_GAMETE_GENERATION",89,"Up",0.943492080737527,0.997300376725646
"GOBP_RESPONSE_TO_ELECTRICAL_STIMULUS",8,"Up",0.943507116851847,0.997300376725646
"GOBP_REGULATION_OF_HOMOTYPIC_CELL_CELL_ADHESION",12,"Down",0.943914863107931,0.997300376725646
"GOBP_REGULATION_OF_FAT_CELL_DIFFERENTIATION",13,"Down",0.943986749529021,0.997300376725646
"GOBP_NEGATIVE_REGULATION_OF_INNATE_IMMUNE_RESPONSE",11,"Up",0.944224648018048,0.997300376725646
"GOBP_LEUCINE_TRANSPORT",4,"Up",0.944320652046975,0.997300376725646
"GOBP_ERROR_PRONE_TRANSLESION_SYNTHESIS",1,"Down",0.944419281017125,0.997300376725646
"GOBP_POSITIVE_REGULATION_OF_LIPASE_ACTIVITY",6,"Down",0.944443344847858,0.997300376725646
"GOBP_POSITIVE_REGULATION_OF_PHOSPHOLIPASE_ACTIVITY",6,"Down",0.944443344847858,0.997300376725646
"GOBP_FIBROBLAST_GROWTH_FACTOR_PRODUCTION",2,"Up",0.944493704547447,0.997300376725646
"GOBP_NEGATIVE_REGULATION_OF_DENDRITE_MORPHOGENESIS",3,"Up",0.944614357322466,0.997300376725646
"GOBP_IN_UTERO_EMBRYONIC_DEVELOPMENT",80,"Down",0.944722352173117,0.997300376725646
"GOBP_WHITE_FAT_CELL_DIFFERENTIATION",3,"Up",0.945274461419928,0.997300376725646
"GOBP_POSITIVE_REGULATION_OF_SMALL_MOLECULE_METABOLIC_PROCESS",23,"Down",0.945347169939195,0.997300376725646
"GOBP_ENZYME_DIRECTED_RRNA_PSEUDOURIDINE_SYNTHESIS",2,"Down",0.945361241305473,0.997300376725646
"GOBP_CELLULAR_RESPONSE_TO_ANTIBIOTIC",6,"Down",0.945371809904403,0.997300376725646
"GOBP_REGULATION_OF_HORMONE_SECRETION",43,"Down",0.945625570348026,0.997300376725646
"GOBP_REGULATION_OF_BRANCHING_INVOLVED_IN_URETERIC_BUD_MORPHOGENESIS",2,"Up",0.945658365533306,0.997300376725646
"GOBP_ALPHA_BETA_T_CELL_DIFFERENTIATION",11,"Down",0.945672360646837,0.997300376725646
"GOBP_REGULATION_OF_GLUCOCORTICOID_METABOLIC_PROCESS",3,"Up",0.94569579503773,0.997300376725646
"GOBP_VASCULAR_ASSOCIATED_SMOOTH_MUSCLE_CELL_PROLIFERATION",7,"Down",0.945853261178007,0.997300376725646
"GOBP_POSITIVE_REGULATION_OF_CARDIOCYTE_DIFFERENTIATION",3,"Down",0.945932485526494,0.997300376725646
"GOBP_REGULATION_OF_CARDIOCYTE_DIFFERENTIATION",3,"Down",0.945932485526494,0.997300376725646
"GOBP_NEUROTRANSMITTER_RECEPTOR_LOCALIZATION_TO_POSTSYNAPTIC_SPECIALIZATION_MEMBRANE",2,"Down",0.94651040062629,0.997300376725646
"GOBP_REGULATION_OF_NEUROTRANSMITTER_RECEPTOR_LOCALIZATION_TO_POSTSYNAPTIC_SPECIALIZATION_MEMBRANE",2,"Down",0.94651040062629,0.997300376725646
"GOBP_RESPONSE_TO_INCREASED_OXYGEN_LEVELS",7,"Up",0.946852523977433,0.997300376725646
"GOBP_NEGATIVE_REGULATION_OF_PROTEIN_LOCALIZATION_TO_NUCLEUS",12,"Down",0.946874734138388,0.997300376725646
"GOBP_ICOSANOID_TRANSPORT",3,"Up",0.947183184126199,0.997300376725646
"GOBP_INSULIN_RECEPTOR_SIGNALING_PATHWAY",41,"Down",0.947404138306897,0.997300376725646
"GOBP_SEX_DIFFERENTIATION",40,"Up",0.948308403861382,0.997300376725646
"GOBP_REGULATION_OF_CHAPERONE_MEDIATED_AUTOPHAGY",5,"Up",0.948632101336745,0.997300376725646
"GOBP_EXOCRINE_PANCREAS_DEVELOPMENT",1,"Down",0.948649909473942,0.997300376725646
"GOBP_EXOCRINE_SYSTEM_DEVELOPMENT",1,"Down",0.948649909473942,0.997300376725646
"GOBP_REGULATION_OF_FC_GAMMA_RECEPTOR_SIGNALING_PATHWAY_INVOLVED_IN_PHAGOCYTOSIS",1,"Down",0.948651902305779,0.997300376725646
"GOBP_RIBOSOMAL_LARGE_SUBUNIT_BIOGENESIS",31,"Up",0.948862987439277,0.997300376725646
"GOBP_ENTRY_INTO_HOST",24,"Up",0.948924006960803,0.997300376725646
"GOBP_POSITIVE_REGULATION_OF_EPITHELIAL_TUBE_FORMATION",2,"Up",0.948987362978587,0.997300376725646
"GOBP_NEGATIVE_REGULATION_OF_STEROID_METABOLIC_PROCESS",4,"Up",0.949003744979727,0.997300376725646
"GOBP_MIRNA_CATABOLIC_PROCESS",4,"Up",0.949308086107687,0.997300376725646
"GOBP_FAS_SIGNALING_PATHWAY",1,"Up",0.949452699424857,0.997300376725646
"GOBP_NEGATIVE_REGULATION_OF_VASCULATURE_DEVELOPMENT",19,"Up",0.949470773449081,0.997300376725646
"GOBP_POSITIVE_REGULATION_OF_CYTOSOLIC_CALCIUM_ION_CONCENTRATION_INVOLVED_IN_PHOSPHOLIPASE_C_ACTIVATING_G_PROTEIN_COUPLED_SIGNALING_PATHWAY",1,"Up",0.949509650139393,0.997300376725646
"GOBP_REGULATION_OF_ERAD_PATHWAY",7,"Up",0.949551645330764,0.997300376725646
"GOBP_REGULATION_OF_HISTONE_H3_K14_ACETYLATION",1,"Up",0.949662859942177,0.997300376725646
"GOBP_METANEPHRIC_RENAL_VESICLE_MORPHOGENESIS",3,"Down",0.950069607798121,0.997300376725646
"GOBP_RENAL_VESICLE_DEVELOPMENT",3,"Down",0.950069607798121,0.997300376725646
"GOBP_REGULATION_OF_RNA_BINDING",10,"Up",0.950107062858208,0.997300376725646
"GOBP_PARAXIAL_MESODERM_DEVELOPMENT",5,"Up",0.950125363105203,0.997300376725646
"GOBP_POSITIVE_REGULATION_OF_UBIQUITIN_PROTEIN_TRANSFERASE_ACTIVITY",6,"Up",0.95022976661077,0.997300376725646
"GOBP_AROMATIC_AMINO_ACID_FAMILY_CATABOLIC_PROCESS",1,"Down",0.950241428784663,0.997300376725646
"GOBP_L_PHENYLALANINE_METABOLIC_PROCESS",1,"Down",0.950241428784663,0.997300376725646
"GOBP_CARDIAC_CHAMBER_DEVELOPMENT",20,"Down",0.950242003510787,0.997300376725646
"GOBP_HAIR_FOLLICLE_MATURATION",2,"Down",0.950437293889842,0.997300376725646
"GOBP_NEGATIVE_REGULATION_OF_OLIGODENDROCYTE_DIFFERENTIATION",2,"Down",0.950437293889842,0.997300376725646
"GOBP_NEUTROPHIL_ACTIVATION_INVOLVED_IN_IMMUNE_RESPONSE",3,"Up",0.95050175959765,0.997300376725646
"GOBP_NEUTROPHIL_DEGRANULATION",3,"Up",0.95050175959765,0.997300376725646
"GOBP_FEEDING_BEHAVIOR",13,"Up",0.950540014291935,0.997300376725646
"GOBP_C_TERMINAL_PROTEIN_LIPIDATION",2,"Down",0.95065960934764,0.997300376725646
"GOBP_INOSITOL_PHOSPHATE_METABOLIC_PROCESS",22,"Down",0.951067647162352,0.997300376725646
"GOBP_PYRIMIDINE_RIBONUCLEOSIDE_DIPHOSPHATE_METABOLIC_PROCESS",3,"Up",0.951184190035738,0.997300376725646
"GOBP_NEGATIVE_REGULATION_OF_LIPID_STORAGE",2,"Down",0.951543530993081,0.997300376725646
"GOBP_LATE_ENDOSOME_TO_GOLGI_TRANSPORT",3,"Up",0.951559471114044,0.997300376725646
"GOBP_REGULATION_OF_INTRINSIC_APOPTOTIC_SIGNALING_PATHWAY_BY_P53_CLASS_MEDIATOR",9,"Up",0.952346829086414,0.997300376725646
"GOBP_TAXIS",86,"Down",0.95272331659382,0.997300376725646
"GOBP_FERTILIZATION",35,"Up",0.953490308996524,0.997300376725646
"GOBP_REGULATION_OF_DNA_DAMAGE_RESPONSE_SIGNAL_TRANSDUCTION_BY_P53_CLASS_MEDIATOR",7,"Down",0.953948085200896,0.997300376725646
"GOBP_MACROPHAGE_APOPTOTIC_PROCESS",2,"Up",0.95429050316632,0.997300376725646
"GOBP_C_TERMINAL_PROTEIN_AMINO_ACID_MODIFICATION",3,"Down",0.954535642401943,0.997300376725646
"GOBP_PHOSPHATIDYLCHOLINE_CATABOLIC_PROCESS",3,"Down",0.954542134641463,0.997300376725646
"GOBP_POSITIVE_REGULATION_OF_PROTEIN_TARGETING_TO_MEMBRANE",10,"Up",0.954617155671924,0.997300376725646
"GOBP_RIBOSOME_ASSEMBLY",24,"Down",0.954744244627406,0.997300376725646
"GOBP_COHESIN_LOADING",2,"Up",0.955467661357045,0.997300376725646
"GOBP_BLOOD_VESSEL_ENDOTHELIAL_CELL_MIGRATION",20,"Down",0.956166469685953,0.997300376725646
"GOBP_POSITIVE_REGULATION_OF_LYMPHOCYTE_APOPTOTIC_PROCESS",1,"Down",0.956233202543603,0.997300376725646
"GOBP_PLATELET_AGGREGATION",19,"Down",0.956403478748503,0.997300376725646
"GOBP_B_CELL_MEDIATED_IMMUNITY",11,"Up",0.956448897790579,0.997300376725646
"GOBP_CELL_DIFFERENTIATION_INVOLVED_IN_METANEPHROS_DEVELOPMENT",2,"Down",0.956451940837103,0.997300376725646
"GOBP_MESENCHYMAL_TO_EPITHELIAL_TRANSITION_INVOLVED_IN_METANEPHROS_MORPHOGENESIS",2,"Down",0.956451940837103,0.997300376725646
"GOBP_REGULATION_OF_EPITHELIAL_CELL_DIFFERENTIATION_INVOLVED_IN_KIDNEY_DEVELOPMENT",2,"Down",0.956451940837103,0.997300376725646
"GOBP_REGULATION_OF_MESENCHYMAL_TO_EPITHELIAL_TRANSITION_INVOLVED_IN_METANEPHROS_MORPHOGENESIS",2,"Down",0.956451940837103,0.997300376725646
"GOBP_POST_TRANSLATIONAL_PROTEIN_MODIFICATION",10,"Up",0.956729441826264,0.997300376725646
"GOBP_DNA_DEPENDENT_DNA_REPLICATION_MAINTENANCE_OF_FIDELITY",11,"Down",0.956898234907718,0.997300376725646
"GOBP_REGULATION_OF_NEUROTRANSMITTER_UPTAKE",3,"Up",0.957057488239143,0.997300376725646
"GOBP_MEIOTIC_CELL_CYCLE",27,"Up",0.95725981372342,0.997300376725646
"GOBP_MALE_SEX_DETERMINATION",4,"Up",0.957378660023105,0.997300376725646
"GOBP_SEX_DETERMINATION",4,"Up",0.957378660023105,0.997300376725646
"GOBP_NEGATIVE_REGULATION_OF_GENE_EXPRESSION_EPIGENETIC",24,"Up",0.957386911014213,0.997300376725646
"GOBP_REGULATION_OF_TRANSCRIPTION_BY_RNA_POLYMERASE_I",8,"Up",0.957625810892503,0.997300376725646
"GOBP_REGULATION_OF_ADAPTIVE_IMMUNE_RESPONSE",16,"Up",0.957852345915099,0.997300376725646
"GOBP_POSITIVE_REGULATION_OF_DNA_BINDING_TRANSCRIPTION_FACTOR_ACTIVITY",55,"Down",0.958032473076747,0.997300376725646
"GOBP_AMINE_TRANSPORT",19,"Up",0.958123253495317,0.997300376725646
"GOBP_REGULATION_OF_HISTONE_H2B_UBIQUITINATION",2,"Up",0.958177016059661,0.997300376725646
"GOBP_REGULATION_OF_DNA_STRAND_ELONGATION",6,"Down",0.958355330329783,0.997300376725646
"GOBP_MITOCHONDRIAL_ACETYL_COA_BIOSYNTHETIC_PROCESS_FROM_PYRUVATE",4,"Up",0.958388458633162,0.997300376725646
"GOBP_MULTICELLULAR_ORGANISM_GROWTH",37,"Up",0.958412297942891,0.997300376725646
"GOBP_FAT_PAD_DEVELOPMENT",1,"Up",0.958597022689238,0.997300376725646
"GOBP_NEGATIVE_REGULATION_OF_RESPONSE_TO_FOOD",1,"Up",0.958597022689238,0.997300376725646
"GOBP_REGULATION_OF_APPETITE",1,"Up",0.958597022689238,0.997300376725646
"GOBP_NEGATIVE_REGULATION_OF_PROTEIN_BINDING",32,"Up",0.958732512243388,0.997300376725646
"GOBP_GERMINAL_CENTER_FORMATION",1,"Down",0.958773417242098,0.997300376725646
"GOBP_REGULATION_OF_GERMINAL_CENTER_FORMATION",1,"Down",0.958773417242098,0.997300376725646
"GOBP_POSITIVE_REGULATION_OF_RESPONSE_TO_DNA_DAMAGE_STIMULUS",41,"Up",0.958878741899746,0.997300376725646
"GOBP_STRIATED_MUSCLE_CELL_DEVELOPMENT",16,"Down",0.958893609211629,0.997300376725646
"GOBP_CELL_CYCLE_PHASE_TRANSITION",128,"Up",0.95920252464664,0.997300376725646
"GOBP_ATTACHMENT_OF_MITOTIC_SPINDLE_MICROTUBULES_TO_KINETOCHORE",6,"Down",0.959225754771089,0.997300376725646
"GOBP_DETECTION_OF_STIMULUS_INVOLVED_IN_SENSORY_PERCEPTION",12,"Down",0.959733695606034,0.997300376725646
"GOBP_MICTURITION",2,"Up",0.959929842422156,0.997300376725646
"GOBP_REGULATION_OF_CAVEOLIN_MEDIATED_ENDOCYTOSIS",2,"Down",0.959962010041077,0.997300376725646
"GOBP_REGULATION_OF_NEURON_PROJECTION_REGENERATION",6,"Down",0.960029012817158,0.997300376725646
"GOBP_RESPONSE_TO_MISFOLDED_PROTEIN",9,"Up",0.960637537295177,0.997300376725646
"GOBP_POSITIVE_REGULATION_OF_INTRACELLULAR_STEROID_HORMONE_RECEPTOR_SIGNALING_PATHWAY",6,"Down",0.960667155197617,0.997300376725646
"GOBP_ENDOPLASMIC_RETICULUM_CALCIUM_ION_HOMEOSTASIS",10,"Up",0.960742001251429,0.997300376725646
"GOBP_NEGATIVE_REGULATION_OF_PEPTIDYL_TYROSINE_PHOSPHORYLATION",17,"Up",0.96079184575061,0.997300376725646
"GOBP_REGULATION_OF_GENE_EXPRESSION_EPIGENETIC",39,"Up",0.960903787675874,0.997300376725646
"GOBP_RESPONSE_TO_INTERLEUKIN_1",24,"Up",0.961152613589687,0.997300376725646
"GOBP_CHROMOSOME_ORGANIZATION",248,"Down",0.961293075990974,0.997300376725646
"GOBP_CELL_CELL_ADHESION",121,"Down",0.961503674310623,0.997300376725646
"GOBP_CD4_POSITIVE_ALPHA_BETA_T_CELL_DIFFERENTIATION",8,"Down",0.961633945362025,0.997300376725646
"GOBP_PEPTIDYL_LYSINE_DIMETHYLATION",5,"Up",0.961688326041636,0.997300376725646
"GOBP_COLUMNAR_CUBOIDAL_EPITHELIAL_CELL_MATURATION",1,"Up",0.961697732504971,0.997300376725646
"GOBP_ATRIOVENTRICULAR_CANAL_DEVELOPMENT",1,"Up",0.961717886994111,0.997300376725646
"GOBP_CORTICOSTEROID_HORMONE_SECRETION",1,"Up",0.961717886994111,0.997300376725646
"GOBP_CORTISOL_SECRETION",1,"Up",0.961717886994111,0.997300376725646
"GOBP_GLUCOCORTICOID_SECRETION",1,"Up",0.961717886994111,0.997300376725646
"GOBP_REGULATION_OF_ENDOCRINE_PROCESS",1,"Up",0.961717886994111,0.997300376725646
"GOBP_REGULATION_OF_GLUCOCORTICOID_SECRETION",1,"Up",0.961717886994111,0.997300376725646
"GOBP_REGULATION_OF_STEROID_HORMONE_SECRETION",1,"Up",0.961717886994111,0.997300376725646
"GOBP_STEROID_HORMONE_SECRETION",1,"Up",0.961717886994111,0.997300376725646
"GOBP_URINARY_BLADDER_SMOOTH_MUSCLE_CONTRACTION",4,"Up",0.962067413910107,0.997300376725646
"GOBP_URINARY_TRACT_SMOOTH_MUSCLE_CONTRACTION",4,"Up",0.962067413910107,0.997300376725646
"GOBP_PROTON_TRANSPORTING_TWO_SECTOR_ATPASE_COMPLEX_ASSEMBLY",4,"Down",0.963086639586763,0.997300376725646
"GOBP_NEGATIVE_REGULATION_OF_MYOTUBE_DIFFERENTIATION",3,"Down",0.96311743472446,0.997300376725646
"GOBP_SARCOMERE_ORGANIZATION",11,"Up",0.963313903046205,0.997300376725646
"GOBP_ERYTHROCYTE_MATURATION",3,"Down",0.963317208645359,0.997300376725646
"GOBP_NEGATIVE_REGULATION_OF_INTRINSIC_APOPTOTIC_SIGNALING_PATHWAY_IN_RESPONSE_TO_DNA_DAMAGE",7,"Down",0.96364894706866,0.997300376725646
"GOBP_HINDLIMB_MORPHOGENESIS",4,"Down",0.963793482709194,0.997300376725646
"GOBP_MONOVALENT_INORGANIC_CATION_HOMEOSTASIS",27,"Down",0.963916664172815,0.997300376725646
"GOBP_CELL_MIGRATION_INVOLVED_IN_SPROUTING_ANGIOGENESIS",9,"Up",0.963976256682258,0.997300376725646
"GOBP_SYNAPTIC_TRANSMISSION_GABAERGIC",9,"Down",0.964022535087873,0.997300376725646
"GOBP_INTERLEUKIN_4_MEDIATED_SIGNALING_PATHWAY",1,"Up",0.964557708425558,0.997300376725646
"GOBP_NEGATIVE_REGULATION_OF_TYPE_2_IMMUNE_RESPONSE",1,"Up",0.964557708425558,0.997300376725646
"GOBP_REGULATION_OF_ISOTYPE_SWITCHING_TO_IGE_ISOTYPES",1,"Up",0.964557708425558,0.997300376725646
"GOBP_JNK_CASCADE",36,"Down",0.964890119548929,0.997300376725646
"GOBP_UBIQUITIN_DEPENDENT_ERAD_PATHWAY",33,"Down",0.965801114440434,0.997300376725646
"GOBP_ACUTE_PHASE_RESPONSE",3,"Up",0.966268130793284,0.997300376725646
"GOBP_POTASSIUM_ION_TRANSPORT",54,"Up",0.966386277974898,0.997300376725646
"GOBP_POSITIVE_REGULATION_OF_LAMELLIPODIUM_ASSEMBLY",14,"Up",0.966511196999792,0.997300376725646
"GOBP_TRANSITION_METAL_ION_HOMEOSTASIS",26,"Down",0.966861934519672,0.997300376725646
"GOBP_POSITIVE_REGULATION_OF_DEFENSE_RESPONSE_TO_VIRUS_BY_HOST",5,"Up",0.96687709172799,0.997300376725646
"GOBP_REGULATION_OF_T_HELPER_CELL_DIFFERENTIATION",3,"Down",0.966927038340576,0.997300376725646
"GOBP_NEGATIVE_REGULATION_OF_CIRCADIAN_RHYTHM",2,"Down",0.967091183102226,0.997300376725646
"GOBP_MAINTENANCE_OF_PROTEIN_LOCATION_IN_NUCLEUS",12,"Up",0.967276726526134,0.997300376725646
"GOBP_RESPIRATORY_BURST",5,"Up",0.967423706534234,0.997300376725646
"GOBP_PHOSPHATIDYLSERINE_ACYL_CHAIN_REMODELING",4,"Up",0.967448276166632,0.997300376725646
"GOBP_POSITIVE_REGULATION_OF_ANOIKIS",2,"Down",0.96746033593459,0.997300376725646
"GOBP_CELLULAR_RESPONSE_TO_DNA_DAMAGE_STIMULUS",206,"Down",0.967478843639202,0.997300376725646
"GOBP_REGULATION_OF_PEPTIDASE_ACTIVITY",77,"Down",0.967605492184711,0.997300376725646
"GOBP_RESPONSE_TO_INTERLEUKIN_12",3,"Down",0.967948270525957,0.997300376725646
"GOBP_POSITIVE_REGULATION_OF_NF_KAPPAB_TRANSCRIPTION_FACTOR_ACTIVITY",32,"Down",0.968199747995376,0.997300376725646
"GOBP_REGULATION_OF_OXIDATIVE_PHOSPHORYLATION",4,"Up",0.968309110983144,0.997300376725646
"GOBP_MICROTUBULE_SEVERING",3,"Up",0.96870144164883,0.997300376725646
"GOBP_NEGATIVE_REGULATION_OF_SMOOTHENED_SIGNALING_PATHWAY",4,"Down",0.968706554125512,0.997300376725646
"GOBP_REGULATION_OF_ADENYLATE_CYCLASE_ACTIVITY",10,"Down",0.968841095712089,0.997300376725646
"GOBP_SYNAPTIC_VESICLE_EXOCYTOSIS",45,"Up",0.969105219592244,0.997300376725646
"GOBP_RESPONSE_TO_AMINO_ACID_STARVATION",27,"Down",0.969346108528372,0.997300376725646
"GOBP_DIACYLGLYCEROL_BIOSYNTHETIC_PROCESS",2,"Down",0.969451263978197,0.997300376725646
"GOBP_RESPONSE_TO_ABIOTIC_STIMULUS",241,"Up",0.969470439607223,0.997300376725646
"GOBP_CALCIUM_ION_REGULATED_EXOCYTOSIS_OF_NEUROTRANSMITTER",10,"Up",0.970127780222266,0.997300376725646
"GOBP_POSITIVE_REGULATION_OF_CALCIUM_ION_DEPENDENT_EXOCYTOSIS",6,"Up",0.970178743322061,0.997300376725646
"GOBP_POSITIVE_REGULATION_OF_PEPTIDE_SECRETION",18,"Down",0.970252162741834,0.997300376725646
"GOBP_PYRIMIDINE_RIBONUCLEOTIDE_METABOLIC_PROCESS",11,"Up",0.970426536238115,0.997300376725646
"GOBP_FOLIC_ACID_CONTAINING_COMPOUND_BIOSYNTHETIC_PROCESS",2,"Down",0.970727555720156,0.997300376725646
"GOBP_TETRAHYDROFOLATE_BIOSYNTHETIC_PROCESS",2,"Down",0.970727555720156,0.997300376725646
"GOBP_DEFENSE_RESPONSE_TO_TUMOR_CELL",1,"Up",0.970756718340026,0.997300376725646
"GOBP_NEGATIVE_REGULATION_OF_CELL_DIVISION",3,"Down",0.971083619061392,0.997300376725646
"GOBP_NEGATIVE_REGULATION_OF_MYELOID_LEUKOCYTE_DIFFERENTIATION",4,"Up",0.97113492192036,0.997300376725646
"GOBP_ADENOSINE_TO_INOSINE_EDITING",2,"Up",0.971375295396907,0.997300376725646
"GOBP_BASE_CONVERSION_OR_SUBSTITUTION_EDITING",2,"Up",0.971375295396907,0.997300376725646
"GOBP_RESPONSE_TO_COCAINE",9,"Up",0.971504790147285,0.997300376725646
"GOBP_NEGATIVE_REGULATION_OF_JNK_CASCADE",8,"Down",0.972223743680589,0.997300376725646
"GOBP_REGULATION_OF_AMYLOID_FIBRIL_FORMATION",6,"Up",0.972339424281349,0.997300376725646
"GOBP_RESPONSE_TO_PEPTIDE",119,"Down",0.972378409113567,0.997300376725646
"GOBP_EMBRYONIC_HINDLIMB_MORPHOGENESIS",3,"Down",0.972543226572196,0.997300376725646
"GOBP_VACUOLE_ORGANIZATION",72,"Down",0.972913110813924,0.997300376725646
"GOBP_RNA_3_END_PROCESSING",52,"Up",0.973059793507298,0.997300376725646
"GOBP_EPITHELIUM_DEVELOPMENT",173,"Down",0.973202591421899,0.997300376725646
"GOBP_MITOCHONDRIAL_TRANSMEMBRANE_TRANSPORT",20,"Up",0.973214092507878,0.997300376725646
"GOBP_HISTONE_H3_K36_METHYLATION",7,"Down",0.973248139548171,0.997300376725646
"GOBP_REGULATION_OF_LIPID_STORAGE",8,"Up",0.973297247393519,0.997300376725646
"GOBP_HINDBRAIN_MORPHOGENESIS",12,"Up",0.973629521256846,0.997300376725646
"GOBP_REGULATION_OF_CARBOHYDRATE_METABOLIC_PROCESS",40,"Up",0.973706895562058,0.997300376725646
"GOBP_NEGATIVE_REGULATION_OF_ANION_TRANSPORT",4,"Up",0.973730411844396,0.997300376725646
"GOBP_REGULATION_OF_CELL_PROJECTION_SIZE",4,"Down",0.9737313470789,0.997300376725646
"GOBP_MANNOSE_METABOLIC_PROCESS",3,"Down",0.973739669923517,0.997300376725646
"GOBP_CORPUS_CALLOSUM_DEVELOPMENT",4,"Up",0.973809919148377,0.997300376725646
"GOBP_UBIQUITIN_DEPENDENT_ENDOCYTOSIS",3,"Up",0.973894098804579,0.997300376725646
"GOBP_FC_EPSILON_RECEPTOR_SIGNALING_PATHWAY",8,"Down",0.974152428445913,0.997300376725646
"GOBP_REGULATION_OF_RECEPTOR_INTERNALIZATION",22,"Up",0.974158737130709,0.997300376725646
"GOBP_CELLULAR_HYPEROSMOTIC_SALINITY_RESPONSE",2,"Down",0.974221659345815,0.997300376725646
"GOBP_HYPEROSMOTIC_SALINITY_RESPONSE",2,"Down",0.974221659345815,0.997300376725646
"GOBP_POSITIVE_REGULATION_OF_NEURON_PROJECTION_ARBORIZATION",3,"Down",0.974283981819868,0.997300376725646
"GOBP_LENS_FIBER_CELL_DEVELOPMENT",3,"Down",0.97431239970458,0.997300376725646
"GOBP_PURINE_NUCLEOBASE_BIOSYNTHETIC_PROCESS",4,"Up",0.974500230096949,0.997300376725646
"GOBP_PROTEIN_K11_LINKED_UBIQUITINATION",3,"Down",0.974554721662169,0.997300376725646
"GOBP_POSITIVE_REGULATION_OF_HORMONE_SECRETION",23,"Up",0.974698603353231,0.997300376725646
"GOBP_REGULATION_OF_ALTERNATIVE_MRNA_SPLICING_VIA_SPLICEOSOME",30,"Up",0.974987689564909,0.997300376725646
"GOBP_MITOTIC_G2_DNA_DAMAGE_CHECKPOINT_SIGNALING",8,"Up",0.975073152409981,0.997300376725646
"GOBP_MYOFIBROBLAST_DIFFERENTIATION",1,"Up",0.9751533641846,0.997300376725646
"GOBP_NEGATIVE_REGULATION_OF_ATP_BIOSYNTHETIC_PROCESS",1,"Up",0.9751533641846,0.997300376725646
"GOBP_NEGATIVE_REGULATION_OF_NUCLEOTIDE_BIOSYNTHETIC_PROCESS",1,"Up",0.9751533641846,0.997300376725646
"GOBP_PROTEIN_AUTO_ADP_RIBOSYLATION",1,"Up",0.9751533641846,0.997300376725646
"GOBP_GLYCOSYL_COMPOUND_CATABOLIC_PROCESS",2,"Up",0.975186459175906,0.997300376725646
"GOBP_RENAL_FILTRATION",3,"Up",0.975266605940535,0.997300376725646
"GOBP_POSITIVE_REGULATION_OF_OLIGODENDROCYTE_DIFFERENTIATION",4,"Up",0.975432011581887,0.997300376725646
"GOBP_ASTROCYTE_ACTIVATION",3,"Up",0.975455352804973,0.997300376725646
"GOBP_DIACYLGLYCEROL_METABOLIC_PROCESS",12,"Up",0.975681545848251,0.997300376725646
"GOBP_ACTIVATION_OF_ADENYLATE_CYCLASE_ACTIVITY",4,"Down",0.975869993057288,0.997300376725646
"GOBP_STORE_OPERATED_CALCIUM_ENTRY",5,"Down",0.975944613612978,0.997300376725646
"GOBP_REGULATION_OF_GLUCAN_BIOSYNTHETIC_PROCESS",9,"Up",0.975974079487107,0.997300376725646
"GOBP_REGULATION_OF_GLYCOGEN_METABOLIC_PROCESS",9,"Up",0.975974079487107,0.997300376725646
"GOBP_POSITIVE_REGULATION_OF_INTERLEUKIN_5_PRODUCTION",1,"Up",0.976210369833914,0.997300376725646
"GOBP_DENDRITE_EXTENSION",15,"Up",0.97639939430929,0.997300376725646
"GOBP_EPITHELIAL_STRUCTURE_MAINTENANCE",6,"Down",0.976417752292015,0.997300376725646
"GOBP_CELLULAR_RESPONSE_TO_MURAMYL_DIPEPTIDE",2,"Down",0.976427213893526,0.997300376725646
"GOBP_MULTICELLULAR_ORGANISM_AGING",5,"Down",0.976456761169677,0.997300376725646
"GOBP_NUCLEAR_TRANSCRIBED_MRNA_CATABOLIC_PROCESS_EXONUCLEOLYTIC_3_5",4,"Down",0.976619209845194,0.997300376725646
"GOBP_CD4_POSITIVE_ALPHA_BETA_T_CELL_ACTIVATION",9,"Up",0.976632129022136,0.997300376725646
"GOBP_POSITIVE_REGULATION_OF_MYELOID_LEUKOCYTE_DIFFERENTIATION",3,"Down",0.976870226267209,0.997300376725646
"GOBP_SECONDARY_METABOLIC_PROCESS",6,"Down",0.976879775062464,0.997300376725646
"GOBP_TRANSCRIPTION_BY_RNA_POLYMERASE_I",11,"Down",0.977160602170102,0.997300376725646
"GOBP_NERVE_GROWTH_FACTOR_SIGNALING_PATHWAY",5,"Down",0.977279891025751,0.997300376725646
"GOBP_AMP_BIOSYNTHETIC_PROCESS",6,"Up",0.977292162835721,0.997300376725646
"GOBP_CELLULAR_RESPONSE_TO_STARVATION",61,"Up",0.977639343010551,0.997300376725646
"GOBP_RIBOSE_PHOSPHATE_BIOSYNTHETIC_PROCESS",63,"Down",0.977652530132767,0.997300376725646
"GOBP_PROTEIN_MODIFICATION_BY_SMALL_PROTEIN_CONJUGATION_OR_REMOVAL",264,"Up",0.977671549550969,0.997300376725646
"GOBP_GLIAL_CELL_PROLIFERATION",7,"Down",0.977760934594327,0.997300376725646
"GOBP_NEGATIVE_REGULATION_OF_EXTRINSIC_APOPTOTIC_SIGNALING_PATHWAY",21,"Up",0.977834830674124,0.997300376725646
"GOBP_VASCULOGENESIS",11,"Down",0.977878754832061,0.997300376725646
"GOBP_G1_TO_G0_TRANSITION",5,"Up",0.978104038146229,0.997300376725646
"GOBP_REGULATION_OF_SMOOTHENED_SIGNALING_PATHWAY",13,"Down",0.978238897097216,0.997300376725646
"GOBP_CELLULAR_RESPONSE_TO_PEPTIDE_HORMONE_STIMULUS",82,"Down",0.978485555109077,0.997300376725646
"GOBP_CELL_DIFFERENTIATION_IN_SPINAL_CORD",4,"Up",0.978577418642479,0.997300376725646
"GOBP_SPINAL_CORD_MOTOR_NEURON_DIFFERENTIATION",4,"Up",0.978577418642479,0.997300376725646
"GOBP_CIRCULATORY_SYSTEM_DEVELOPMENT",174,"Down",0.978618599591568,0.997300376725646
"GOBP_INNATE_IMMUNE_RESPONSE",127,"Up",0.979349294786512,0.997300376725646
"GOBP_POSITIVE_REGULATION_OF_CYTOKINE_PRODUCTION_INVOLVED_IN_INFLAMMATORY_RESPONSE",3,"Up",0.979434390308952,0.997300376725646
"GOBP_NUCLEAR_BODY_ORGANIZATION",7,"Up",0.979438155589491,0.997300376725646
"GOBP_REGULATION_OF_ACYL_COA_BIOSYNTHETIC_PROCESS",2,"Down",0.979470428396308,0.997300376725646
"GOBP_REGULATION_OF_SULFUR_METABOLIC_PROCESS",2,"Down",0.979470428396308,0.997300376725646
"GOBP_MYELOID_LEUKOCYTE_DIFFERENTIATION",24,"Down",0.97982076687409,0.997300376725646
"GOBP_REGULATION_OF_TRANSMEMBRANE_TRANSPORT",127,"Up",0.980014879148551,0.997300376725646
"GOBP_RESPONSE_TO_HYPEROXIA",4,"Up",0.980446206170996,0.997300376725646
"GOBP_NEGATIVE_REGULATION_OF_SMOOTH_MUSCLE_CELL_PROLIFERATION",8,"Up",0.980661558131545,0.997300376725646
"GOBP_MULTI_MULTICELLULAR_ORGANISM_PROCESS",30,"Up",0.980738179077714,0.997300376725646
"GOBP_RESPIRATORY_SYSTEM_PROCESS",8,"Down",0.980875761265886,0.997300376725646
"GOBP_POSITIVE_REGULATION_OF_MYELOID_CELL_DIFFERENTIATION",10,"Down",0.98111317938227,0.997300376725646
"GOBP_INTRINSIC_APOPTOTIC_SIGNALING_PATHWAY_IN_RESPONSE_TO_DNA_DAMAGE",18,"Down",0.981349656057366,0.997300376725646
"GOBP_POSITIVE_REGULATION_OF_CHEMOKINE_C_C_MOTIF_LIGAND_5_PRODUCTION",2,"Down",0.981424167667685,0.997300376725646
"GOBP_INOSITOL_METABOLIC_PROCESS",8,"Down",0.981582198741592,0.997300376725646
"GOBP_PROTEIN_DEPHOSPHORYLATION",91,"Down",0.98158407639102,0.997300376725646
"GOBP_SERINE_FAMILY_AMINO_ACID_METABOLIC_PROCESS",6,"Up",0.981791752752448,0.997300376725646
"GOBP_RESPONSE_TO_MOLECULE_OF_BACTERIAL_ORIGIN",41,"Up",0.981813771585783,0.997300376725646
"GOBP_NEGATIVE_REGULATION_OF_TOLL_LIKE_RECEPTOR_SIGNALING_PATHWAY",5,"Down",0.981981898009866,0.997300376725646
"GOBP_RESPONSE_TO_AXON_INJURY",18,"Down",0.982006872242899,0.997300376725646
"GOBP_DICARBOXYLIC_ACID_TRANSPORT",22,"Down",0.982028628722886,0.997300376725646
"GOBP_NATURAL_KILLER_CELL_ACTIVATION",11,"Up",0.982403068584815,0.997300376725646
"GOBP_ANATOMICAL_STRUCTURE_MATURATION",34,"Up",0.982410955793773,0.997300376725646
"GOBP_SECRETION_BY_TISSUE",7,"Up",0.982718827523385,0.997300376725646
"GOBP_INOSITOL_PHOSPHATE_CATABOLIC_PROCESS",12,"Up",0.982721384609516,0.997300376725646
"GOBP_INTEGRIN_BIOSYNTHETIC_PROCESS",1,"Up",0.982853032685347,0.997300376725646
"GOBP_LATERAL_SPROUTING_FROM_AN_EPITHELIUM",1,"Up",0.982853032685347,0.997300376725646
"GOBP_PROSTATIC_BUD_FORMATION",1,"Up",0.982853032685347,0.997300376725646
"GOBP_REGULATION_OF_CELL_FATE_COMMITMENT",1,"Up",0.982853032685347,0.997300376725646
"GOBP_REGULATION_OF_CELL_FATE_SPECIFICATION",1,"Up",0.982853032685347,0.997300376725646
"GOBP_REGULATION_OF_INTEGRIN_BIOSYNTHETIC_PROCESS",1,"Up",0.982853032685347,0.997300376725646
"GOBP_REGULATION_OF_PROSTATIC_BUD_FORMATION",1,"Up",0.982853032685347,0.997300376725646
"GOBP_PROSTANOID_BIOSYNTHETIC_PROCESS",5,"Down",0.982921410232129,0.997300376725646
"GOBP_CELL_ADHESION_MOLECULE_PRODUCTION",2,"Up",0.983044925178241,0.997300376725646
"GOBP_POTASSIUM_ION_HOMEOSTASIS",5,"Up",0.983380030693408,0.997300376725646
"GOBP_PHOSPHATIDYLINOSITOL_METABOLIC_PROCESS",57,"Down",0.983399375741516,0.997300376725646
"GOBP_REGULATION_OF_NEUTROPHIL_MIGRATION",6,"Down",0.98355019168997,0.997300376725646
"GOBP_CELLULAR_RESPONSE_TO_ABIOTIC_STIMULUS",77,"Up",0.983785412181785,0.997300376725646
"GOBP_NOREPINEPHRINE_UPTAKE",2,"Up",0.983871795464706,0.997300376725646
"GOBP_FORELIMB_MORPHOGENESIS",6,"Up",0.983941545893799,0.997300376725646
"GOBP_POSITIVE_REGULATION_OF_PROTEIN_BINDING",25,"Down",0.984145437794397,0.997300376725646
"GOBP_PROTEIN_LOCALIZATION_TO_NON_MOTILE_CILIUM",2,"Down",0.984258958247312,0.997300376725646
"GOBP_PROTEIN_LOCALIZATION_TO_PHOTORECEPTOR_OUTER_SEGMENT",2,"Down",0.984258958247312,0.997300376725646
"GOBP_SNRNA_TRANSCRIPTION_BY_RNA_POLYMERASE_II",6,"Down",0.984271819476109,0.997300376725646
"GOBP_SENSORY_PERCEPTION_OF_TASTE",3,"Up",0.98440764316369,0.997300376725646
"GOBP_NEGATIVE_REGULATION_OF_IRE1_MEDIATED_UNFOLDED_PROTEIN_RESPONSE",3,"Up",0.984676850207525,0.997300376725646
"GOBP_POSITIVE_REGULATION_OF_PROTEIN_MATURATION",5,"Up",0.984817787115446,0.997300376725646
"GOBP_POSITIVE_REGULATION_OF_NATURAL_KILLER_CELL_MEDIATED_CYTOTOXICITY",5,"Down",0.984974418193139,0.997300376725646
"GOBP_POSITIVE_REGULATION_OF_NATURAL_KILLER_CELL_MEDIATED_IMMUNITY",5,"Down",0.984974418193139,0.997300376725646
"GOBP_NUCLEAR_MEMBRANE_REASSEMBLY",15,"Down",0.985143617674716,0.997300376725646
"GOBP_AUTOPHAGOSOME_LYSOSOME_FUSION",5,"Down",0.985175618766216,0.997300376725646
"GOBP_POSITIVE_REGULATION_OF_CELLULAR_AMIDE_METABOLIC_PROCESS",70,"Down",0.985220022229642,0.997300376725646
"GOBP_B_CELL_ACTIVATION",36,"Up",0.985905723944416,0.997672634345999
"GOBP_ACTIVATION_INDUCED_CELL_DEATH_OF_T_CELLS",3,"Up",0.985921011747326,0.997672634345999
"GOBP_UBIQUITIN_RECYCLING",3,"Down",0.986035358216347,0.997672634345999
"GOBP_NEGATIVE_REGULATION_BY_HOST_OF_VIRAL_PROCESS",5,"Up",0.986305272015209,0.997794758542466
"GOBP_SODIUM_ION_TRANSMEMBRANE_TRANSPORT",37,"Down",0.986656557255208,0.997841024566795
"GOBP_NEGATIVE_REGULATION_OF_CAMP_MEDIATED_SIGNALING",4,"Up",0.986749366312898,0.997841024566795
"GOBP_POSITIVE_REGULATION_OF_VIRAL_LIFE_CYCLE",4,"Down",0.986798668380472,0.997841024566795
"GOBP_POSITIVE_REGULATION_OF_DEFENSE_RESPONSE",47,"Up",0.987118185884237,0.997863753687291
"GOBP_NEGATIVE_REGULATION_OF_PHOSPHOPROTEIN_PHOSPHATASE_ACTIVITY",10,"Up",0.987136680150921,0.997863753687291
"GOBP_POSITIVE_REGULATION_OF_MACROPHAGE_ACTIVATION",2,"Up",0.987268819260523,0.997863753687291
"GOBP_PROTEIN_POLYUBIQUITINATION",60,"Down",0.987882067014503,0.998114279620902
"GOBP_POSITIVE_REGULATION_OF_CALCIUM_ION_TRANSMEMBRANE_TRANSPORTER_ACTIVITY",17,"Up",0.98788557482789,0.998114279620902
"GOBP_SINGLE_FERTILIZATION",30,"Down",0.98837738828992,0.998114279620902
"GOBP_REGULATION_OF_GLUCOSE_METABOLIC_PROCESS",24,"Down",0.988443997219831,0.998114279620902
"GOBP_FATTY_ACID_ALPHA_OXIDATION",1,"Up",0.988603795592562,0.998114279620902
"GOBP_CYCLOOXYGENASE_PATHWAY",2,"Down",0.988654565650833,0.998114279620902
"GOBP_TRANS_SYNAPTIC_SIGNALING_MODULATING_SYNAPTIC_TRANSMISSION",2,"Up",0.988835685641476,0.998114279620902
"GOBP_RNA_DECAPPING",10,"Down",0.988855678241844,0.998114279620902
"GOBP_COMMON_PARTNER_SMAD_PROTEIN_PHOSPHORYLATION",3,"Down",0.988860042244426,0.998114279620902
"GOBP_MULTICELLULAR_ORGANISM_REPRODUCTION",142,"Down",0.989209020342585,0.998315834444743
"GOBP_POSITIVE_REGULATION_OF_CELL_CYCLE_PROCESS",64,"Down",0.989732641649908,0.998693552846376
"GOBP_CARBOHYDRATE_HOMEOSTASIS",51,"Down",0.990131926352219,0.998945713868028
"GOBP_NUCLEOSIDE_SALVAGE",2,"Up",0.990566593499068,0.999233490832444
"GOBP_REGULATION_OF_ION_TRANSMEMBRANE_TRANSPORT",108,"Up",0.991186873328194,0.999301241240428
"GOBP_REGULATION_OF_NEUROMUSCULAR_JUNCTION_DEVELOPMENT",2,"Up",0.9912927573792,0.999301241240428
"GOBP_POSITIVE_REGULATION_OF_MOLECULAR_FUNCTION",372,"Up",0.991413915138648,0.999301241240428
"GOBP_REGULATION_OF_PHOSPHOLIPASE_ACTIVITY",9,"Up",0.991577979533937,0.999301241240428
"GOBP_CARDIAC_LEFT_VENTRICLE_MORPHOGENESIS",2,"Down",0.991677757203147,0.999301241240428
"GOBP_POSITIVE_REGULATION_OF_ERYTHROCYTE_DIFFERENTIATION",7,"Down",0.991981637438893,0.999301241240428
"GOBP_REGULATION_OF_LYMPHOCYTE_MEDIATED_IMMUNITY",17,"Down",0.992617802155404,0.999301241240428
"GOBP_HYALURONAN_METABOLIC_PROCESS",5,"Up",0.992807497208889,0.999301241240428
"GOBP_MUCOPOLYSACCHARIDE_METABOLIC_PROCESS",5,"Up",0.992807497208889,0.999301241240428
"GOBP_RESPONSE_TO_LEAD_ION",7,"Down",0.992928536924359,0.999301241240428
"GOBP_MOTOR_NEURON_APOPTOTIC_PROCESS",3,"Down",0.992930702824282,0.999301241240428
"GOBP_INTRINSIC_APOPTOTIC_SIGNALING_PATHWAY_IN_RESPONSE_TO_DNA_DAMAGE_BY_P53_CLASS_MEDIATOR",8,"Up",0.992994439212175,0.999301241240428
"GOBP_POSITIVE_REGULATION_OF_SPROUTING_ANGIOGENESIS",2,"Down",0.993018097849896,0.999301241240428
"GOBP_LEFT_RIGHT_PATTERN_FORMATION",3,"Up",0.994035044083855,0.999301241240428
"GOBP_POSITIVE_REGULATION_OF_HYDROLASE_ACTIVITY",144,"Up",0.994059868942531,0.999301241240428
"GOBP_NORADRENERGIC_NEURON_DEVELOPMENT",1,"Down",0.99439860522084,0.999301241240428
"GOBP_NORADRENERGIC_NEURON_DIFFERENTIATION",1,"Down",0.99439860522084,0.999301241240428
"GOBP_GLYCOSIDE_METABOLIC_PROCESS",2,"Down",0.994422649874504,0.999301241240428
"GOBP_ALDITOL_BIOSYNTHETIC_PROCESS",1,"Down",0.994496749153995,0.999301241240428
"GOBP_REGULATION_OF_RESPIRATORY_BURST",3,"Up",0.994583205895826,0.999301241240428
"GOBP_PROGRAMMED_CELL_DEATH_IN_RESPONSE_TO_REACTIVE_OXYGEN_SPECIES",6,"Down",0.994689920287828,0.999301241240428
"GOBP_REGULATION_OF_WOUND_HEALING",17,"Up",0.994903871134012,0.999301241240428
"GOBP_ACROSOMAL_VESICLE_EXOCYTOSIS",4,"Down",0.995014378859814,0.999301241240428
"GOBP_POSITIVE_REGULATION_OF_GLUTAMATE_SECRETION",5,"Down",0.995948244291816,0.999301241240428
"GOBP_PYROPTOSIS",3,"Down",0.996010324918011,0.999301241240428
"GOBP_LIVER_MORPHOGENESIS",3,"Down",0.996026674037356,0.999301241240428
"GOBP_CAP_DEPENDENT_TRANSLATIONAL_INITIATION",3,"Up",0.996073639680016,0.999301241240428
"GOBP_SINGLE_STRANDED_VIRAL_RNA_REPLICATION_VIA_DOUBLE_STRANDED_DNA_INTERMEDIATE",5,"Up",0.996143443164156,0.999301241240428
"GOBP_GANGLION_DEVELOPMENT",4,"Up",0.996187179618549,0.999301241240428
"GOBP_POSTTRANSLATIONAL_PROTEIN_TARGETING_TO_MEMBRANE_TRANSLOCATION",3,"Down",0.996418898537738,0.999301241240428
"GOBP_POSITIVE_REGULATION_OF_PROTEIN_DEUBIQUITINATION",5,"Up",0.996422236814015,0.999301241240428
"GOBP_REGULATION_OF_CARDIAC_MUSCLE_CELL_ACTION_POTENTIAL_INVOLVED_IN_REGULATION_OF_CONTRACTION",4,"Down",0.996426182892629,0.999301241240428
"GOBP_CELLULAR_ANION_HOMEOSTASIS",1,"Up",0.996537477543646,0.999301241240428
"GOBP_CELLULAR_MONOVALENT_INORGANIC_ANION_HOMEOSTASIS",1,"Up",0.996537477543646,0.999301241240428
"GOBP_PHOSPHAGEN_METABOLIC_PROCESS",1,"Up",0.996537477543646,0.999301241240428
"GOBP_NEGATIVE_REGULATION_OF_TRANSCRIPTION_BY_RNA_POLYMERASE_II",155,"Down",0.99658282139498,0.999301241240428
"GOBP_LYSOSOMAL_MEMBRANE_ORGANIZATION",3,"Down",0.996637532461885,0.999301241240428
"GOBP_POSITIVE_REGULATION_OF_POTASSIUM_ION_TRANSMEMBRANE_TRANSPORTER_ACTIVITY",4,"Down",0.996786893749346,0.999301241240428
"GOBP_REGULATION_OF_LIPID_KINASE_ACTIVITY",14,"Down",0.99680038282467,0.999301241240428
"GOBP_NEGATIVE_REGULATION_OF_VIRAL_PROCESS",21,"Up",0.996861271800807,0.999301241240428
"GOBP_REGULATION_OF_SODIUM_ION_TRANSMEMBRANE_TRANSPORT",18,"Up",0.996922837639853,0.999301241240428
"GOBP_POSITIVE_REGULATION_OF_SYNAPTIC_TRANSMISSION_GLUTAMATERGIC",6,"Up",0.99699313990138,0.999301241240428
"GOBP_FACULTATIVE_HETEROCHROMATIN_ASSEMBLY",11,"Down",0.997104141937872,0.999301241240428
"GOBP_MEMBRANE_REPOLARIZATION",10,"Up",0.997209089696033,0.999301241240428
"GOBP_SERINE_FAMILY_AMINO_ACID_BIOSYNTHETIC_PROCESS",2,"Down",0.997883674968198,0.999597156397633
"GOBP_NEGATIVE_REGULATION_OF_CELL_CYCLE_PROCESS",64,"Down",0.998009619590609,0.999597156397633
"GOBP_REGULATION_OF_MICROVILLUS_ORGANIZATION",3,"Down",0.998373673105951,0.999597156397633
"GOBP_MAGNESIUM_ION_HOMEOSTASIS",3,"Up",0.998421887615509,0.999597156397633
"GOBP_RIBOSOME_ASSOCIATED_UBIQUITIN_DEPENDENT_PROTEIN_CATABOLIC_PROCESS",2,"Down",0.998607673200142,0.999597156397633
"GOBP_SOMITE_ROSTRAL_CAUDAL_AXIS_SPECIFICATION",1,"Down",0.998738175482052,0.999597156397633
"GOBP_PEPTIDYL_LYSINE_METHYLATION",26,"Down",0.998989586506667,0.999597156397633
"GOBP_5_PHOSPHORIBOSE_1_DIPHOSPHATE_METABOLIC_PROCESS",3,"Down",0.999022805527077,0.999597156397633
"GOBP_REGULATION_OF_CELLULAR_PH",18,"Down",0.999035188703637,0.999597156397633
"GOBP_REGULATION_OF_PH",18,"Down",0.999035188703637,0.999597156397633
"GOBP_REGULATION_OF_NITRIC_OXIDE_SYNTHASE_ACTIVITY",5,"Up",0.999169012107611,0.999597156397633
"GOBP_MACROPHAGE_COLONY_STIMULATING_FACTOR_SIGNALING_PATHWAY",1,"Up",0.999447672749301,0.999597156397633
"GOBP_RESPONSE_TO_MACROPHAGE_COLONY_STIMULATING_FACTOR",1,"Up",0.999447672749301,0.999597156397633
"GOBP_CELLULAR_MONOVALENT_INORGANIC_CATION_HOMEOSTASIS",24,"Up",0.999855770629613,0.999855770629613
"GOBP_10_FORMYLTETRAHYDROFOLATE_METABOLIC_PROCESS",0,"Up",NA,NA
"GOBP_ACETATE_ESTER_TRANSPORT",0,"Up",NA,NA
"GOBP_ACETYLCHOLINE_METABOLIC_PROCESS",0,"Up",NA,NA
"GOBP_ACYL_CARNITINE_TRANSMEMBRANE_TRANSPORT",0,"Up",NA,NA
"GOBP_ACYLGLYCEROL_TRANSPORT",0,"Up",NA,NA
"GOBP_ADENOHYPOPHYSIS_DEVELOPMENT",0,"Up",NA,NA
"GOBP_ADENYLATE_CYCLASE_INHIBITING_G_PROTEIN_COUPLED_ACETYLCHOLINE_RECEPTOR_SIGNALING_PATHWAY",0,"Up",NA,NA
"GOBP_ADENYLATE_CYCLASE_INHIBITING_G_PROTEIN_COUPLED_GLUTAMATE_RECEPTOR_SIGNALING_PATHWAY",0,"Up",NA,NA
"GOBP_ADRENOMEDULLIN_RECEPTOR_SIGNALING_PATHWAY",0,"Up",NA,NA
"GOBP_ADULT_FEEDING_BEHAVIOR",0,"Up",NA,NA
"GOBP_AGGRESSIVE_BEHAVIOR",0,"Up",NA,NA
"GOBP_ALANINE_CATABOLIC_PROCESS",0,"Up",NA,NA
"GOBP_ALKALOID_METABOLIC_PROCESS",0,"Up",NA,NA
"GOBP_AMACRINE_CELL_DIFFERENTIATION",0,"Up",NA,NA
"GOBP_AMYLIN_RECEPTOR_SIGNALING_PATHWAY",0,"Up",NA,NA
"GOBP_ANDROGEN_CATABOLIC_PROCESS",0,"Up",NA,NA
"GOBP_ANGIOGENESIS_INVOLVED_IN_WOUND_HEALING",0,"Up",NA,NA
"GOBP_ANTERIOR_COMMISSURE_MORPHOGENESIS",0,"Up",NA,NA
"GOBP_ANTERIOR_HEAD_DEVELOPMENT",0,"Up",NA,NA
"GOBP_ANTERIOR_POSTERIOR_AXON_GUIDANCE",0,"Up",NA,NA
"GOBP_ANTIBACTERIAL_PEPTIDE_PRODUCTION",0,"Up",NA,NA
"GOBP_ANTIBODY_DEPENDENT_CELLULAR_CYTOTOXICITY",0,"Up",NA,NA
"GOBP_ANTIFUNGAL_HUMORAL_RESPONSE",0,"Up",NA,NA
"GOBP_ANTIGEN_PROCESSING_AND_PRESENTATION_ENDOGENOUS_LIPID_ANTIGEN_VIA_MHC_CLASS_IB",0,"Up",NA,NA
"GOBP_ANTIGEN_PROCESSING_AND_PRESENTATION_OF_ENDOGENOUS_PEPTIDE_ANTIGEN_VIA_MHC_CLASS_I_VIA_ER_PATHWAY",0,"Up",NA,NA
"GOBP_ANTIGEN_PROCESSING_AND_PRESENTATION_OF_PEPTIDE_ANTIGEN_VIA_MHC_CLASS_IB",0,"Up",NA,NA
"GOBP_ANTIMICROBIAL_PEPTIDE_PRODUCTION",0,"Up",NA,NA
"GOBP_AORTA_SMOOTH_MUSCLE_TISSUE_MORPHOGENESIS",0,"Up",NA,NA
"GOBP_APOPTOTIC_PROCESS_IN_BONE_MARROW_CELL",0,"Up",NA,NA
"GOBP_APOPTOTIC_PROCESS_INVOLVED_IN_BLOOD_VESSEL_MORPHOGENESIS",0,"Up",NA,NA
"GOBP_APOPTOTIC_PROCESS_INVOLVED_IN_HEART_MORPHOGENESIS",0,"Up",NA,NA
"GOBP_APOPTOTIC_PROCESS_INVOLVED_IN_MORPHOGENESIS",0,"Up",NA,NA
"GOBP_ARTERIAL_ENDOTHELIAL_CELL_DIFFERENTIATION",0,"Up",NA,NA
"GOBP_ASCENDING_AORTA_DEVELOPMENT",0,"Up",NA,NA
"GOBP_ASTROCYTE_CELL_MIGRATION",0,"Up",NA,NA
"GOBP_ATRIAL_CARDIAC_MUSCLE_CELL_MEMBRANE_REPOLARIZATION",0,"Up",NA,NA
"GOBP_ATRIAL_CARDIAC_MUSCLE_TISSUE_DEVELOPMENT",0,"Up",NA,NA
"GOBP_ATRIAL_CARDIAC_MUSCLE_TISSUE_MORPHOGENESIS",0,"Up",NA,NA
"GOBP_ATRIOVENTRICULAR_NODE_DEVELOPMENT",0,"Up",NA,NA
"GOBP_ATRIOVENTRICULAR_VALVE_FORMATION",0,"Up",NA,NA
"GOBP_AUTOCRINE_SIGNALING",0,"Up",NA,NA
"GOBP_AXONEMAL_CENTRAL_APPARATUS_ASSEMBLY",0,"Up",NA,NA
"GOBP_B_CELL_LINEAGE_COMMITMENT",0,"Up",NA,NA
"GOBP_BEHAVIORAL_RESPONSE_TO_NICOTINE",0,"Up",NA,NA
"GOBP_BLOOD_COAGULATION_INTRINSIC_PATHWAY",0,"Up",NA,NA
"GOBP_BMP_SIGNALING_PATHWAY_INVOLVED_IN_HEART_DEVELOPMENT",0,"Up",NA,NA
"GOBP_BONE_MARROW_DEVELOPMENT",0,"Up",NA,NA
"GOBP_BONE_TRABECULA_FORMATION",0,"Up",NA,NA
"GOBP_BRAIN_RENIN_ANGIOTENSIN_SYSTEM",0,"Up",NA,NA
"GOBP_BRANCHING_INVOLVED_IN_LABYRINTHINE_LAYER_MORPHOGENESIS",0,"Up",NA,NA
"GOBP_BRANCHING_INVOLVED_IN_PROSTATE_GLAND_MORPHOGENESIS",0,"Up",NA,NA
"GOBP_BRANCHING_INVOLVED_IN_SALIVARY_GLAND_MORPHOGENESIS",0,"Up",NA,NA
"GOBP_BRONCHIOLE_DEVELOPMENT",0,"Up",NA,NA
"GOBP_BRUSH_BORDER_ASSEMBLY",0,"Up",NA,NA
"GOBP_BUD_ELONGATION_INVOLVED_IN_LUNG_BRANCHING",0,"Up",NA,NA
"GOBP_C_5_METHYLATION_OF_CYTOSINE",0,"Up",NA,NA
"GOBP_C_TERMINAL_PROTEIN_DEGLUTAMYLATION",0,"Up",NA,NA
"GOBP_CADMIUM_ION_TRANSMEMBRANE_TRANSPORT",0,"Up",NA,NA
"GOBP_CALCITONIN_FAMILY_RECEPTOR_SIGNALING_PATHWAY",0,"Up",NA,NA
"GOBP_CALCIUM_INDEPENDENT_CELL_CELL_ADHESION_VIA_PLASMA_MEMBRANE_CELL_ADHESION_MOLECULES",0,"Up",NA,NA
"GOBP_CANONICAL_WNT_SIGNALING_PATHWAY_INVOLVED_IN_CARDIAC_MUSCLE_CELL_FATE_COMMITMENT",0,"Up",NA,NA
"GOBP_CARDIAC_CELL_FATE_COMMITMENT",0,"Up",NA,NA
"GOBP_CARDIAC_CHAMBER_FORMATION",0,"Up",NA,NA
"GOBP_CARDIAC_MUSCLE_CELL_CARDIAC_MUSCLE_CELL_ADHESION",0,"Up",NA,NA
"GOBP_CARDIAC_MUSCLE_CELL_FATE_COMMITMENT",0,"Up",NA,NA
"GOBP_CARDIAC_MUSCLE_CELL_MYOBLAST_DIFFERENTIATION",0,"Up",NA,NA
"GOBP_CARDIAC_NEURAL_CREST_CELL_DEVELOPMENT_INVOLVED_IN_OUTFLOW_TRACT_MORPHOGENESIS",0,"Up",NA,NA
"GOBP_CARDIAC_NEURAL_CREST_CELL_MIGRATION_INVOLVED_IN_OUTFLOW_TRACT_MORPHOGENESIS",0,"Up",NA,NA
"GOBP_CARDIAC_PACEMAKER_CELL_DIFFERENTIATION",0,"Up",NA,NA
"GOBP_CARDIAC_VASCULAR_SMOOTH_MUSCLE_CELL_DIFFERENTIATION",0,"Up",NA,NA
"GOBP_CARDIAC_VENTRICLE_FORMATION",0,"Up",NA,NA
"GOBP_CARNITINE_TRANSPORT",0,"Up",NA,NA
"GOBP_CARTILAGE_MORPHOGENESIS",0,"Up",NA,NA
"GOBP_CD4_POSITIVE_ALPHA_BETA_T_CELL_PROLIFERATION",0,"Up",NA,NA
"GOBP_CD4_POSITIVE_CD25_POSITIVE_ALPHA_BETA_REGULATORY_T_CELL_DIFFERENTIATION",0,"Up",NA,NA
"GOBP_CD8_POSITIVE_ALPHA_BETA_T_CELL_ACTIVATION",0,"Up",NA,NA
"GOBP_CD8_POSITIVE_ALPHA_BETA_T_CELL_DIFFERENTIATION",0,"Up",NA,NA
"GOBP_CD8_POSITIVE_ALPHA_BETA_T_CELL_PROLIFERATION",0,"Up",NA,NA
"GOBP_CELL_ADHESION_INVOLVED_IN_HEART_MORPHOGENESIS",0,"Up",NA,NA
"GOBP_CELL_CYCLE_DNA_REPLICATION_INITIATION",0,"Up",NA,NA
"GOBP_CELL_DIFFERENTIATION_INVOLVED_IN_PHENOTYPIC_SWITCHING",0,"Up",NA,NA
"GOBP_CELL_FATE_COMMITMENT_INVOLVED_IN_PATTERN_SPECIFICATION",0,"Up",NA,NA
"GOBP_CELL_FATE_SPECIFICATION_INVOLVED_IN_PATTERN_SPECIFICATION",0,"Up",NA,NA
"GOBP_CELL_PROLIFERATION_IN_BONE_MARROW",0,"Up",NA,NA
"GOBP_CELL_PROLIFERATION_IN_MIDBRAIN",0,"Up",NA,NA
"GOBP_CELLULAR_RESPONSE_TO_BACTERIAL_LIPOPROTEIN",0,"Up",NA,NA
"GOBP_CELLULAR_RESPONSE_TO_BILE_ACID",0,"Up",NA,NA
"GOBP_CELLULAR_RESPONSE_TO_COCAINE",0,"Up",NA,NA
"GOBP_CELLULAR_RESPONSE_TO_HEPARIN",0,"Up",NA,NA
"GOBP_CELLULAR_RESPONSE_TO_HYPEROXIA",0,"Up",NA,NA
"GOBP_CELLULAR_RESPONSE_TO_PARATHYROID_HORMONE_STIMULUS",0,"Up",NA,NA
"GOBP_CELLULAR_RESPONSE_TO_PROGESTERONE_STIMULUS",0,"Up",NA,NA
"GOBP_CELLULAR_TRIVALENT_INORGANIC_ANION_HOMEOSTASIS",0,"Up",NA,NA
"GOBP_CEREBELLAR_PURKINJE_CELL_GRANULE_CELL_PRECURSOR_CELL_SIGNALING_INVOLVED_IN_REGULATION_OF_GRANULE_CELL_PRECURSOR_CELL_PROLIFERATION",0,"Up",NA,NA
"GOBP_CEREBRAL_CORTEX_GABAERGIC_INTERNEURON_DEVELOPMENT",0,"Up",NA,NA
"GOBP_CEREBRAL_CORTEX_GABAERGIC_INTERNEURON_DIFFERENTIATION",0,"Up",NA,NA
"GOBP_CEREBRAL_CORTEX_TANGENTIAL_MIGRATION",0,"Up",NA,NA
"GOBP_CHEMOKINE_C_X_C_MOTIF_LIGAND_1_PRODUCTION",0,"Up",NA,NA
"GOBP_CHEMOREPULSION_OF_AXON",0,"Up",NA,NA
"GOBP_CHIASMA_ASSEMBLY",0,"Up",NA,NA
"GOBP_CHITIN_METABOLIC_PROCESS",0,"Up",NA,NA
"GOBP_CHONDROBLAST_DIFFERENTIATION",0,"Up",NA,NA
"GOBP_CHONDROCYTE_DEVELOPMENT_INVOLVED_IN_ENDOCHONDRAL_BONE_MORPHOGENESIS",0,"Up",NA,NA
"GOBP_CHONDROCYTE_HYPERTROPHY",0,"Up",NA,NA
"GOBP_CHONDROITIN_SULFATE_BIOSYNTHETIC_PROCESS",0,"Up",NA,NA
"GOBP_CHONDROITIN_SULFATE_PROTEOGLYCAN_BIOSYNTHETIC_PROCESS",0,"Up",NA,NA
"GOBP_CHONDROITIN_SULFATE_PROTEOGLYCAN_METABOLIC_PROCESS",0,"Up",NA,NA
"GOBP_CHORIO_ALLANTOIC_FUSION",0,"Up",NA,NA
"GOBP_CHORIONIC_TROPHOBLAST_CELL_PROLIFERATION",0,"Up",NA,NA
"GOBP_CHRONIC_INFLAMMATORY_RESPONSE",0,"Up",NA,NA
"GOBP_CIRCADIAN_SLEEP_WAKE_CYCLE_REM_SLEEP",0,"Up",NA,NA
"GOBP_CLUSTERING_OF_VOLTAGE_GATED_SODIUM_CHANNELS",0,"Up",NA,NA
"GOBP_COBALAMIN_TRANSPORT",0,"Up",NA,NA
"GOBP_COMMON_BILE_DUCT_DEVELOPMENT",0,"Up",NA,NA
"GOBP_COMPARTMENT_PATTERN_SPECIFICATION",0,"Up",NA,NA
"GOBP_COMPLEMENT_ACTIVATION_ALTERNATIVE_PATHWAY",0,"Up",NA,NA
"GOBP_COMPLEMENT_ACTIVATION_LECTIN_PATHWAY",0,"Up",NA,NA
"GOBP_COMPLEMENT_RECEPTOR_MEDIATED_SIGNALING_PATHWAY",0,"Up",NA,NA
"GOBP_CONNECTIVE_TISSUE_REPLACEMENT_INVOLVED_IN_INFLAMMATORY_RESPONSE_WOUND_HEALING",0,"Up",NA,NA
"GOBP_CORNEA_DEVELOPMENT_IN_CAMERA_TYPE_EYE",0,"Up",NA,NA
"GOBP_CORONARY_ARTERY_MORPHOGENESIS",0,"Up",NA,NA
"GOBP_CORTICOSPINAL_TRACT_MORPHOGENESIS",0,"Up",NA,NA
"GOBP_CORTICOTROPIN_SECRETION",0,"Up",NA,NA
"GOBP_CRANIAL_NERVE_FORMATION",0,"Up",NA,NA
"GOBP_CRANIAL_SUTURE_MORPHOGENESIS",0,"Up",NA,NA
"GOBP_CYCLIC_GMP_AMP_TRANSMEMBRANE_IMPORT_ACROSS_PLASMA_MEMBRANE",0,"Up",NA,NA
"GOBP_CYSTEINE_CATABOLIC_PROCESS",0,"Up",NA,NA
"GOBP_CYTIDINE_METABOLIC_PROCESS",0,"Up",NA,NA
"GOBP_CYTIDINE_TO_URIDINE_EDITING",0,"Up",NA,NA
"GOBP_CYTOLYSIS_BY_HOST_OF_SYMBIONT_CELLS",0,"Up",NA,NA
"GOBP_D_AMINO_ACID_TRANSPORT",0,"Up",NA,NA
"GOBP_D_ASPARTATE_IMPORT_ACROSS_PLASMA_MEMBRANE",0,"Up",NA,NA
"GOBP_DCMP_CATABOLIC_PROCESS",0,"Up",NA,NA
"GOBP_DE_NOVO_CENTRIOLE_ASSEMBLY",0,"Up",NA,NA
"GOBP_DE_NOVO_NAD_BIOSYNTHETIC_PROCESS",0,"Up",NA,NA
"GOBP_DENDRITIC_CELL_ANTIGEN_PROCESSING_AND_PRESENTATION",0,"Up",NA,NA
"GOBP_DENTINOGENESIS",0,"Up",NA,NA
"GOBP_DERMATAN_SULFATE_BIOSYNTHETIC_PROCESS",0,"Up",NA,NA
"GOBP_DERMATAN_SULFATE_METABOLIC_PROCESS",0,"Up",NA,NA
"GOBP_DERMATAN_SULFATE_PROTEOGLYCAN_METABOLIC_PROCESS",0,"Up",NA,NA
"GOBP_DETECTION_OF_BACTERIAL_LIPOPROTEIN",0,"Up",NA,NA
"GOBP_DETECTION_OF_CHEMICAL_STIMULUS_INVOLVED_IN_SENSORY_PERCEPTION_OF_TASTE",0,"Up",NA,NA
"GOBP_DETECTION_OF_EXTERNAL_BIOTIC_STIMULUS",0,"Up",NA,NA
"GOBP_DETECTION_OF_MECHANICAL_STIMULUS_INVOLVED_IN_SENSORY_PERCEPTION_OF_SOUND",0,"Up",NA,NA
"GOBP_DETECTION_OF_MOLECULE_OF_BACTERIAL_ORIGIN",0,"Up",NA,NA
"GOBP_DETECTION_OF_OTHER_ORGANISM",0,"Up",NA,NA
"GOBP_DETECTION_OF_VIRUS",0,"Up",NA,NA
"GOBP_DETERMINATION_OF_DIGESTIVE_TRACT_LEFT_RIGHT_ASYMMETRY",0,"Up",NA,NA
"GOBP_DETERMINATION_OF_LIVER_LEFT_RIGHT_ASYMMETRY",0,"Up",NA,NA
"GOBP_DETERMINATION_OF_PANCREATIC_LEFT_RIGHT_ASYMMETRY",0,"Up",NA,NA
"GOBP_DICHOTOMOUS_SUBDIVISION_OF_AN_EPITHELIAL_TERMINAL_UNIT",0,"Up",NA,NA
"GOBP_DICHOTOMOUS_SUBDIVISION_OF_TERMINAL_UNITS_INVOLVED_IN_SALIVARY_GLAND_BRANCHING",0,"Up",NA,NA
"GOBP_DIPEPTIDE_TRANSMEMBRANE_TRANSPORT",0,"Up",NA,NA
"GOBP_DIRECT_OSSIFICATION",0,"Up",NA,NA
"GOBP_DISTAL_TUBULE_DEVELOPMENT",0,"Up",NA,NA
"GOBP_DITERPENOID_BIOSYNTHETIC_PROCESS",0,"Up",NA,NA
"GOBP_DNA_CATABOLIC_PROCESS_EXONUCLEOLYTIC",0,"Up",NA,NA
"GOBP_DNA_CYTOSINE_DEAMINATION",0,"Up",NA,NA
"GOBP_DNA_ENDOREDUPLICATION",0,"Up",NA,NA
"GOBP_DNA_METHYLATION_ON_CYTOSINE",0,"Up",NA,NA
"GOBP_DNA_PROTECTION",0,"Up",NA,NA
"GOBP_DNA_REPLICATION_SYNTHESIS_OF_RNA_PRIMER",0,"Up",NA,NA
"GOBP_DORSAL_AORTA_DEVELOPMENT",0,"Up",NA,NA
"GOBP_DORSAL_AORTA_MORPHOGENESIS",0,"Up",NA,NA
"GOBP_DORSAL_SPINAL_CORD_DEVELOPMENT",0,"Up",NA,NA
"GOBP_DOUBLE_STRAND_BREAK_REPAIR_INVOLVED_IN_MEIOTIC_RECOMBINATION",0,"Up",NA,NA
"GOBP_DOUBLE_STRAND_BREAK_REPAIR_VIA_BREAK_INDUCED_REPLICATION",0,"Up",NA,NA
"GOBP_DOUBLE_STRAND_BREAK_REPAIR_VIA_SYNTHESIS_DEPENDENT_STRAND_ANNEALING",0,"Up",NA,NA
"GOBP_DRINKING_BEHAVIOR",0,"Up",NA,NA
"GOBP_DTMP_METABOLIC_PROCESS",0,"Up",NA,NA
"GOBP_DUCTUS_ARTERIOSUS_CLOSURE",0,"Up",NA,NA
"GOBP_DUMP_CATABOLIC_PROCESS",0,"Up",NA,NA
"GOBP_DUMP_METABOLIC_PROCESS",0,"Up",NA,NA
"GOBP_ECTOPIC_GERM_CELL_PROGRAMMED_CELL_DEATH",0,"Up",NA,NA
"GOBP_ELASTIN_CATABOLIC_PROCESS",0,"Up",NA,NA
"GOBP_EMBRYONIC_HEART_TUBE_LEFT_RIGHT_PATTERN_FORMATION",0,"Up",NA,NA
"GOBP_EMBRYONIC_RETINA_MORPHOGENESIS_IN_CAMERA_TYPE_EYE",0,"Up",NA,NA
"GOBP_ENDOCARDIAL_CELL_DIFFERENTIATION",0,"Up",NA,NA
"GOBP_ENDOCARDIAL_CUSHION_TO_MESENCHYMAL_TRANSITION",0,"Up",NA,NA
"GOBP_ENDOCARDIUM_DEVELOPMENT",0,"Up",NA,NA
"GOBP_ENDOCARDIUM_MORPHOGENESIS",0,"Up",NA,NA
"GOBP_ENDODERMAL_CELL_FATE_SPECIFICATION",0,"Up",NA,NA
"GOBP_ENDONUCLEOLYTIC_CLEAVAGE_IN_5_ETS_OF_TRICISTRONIC_RRNA_TRANSCRIPT_SSU_RRNA_5_8S_RRNA_LSU_RRNA",0,"Up",NA,NA
"GOBP_ENDOSOMAL_LUMEN_ACIDIFICATION",0,"Up",NA,NA
"GOBP_ENDOTHELIAL_CELL_FATE_COMMITMENT",0,"Up",NA,NA
"GOBP_ENDOTHELIAL_CELL_MATRIX_ADHESION",0,"Up",NA,NA
"GOBP_ENDOTHELIAL_CELL_MORPHOGENESIS",0,"Up",NA,NA
"GOBP_EOSINOPHIL_DIFFERENTIATION",0,"Up",NA,NA
"GOBP_EPITHELIAL_CELL_FATE_COMMITMENT",0,"Up",NA,NA
"GOBP_EPITHELIAL_CELL_PROLIFERATION_INVOLVED_IN_SALIVARY_GLAND_MORPHOGENESIS",0,"Up",NA,NA
"GOBP_EPITHELIAL_MESENCHYMAL_CELL_SIGNALING",0,"Up",NA,NA
"GOBP_EPITHELIAL_TO_MESENCHYMAL_TRANSITION_INVOLVED_IN_ENDOCARDIAL_CUSHION_FORMATION",0,"Up",NA,NA
"GOBP_EPOXYGENASE_P450_PATHWAY",0,"Up",NA,NA
"GOBP_EQUILIBRIOCEPTION",0,"Up",NA,NA
"GOBP_ESTABLISHMENT_OF_LEFT_RIGHT_ASYMMETRY",0,"Up",NA,NA
"GOBP_ETHANOL_OXIDATION",0,"Up",NA,NA
"GOBP_EXTRACELLULAR_MATRIX_CELL_SIGNALING",0,"Up",NA,NA
"GOBP_EYE_PIGMENTATION",0,"Up",NA,NA
"GOBP_FACIAL_NERVE_MORPHOGENESIS",0,"Up",NA,NA
"GOBP_FACIAL_NERVE_STRUCTURAL_ORGANIZATION",0,"Up",NA,NA
"GOBP_FAT_SOLUBLE_VITAMIN_CATABOLIC_PROCESS",0,"Up",NA,NA
"GOBP_FATTY_ACID_ELONGATION_SATURATED_FATTY_ACID",0,"Up",NA,NA
"GOBP_FATTY_ACID_OMEGA_OXIDATION",0,"Up",NA,NA
"GOBP_FC_RECEPTOR_MEDIATED_INHIBITORY_SIGNALING_PATHWAY",0,"Up",NA,NA
"GOBP_FEMALE_GENITALIA_DEVELOPMENT",0,"Up",NA,NA
"GOBP_FEMALE_MEIOSIS_I",0,"Up",NA,NA
"GOBP_FLAVONE_METABOLIC_PROCESS",0,"Up",NA,NA
"GOBP_FLAVONOID_GLUCURONIDATION",0,"Up",NA,NA
"GOBP_FOLATE_IMPORT_ACROSS_PLASMA_MEMBRANE",0,"Up",NA,NA
"GOBP_FOLIC_ACID_CONTAINING_COMPOUND_CATABOLIC_PROCESS",0,"Up",NA,NA
"GOBP_FOLLICLE_STIMULATING_HORMONE_SECRETION",0,"Up",NA,NA
"GOBP_FOREBRAIN_DORSAL_VENTRAL_PATTERN_FORMATION",0,"Up",NA,NA
"GOBP_FOREBRAIN_NEUROBLAST_DIVISION",0,"Up",NA,NA
"GOBP_FOREBRAIN_NEURON_FATE_COMMITMENT",0,"Up",NA,NA
"GOBP_FOREBRAIN_VENTRICULAR_ZONE_PROGENITOR_CELL_DIVISION",0,"Up",NA,NA
"GOBP_FORMATION_OF_ANATOMICAL_BOUNDARY",0,"Up",NA,NA
"GOBP_FRUCTOSE_TRANSMEMBRANE_TRANSPORT",0,"Up",NA,NA
"GOBP_FUCOSE_CATABOLIC_PROCESS",0,"Up",NA,NA
"GOBP_FUCOSE_METABOLIC_PROCESS",0,"Up",NA,NA
"GOBP_FUSION_OF_SPERM_TO_EGG_PLASMA_MEMBRANE_INVOLVED_IN_SINGLE_FERTILIZATION",0,"Up",NA,NA
"GOBP_G_PROTEIN_COUPLED_PURINERGIC_NUCLEOTIDE_RECEPTOR_SIGNALING_PATHWAY",0,"Up",NA,NA
"GOBP_G1_TO_G0_TRANSITION_INVOLVED_IN_CELL_DIFFERENTIATION",0,"Up",NA,NA
"GOBP_G2_MI_TRANSITION_OF_MEIOTIC_CELL_CYCLE",0,"Up",NA,NA
"GOBP_GABAERGIC_NEURON_DIFFERENTIATION",0,"Up",NA,NA
"GOBP_GALACTOLIPID_BIOSYNTHETIC_PROCESS",0,"Up",NA,NA
"GOBP_GALACTOLIPID_METABOLIC_PROCESS",0,"Up",NA,NA
"GOBP_GANGLIOSIDE_BIOSYNTHETIC_PROCESS",0,"Up",NA,NA
"GOBP_GANGLIOSIDE_BIOSYNTHETIC_PROCESS_VIA_LACTOSYLCERAMIDE",0,"Up",NA,NA
"GOBP_GANGLIOSIDE_CATABOLIC_PROCESS",0,"Up",NA,NA
"GOBP_GANGLIOSIDE_METABOLIC_PROCESS",0,"Up",NA,NA
"GOBP_GAP_JUNCTION_MEDIATED_INTERCELLULAR_TRANSPORT",0,"Up",NA,NA
"GOBP_GASTRIC_MOTILITY",0,"Up",NA,NA
"GOBP_GASTRO_INTESTINAL_SYSTEM_SMOOTH_MUSCLE_CONTRACTION",0,"Up",NA,NA
"GOBP_GERMINAL_CENTER_B_CELL_DIFFERENTIATION",0,"Up",NA,NA
"GOBP_GLIAL_CELL_DERIVED_NEUROTROPHIC_FACTOR_RECEPTOR_SIGNALING_PATHWAY",0,"Up",NA,NA
"GOBP_GLOMERULAR_MESANGIAL_CELL_DEVELOPMENT",0,"Up",NA,NA
"GOBP_GLOMERULAR_VISCERAL_EPITHELIAL_CELL_MIGRATION",0,"Up",NA,NA
"GOBP_GONADAL_MESODERM_DEVELOPMENT",0,"Up",NA,NA
"GOBP_GRANULOCYTE_COLONY_STIMULATING_FACTOR_PRODUCTION",0,"Up",NA,NA
"GOBP_GROOMING_BEHAVIOR",0,"Up",NA,NA
"GOBP_GROWTH_INVOLVED_IN_HEART_MORPHOGENESIS",0,"Up",NA,NA
"GOBP_GROWTH_PLATE_CARTILAGE_CHONDROCYTE_DEVELOPMENT",0,"Up",NA,NA
"GOBP_GUANINE_NUCLEOTIDE_TRANSMEMBRANE_TRANSPORT",0,"Up",NA,NA
"GOBP_HARD_PALATE_DEVELOPMENT",0,"Up",NA,NA
"GOBP_HEART_TRABECULA_FORMATION",0,"Up",NA,NA
"GOBP_HEART_VALVE_FORMATION",0,"Up",NA,NA
"GOBP_HEMATOPOIETIC_STEM_CELL_MIGRATION",0,"Up",NA,NA
"GOBP_HEMATOPOIETIC_STEM_CELL_MIGRATION_TO_BONE_MARROW",0,"Up",NA,NA
"GOBP_HEPARAN_SULFATE_PROTEOGLYCAN_BIOSYNTHETIC_PROCESS_ENZYMATIC_MODIFICATION",0,"Up",NA,NA
"GOBP_HEPARAN_SULFATE_PROTEOGLYCAN_BIOSYNTHETIC_PROCESS_POLYSACCHARIDE_CHAIN_BIOSYNTHETIC_PROCESS",0,"Up",NA,NA
"GOBP_HEPARIN_BIOSYNTHETIC_PROCESS",0,"Up",NA,NA
"GOBP_HEPARIN_METABOLIC_PROCESS",0,"Up",NA,NA
"GOBP_HEPATOCYTE_DIFFERENTIATION",0,"Up",NA,NA
"GOBP_HIGH_DENSITY_LIPOPROTEIN_PARTICLE_CLEARANCE",0,"Up",NA,NA
"GOBP_HIGH_DENSITY_LIPOPROTEIN_PARTICLE_REMODELING",0,"Up",NA,NA
"GOBP_HINDGUT_DEVELOPMENT",0,"Up",NA,NA
"GOBP_HIPPOCAMPAL_NEURON_APOPTOTIC_PROCESS",0,"Up",NA,NA
"GOBP_HISTAMINE_METABOLIC_PROCESS",0,"Up",NA,NA
"GOBP_HISTONE_CITRULLINATION",0,"Up",NA,NA
"GOBP_HISTONE_H2A_K119_MONOUBIQUITINATION",0,"Up",NA,NA
"GOBP_HISTONE_H3_K27_DEMETHYLATION",0,"Up",NA,NA
"GOBP_HISTONE_H3_K27_METHYLATION",0,"Up",NA,NA
"GOBP_HISTONE_H3_K27_TRIMETHYLATION",0,"Up",NA,NA
"GOBP_HISTONE_H3_K36_DEMETHYLATION",0,"Up",NA,NA
"GOBP_HISTONE_H3_K4_DEMETHYLATION",0,"Up",NA,NA
"GOBP_HISTONE_H3_K4_DEMETHYLATION_TRIMETHYL_H3_K4_SPECIFIC",0,"Up",NA,NA
"GOBP_HISTONE_H3_K9_DIMETHYLATION",0,"Up",NA,NA
"GOBP_HISTONE_H4_K12_ACETYLATION",0,"Up",NA,NA
"GOBP_HISTONE_H4_K20_TRIMETHYLATION",0,"Up",NA,NA
"GOBP_HYDROCARBON_METABOLIC_PROCESS",0,"Up",NA,NA
"GOBP_HYDROGEN_SULFIDE_BIOSYNTHETIC_PROCESS",0,"Up",NA,NA
"GOBP_HYPERSENSITIVITY",0,"Up",NA,NA
"GOBP_HYPOTHALAMUS_CELL_DIFFERENTIATION",0,"Up",NA,NA
"GOBP_HYPOTHALAMUS_CELL_MIGRATION",0,"Up",NA,NA
"GOBP_HYPOTHALAMUS_GONADOTROPHIN_RELEASING_HORMONE_NEURON_DIFFERENTIATION",0,"Up",NA,NA
"GOBP_IMMUNE_COMPLEX_CLEARANCE",0,"Up",NA,NA
"GOBP_IMMUNE_RESPONSE_INHIBITING_CELL_SURFACE_RECEPTOR_SIGNALING_PATHWAY",0,"Up",NA,NA
"GOBP_IMMUNE_RESPONSE_INHIBITING_SIGNAL_TRANSDUCTION",0,"Up",NA,NA
"GOBP_IMMUNOGLOBULIN_V_D_J_RECOMBINATION",0,"Up",NA,NA
"GOBP_INDUCTION_OF_BACTERIAL_AGGLUTINATION",0,"Up",NA,NA
"GOBP_INFLAMMATORY_RESPONSE_TO_WOUNDING",0,"Up",NA,NA
"GOBP_INNATE_IMMUNE_RESPONSE_IN_MUCOSA",0,"Up",NA,NA
"GOBP_INNER_CELL_MASS_CELL_DIFFERENTIATION",0,"Up",NA,NA
"GOBP_INNER_DYNEIN_ARM_ASSEMBLY",0,"Up",NA,NA
"GOBP_INNER_EAR_RECEPTOR_CELL_FATE_COMMITMENT",0,"Up",NA,NA
"GOBP_INOSINE_METABOLIC_PROCESS",0,"Up",NA,NA
"GOBP_INSEMINATION",0,"Up",NA,NA
"GOBP_INTERCELLULAR_TRANSPORT",0,"Up",NA,NA
"GOBP_INTERLEUKIN_21_PRODUCTION",0,"Up",NA,NA
"GOBP_INTERNEURON_MIGRATION",0,"Up",NA,NA
"GOBP_INTERNEURON_MIGRATION_FROM_THE_SUBPALLIUM_TO_THE_CORTEX",0,"Up",NA,NA
"GOBP_INTESTINAL_EPITHELIAL_STRUCTURE_MAINTENANCE",0,"Up",NA,NA
"GOBP_INTESTINAL_LIPID_ABSORPTION",0,"Up",NA,NA
"GOBP_INTESTINE_SMOOTH_MUSCLE_CONTRACTION",0,"Up",NA,NA
"GOBP_IODIDE_TRANSPORT",0,"Up",NA,NA
"GOBP_IRIS_MORPHOGENESIS",0,"Up",NA,NA
"GOBP_ISG15_PROTEIN_CONJUGATION",0,"Up",NA,NA
"GOBP_ISOPRENOID_CATABOLIC_PROCESS",0,"Up",NA,NA
"GOBP_KERATAN_SULFATE_METABOLIC_PROCESS",0,"Up",NA,NA
"GOBP_KERATINOCYTE_APOPTOTIC_PROCESS",0,"Up",NA,NA
"GOBP_L_ARGININE_IMPORT_ACROSS_PLASMA_MEMBRANE",0,"Up",NA,NA
"GOBP_L_ARGININE_TRANSMEMBRANE_TRANSPORT",0,"Up",NA,NA
"GOBP_L_HISTIDINE_TRANSMEMBRANE_TRANSPORT",0,"Up",NA,NA
"GOBP_L_LYSINE_TRANSMEMBRANE_TRANSPORT",0,"Up",NA,NA
"GOBP_L_SERINE_BIOSYNTHETIC_PROCESS",0,"Up",NA,NA
"GOBP_LACRIMAL_GLAND_DEVELOPMENT",0,"Up",NA,NA
"GOBP_LEUKOCYTE_CHEMOTAXIS_INVOLVED_IN_INFLAMMATORY_RESPONSE",0,"Up",NA,NA
"GOBP_LEUKOCYTE_MIGRATION_INVOLVED_IN_INFLAMMATORY_RESPONSE",0,"Up",NA,NA
"GOBP_LEUKOTRIENE_B4_CATABOLIC_PROCESS",0,"Up",NA,NA
"GOBP_LEUKOTRIENE_B4_METABOLIC_PROCESS",0,"Up",NA,NA
"GOBP_LEUKOTRIENE_SIGNALING_PATHWAY",0,"Up",NA,NA
"GOBP_LEUKOTRIENE_TRANSPORT",0,"Up",NA,NA
"GOBP_LIMB_BUD_FORMATION",0,"Up",NA,NA
"GOBP_LIPID_DIGESTION",0,"Up",NA,NA
"GOBP_LIPID_HYDROXYLATION",0,"Up",NA,NA
"GOBP_LIPOXIN_METABOLIC_PROCESS",0,"Up",NA,NA
"GOBP_LIPOXYGENASE_PATHWAY",0,"Up",NA,NA
"GOBP_LOBAR_BRONCHUS_DEVELOPMENT",0,"Up",NA,NA
"GOBP_LOBAR_BRONCHUS_EPITHELIUM_DEVELOPMENT",0,"Up",NA,NA
"GOBP_LOOP_OF_HENLE_DEVELOPMENT",0,"Up",NA,NA
"GOBP_LOW_DENSITY_LIPOPROTEIN_PARTICLE_REMODELING",0,"Up",NA,NA
"GOBP_LUNG_LOBE_DEVELOPMENT",0,"Up",NA,NA
"GOBP_LUNG_VASCULATURE_DEVELOPMENT",0,"Up",NA,NA
"GOBP_LYMPHOCYTE_AGGREGATION",0,"Up",NA,NA
"GOBP_MACROPHAGE_COLONY_STIMULATING_FACTOR_PRODUCTION",0,"Up",NA,NA
"GOBP_MACROPHAGE_FUSION",0,"Up",NA,NA
"GOBP_MAINTENANCE_OF_PROTEIN_LOCATION_IN_EXTRACELLULAR_REGION",0,"Up",NA,NA
"GOBP_MALONYL_COA_METABOLIC_PROCESS",0,"Up",NA,NA
"GOBP_MAMMARY_GLAND_FORMATION",0,"Up",NA,NA
"GOBP_MAST_CELL_CYTOKINE_PRODUCTION",0,"Up",NA,NA
"GOBP_MAST_CELL_PROLIFERATION",0,"Up",NA,NA
"GOBP_MATERNAL_PROCESS_INVOLVED_IN_PARTURITION",0,"Up",NA,NA
"GOBP_MATURE_CONVENTIONAL_DENDRITIC_CELL_DIFFERENTIATION",0,"Up",NA,NA
"GOBP_MEIOSIS_II_CELL_CYCLE_PROCESS",0,"Up",NA,NA
"GOBP_MEIOTIC_CELL_CYCLE_CHECKPOINT_SIGNALING",0,"Up",NA,NA
"GOBP_MEIOTIC_CELL_CYCLE_PHASE_TRANSITION",0,"Up",NA,NA
"GOBP_MEIOTIC_CHROMOSOME_CONDENSATION",0,"Up",NA,NA
"GOBP_MEIOTIC_DNA_DOUBLE_STRAND_BREAK_FORMATION",0,"Up",NA,NA
"GOBP_MEIOTIC_SISTER_CHROMATID_COHESION_CENTROMERIC",0,"Up",NA,NA
"GOBP_MELANOCYTE_PROLIFERATION",0,"Up",NA,NA
"GOBP_MELANOSOME_ASSEMBLY",0,"Up",NA,NA
"GOBP_MEMBRANE_DEPOLARIZATION_DURING_AV_NODE_CELL_ACTION_POTENTIAL",0,"Up",NA,NA
"GOBP_MEMBRANE_DISRUPTION_IN_ANOTHER_ORGANISM",0,"Up",NA,NA
"GOBP_MEMBRANE_PROTEIN_INTRACELLULAR_DOMAIN_PROTEOLYSIS",0,"Up",NA,NA
"GOBP_MEMBRANE_REPOLARIZATION_DURING_ATRIAL_CARDIAC_MUSCLE_CELL_ACTION_POTENTIAL",0,"Up",NA,NA
"GOBP_MEMBRANE_TO_MEMBRANE_DOCKING",0,"Up",NA,NA
"GOBP_MEMBRANOUS_SEPTUM_MORPHOGENESIS",0,"Up",NA,NA
"GOBP_MESANGIAL_CELL_DEVELOPMENT",0,"Up",NA,NA
"GOBP_MESANGIAL_CELL_DIFFERENTIATION",0,"Up",NA,NA
"GOBP_MESENCHYMAL_CELL_APOPTOTIC_PROCESS",0,"Up",NA,NA
"GOBP_MESENCHYMAL_EPITHELIAL_CELL_SIGNALING",0,"Up",NA,NA
"GOBP_MESENCHYMAL_STEM_CELL_MAINTENANCE_INVOLVED_IN_NEPHRON_MORPHOGENESIS",0,"Up",NA,NA
"GOBP_MESENCHYME_MIGRATION",0,"Up",NA,NA
"GOBP_MESODERMAL_CELL_FATE_COMMITMENT",0,"Up",NA,NA
"GOBP_MESODERMAL_CELL_FATE_SPECIFICATION",0,"Up",NA,NA
"GOBP_MESONEPHRIC_DUCT_DEVELOPMENT",0,"Up",NA,NA
"GOBP_METANEPHRIC_DISTAL_TUBULE_DEVELOPMENT",0,"Up",NA,NA
"GOBP_METANEPHRIC_NEPHRON_TUBULE_MORPHOGENESIS",0,"Up",NA,NA
"GOBP_METANEPHRIC_TUBULE_FORMATION",0,"Up",NA,NA
"GOBP_METANEPHRIC_TUBULE_MORPHOGENESIS",0,"Up",NA,NA
"GOBP_MICROGLIA_DIFFERENTIATION",0,"Up",NA,NA
"GOBP_MICROGLIAL_CELL_MEDIATED_CYTOTOXICITY",0,"Up",NA,NA
"GOBP_MICROGLIAL_CELL_MIGRATION",0,"Up",NA,NA
"GOBP_MICROGLIAL_CELL_PROLIFERATION",0,"Up",NA,NA
"GOBP_MIDBRAIN_HINDBRAIN_BOUNDARY_DEVELOPMENT",0,"Up",NA,NA
"GOBP_MINERALOCORTICOID_BIOSYNTHETIC_PROCESS",0,"Up",NA,NA
"GOBP_MINERALOCORTICOID_METABOLIC_PROCESS",0,"Up",NA,NA
"GOBP_MINERALOCORTICOID_SECRETION",0,"Up",NA,NA
"GOBP_MITOCHONDRIAL_RESPIRASOME_ASSEMBLY",0,"Up",NA,NA
"GOBP_MITOCHONDRIAL_TRANSLATIONAL_ELONGATION",0,"Up",NA,NA
"GOBP_MITOTIC_SPINDLE_MIDZONE_ASSEMBLY",0,"Up",NA,NA
"GOBP_MODULATION_OF_PROCESS_OF_ANOTHER_ORGANISM",0,"Up",NA,NA
"GOBP_MONOACYLGLYCEROL_BIOSYNTHETIC_PROCESS",0,"Up",NA,NA
"GOBP_MONOTERPENOID_METABOLIC_PROCESS",0,"Up",NA,NA
"GOBP_MOTOR_NEURON_MIGRATION",0,"Up",NA,NA
"GOBP_MULTI_CILIATED_EPITHELIAL_CELL_DIFFERENTIATION",0,"Up",NA,NA
"GOBP_MULTICELLULAR_ORGANISMAL_IRON_ION_HOMEOSTASIS",0,"Up",NA,NA
"GOBP_MULTINUCLEAR_OSTEOCLAST_DIFFERENTIATION",0,"Up",NA,NA
"GOBP_MUSCLE_CELL_FATE_COMMITMENT",0,"Up",NA,NA
"GOBP_MUSCULAR_SEPTUM_MORPHOGENESIS",0,"Up",NA,NA
"GOBP_MYCOTOXIN_METABOLIC_PROCESS",0,"Up",NA,NA
"GOBP_MYELOID_DENDRITIC_CELL_CHEMOTAXIS",0,"Up",NA,NA
"GOBP_MYOBLAST_FATE_COMMITMENT",0,"Up",NA,NA
"GOBP_MYOBLAST_FUSION_INVOLVED_IN_SKELETAL_MUSCLE_REGENERATION",0,"Up",NA,NA
"GOBP_MYOTUBE_DIFFERENTIATION_INVOLVED_IN_SKELETAL_MUSCLE_REGENERATION",0,"Up",NA,NA
"GOBP_NATURAL_KILLER_CELL_CYTOKINE_PRODUCTION",0,"Up",NA,NA
"GOBP_NECROPTOTIC_SIGNALING_PATHWAY",0,"Up",NA,NA
"GOBP_NEGATIVE_REGULATION_OF_ACUTE_INFLAMMATORY_RESPONSE_TO_ANTIGENIC_STIMULUS",0,"Up",NA,NA
"GOBP_NEGATIVE_REGULATION_OF_ANTIGEN_PROCESSING_AND_PRESENTATION",0,"Up",NA,NA
"GOBP_NEGATIVE_REGULATION_OF_APOPTOTIC_PROCESS_INVOLVED_IN_DEVELOPMENT",0,"Up",NA,NA
"GOBP_NEGATIVE_REGULATION_OF_ASTROCYTE_ACTIVATION",0,"Up",NA,NA
"GOBP_NEGATIVE_REGULATION_OF_ATPASE_COUPLED_CALCIUM_TRANSMEMBRANE_TRANSPORTER_ACTIVITY",0,"Up",NA,NA
"GOBP_NEGATIVE_REGULATION_OF_B_CELL_DIFFERENTIATION",0,"Up",NA,NA
"GOBP_NEGATIVE_REGULATION_OF_B_CELL_MEDIATED_IMMUNITY",0,"Up",NA,NA
"GOBP_NEGATIVE_REGULATION_OF_BEHAVIOR",0,"Up",NA,NA
"GOBP_NEGATIVE_REGULATION_OF_BLOOD_VESSEL_ENDOTHELIAL_CELL_PROLIFERATION_INVOLVED_IN_SPROUTING_ANGIOGENESIS",0,"Up",NA,NA
"GOBP_NEGATIVE_REGULATION_OF_CARDIAC_MUSCLE_CELL_DIFFERENTIATION",0,"Up",NA,NA
"GOBP_NEGATIVE_REGULATION_OF_CARDIOCYTE_DIFFERENTIATION",0,"Up",NA,NA
"GOBP_NEGATIVE_REGULATION_OF_CD4_POSITIVE_ALPHA_BETA_T_CELL_PROLIFERATION",0,"Up",NA,NA
"GOBP_NEGATIVE_REGULATION_OF_CD8_POSITIVE_ALPHA_BETA_T_CELL_ACTIVATION",0,"Up",NA,NA
"GOBP_NEGATIVE_REGULATION_OF_CELL_ADHESION_MOLECULE_PRODUCTION",0,"Up",NA,NA
"GOBP_NEGATIVE_REGULATION_OF_CELL_CHEMOTAXIS_TO_FIBROBLAST_GROWTH_FACTOR",0,"Up",NA,NA
"GOBP_NEGATIVE_REGULATION_OF_CELL_FATE_COMMITMENT",0,"Up",NA,NA
"GOBP_NEGATIVE_REGULATION_OF_CELL_FATE_SPECIFICATION",0,"Up",NA,NA
"GOBP_NEGATIVE_REGULATION_OF_CELL_PROLIFERATION_INVOLVED_IN_KIDNEY_DEVELOPMENT",0,"Up",NA,NA
"GOBP_NEGATIVE_REGULATION_OF_CELLULAR_RESPONSE_TO_TRANSFORMING_GROWTH_FACTOR_BETA_STIMULUS",0,"Up",NA,NA
"GOBP_NEGATIVE_REGULATION_OF_CHEMOKINE_C_X_C_MOTIF_LIGAND_2_PRODUCTION",0,"Up",NA,NA
"GOBP_NEGATIVE_REGULATION_OF_CHEMOKINE_MEDIATED_SIGNALING_PATHWAY",0,"Up",NA,NA
"GOBP_NEGATIVE_REGULATION_OF_CHRONIC_INFLAMMATORY_RESPONSE",0,"Up",NA,NA
"GOBP_NEGATIVE_REGULATION_OF_COLLATERAL_SPROUTING",0,"Up",NA,NA
"GOBP_NEGATIVE_REGULATION_OF_COMPLEMENT_ACTIVATION",0,"Up",NA,NA
"GOBP_NEGATIVE_REGULATION_OF_DENDRITIC_CELL_APOPTOTIC_PROCESS",0,"Up",NA,NA
"GOBP_NEGATIVE_REGULATION_OF_DENDRITIC_CELL_DIFFERENTIATION",0,"Up",NA,NA
"GOBP_NEGATIVE_REGULATION_OF_ENDOTHELIAL_CELL_CHEMOTAXIS",0,"Up",NA,NA
"GOBP_NEGATIVE_REGULATION_OF_EPIDERMIS_DEVELOPMENT",0,"Up",NA,NA
"GOBP_NEGATIVE_REGULATION_OF_EXTRACELLULAR_MATRIX_DISASSEMBLY",0,"Up",NA,NA
"GOBP_NEGATIVE_REGULATION_OF_EXTRACELLULAR_MATRIX_ORGANIZATION",0,"Up",NA,NA
"GOBP_NEGATIVE_REGULATION_OF_FEEDING_BEHAVIOR",0,"Up",NA,NA
"GOBP_NEGATIVE_REGULATION_OF_FIBRINOLYSIS",0,"Up",NA,NA
"GOBP_NEGATIVE_REGULATION_OF_GASTRIC_ACID_SECRETION",0,"Up",NA,NA
"GOBP_NEGATIVE_REGULATION_OF_GLUCONEOGENESIS",0,"Up",NA,NA
"GOBP_NEGATIVE_REGULATION_OF_GLUTAMATE_SECRETION",0,"Up",NA,NA
"GOBP_NEGATIVE_REGULATION_OF_GONADOTROPIN_SECRETION",0,"Up",NA,NA
"GOBP_NEGATIVE_REGULATION_OF_GRANULOCYTE_CHEMOTAXIS",0,"Up",NA,NA
"GOBP_NEGATIVE_REGULATION_OF_HAIR_FOLLICLE_DEVELOPMENT",0,"Up",NA,NA
"GOBP_NEGATIVE_REGULATION_OF_HEXOKINASE_ACTIVITY",0,"Up",NA,NA
"GOBP_NEGATIVE_REGULATION_OF_HISTONE_H3_K27_METHYLATION",0,"Up",NA,NA
"GOBP_NEGATIVE_REGULATION_OF_HISTONE_H3_K4_METHYLATION",0,"Up",NA,NA
"GOBP_NEGATIVE_REGULATION_OF_HISTONE_H3_K9_METHYLATION",0,"Up",NA,NA
"GOBP_NEGATIVE_REGULATION_OF_HISTONE_H3_K9_TRIMETHYLATION",0,"Up",NA,NA
"GOBP_NEGATIVE_REGULATION_OF_HISTONE_METHYLATION",0,"Up",NA,NA
"GOBP_NEGATIVE_REGULATION_OF_HUMORAL_IMMUNE_RESPONSE",0,"Up",NA,NA
"GOBP_NEGATIVE_REGULATION_OF_HUMORAL_IMMUNE_RESPONSE_MEDIATED_BY_CIRCULATING_IMMUNOGLOBULIN",0,"Up",NA,NA
"GOBP_NEGATIVE_REGULATION_OF_IMMUNOGLOBULIN_PRODUCTION",0,"Up",NA,NA
"GOBP_NEGATIVE_REGULATION_OF_INSULIN_LIKE_GROWTH_FACTOR_RECEPTOR_SIGNALING_PATHWAY",0,"Up",NA,NA
"GOBP_NEGATIVE_REGULATION_OF_INTERFERON_ALPHA_PRODUCTION",0,"Up",NA,NA
"GOBP_NEGATIVE_REGULATION_OF_INTERLEUKIN_1_ALPHA_PRODUCTION",0,"Up",NA,NA
"GOBP_NEGATIVE_REGULATION_OF_INTERLEUKIN_18_PRODUCTION",0,"Up",NA,NA
"GOBP_NEGATIVE_REGULATION_OF_INTERLEUKIN_2_PRODUCTION",0,"Up",NA,NA
"GOBP_NEGATIVE_REGULATION_OF_INTERLEUKIN_4_PRODUCTION",0,"Up",NA,NA
"GOBP_NEGATIVE_REGULATION_OF_INTERLEUKIN_6_MEDIATED_SIGNALING_PATHWAY",0,"Up",NA,NA
"GOBP_NEGATIVE_REGULATION_OF_ISOTYPE_SWITCHING",0,"Up",NA,NA
"GOBP_NEGATIVE_REGULATION_OF_KERATINOCYTE_DIFFERENTIATION",0,"Up",NA,NA
"GOBP_NEGATIVE_REGULATION_OF_LAMELLIPODIUM_ASSEMBLY",0,"Up",NA,NA
"GOBP_NEGATIVE_REGULATION_OF_LENS_FIBER_CELL_DIFFERENTIATION",0,"Up",NA,NA
"GOBP_NEGATIVE_REGULATION_OF_LEUKOCYTE_ADHESION_TO_VASCULAR_ENDOTHELIAL_CELL",0,"Up",NA,NA
"GOBP_NEGATIVE_REGULATION_OF_LIPOPOLYSACCHARIDE_MEDIATED_SIGNALING_PATHWAY",0,"Up",NA,NA
"GOBP_NEGATIVE_REGULATION_OF_LIPOPROTEIN_LIPASE_ACTIVITY",0,"Up",NA,NA
"GOBP_NEGATIVE_REGULATION_OF_LIPOPROTEIN_METABOLIC_PROCESS",0,"Up",NA,NA
"GOBP_NEGATIVE_REGULATION_OF_LONG_TERM_SYNAPTIC_POTENTIATION",0,"Up",NA,NA
"GOBP_NEGATIVE_REGULATION_OF_MACROPHAGE_APOPTOTIC_PROCESS",0,"Up",NA,NA
"GOBP_NEGATIVE_REGULATION_OF_MACROPHAGE_DERIVED_FOAM_CELL_DIFFERENTIATION",0,"Up",NA,NA
"GOBP_NEGATIVE_REGULATION_OF_MACROPHAGE_DIFFERENTIATION",0,"Up",NA,NA
"GOBP_NEGATIVE_REGULATION_OF_MEIOTIC_NUCLEAR_DIVISION",0,"Up",NA,NA
"GOBP_NEGATIVE_REGULATION_OF_MEMBRANE_DEPOLARIZATION",0,"Up",NA,NA
"GOBP_NEGATIVE_REGULATION_OF_MESENCHYMAL_CELL_APOPTOTIC_PROCESS",0,"Up",NA,NA
"GOBP_NEGATIVE_REGULATION_OF_MICROGLIAL_CELL_ACTIVATION",0,"Up",NA,NA
"GOBP_NEGATIVE_REGULATION_OF_MONOCYTE_CHEMOTAXIS",0,"Up",NA,NA
"GOBP_NEGATIVE_REGULATION_OF_MONOCYTE_DIFFERENTIATION",0,"Up",NA,NA
"GOBP_NEGATIVE_REGULATION_OF_MORPHOGENESIS_OF_AN_EPITHELIUM",0,"Up",NA,NA
"GOBP_NEGATIVE_REGULATION_OF_MYELOID_CELL_APOPTOTIC_PROCESS",0,"Up",NA,NA
"GOBP_NEGATIVE_REGULATION_OF_MYOBLAST_PROLIFERATION",0,"Up",NA,NA
"GOBP_NEGATIVE_REGULATION_OF_NEUTROPHIL_MIGRATION",0,"Up",NA,NA
"GOBP_NEGATIVE_REGULATION_OF_NODAL_SIGNALING_PATHWAY",0,"Up",NA,NA
"GOBP_NEGATIVE_REGULATION_OF_NOREPINEPHRINE_SECRETION",0,"Up",NA,NA
"GOBP_NEGATIVE_REGULATION_OF_OSTEOCLAST_DEVELOPMENT",0,"Up",NA,NA
"GOBP_NEGATIVE_REGULATION_OF_PATHWAY_RESTRICTED_SMAD_PROTEIN_PHOSPHORYLATION",0,"Up",NA,NA
"GOBP_NEGATIVE_REGULATION_OF_PLASMINOGEN_ACTIVATION",0,"Up",NA,NA
"GOBP_NEGATIVE_REGULATION_OF_PROSTAGLANDIN_BIOSYNTHETIC_PROCESS",0,"Up",NA,NA
"GOBP_NEGATIVE_REGULATION_OF_REGULATORY_T_CELL_DIFFERENTIATION",0,"Up",NA,NA
"GOBP_NEGATIVE_REGULATION_OF_RESPIRATORY_BURST_INVOLVED_IN_INFLAMMATORY_RESPONSE",0,"Up",NA,NA
"GOBP_NEGATIVE_REGULATION_OF_RESPONSE_TO_INTERFERON_GAMMA",0,"Up",NA,NA
"GOBP_NEGATIVE_REGULATION_OF_SERINE_TYPE_PEPTIDASE_ACTIVITY",0,"Up",NA,NA
"GOBP_NEGATIVE_REGULATION_OF_SEROTONIN_SECRETION",0,"Up",NA,NA
"GOBP_NEGATIVE_REGULATION_OF_SMAD_PROTEIN_SIGNAL_TRANSDUCTION",0,"Up",NA,NA
"GOBP_NEGATIVE_REGULATION_OF_SOMATIC_STEM_CELL_POPULATION_MAINTENANCE",0,"Up",NA,NA
"GOBP_NEGATIVE_REGULATION_OF_STEM_CELL_POPULATION_MAINTENANCE",0,"Up",NA,NA
"GOBP_NEGATIVE_REGULATION_OF_STEM_CELL_PROLIFERATION",0,"Up",NA,NA
"GOBP_NEGATIVE_REGULATION_OF_SYNCYTIUM_FORMATION_BY_PLASMA_MEMBRANE_FUSION",0,"Up",NA,NA
"GOBP_NEGATIVE_REGULATION_OF_T_CELL_CYTOKINE_PRODUCTION",0,"Up",NA,NA
"GOBP_NEGATIVE_REGULATION_OF_T_CELL_DIFFERENTIATION_IN_THYMUS",0,"Up",NA,NA
"GOBP_NEGATIVE_REGULATION_OF_T_CELL_MEDIATED_CYTOTOXICITY",0,"Up",NA,NA
"GOBP_NEGATIVE_REGULATION_OF_T_CELL_MEDIATED_IMMUNITY",0,"Up",NA,NA
"GOBP_NEGATIVE_REGULATION_OF_T_HELPER_1_TYPE_IMMUNE_RESPONSE",0,"Up",NA,NA
"GOBP_NEGATIVE_REGULATION_OF_THYMOCYTE_APOPTOTIC_PROCESS",0,"Up",NA,NA
"GOBP_NEGATIVE_REGULATION_OF_TOLL_LIKE_RECEPTOR_2_SIGNALING_PATHWAY",0,"Up",NA,NA
"GOBP_NEGATIVE_REGULATION_OF_TRANSMISSION_OF_NERVE_IMPULSE",0,"Up",NA,NA
"GOBP_NEGATIVE_REGULATION_OF_TRIGLYCERIDE_CATABOLIC_PROCESS",0,"Up",NA,NA
"GOBP_NEGATIVE_REGULATION_OF_TROPHOBLAST_CELL_MIGRATION",0,"Up",NA,NA
"GOBP_NEGATIVE_REGULATION_OF_URINE_VOLUME",0,"Up",NA,NA
"GOBP_NEGATIVE_REGULATION_OF_VASCULAR_ASSOCIATED_SMOOTH_MUSCLE_CELL_APOPTOTIC_PROCESS",0,"Up",NA,NA
"GOBP_NEGATIVE_REGULATION_OF_VASCULAR_ASSOCIATED_SMOOTH_MUSCLE_CELL_DIFFERENTIATION",0,"Up",NA,NA
"GOBP_NEGATIVE_REGULATION_OF_VASCULAR_ENDOTHELIAL_CELL_PROLIFERATION",0,"Up",NA,NA
"GOBP_NEGATIVE_REGULATION_OF_VASCULAR_ENDOTHELIAL_GROWTH_FACTOR_PRODUCTION",0,"Up",NA,NA
"GOBP_NEGATIVE_REGULATION_OF_VASCULAR_WOUND_HEALING",0,"Up",NA,NA
"GOBP_NEGATIVE_REGULATION_OF_WNT_SIGNALING_PATHWAY_INVOLVED_IN_HEART_DEVELOPMENT",0,"Up",NA,NA
"GOBP_NEPHRIC_DUCT_FORMATION",0,"Up",NA,NA
"GOBP_NEURAL_CREST_CELL_FATE_COMMITMENT",0,"Up",NA,NA
"GOBP_NEURAL_CREST_CELL_MIGRATION_INVOLVED_IN_AUTONOMIC_NERVOUS_SYSTEM_DEVELOPMENT",0,"Up",NA,NA
"GOBP_NEUROBLAST_DIFFERENTIATION",0,"Up",NA,NA
"GOBP_NEUROENDOCRINE_CELL_DIFFERENTIATION",0,"Up",NA,NA
"GOBP_NEURON_FATE_DETERMINATION",0,"Up",NA,NA
"GOBP_NEUROTROPHIN_PRODUCTION",0,"Up",NA,NA
"GOBP_NK_T_CELL_PROLIFERATION",0,"Up",NA,NA
"GOBP_NOREPINEPHRINE_BIOSYNTHETIC_PROCESS",0,"Up",NA,NA
"GOBP_NOTCH_SIGNALING_INVOLVED_IN_HEART_DEVELOPMENT",0,"Up",NA,NA
"GOBP_NOTOCHORD_MORPHOGENESIS",0,"Up",NA,NA
"GOBP_OLIGOPEPTIDE_IMPORT_ACROSS_PLASMA_MEMBRANE",0,"Up",NA,NA
"GOBP_OLIGOSACCHARIDE_BIOSYNTHETIC_PROCESS",0,"Up",NA,NA
"GOBP_OMEGA_HYDROXYLASE_P450_PATHWAY",0,"Up",NA,NA
"GOBP_ORGAN_OR_TISSUE_SPECIFIC_IMMUNE_RESPONSE",0,"Up",NA,NA
"GOBP_ORNITHINE_TRANSPORT",0,"Up",NA,NA
"GOBP_OSSIFICATION_INVOLVED_IN_BONE_REMODELING",0,"Up",NA,NA
"GOBP_OSTEOBLAST_DEVELOPMENT",0,"Up",NA,NA
"GOBP_OSTEOCLAST_FUSION",0,"Up",NA,NA
"GOBP_OSTEOCLAST_PROLIFERATION",0,"Up",NA,NA
"GOBP_OTIC_VESICLE_DEVELOPMENT",0,"Up",NA,NA
"GOBP_OTIC_VESICLE_FORMATION",0,"Up",NA,NA
"GOBP_OTIC_VESICLE_MORPHOGENESIS",0,"Up",NA,NA
"GOBP_OTOLITH_DEVELOPMENT",0,"Up",NA,NA
"GOBP_OXALATE_TRANSPORT",0,"Up",NA,NA
"GOBP_PANCREATIC_A_CELL_DIFFERENTIATION",0,"Up",NA,NA
"GOBP_PANTOTHENATE_METABOLIC_PROCESS",0,"Up",NA,NA
"GOBP_PARACRINE_SIGNALING",0,"Up",NA,NA
"GOBP_PARASYMPATHETIC_NERVOUS_SYSTEM_DEVELOPMENT",0,"Up",NA,NA
"GOBP_PARTURITION",0,"Up",NA,NA
"GOBP_PATTERN_SPECIFICATION_INVOLVED_IN_KIDNEY_DEVELOPMENT",0,"Up",NA,NA
"GOBP_PENETRATION_OF_ZONA_PELLUCIDA",0,"Up",NA,NA
"GOBP_PENILE_ERECTION",0,"Up",NA,NA
"GOBP_PEPTIDE_ANTIGEN_ASSEMBLY_WITH_MHC_CLASS_II_PROTEIN_COMPLEX",0,"Up",NA,NA
"GOBP_PEPTIDE_ANTIGEN_ASSEMBLY_WITH_MHC_PROTEIN_COMPLEX",0,"Up",NA,NA
"GOBP_PEPTIDE_CROSS_LINKING_VIA_CHONDROITIN_4_SULFATE_GLYCOSAMINOGLYCAN",0,"Up",NA,NA
"GOBP_PEPTIDE_MODIFICATION",0,"Up",NA,NA
"GOBP_PEPTIDOGLYCAN_METABOLIC_PROCESS",0,"Up",NA,NA
"GOBP_PEPTIDYL_LYSINE_OXIDATION",0,"Up",NA,NA
"GOBP_PERICYTE_CELL_DIFFERENTIATION",0,"Up",NA,NA
"GOBP_PERISTALSIS",0,"Up",NA,NA
"GOBP_PH_ELEVATION",0,"Up",NA,NA
"GOBP_PHAGOSOME_ACIDIFICATION",0,"Up",NA,NA
"GOBP_PHASIC_SMOOTH_MUSCLE_CONTRACTION",0,"Up",NA,NA
"GOBP_PHENOTYPIC_SWITCHING",0,"Up",NA,NA
"GOBP_PHENYLPROPANOID_METABOLIC_PROCESS",0,"Up",NA,NA
"GOBP_PHOSPHATIDYLSERINE_EXPOSURE_ON_APOPTOTIC_CELL_SURFACE",0,"Up",NA,NA
"GOBP_PIGMENT_METABOLIC_PROCESS_INVOLVED_IN_PIGMENTATION",0,"Up",NA,NA
"GOBP_PIRNA_BIOSYNTHETIC_PROCESS",0,"Up",NA,NA
"GOBP_PLASMA_CELL_DIFFERENTIATION",0,"Up",NA,NA
"GOBP_POLY_N_ACETYLLACTOSAMINE_METABOLIC_PROCESS",0,"Up",NA,NA
"GOBP_POLYAMINE_BIOSYNTHETIC_PROCESS",0,"Up",NA,NA
"GOBP_POSITIVE_REGULATION_BY_SYMBIONT_OF_ENTRY_INTO_HOST",0,"Up",NA,NA
"GOBP_POSITIVE_REGULATION_OF_ACTIVATION_OF_JANUS_KINASE_ACTIVITY",0,"Up",NA,NA
"GOBP_POSITIVE_REGULATION_OF_ADIPOSE_TISSUE_DEVELOPMENT",0,"Up",NA,NA
"GOBP_POSITIVE_REGULATION_OF_ALKALINE_PHOSPHATASE_ACTIVITY",0,"Up",NA,NA
"GOBP_POSITIVE_REGULATION_OF_AMPA_RECEPTOR_ACTIVITY",0,"Up",NA,NA
"GOBP_POSITIVE_REGULATION_OF_ANTIBACTERIAL_PEPTIDE_PRODUCTION",0,"Up",NA,NA
"GOBP_POSITIVE_REGULATION_OF_ANTIGEN_PROCESSING_AND_PRESENTATION",0,"Up",NA,NA
"GOBP_POSITIVE_REGULATION_OF_ANTIMICROBIAL_HUMORAL_RESPONSE",0,"Up",NA,NA
"GOBP_POSITIVE_REGULATION_OF_APOPTOTIC_DNA_FRAGMENTATION",0,"Up",NA,NA
"GOBP_POSITIVE_REGULATION_OF_APOPTOTIC_PROCESS_INVOLVED_IN_DEVELOPMENT",0,"Up",NA,NA
"GOBP_POSITIVE_REGULATION_OF_APOPTOTIC_PROCESS_INVOLVED_IN_MORPHOGENESIS",0,"Up",NA,NA
"GOBP_POSITIVE_REGULATION_OF_BICELLULAR_TIGHT_JUNCTION_ASSEMBLY",0,"Up",NA,NA
"GOBP_POSITIVE_REGULATION_OF_BLOOD_BRAIN_BARRIER_PERMEABILITY",0,"Up",NA,NA
"GOBP_POSITIVE_REGULATION_OF_BLOOD_VESSEL_ENDOTHELIAL_CELL_PROLIFERATION_INVOLVED_IN_SPROUTING_ANGIOGENESIS",0,"Up",NA,NA
"GOBP_POSITIVE_REGULATION_OF_BLOOD_VESSEL_REMODELING",0,"Up",NA,NA
"GOBP_POSITIVE_REGULATION_OF_CARDIAC_EPITHELIAL_TO_MESENCHYMAL_TRANSITION",0,"Up",NA,NA
"GOBP_POSITIVE_REGULATION_OF_CARDIAC_MUSCLE_CELL_PROLIFERATION",0,"Up",NA,NA
"GOBP_POSITIVE_REGULATION_OF_CARDIAC_MUSCLE_CONTRACTION",0,"Up",NA,NA
"GOBP_POSITIVE_REGULATION_OF_CD4_POSITIVE_ALPHA_BETA_T_CELL_PROLIFERATION",0,"Up",NA,NA
"GOBP_POSITIVE_REGULATION_OF_CD8_POSITIVE_ALPHA_BETA_T_CELL_ACTIVATION",0,"Up",NA,NA
"GOBP_POSITIVE_REGULATION_OF_CD8_POSITIVE_ALPHA_BETA_T_CELL_DIFFERENTIATION",0,"Up",NA,NA
"GOBP_POSITIVE_REGULATION_OF_CELL_ADHESION_MEDIATED_BY_INTEGRIN",0,"Up",NA,NA
"GOBP_POSITIVE_REGULATION_OF_CELL_CELL_ADHESION_MEDIATED_BY_INTEGRIN",0,"Up",NA,NA
"GOBP_POSITIVE_REGULATION_OF_CELL_FATE_COMMITMENT",0,"Up",NA,NA
"GOBP_POSITIVE_REGULATION_OF_CELL_GROWTH_INVOLVED_IN_CARDIAC_MUSCLE_CELL_DEVELOPMENT",0,"Up",NA,NA
"GOBP_POSITIVE_REGULATION_OF_CELL_PROLIFERATION_IN_BONE_MARROW",0,"Up",NA,NA
"GOBP_POSITIVE_REGULATION_OF_CELL_PROLIFERATION_INVOLVED_IN_HEART_MORPHOGENESIS",0,"Up",NA,NA
"GOBP_POSITIVE_REGULATION_OF_CELL_PROLIFERATION_INVOLVED_IN_KIDNEY_DEVELOPMENT",0,"Up",NA,NA
"GOBP_POSITIVE_REGULATION_OF_CEREBELLAR_GRANULE_CELL_PRECURSOR_PROLIFERATION",0,"Up",NA,NA
"GOBP_POSITIVE_REGULATION_OF_CHEMOKINE_C_X_C_MOTIF_LIGAND_1_PRODUCTION",0,"Up",NA,NA
"GOBP_POSITIVE_REGULATION_OF_CHOLESTEROL_ESTERIFICATION",0,"Up",NA,NA
"GOBP_POSITIVE_REGULATION_OF_CHONDROCYTE_PROLIFERATION",0,"Up",NA,NA
"GOBP_POSITIVE_REGULATION_OF_CHROMOSOME_CONDENSATION",0,"Up",NA,NA
"GOBP_POSITIVE_REGULATION_OF_CIRCADIAN_SLEEP_WAKE_CYCLE_SLEEP",0,"Up",NA,NA
"GOBP_POSITIVE_REGULATION_OF_CORTICOSTEROID_HORMONE_SECRETION",0,"Up",NA,NA
"GOBP_POSITIVE_REGULATION_OF_CYSTEINE_TYPE_ENDOPEPTIDASE_ACTIVITY_INVOLVED_IN_APOPTOTIC_SIGNALING_PATHWAY",0,"Up",NA,NA
"GOBP_POSITIVE_REGULATION_OF_DEACETYLASE_ACTIVITY",0,"Up",NA,NA
"GOBP_POSITIVE_REGULATION_OF_DENDRITIC_CELL_ANTIGEN_PROCESSING_AND_PRESENTATION",0,"Up",NA,NA
"GOBP_POSITIVE_REGULATION_OF_DEVELOPMENTAL_PIGMENTATION",0,"Up",NA,NA
"GOBP_POSITIVE_REGULATION_OF_DNA_CATABOLIC_PROCESS",0,"Up",NA,NA
"GOBP_POSITIVE_REGULATION_OF_ENDOTHELIAL_CELL_MATRIX_ADHESION_VIA_FIBRONECTIN",0,"Up",NA,NA
"GOBP_POSITIVE_REGULATION_OF_EPIDERMAL_GROWTH_FACTOR_ACTIVATED_RECEPTOR_ACTIVITY",0,"Up",NA,NA
"GOBP_POSITIVE_REGULATION_OF_EPITHELIAL_CELL_DIFFERENTIATION_INVOLVED_IN_KIDNEY_DEVELOPMENT",0,"Up",NA,NA
"GOBP_POSITIVE_REGULATION_OF_EPITHELIAL_CELL_PROLIFERATION_INVOLVED_IN_LUNG_MORPHOGENESIS",0,"Up",NA,NA
"GOBP_POSITIVE_REGULATION_OF_EPITHELIAL_CELL_PROLIFERATION_INVOLVED_IN_WOUND_HEALING",0,"Up",NA,NA
"GOBP_POSITIVE_REGULATION_OF_EPITHELIAL_TO_MESENCHYMAL_TRANSITION_INVOLVED_IN_ENDOCARDIAL_CUSHION_FORMATION",0,"Up",NA,NA
"GOBP_POSITIVE_REGULATION_OF_FC_RECEPTOR_MEDIATED_STIMULATORY_SIGNALING_PATHWAY",0,"Up",NA,NA
"GOBP_POSITIVE_REGULATION_OF_FERTILIZATION",0,"Up",NA,NA
"GOBP_POSITIVE_REGULATION_OF_FEVER_GENERATION",0,"Up",NA,NA
"GOBP_POSITIVE_REGULATION_OF_FIBROBLAST_APOPTOTIC_PROCESS",0,"Up",NA,NA
"GOBP_POSITIVE_REGULATION_OF_GASTRO_INTESTINAL_SYSTEM_SMOOTH_MUSCLE_CONTRACTION",0,"Up",NA,NA
"GOBP_POSITIVE_REGULATION_OF_GLOMERULAR_MESANGIAL_CELL_PROLIFERATION",0,"Up",NA,NA
"GOBP_POSITIVE_REGULATION_OF_GONAD_DEVELOPMENT",0,"Up",NA,NA
"GOBP_POSITIVE_REGULATION_OF_GONADOTROPIN_SECRETION",0,"Up",NA,NA
"GOBP_POSITIVE_REGULATION_OF_GRANULOCYTE_DIFFERENTIATION",0,"Up",NA,NA
"GOBP_POSITIVE_REGULATION_OF_GUANYLATE_CYCLASE_ACTIVITY",0,"Up",NA,NA
"GOBP_POSITIVE_REGULATION_OF_HAIR_FOLLICLE_MATURATION",0,"Up",NA,NA
"GOBP_POSITIVE_REGULATION_OF_HISTONE_DEACETYLASE_ACTIVITY",0,"Up",NA,NA
"GOBP_POSITIVE_REGULATION_OF_HISTONE_H3_K27_METHYLATION",0,"Up",NA,NA
"GOBP_POSITIVE_REGULATION_OF_HYPERSENSITIVITY",0,"Up",NA,NA
"GOBP_POSITIVE_REGULATION_OF_INOSITOL_TRISPHOSPHATE_BIOSYNTHETIC_PROCESS",0,"Up",NA,NA
"GOBP_POSITIVE_REGULATION_OF_INTERLEUKIN_23_PRODUCTION",0,"Up",NA,NA
"GOBP_POSITIVE_REGULATION_OF_KIDNEY_DEVELOPMENT",0,"Up",NA,NA
"GOBP_POSITIVE_REGULATION_OF_KILLING_OF_CELLS_OF_ANOTHER_ORGANISM",0,"Up",NA,NA
"GOBP_POSITIVE_REGULATION_OF_LEUKOCYTE_TETHERING_OR_ROLLING",0,"Up",NA,NA
"GOBP_POSITIVE_REGULATION_OF_MACROPHAGE_CYTOKINE_PRODUCTION",0,"Up",NA,NA
"GOBP_POSITIVE_REGULATION_OF_MAINTENANCE_OF_SISTER_CHROMATID_COHESION",0,"Up",NA,NA
"GOBP_POSITIVE_REGULATION_OF_MAST_CELL_CHEMOTAXIS",0,"Up",NA,NA
"GOBP_POSITIVE_REGULATION_OF_MEGAKARYOCYTE_DIFFERENTIATION",0,"Up",NA,NA
"GOBP_POSITIVE_REGULATION_OF_MEIOTIC_CELL_CYCLE_PHASE_TRANSITION",0,"Up",NA,NA
"GOBP_POSITIVE_REGULATION_OF_MELANOCYTE_DIFFERENTIATION",0,"Up",NA,NA
"GOBP_POSITIVE_REGULATION_OF_MEMORY_T_CELL_DIFFERENTIATION",0,"Up",NA,NA
"GOBP_POSITIVE_REGULATION_OF_MHC_CLASS_II_BIOSYNTHETIC_PROCESS",0,"Up",NA,NA
"GOBP_POSITIVE_REGULATION_OF_MONOCYTE_CHEMOTACTIC_PROTEIN_1_PRODUCTION",0,"Up",NA,NA
"GOBP_POSITIVE_REGULATION_OF_NATURAL_KILLER_CELL_CHEMOTAXIS",0,"Up",NA,NA
"GOBP_POSITIVE_REGULATION_OF_NEUTROPHIL_ACTIVATION",0,"Up",NA,NA
"GOBP_POSITIVE_REGULATION_OF_NITRIC_OXIDE_MEDIATED_SIGNAL_TRANSDUCTION",0,"Up",NA,NA
"GOBP_POSITIVE_REGULATION_OF_NMDA_GLUTAMATE_RECEPTOR_ACTIVITY",0,"Up",NA,NA
"GOBP_POSITIVE_REGULATION_OF_NON_MOTILE_CILIUM_ASSEMBLY",0,"Up",NA,NA
"GOBP_POSITIVE_REGULATION_OF_NUCLEOTIDE_BINDING_OLIGOMERIZATION_DOMAIN_CONTAINING_2_SIGNALING_PATHWAY",0,"Up",NA,NA
"GOBP_POSITIVE_REGULATION_OF_NUCLEOTIDE_BINDING_OLIGOMERIZATION_DOMAIN_CONTAINING_SIGNALING_PATHWAY",0,"Up",NA,NA
"GOBP_POSITIVE_REGULATION_OF_ODONTOGENESIS",0,"Up",NA,NA
"GOBP_POSITIVE_REGULATION_OF_OSTEOBLAST_PROLIFERATION",0,"Up",NA,NA
"GOBP_POSITIVE_REGULATION_OF_OXIDATIVE_STRESS_INDUCED_NEURON_DEATH",0,"Up",NA,NA
"GOBP_POSITIVE_REGULATION_OF_PENILE_ERECTION",0,"Up",NA,NA
"GOBP_POSITIVE_REGULATION_OF_PLATELET_ACTIVATION",0,"Up",NA,NA
"GOBP_POSITIVE_REGULATION_OF_PROGRAMMED_NECROTIC_CELL_DEATH",0,"Up",NA,NA
"GOBP_POSITIVE_REGULATION_OF_PROSTAGLANDIN_BIOSYNTHETIC_PROCESS",0,"Up",NA,NA
"GOBP_POSITIVE_REGULATION_OF_PROTEIN_CATABOLIC_PROCESS_IN_THE_VACUOLE",0,"Up",NA,NA
"GOBP_POSITIVE_REGULATION_OF_PROTEIN_KINASE_A_SIGNALING",0,"Up",NA,NA
"GOBP_POSITIVE_REGULATION_OF_RETINOIC_ACID_RECEPTOR_SIGNALING_PATHWAY",0,"Up",NA,NA
"GOBP_POSITIVE_REGULATION_OF_SARCOMERE_ORGANIZATION",0,"Up",NA,NA
"GOBP_POSITIVE_REGULATION_OF_SKELETAL_MUSCLE_CELL_DIFFERENTIATION",0,"Up",NA,NA
"GOBP_POSITIVE_REGULATION_OF_SMOOTH_MUSCLE_CELL_DIFFERENTIATION",0,"Up",NA,NA
"GOBP_POSITIVE_REGULATION_OF_STEROID_HORMONE_SECRETION",0,"Up",NA,NA
"GOBP_POSITIVE_REGULATION_OF_T_CELL_APOPTOTIC_PROCESS",0,"Up",NA,NA
"GOBP_POSITIVE_REGULATION_OF_T_HELPER_17_CELL_DIFFERENTIATION",0,"Up",NA,NA
"GOBP_POSITIVE_REGULATION_OF_T_HELPER_2_CELL_DIFFERENTIATION",0,"Up",NA,NA
"GOBP_POSITIVE_REGULATION_OF_TRANSCRIPTION_FROM_RNA_POLYMERASE_II_PROMOTER_IN_RESPONSE_TO_ENDOPLASMIC_RETICULUM_STRESS",0,"Up",NA,NA
"GOBP_POSITIVE_REGULATION_OF_TRANSCRIPTION_FROM_RNA_POLYMERASE_II_PROMOTER_IN_RESPONSE_TO_HYPOXIA",0,"Up",NA,NA
"GOBP_POSITIVE_REGULATION_OF_TRANSCRIPTION_FROM_RNA_POLYMERASE_II_PROMOTER_INVOLVED_IN_HEART_DEVELOPMENT",0,"Up",NA,NA
"GOBP_POSITIVE_REGULATION_OF_TRANSFORMING_GROWTH_FACTOR_BETA1_PRODUCTION",0,"Up",NA,NA
"GOBP_POSITIVE_REGULATION_OF_TRANSMISSION_OF_NERVE_IMPULSE",0,"Up",NA,NA
"GOBP_POSITIVE_REGULATION_OF_TRIGLYCERIDE_CATABOLIC_PROCESS",0,"Up",NA,NA
"GOBP_POSITIVE_REGULATION_OF_TRIGLYCERIDE_LIPASE_ACTIVITY",0,"Up",NA,NA
"GOBP_POSITIVE_REGULATION_OF_TROPHOBLAST_CELL_MIGRATION",0,"Up",NA,NA
"GOBP_POSITIVE_REGULATION_OF_VASCULAR_ASSOCIATED_SMOOTH_MUSCLE_CELL_APOPTOTIC_PROCESS",0,"Up",NA,NA
"GOBP_POSITIVE_REGULATION_OF_VASCULAR_ASSOCIATED_SMOOTH_MUSCLE_CELL_DIFFERENTIATION",0,"Up",NA,NA
"GOBP_POSITIVE_REGULATION_OF_VASCULAR_ENDOTHELIAL_GROWTH_FACTOR_SIGNALING_PATHWAY",0,"Up",NA,NA
"GOBP_POSITIVE_REGULATION_OF_VASCULAR_PERMEABILITY",0,"Up",NA,NA
"GOBP_POSITIVE_REGULATION_OF_VASCULAR_WOUND_HEALING",0,"Up",NA,NA
"GOBP_POSITIVE_REGULATION_OF_WNT_SIGNALING_PATHWAY_PLANAR_CELL_POLARITY_PATHWAY",0,"Up",NA,NA
"GOBP_POST_ANAL_TAIL_MORPHOGENESIS",0,"Up",NA,NA
"GOBP_POST_EMBRYONIC_CAMERA_TYPE_EYE_DEVELOPMENT",0,"Up",NA,NA
"GOBP_POSTSYNAPTIC_DENSITY_PROTEIN_95_CLUSTERING",0,"Up",NA,NA
"GOBP_POSTSYNAPTIC_MEMBRANE_ASSEMBLY",0,"Up",NA,NA
"GOBP_PRIMITIVE_HEMOPOIESIS",0,"Up",NA,NA
"GOBP_PRIMITIVE_STREAK_FORMATION",0,"Up",NA,NA
"GOBP_PRONEPHROS_DEVELOPMENT",0,"Up",NA,NA
"GOBP_PROSTATE_GLANDULAR_ACINUS_DEVELOPMENT",0,"Up",NA,NA
"GOBP_PROSTATE_GLANDULAR_ACINUS_MORPHOGENESIS",0,"Up",NA,NA
"GOBP_PROTECTION_FROM_NATURAL_KILLER_CELL_MEDIATED_CYTOTOXICITY",0,"Up",NA,NA
"GOBP_PROTEIN_C_LINKED_GLYCOSYLATION",0,"Up",NA,NA
"GOBP_PROTEIN_CHROMOPHORE_LINKAGE",0,"Up",NA,NA
"GOBP_PROTEIN_DEGLUTAMYLATION",0,"Up",NA,NA
"GOBP_PROTEIN_K27_LINKED_UBIQUITINATION",0,"Up",NA,NA
"GOBP_PROTEIN_K6_LINKED_UBIQUITINATION",0,"Up",NA,NA
"GOBP_PROTEIN_LIPOYLATION",0,"Up",NA,NA
"GOBP_PROTEIN_LOCALIZATION_TO_CILIARY_TRANSITION_ZONE",0,"Up",NA,NA
"GOBP_PROTEIN_MATURATION_BY_4FE_4S_CLUSTER_TRANSFER",0,"Up",NA,NA
"GOBP_PROTEIN_O_LINKED_GLYCOSYLATION_VIA_THREONINE",0,"Up",NA,NA
"GOBP_PROTEIN_SIALYLATION",0,"Up",NA,NA
"GOBP_PROTEIN_SIDE_CHAIN_DEGLUTAMYLATION",0,"Up",NA,NA
"GOBP_PROTEIN_SULFATION",0,"Up",NA,NA
"GOBP_PROTOPORPHYRINOGEN_IX_BIOSYNTHETIC_PROCESS",0,"Up",NA,NA
"GOBP_PROXIMAL_DISTAL_PATTERN_FORMATION_INVOLVED_IN_NEPHRON_DEVELOPMENT",0,"Up",NA,NA
"GOBP_PULMONARY_ARTERY_MORPHOGENESIS",0,"Up",NA,NA
"GOBP_PURINE_RIBONUCLEOSIDE_CATABOLIC_PROCESS",0,"Up",NA,NA
"GOBP_PUTRESCINE_BIOSYNTHETIC_PROCESS",0,"Up",NA,NA
"GOBP_PUTRESCINE_METABOLIC_PROCESS",0,"Up",NA,NA
"GOBP_PYRIMIDINE_DEOXYRIBONUCLEOSIDE_MONOPHOSPHATE_BIOSYNTHETIC_PROCESS",0,"Up",NA,NA
"GOBP_PYRIMIDINE_DEOXYRIBONUCLEOSIDE_MONOPHOSPHATE_METABOLIC_PROCESS",0,"Up",NA,NA
"GOBP_PYRIMIDINE_NUCLEOBASE_TRANSPORT",0,"Up",NA,NA
"GOBP_PYRIMIDINE_NUCLEOSIDE_CATABOLIC_PROCESS",0,"Up",NA,NA
"GOBP_PYRIMIDINE_NUCLEOSIDE_MONOPHOSPHATE_CATABOLIC_PROCESS",0,"Up",NA,NA
"GOBP_PYRUVATE_TRANSMEMBRANE_TRANSPORT",0,"Up",NA,NA
"GOBP_PYRUVATE_TRANSPORT",0,"Up",NA,NA
"GOBP_QUINOLINATE_METABOLIC_PROCESS",0,"Up",NA,NA
"GOBP_QUINONE_CATABOLIC_PROCESS",0,"Up",NA,NA
"GOBP_RECEPTOR_LOCALIZATION_TO_NON_MOTILE_CILIUM",0,"Up",NA,NA
"GOBP_RECEPTOR_MEDIATED_VIRION_ATTACHMENT_TO_HOST_CELL",0,"Up",NA,NA
"GOBP_RECEPTOR_TRANSACTIVATION",0,"Up",NA,NA
"GOBP_RECOGNITION_OF_APOPTOTIC_CELL",0,"Up",NA,NA
"GOBP_REDUCTION_OF_FOOD_INTAKE_IN_RESPONSE_TO_DIETARY_EXCESS",0,"Up",NA,NA
"GOBP_REGULATION_OF_ACTIVATION_OF_JANUS_KINASE_ACTIVITY",0,"Up",NA,NA
"GOBP_REGULATION_OF_ADIPOSE_TISSUE_DEVELOPMENT",0,"Up",NA,NA
"GOBP_REGULATION_OF_ALDOSTERONE_METABOLIC_PROCESS",0,"Up",NA,NA
"GOBP_REGULATION_OF_ANAPHASE_PROMOTING_COMPLEX_DEPENDENT_CATABOLIC_PROCESS",0,"Up",NA,NA
"GOBP_REGULATION_OF_ANGIOTENSIN_LEVELS_IN_BLOOD",0,"Up",NA,NA
"GOBP_REGULATION_OF_ANTIGEN_PROCESSING_AND_PRESENTATION_OF_PEPTIDE_ANTIGEN",0,"Up",NA,NA
"GOBP_REGULATION_OF_ANTIGEN_PROCESSING_AND_PRESENTATION_OF_PEPTIDE_OR_POLYSACCHARIDE_ANTIGEN_VIA_MHC_CLASS_II",0,"Up",NA,NA
"GOBP_REGULATION_OF_ANTIMICROBIAL_HUMORAL_RESPONSE",0,"Up",NA,NA
"GOBP_REGULATION_OF_APOPTOTIC_PROCESS_IN_BONE_MARROW_CELL",0,"Up",NA,NA
"GOBP_REGULATION_OF_APOPTOTIC_PROCESS_INVOLVED_IN_DEVELOPMENT",0,"Up",NA,NA
"GOBP_REGULATION_OF_ASYMMETRIC_CELL_DIVISION",0,"Up",NA,NA
"GOBP_REGULATION_OF_ATRIAL_CARDIAC_MUSCLE_CELL_MEMBRANE_REPOLARIZATION",0,"Up",NA,NA
"GOBP_REGULATION_OF_AUTOPHAGIC_CELL_DEATH",0,"Up",NA,NA
"GOBP_REGULATION_OF_BILE_ACID_BIOSYNTHETIC_PROCESS",0,"Up",NA,NA
"GOBP_REGULATION_OF_BILE_ACID_METABOLIC_PROCESS",0,"Up",NA,NA
"GOBP_REGULATION_OF_BINDING_OF_SPERM_TO_ZONA_PELLUCIDA",0,"Up",NA,NA
"GOBP_REGULATION_OF_BLOOD_VOLUME_BY_RENIN_ANGIOTENSIN",0,"Up",NA,NA
"GOBP_REGULATION_OF_BONE_MINERALIZATION_INVOLVED_IN_BONE_MATURATION",0,"Up",NA,NA
"GOBP_REGULATION_OF_BRANCHING_INVOLVED_IN_PROSTATE_GLAND_MORPHOGENESIS",0,"Up",NA,NA
"GOBP_REGULATION_OF_BRANCHING_INVOLVED_IN_SALIVARY_GLAND_MORPHOGENESIS",0,"Up",NA,NA
"GOBP_REGULATION_OF_CALCIUM_ION_IMPORT_ACROSS_PLASMA_MEMBRANE",0,"Up",NA,NA
"GOBP_REGULATION_OF_CARDIAC_EPITHELIAL_TO_MESENCHYMAL_TRANSITION",0,"Up",NA,NA
"GOBP_REGULATION_OF_CARDIAC_VASCULAR_SMOOTH_MUSCLE_CELL_DIFFERENTIATION",0,"Up",NA,NA
"GOBP_REGULATION_OF_CD4_POSITIVE_CD25_POSITIVE_ALPHA_BETA_REGULATORY_T_CELL_DIFFERENTIATION",0,"Up",NA,NA
"GOBP_REGULATION_OF_CD8_POSITIVE_ALPHA_BETA_T_CELL_ACTIVATION",0,"Up",NA,NA
"GOBP_REGULATION_OF_CD8_POSITIVE_ALPHA_BETA_T_CELL_DIFFERENTIATION",0,"Up",NA,NA
"GOBP_REGULATION_OF_CELL_CHEMOTAXIS_TO_FIBROBLAST_GROWTH_FACTOR",0,"Up",NA,NA
"GOBP_REGULATION_OF_CELL_PROLIFERATION_INVOLVED_IN_KIDNEY_DEVELOPMENT",0,"Up",NA,NA
"GOBP_REGULATION_OF_CELLULAR_RESPONSE_TO_MACROPHAGE_COLONY_STIMULATING_FACTOR_STIMULUS",0,"Up",NA,NA
"GOBP_REGULATION_OF_CHEMOKINE_MEDIATED_SIGNALING_PATHWAY",0,"Up",NA,NA
"GOBP_REGULATION_OF_CHLORIDE_TRANSPORT",0,"Up",NA,NA
"GOBP_REGULATION_OF_CHONDROCYTE_DEVELOPMENT",0,"Up",NA,NA
"GOBP_REGULATION_OF_CHRONIC_INFLAMMATORY_RESPONSE",0,"Up",NA,NA
"GOBP_REGULATION_OF_COLLAGEN_FIBRIL_ORGANIZATION",0,"Up",NA,NA
"GOBP_REGULATION_OF_COMPLEMENT_ACTIVATION_ALTERNATIVE_PATHWAY",0,"Up",NA,NA
"GOBP_REGULATION_OF_COMPLEMENT_ACTIVATION_CLASSICAL_PATHWAY",0,"Up",NA,NA
"GOBP_REGULATION_OF_CORTICOTROPIN_SECRETION",0,"Up",NA,NA
"GOBP_REGULATION_OF_DENDRITIC_CELL_ANTIGEN_PROCESSING_AND_PRESENTATION",0,"Up",NA,NA
"GOBP_REGULATION_OF_DENDRITIC_CELL_CHEMOTAXIS",0,"Up",NA,NA
"GOBP_REGULATION_OF_DEVELOPMENT_HETEROCHRONIC",0,"Up",NA,NA
"GOBP_REGULATION_OF_DNA_PRIMASE_ACTIVITY",0,"Up",NA,NA
"GOBP_REGULATION_OF_EATING_BEHAVIOR",0,"Up",NA,NA
"GOBP_REGULATION_OF_ENDODERMAL_CELL_DIFFERENTIATION",0,"Up",NA,NA
"GOBP_REGULATION_OF_ENDOTHELIAL_TUBE_MORPHOGENESIS",0,"Up",NA,NA
"GOBP_REGULATION_OF_EOSINOPHIL_MIGRATION",0,"Up",NA,NA
"GOBP_REGULATION_OF_EPITHELIAL_CELL_PROLIFERATION_INVOLVED_IN_LUNG_MORPHOGENESIS",0,"Up",NA,NA
"GOBP_REGULATION_OF_EPITHELIAL_TO_MESENCHYMAL_TRANSITION_INVOLVED_IN_ENDOCARDIAL_CUSHION_FORMATION",0,"Up",NA,NA
"GOBP_REGULATION_OF_FEAR_RESPONSE",0,"Up",NA,NA
"GOBP_REGULATION_OF_FEMALE_GONAD_DEVELOPMENT",0,"Up",NA,NA
"GOBP_REGULATION_OF_FEVER_GENERATION",0,"Up",NA,NA
"GOBP_REGULATION_OF_FIBRINOLYSIS",0,"Up",NA,NA
"GOBP_REGULATION_OF_FOREBRAIN_NEURON_DIFFERENTIATION",0,"Up",NA,NA
"GOBP_REGULATION_OF_GERM_CELL_PROLIFERATION",0,"Up",NA,NA
"GOBP_REGULATION_OF_GLOMERULUS_DEVELOPMENT",0,"Up",NA,NA
"GOBP_REGULATION_OF_GLUTAMATE_RECEPTOR_SIGNALING_PATHWAY",0,"Up",NA,NA
"GOBP_REGULATION_OF_GONAD_DEVELOPMENT",0,"Up",NA,NA
"GOBP_REGULATION_OF_GONADOTROPIN_SECRETION",0,"Up",NA,NA
"GOBP_REGULATION_OF_GROWTH_RATE",0,"Up",NA,NA
"GOBP_REGULATION_OF_GUANYLATE_CYCLASE_ACTIVITY",0,"Up",NA,NA
"GOBP_REGULATION_OF_HEART_INDUCTION",0,"Up",NA,NA
"GOBP_REGULATION_OF_HIGH_DENSITY_LIPOPROTEIN_PARTICLE_CLEARANCE",0,"Up",NA,NA
"GOBP_REGULATION_OF_HISTONE_H3_K27_METHYLATION",0,"Up",NA,NA
"GOBP_REGULATION_OF_HYDROGEN_PEROXIDE_BIOSYNTHETIC_PROCESS",0,"Up",NA,NA
"GOBP_REGULATION_OF_HYPERSENSITIVITY",0,"Up",NA,NA
"GOBP_REGULATION_OF_INFLAMMATORY_RESPONSE_TO_WOUNDING",0,"Up",NA,NA
"GOBP_REGULATION_OF_INNER_EAR_AUDITORY_RECEPTOR_CELL_DIFFERENTIATION",0,"Up",NA,NA
"GOBP_REGULATION_OF_INORGANIC_ANION_TRANSMEMBRANE_TRANSPORT",0,"Up",NA,NA
"GOBP_REGULATION_OF_INTERLEUKIN_6_MEDIATED_SIGNALING_PATHWAY",0,"Up",NA,NA
"GOBP_REGULATION_OF_INTESTINAL_LIPID_ABSORPTION",0,"Up",NA,NA
"GOBP_REGULATION_OF_KIDNEY_SIZE",0,"Up",NA,NA
"GOBP_REGULATION_OF_KILLING_OF_CELLS_OF_ANOTHER_ORGANISM",0,"Up",NA,NA
"GOBP_REGULATION_OF_LEUKOCYTE_TETHERING_OR_ROLLING",0,"Up",NA,NA
"GOBP_REGULATION_OF_LIPOPROTEIN_LIPASE_ACTIVITY",0,"Up",NA,NA
"GOBP_REGULATION_OF_LUTEINIZING_HORMONE_SECRETION",0,"Up",NA,NA
"GOBP_REGULATION_OF_LYMPHANGIOGENESIS",0,"Up",NA,NA
"GOBP_REGULATION_OF_MACROPHAGE_FUSION",0,"Up",NA,NA
"GOBP_REGULATION_OF_MALE_GONAD_DEVELOPMENT",0,"Up",NA,NA
"GOBP_REGULATION_OF_MAST_CELL_CHEMOTAXIS",0,"Up",NA,NA
"GOBP_REGULATION_OF_MEIOTIC_CELL_CYCLE_PHASE_TRANSITION",0,"Up",NA,NA
"GOBP_REGULATION_OF_MELANOCYTE_DIFFERENTIATION",0,"Up",NA,NA
"GOBP_REGULATION_OF_MEMBRANE_REPOLARIZATION_DURING_CARDIAC_MUSCLE_CELL_ACTION_POTENTIAL",0,"Up",NA,NA
"GOBP_REGULATION_OF_MEMBRANE_REPOLARIZATION_DURING_VENTRICULAR_CARDIAC_MUSCLE_CELL_ACTION_POTENTIAL",0,"Up",NA,NA
"GOBP_REGULATION_OF_MESODERMAL_CELL_DIFFERENTIATION",0,"Up",NA,NA
"GOBP_REGULATION_OF_MESODERMAL_CELL_FATE_SPECIFICATION",0,"Up",NA,NA
"GOBP_REGULATION_OF_MYELOID_DENDRITIC_CELL_ACTIVATION",0,"Up",NA,NA
"GOBP_REGULATION_OF_NATURAL_KILLER_CELL_CHEMOTAXIS",0,"Up",NA,NA
"GOBP_REGULATION_OF_NEURON_MATURATION",0,"Up",NA,NA
"GOBP_REGULATION_OF_NEUTROPHIL_MEDIATED_CYTOTOXICITY",0,"Up",NA,NA
"GOBP_REGULATION_OF_NK_T_CELL_PROLIFERATION",0,"Up",NA,NA
"GOBP_REGULATION_OF_NUCLEOTIDE_BINDING_OLIGOMERIZATION_DOMAIN_CONTAINING_2_SIGNALING_PATHWAY",0,"Up",NA,NA
"GOBP_REGULATION_OF_ODONTOGENESIS",0,"Up",NA,NA
"GOBP_REGULATION_OF_ODONTOGENESIS_OF_DENTIN_CONTAINING_TOOTH",0,"Up",NA,NA
"GOBP_REGULATION_OF_OSTEOCLAST_DEVELOPMENT",0,"Up",NA,NA
"GOBP_REGULATION_OF_OVARIAN_FOLLICLE_DEVELOPMENT",0,"Up",NA,NA
"GOBP_REGULATION_OF_PENILE_ERECTION",0,"Up",NA,NA
"GOBP_REGULATION_OF_PEPTIDYL_SERINE_PHOSPHORYLATION_OF_STAT_PROTEIN",0,"Up",NA,NA
"GOBP_REGULATION_OF_PHENOTYPIC_SWITCHING",0,"Up",NA,NA
"GOBP_REGULATION_OF_PHOSPHATE_TRANSPORT",0,"Up",NA,NA
"GOBP_REGULATION_OF_PHOSPHATIDYLINOSITOL_BIOSYNTHETIC_PROCESS",0,"Up",NA,NA
"GOBP_REGULATION_OF_PHOTORECEPTOR_CELL_DIFFERENTIATION",0,"Up",NA,NA
"GOBP_REGULATION_OF_PIGMENT_CELL_DIFFERENTIATION",0,"Up",NA,NA
"GOBP_REGULATION_OF_POLYAMINE_TRANSMEMBRANE_TRANSPORT",0,"Up",NA,NA
"GOBP_REGULATION_OF_POST_TRANSLATIONAL_PROTEIN_MODIFICATION",0,"Up",NA,NA
"GOBP_REGULATION_OF_PROTEIN_KINASE_C_ACTIVITY",0,"Up",NA,NA
"GOBP_REGULATION_OF_REMOVAL_OF_SUPEROXIDE_RADICALS",0,"Up",NA,NA
"GOBP_REGULATION_OF_RESPONSE_TO_DRUG",0,"Up",NA,NA
"GOBP_REGULATION_OF_RETINAL_GANGLION_CELL_AXON_GUIDANCE",0,"Up",NA,NA
"GOBP_REGULATION_OF_SERINE_TYPE_PEPTIDASE_ACTIVITY",0,"Up",NA,NA
"GOBP_REGULATION_OF_SEROTONIN_SECRETION",0,"Up",NA,NA
"GOBP_REGULATION_OF_SKELETAL_MUSCLE_CONTRACTION_BY_CALCIUM_ION_SIGNALING",0,"Up",NA,NA
"GOBP_REGULATION_OF_SODIUM_DEPENDENT_PHOSPHATE_TRANSPORT",0,"Up",NA,NA
"GOBP_REGULATION_OF_SOMITOGENESIS",0,"Up",NA,NA
"GOBP_REGULATION_OF_SYNAPTIC_TRANSMISSION_CHOLINERGIC",0,"Up",NA,NA
"GOBP_REGULATION_OF_SYSTEMIC_ARTERIAL_BLOOD_PRESSURE_BY_CIRCULATORY_RENIN_ANGIOTENSIN",0,"Up",NA,NA
"GOBP_REGULATION_OF_SYSTEMIC_ARTERIAL_BLOOD_PRESSURE_BY_RENIN_ANGIOTENSIN",0,"Up",NA,NA
"GOBP_REGULATION_OF_SYSTEMIC_ARTERIAL_BLOOD_PRESSURE_BY_VASOPRESSIN",0,"Up",NA,NA
"GOBP_REGULATION_OF_T_CELL_ACTIVATION_VIA_T_CELL_RECEPTOR_CONTACT_WITH_ANTIGEN_BOUND_TO_MHC_MOLECULE_ON_ANTIGEN_PRESENTING_CELL",0,"Up",NA,NA
"GOBP_REGULATION_OF_T_CELL_COSTIMULATION",0,"Up",NA,NA
"GOBP_REGULATION_OF_T_HELPER_17_CELL_LINEAGE_COMMITMENT",0,"Up",NA,NA
"GOBP_REGULATION_OF_T_HELPER_2_CELL_DIFFERENTIATION",0,"Up",NA,NA
"GOBP_REGULATION_OF_THYMOCYTE_APOPTOTIC_PROCESS",0,"Up",NA,NA
"GOBP_REGULATION_OF_THYROID_HORMONE_GENERATION",0,"Up",NA,NA
"GOBP_REGULATION_OF_TRANSCRIPTION_BY_GLUCOSE",0,"Up",NA,NA
"GOBP_REGULATION_OF_TRANSCRIPTION_FROM_RNA_POLYMERASE_II_PROMOTER_INVOLVED_IN_HEART_DEVELOPMENT",0,"Up",NA,NA
"GOBP_REGULATION_OF_TRIGLYCERIDE_CATABOLIC_PROCESS",0,"Up",NA,NA
"GOBP_REGULATION_OF_VASCULAR_ASSOCIATED_SMOOTH_MUSCLE_CELL_DEDIFFERENTIATION",0,"Up",NA,NA
"GOBP_REGULATION_OF_VASCULAR_ASSOCIATED_SMOOTH_MUSCLE_CELL_DIFFERENTIATION",0,"Up",NA,NA
"GOBP_REGULATION_OF_VASCULAR_WOUND_HEALING",0,"Up",NA,NA
"GOBP_REGULATION_OF_VENTRICULAR_CARDIAC_MUSCLE_CELL_MEMBRANE_DEPOLARIZATION",0,"Up",NA,NA
"GOBP_REGULATION_OF_VERY_LOW_DENSITY_LIPOPROTEIN_PARTICLE_REMODELING",0,"Up",NA,NA
"GOBP_REGULATION_OF_WNT_SIGNALING_PATHWAY_INVOLVED_IN_HEART_DEVELOPMENT",0,"Up",NA,NA
"GOBP_RENAL_ABSORPTION",0,"Up",NA,NA
"GOBP_RENAL_CONTROL_OF_PERIPHERAL_VASCULAR_RESISTANCE_INVOLVED_IN_REGULATION_OF_SYSTEMIC_ARTERIAL_BLOOD_PRESSURE",0,"Up",NA,NA
"GOBP_RENAL_PROTEIN_ABSORPTION",0,"Up",NA,NA
"GOBP_RENAL_SODIUM_ION_ABSORPTION",0,"Up",NA,NA
"GOBP_RENAL_SODIUM_ION_TRANSPORT",0,"Up",NA,NA
"GOBP_RENIN_SECRETION_INTO_BLOOD_STREAM",0,"Up",NA,NA
"GOBP_RESPIRATORY_BURST_INVOLVED_IN_INFLAMMATORY_RESPONSE",0,"Up",NA,NA
"GOBP_RESPONSE_TO_BACTERIAL_LIPOPROTEIN",0,"Up",NA,NA
"GOBP_RESPONSE_TO_BILE_ACID",0,"Up",NA,NA
"GOBP_RESPONSE_TO_BLUE_LIGHT",0,"Up",NA,NA
"GOBP_RESPONSE_TO_CORTICOTROPIN_RELEASING_HORMONE",0,"Up",NA,NA
"GOBP_RESPONSE_TO_CORTISOL",0,"Up",NA,NA
"GOBP_RESPONSE_TO_DIACYL_BACTERIAL_LIPOPEPTIDE",0,"Up",NA,NA
"GOBP_RESPONSE_TO_ERYTHROPOIETIN",0,"Up",NA,NA
"GOBP_RESPONSE_TO_FORSKOLIN",0,"Up",NA,NA
"GOBP_RESPONSE_TO_FRUCTOSE",0,"Up",NA,NA
"GOBP_RESPONSE_TO_GLYCOPROTEIN",0,"Up",NA,NA
"GOBP_RESPONSE_TO_GONADOTROPIN_RELEASING_HORMONE",0,"Up",NA,NA
"GOBP_RESPONSE_TO_GRAVITY",0,"Up",NA,NA
"GOBP_RESPONSE_TO_HEPARIN",0,"Up",NA,NA
"GOBP_RESPONSE_TO_HERBICIDE",0,"Up",NA,NA
"GOBP_RESPONSE_TO_INTERLEUKIN_17",0,"Up",NA,NA
"GOBP_RESPONSE_TO_LUTEINIZING_HORMONE",0,"Up",NA,NA
"GOBP_RESPONSE_TO_MOLECULE_OF_FUNGAL_ORIGIN",0,"Up",NA,NA
"GOBP_RESPONSE_TO_ODORANT",0,"Up",NA,NA
"GOBP_RESPONSE_TO_PARATHYROID_HORMONE",0,"Up",NA,NA
"GOBP_RESPONSE_TO_PHEROMONE",0,"Up",NA,NA
"GOBP_RESPONSE_TO_SELENIUM_ION",0,"Up",NA,NA
"GOBP_RESPONSE_TO_STILBENOID",0,"Up",NA,NA
"GOBP_RESPONSE_TO_SYMBIONT",0,"Up",NA,NA
"GOBP_RETINA_VASCULATURE_MORPHOGENESIS_IN_CAMERA_TYPE_EYE",0,"Up",NA,NA
"GOBP_RETINAL_BLOOD_VESSEL_MORPHOGENESIS",0,"Up",NA,NA
"GOBP_RETINAL_CELL_PROGRAMMED_CELL_DEATH",0,"Up",NA,NA
"GOBP_RETINOIC_ACID_CATABOLIC_PROCESS",0,"Up",NA,NA
"GOBP_RETINOIC_ACID_METABOLIC_PROCESS",0,"Up",NA,NA
"GOBP_REVERSE_CHOLESTEROL_TRANSPORT",0,"Up",NA,NA
"GOBP_REVERSIBLE_DIFFERENTIATION",0,"Up",NA,NA
"GOBP_RHOMBOMERE_DEVELOPMENT",0,"Up",NA,NA
"GOBP_RIBOFLAVIN_TRANSPORT",0,"Up",NA,NA
"GOBP_RIBONUCLEOSIDE_CATABOLIC_PROCESS",0,"Up",NA,NA
"GOBP_ROSTROCAUDAL_NEURAL_TUBE_PATTERNING",0,"Up",NA,NA
"GOBP_RRNA_5_END_PROCESSING",0,"Up",NA,NA
"GOBP_SALIVARY_GLAND_DEVELOPMENT",0,"Up",NA,NA
"GOBP_SECONDARY_HEART_FIELD_SPECIFICATION",0,"Up",NA,NA
"GOBP_SECRETION_OF_LYSOSOMAL_ENZYMES",0,"Up",NA,NA
"GOBP_SENSORY_PERCEPTION_OF_UMAMI_TASTE",0,"Up",NA,NA
"GOBP_SEPTUM_PRIMUM_DEVELOPMENT",0,"Up",NA,NA
"GOBP_SEQUESTERING_OF_BMP_IN_EXTRACELLULAR_MATRIX",0,"Up",NA,NA
"GOBP_SEQUESTERING_OF_EXTRACELLULAR_LIGAND_FROM_RECEPTOR",0,"Up",NA,NA
"GOBP_SEROTONIN_SECRETION",0,"Up",NA,NA
"GOBP_SHORT_CHAIN_FATTY_ACID_CATABOLIC_PROCESS",0,"Up",NA,NA
"GOBP_SIALIC_ACID_TRANSPORT",0,"Up",NA,NA
"GOBP_SIALYLATION",0,"Up",NA,NA
"GOBP_SINOATRIAL_NODE_CELL_DEVELOPMENT",0,"Up",NA,NA
"GOBP_SINOATRIAL_NODE_CELL_DIFFERENTIATION",0,"Up",NA,NA
"GOBP_SMOOTH_MUSCLE_ADAPTATION",0,"Up",NA,NA
"GOBP_SMOOTH_MUSCLE_CELL_MATRIX_ADHESION",0,"Up",NA,NA
"GOBP_SODIUM_DEPENDENT_PHOSPHATE_TRANSPORT",0,"Up",NA,NA
"GOBP_SOFT_PALATE_DEVELOPMENT",0,"Up",NA,NA
"GOBP_SOMATIC_DIVERSIFICATION_OF_T_CELL_RECEPTOR_GENES",0,"Up",NA,NA
"GOBP_SOMATIC_MOTOR_NEURON_DIFFERENTIATION",0,"Up",NA,NA
"GOBP_SOMATOSTATIN_RECEPTOR_SIGNALING_PATHWAY",0,"Up",NA,NA
"GOBP_SPERM_EJACULATION",0,"Up",NA,NA
"GOBP_SPERM_MITOCHONDRIAL_SHEATH_ASSEMBLY",0,"Up",NA,NA
"GOBP_SPERMATOGENESIS_EXCHANGE_OF_CHROMOSOMAL_PROTEINS",0,"Up",NA,NA
"GOBP_SPERMINE_METABOLIC_PROCESS",0,"Up",NA,NA
"GOBP_SPHINGOLIPID_TRANSLOCATION",0,"Up",NA,NA
"GOBP_SPINAL_CORD_ASSOCIATION_NEURON_DIFFERENTIATION",0,"Up",NA,NA
"GOBP_SPINAL_CORD_OLIGODENDROCYTE_CELL_DIFFERENTIATION",0,"Up",NA,NA
"GOBP_SPINDLE_ASSEMBLY_INVOLVED_IN_FEMALE_MEIOSIS",0,"Up",NA,NA
"GOBP_SPINDLE_ELONGATION",0,"Up",NA,NA
"GOBP_STABILIZATION_OF_MEMBRANE_POTENTIAL",0,"Up",NA,NA
"GOBP_STEM_CELL_FATE_COMMITMENT",0,"Up",NA,NA
"GOBP_STOMACH_DEVELOPMENT",0,"Up",NA,NA
"GOBP_STRAND_INVASION",0,"Up",NA,NA
"GOBP_STRESS_INDUCED_PREMATURE_SENESCENCE",0,"Up",NA,NA
"GOBP_SUBSTRATE_INDEPENDENT_TELENCEPHALIC_TANGENTIAL_MIGRATION",0,"Up",NA,NA
"GOBP_SYNAPTIC_TRANSMISSION_GLYCINERGIC",0,"Up",NA,NA
"GOBP_T_CELL_ANTIGEN_PROCESSING_AND_PRESENTATION",0,"Up",NA,NA
"GOBP_T_HELPER_1_CELL_CYTOKINE_PRODUCTION",0,"Up",NA,NA
"GOBP_T_HELPER_2_CELL_DIFFERENTIATION",0,"Up",NA,NA
"GOBP_TAURINE_TRANSPORT",0,"Up",NA,NA
"GOBP_TENDON_DEVELOPMENT",0,"Up",NA,NA
"GOBP_TERPENOID_CATABOLIC_PROCESS",0,"Up",NA,NA
"GOBP_TESTOSTERONE_BIOSYNTHETIC_PROCESS",0,"Up",NA,NA
"GOBP_THYMOCYTE_MIGRATION",0,"Up",NA,NA
"GOBP_TNFSF11_MEDIATED_SIGNALING_PATHWAY",0,"Up",NA,NA
"GOBP_TOLERANCE_INDUCTION_DEPENDENT_UPON_IMMUNE_RESPONSE",0,"Up",NA,NA
"GOBP_TOLERANCE_INDUCTION_TO_SELF_ANTIGEN",0,"Up",NA,NA
"GOBP_TONIC_SMOOTH_MUSCLE_CONTRACTION",0,"Up",NA,NA
"GOBP_TOXIN_METABOLIC_PROCESS",0,"Up",NA,NA
"GOBP_TRABECULA_FORMATION",0,"Up",NA,NA
"GOBP_TRACHEA_CARTILAGE_DEVELOPMENT",0,"Up",NA,NA
"GOBP_TRANSDIFFERENTIATION",0,"Up",NA,NA
"GOBP_TRIGEMINAL_NERVE_DEVELOPMENT",0,"Up",NA,NA
"GOBP_TRIGEMINAL_NERVE_MORPHOGENESIS",0,"Up",NA,NA
"GOBP_TRIGLYCERIDE_CATABOLIC_PROCESS",0,"Up",NA,NA
"GOBP_TRIGLYCERIDE_RICH_LIPOPROTEIN_PARTICLE_CLEARANCE",0,"Up",NA,NA
"GOBP_TRIGLYCERIDE_RICH_LIPOPROTEIN_PARTICLE_REMODELING",0,"Up",NA,NA
"GOBP_TRIVALENT_INORGANIC_ANION_HOMEOSTASIS",0,"Up",NA,NA
"GOBP_TRNA_AMINOACYLATION_FOR_MITOCHONDRIAL_PROTEIN_TRANSLATION",0,"Up",NA,NA
"GOBP_TRYPTOPHAN_CATABOLIC_PROCESS",0,"Up",NA,NA
"GOBP_TRYPTOPHAN_CATABOLIC_PROCESS_TO_KYNURENINE",0,"Up",NA,NA
"GOBP_TUBE_LUMEN_CAVITATION",0,"Up",NA,NA
"GOBP_TYPE_II_HYPERSENSITIVITY",0,"Up",NA,NA
"GOBP_TYPE_III_INTERFERON_PRODUCTION",0,"Up",NA,NA
"GOBP_TYROSINE_CATABOLIC_PROCESS",0,"Up",NA,NA
"GOBP_TYROSINE_METABOLIC_PROCESS",0,"Up",NA,NA
"GOBP_UBIQUITIN_DEPENDENT_GLYCOPROTEIN_ERAD_PATHWAY",0,"Up",NA,NA
"GOBP_UBIQUITIN_DEPENDENT_PROTEIN_CATABOLIC_PROCESS_VIA_THE_C_END_DEGRON_RULE_PATHWAY",0,"Up",NA,NA
"GOBP_UDP_N_ACETYLGLUCOSAMINE_TRANSMEMBRANE_TRANSPORT",0,"Up",NA,NA
"GOBP_UMP_CATABOLIC_PROCESS",0,"Up",NA,NA
"GOBP_URATE_TRANSPORT",0,"Up",NA,NA
"GOBP_UREA_TRANSMEMBRANE_TRANSPORT",0,"Up",NA,NA
"GOBP_UREA_TRANSPORT",0,"Up",NA,NA
"GOBP_URETER_DEVELOPMENT",0,"Up",NA,NA
"GOBP_URETER_MORPHOGENESIS",0,"Up",NA,NA
"GOBP_VAGINA_DEVELOPMENT",0,"Up",NA,NA
"GOBP_VASCULAR_ASSOCIATED_SMOOTH_MUSCLE_CELL_APOPTOTIC_PROCESS",0,"Up",NA,NA
"GOBP_VASCULAR_ASSOCIATED_SMOOTH_MUSCLE_CELL_DEVELOPMENT",0,"Up",NA,NA
"GOBP_VASCULAR_ASSOCIATED_SMOOTH_MUSCLE_CELL_DIFFERENTIATION",0,"Up",NA,NA
"GOBP_VASCULAR_WOUND_HEALING",0,"Up",NA,NA
"GOBP_VASCULOGENESIS_INVOLVED_IN_CORONARY_VASCULAR_MORPHOGENESIS",0,"Up",NA,NA
"GOBP_VENTRAL_MIDLINE_DEVELOPMENT",0,"Up",NA,NA
"GOBP_VENTRAL_SPINAL_CORD_INTERNEURON_DIFFERENTIATION",0,"Up",NA,NA
"GOBP_VENTRICULAR_COMPACT_MYOCARDIUM_MORPHOGENESIS",0,"Up",NA,NA
"GOBP_VESTIBULOCOCHLEAR_NERVE_DEVELOPMENT",0,"Up",NA,NA
"GOBP_VESTIBULOCOCHLEAR_NERVE_FORMATION",0,"Up",NA,NA
"GOBP_VESTIBULOCOCHLEAR_NERVE_MORPHOGENESIS",0,"Up",NA,NA
"GOBP_VITAMIN_A_METABOLIC_PROCESS",0,"Up",NA,NA
"GOBP_VITAMIN_CATABOLIC_PROCESS",0,"Up",NA,NA
"GOBP_VITAMIN_D3_METABOLIC_PROCESS",0,"Up",NA,NA
"GOBP_WNT_SIGNALING_PATHWAY_CALCIUM_MODULATING_PATHWAY",0,"Up",NA,NA
"GOBP_WOUND_HEALING_INVOLVED_IN_INFLAMMATORY_RESPONSE",0,"Up",NA,NA
"GOBP_XENOBIOTIC_GLUCURONIDATION",0,"Up",NA,NA
"GOBP_XENOBIOTIC_TRANSPORT_ACROSS_BLOOD_BRAIN_BARRIER",0,"Up",NA,NA
